DEBUG - 2026-02-25 12:36:56 --> Session: Class initialized using 'CodeIgniter\Session\Handlers\FileHandler' driver.
DEBUG - 2026-02-25 12:36:56 --> Session: Class initialized using 'CodeIgniter\Session\Handlers\FileHandler' driver.
DEBUG - 2026-02-25 12:36:59 --> Session: Class initialized using 'CodeIgniter\Session\Handlers\FileHandler' driver.
DEBUG - 2026-02-25 12:37:00 --> Session: Class initialized using 'CodeIgniter\Session\Handlers\FileHandler' driver.
CRITICAL - 2026-02-25 12:37:14 --> ErrorException: Trying to access array offset on value of type null
[Method: GET, Route: /]
in SYSTEMPATH\Debug\Toolbar.php on line 217.
 1 SYSTEMPATH\Debug\Toolbar.php(217): CodeIgniter\Debug\Exceptions->errorHandler(2, 'Trying to access array offset on value of type null', 'C:\\xampp\\htdocs\\IM\\system\\Debug\\Toolbar.php', 217)
 2 SYSTEMPATH\Debug\Toolbar.php(200): CodeIgniter\Debug\Toolbar->renderTimelineRecursive([...], 1771994219.806602, 7, 165, [], 0)
 3 SYSTEMPATH\Debug\Toolbar\Views\toolbar.tpl.php(105): CodeIgniter\Debug\Toolbar->renderTimeline([...], 1771994219.806602, 7, 165, [])
 4 SYSTEMPATH\Debug\Toolbar.php(533): include('C:\\xampp\\htdocs\\IM\\system\\Debug\\Toolbar\\Views\\toolbar.tpl.php')
 5 SYSTEMPATH\Debug\Toolbar.php(496): CodeIgniter\Debug\Toolbar->format([...], 'html')
 6 APPPATH\Config\Events.php(47): CodeIgniter\Debug\Toolbar->respond()
 7 SYSTEMPATH\Events\Events.php(152): CodeIgniter\Events\Events::Config\{closure}()
 8 SYSTEMPATH\CodeIgniter.php(339): CodeIgniter\Events\Events::trigger('pre_system')
 9 SYSTEMPATH\Boot.php(363): CodeIgniter\CodeIgniter->run()
10 SYSTEMPATH\Boot.php(68): CodeIgniter\Boot::runCodeIgniter(Object(CodeIgniter\CodeIgniter))
11 FCPATH\index.php(59): CodeIgniter\Boot::bootWeb(Object(Config\Paths))
DEBUG - 2026-02-25 12:37:28 --> Session: Class initialized using 'CodeIgniter\Session\Handlers\FileHandler' driver.
DEBUG - 2026-02-25 12:37:28 --> Session: Class initialized using 'CodeIgniter\Session\Handlers\FileHandler' driver.
CRITICAL - 2026-02-25 12:37:29 --> ErrorException: Trying to access array offset on value of type null
[Method: GET, Route: /]
in SYSTEMPATH\Debug\Toolbar.php on line 217.
 1 SYSTEMPATH\Debug\Toolbar.php(217): CodeIgniter\Debug\Exceptions->errorHandler(2, 'Trying to access array offset on value of type null', 'C:\\xampp\\htdocs\\IM\\system\\Debug\\Toolbar.php', 217)
 2 SYSTEMPATH\Debug\Toolbar.php(200): CodeIgniter\Debug\Toolbar->renderTimelineRecursive([...], 1771994248.256971, 7, 115, [], 0)
 3 SYSTEMPATH\Debug\Toolbar\Views\toolbar.tpl.php(105): CodeIgniter\Debug\Toolbar->renderTimeline([...], 1771994248.256971, 7, 115, [])
 4 SYSTEMPATH\Debug\Toolbar.php(533): include('C:\\xampp\\htdocs\\IM\\system\\Debug\\Toolbar\\Views\\toolbar.tpl.php')
 5 SYSTEMPATH\Debug\Toolbar.php(496): CodeIgniter\Debug\Toolbar->format([...], 'html')
 6 APPPATH\Config\Events.php(47): CodeIgniter\Debug\Toolbar->respond()
 7 SYSTEMPATH\Events\Events.php(152): CodeIgniter\Events\Events::Config\{closure}()
 8 SYSTEMPATH\CodeIgniter.php(339): CodeIgniter\Events\Events::trigger('pre_system')
 9 SYSTEMPATH\Boot.php(363): CodeIgniter\CodeIgniter->run()
10 SYSTEMPATH\Boot.php(68): CodeIgniter\Boot::runCodeIgniter(Object(CodeIgniter\CodeIgniter))
11 FCPATH\index.php(59): CodeIgniter\Boot::bootWeb(Object(Config\Paths))
DEBUG - 2026-02-25 12:37:31 --> Session: Class initialized using 'CodeIgniter\Session\Handlers\FileHandler' driver.
CRITICAL - 2026-02-25 12:37:32 --> ErrorException: Trying to access array offset on value of type null
[Method: GET, Route: /]
in SYSTEMPATH\Debug\Toolbar.php on line 217.
 1 SYSTEMPATH\Debug\Toolbar.php(217): CodeIgniter\Debug\Exceptions->errorHandler(2, 'Trying to access array offset on value of type null', 'C:\\xampp\\htdocs\\IM\\system\\Debug\\Toolbar.php', 217)
 2 SYSTEMPATH\Debug\Toolbar.php(200): CodeIgniter\Debug\Toolbar->renderTimelineRecursive([...], 1771994251.297093, 7, 70, [], 0)
 3 SYSTEMPATH\Debug\Toolbar\Views\toolbar.tpl.php(105): CodeIgniter\Debug\Toolbar->renderTimeline([...], 1771994251.297093, 7, 70, [])
 4 SYSTEMPATH\Debug\Toolbar.php(533): include('C:\\xampp\\htdocs\\IM\\system\\Debug\\Toolbar\\Views\\toolbar.tpl.php')
 5 SYSTEMPATH\Debug\Toolbar.php(496): CodeIgniter\Debug\Toolbar->format([...], 'html')
 6 APPPATH\Config\Events.php(47): CodeIgniter\Debug\Toolbar->respond()
 7 SYSTEMPATH\Events\Events.php(152): CodeIgniter\Events\Events::Config\{closure}()
 8 SYSTEMPATH\CodeIgniter.php(339): CodeIgniter\Events\Events::trigger('pre_system')
 9 SYSTEMPATH\Boot.php(363): CodeIgniter\CodeIgniter->run()
10 SYSTEMPATH\Boot.php(68): CodeIgniter\Boot::runCodeIgniter(Object(CodeIgniter\CodeIgniter))
11 FCPATH\index.php(59): CodeIgniter\Boot::bootWeb(Object(Config\Paths))
DEBUG - 2026-02-25 12:45:50 --> Session: Class initialized using 'CodeIgniter\Session\Handlers\FileHandler' driver.
CRITICAL - 2026-02-25 12:45:51 --> ErrorException: Trying to access array offset on value of type null
[Method: GET, Route: /]
in SYSTEMPATH\Debug\Toolbar.php on line 217.
 1 SYSTEMPATH\Debug\Toolbar.php(217): CodeIgniter\Debug\Exceptions->errorHandler(2, 'Trying to access array offset on value of type null', 'C:\\xampp\\htdocs\\IM\\system\\Debug\\Toolbar.php', 217)
 2 SYSTEMPATH\Debug\Toolbar.php(200): CodeIgniter\Debug\Toolbar->renderTimelineRecursive([...], 1771994750.720091, 7, 25, [], 0)
 3 SYSTEMPATH\Debug\Toolbar\Views\toolbar.tpl.php(105): CodeIgniter\Debug\Toolbar->renderTimeline([...], 1771994750.720091, 7, 25, [])
 4 SYSTEMPATH\Debug\Toolbar.php(533): include('C:\\xampp\\htdocs\\IM\\system\\Debug\\Toolbar\\Views\\toolbar.tpl.php')
 5 SYSTEMPATH\Debug\Toolbar.php(496): CodeIgniter\Debug\Toolbar->format([...], 'html')
 6 APPPATH\Config\Events.php(47): CodeIgniter\Debug\Toolbar->respond()
 7 SYSTEMPATH\Events\Events.php(152): CodeIgniter\Events\Events::Config\{closure}()
 8 SYSTEMPATH\CodeIgniter.php(339): CodeIgniter\Events\Events::trigger('pre_system')
 9 SYSTEMPATH\Boot.php(363): CodeIgniter\CodeIgniter->run()
10 SYSTEMPATH\Boot.php(68): CodeIgniter\Boot::runCodeIgniter(Object(CodeIgniter\CodeIgniter))
11 FCPATH\index.php(59): CodeIgniter\Boot::bootWeb(Object(Config\Paths))
DEBUG - 2026-02-25 12:46:51 --> Session: Class initialized using 'CodeIgniter\Session\Handlers\FileHandler' driver.
CRITICAL - 2026-02-25 12:46:51 --> ErrorException: Trying to access array offset on value of type null
[Method: GET, Route: /]
in SYSTEMPATH\Debug\Toolbar.php on line 217.
 1 SYSTEMPATH\Debug\Toolbar.php(217): CodeIgniter\Debug\Exceptions->errorHandler(2, 'Trying to access array offset on value of type null', 'C:\\xampp\\htdocs\\IM\\system\\Debug\\Toolbar.php', 217)
 2 SYSTEMPATH\Debug\Toolbar.php(200): CodeIgniter\Debug\Toolbar->renderTimelineRecursive([...], 1771994811.185556, 6, 25, [], 0)
 3 SYSTEMPATH\Debug\Toolbar\Views\toolbar.tpl.php(105): CodeIgniter\Debug\Toolbar->renderTimeline([...], 1771994811.185556, 6, 25, [])
 4 SYSTEMPATH\Debug\Toolbar.php(533): include('C:\\xampp\\htdocs\\IM\\system\\Debug\\Toolbar\\Views\\toolbar.tpl.php')
 5 SYSTEMPATH\Debug\Toolbar.php(496): CodeIgniter\Debug\Toolbar->format([...], 'html')
 6 APPPATH\Config\Events.php(47): CodeIgniter\Debug\Toolbar->respond()
 7 SYSTEMPATH\Events\Events.php(152): CodeIgniter\Events\Events::Config\{closure}()
 8 SYSTEMPATH\CodeIgniter.php(339): CodeIgniter\Events\Events::trigger('pre_system')
 9 SYSTEMPATH\Boot.php(363): CodeIgniter\CodeIgniter->run()
10 SYSTEMPATH\Boot.php(68): CodeIgniter\Boot::runCodeIgniter(Object(CodeIgniter\CodeIgniter))
11 FCPATH\index.php(59): CodeIgniter\Boot::bootWeb(Object(Config\Paths))
DEBUG - 2026-02-25 12:47:29 --> Session: Class initialized using 'CodeIgniter\Session\Handlers\FileHandler' driver.
CRITICAL - 2026-02-25 12:47:29 --> ErrorException: Trying to access array offset on value of type null
[Method: GET, Route: /]
in SYSTEMPATH\Debug\Toolbar.php on line 217.
 1 SYSTEMPATH\Debug\Toolbar.php(217): CodeIgniter\Debug\Exceptions->errorHandler(2, 'Trying to access array offset on value of type null', 'C:\\xampp\\htdocs\\IM\\system\\Debug\\Toolbar.php', 217)
 2 SYSTEMPATH\Debug\Toolbar.php(200): CodeIgniter\Debug\Toolbar->renderTimelineRecursive([...], 1771994848.853816, 7, 65, [], 0)
 3 SYSTEMPATH\Debug\Toolbar\Views\toolbar.tpl.php(105): CodeIgniter\Debug\Toolbar->renderTimeline([...], 1771994848.853816, 7, 65, [])
 4 SYSTEMPATH\Debug\Toolbar.php(533): include('C:\\xampp\\htdocs\\IM\\system\\Debug\\Toolbar\\Views\\toolbar.tpl.php')
 5 SYSTEMPATH\Debug\Toolbar.php(496): CodeIgniter\Debug\Toolbar->format([...], 'html')
 6 APPPATH\Config\Events.php(47): CodeIgniter\Debug\Toolbar->respond()
 7 SYSTEMPATH\Events\Events.php(152): CodeIgniter\Events\Events::Config\{closure}()
 8 SYSTEMPATH\CodeIgniter.php(339): CodeIgniter\Events\Events::trigger('pre_system')
 9 SYSTEMPATH\Boot.php(363): CodeIgniter\CodeIgniter->run()
10 SYSTEMPATH\Boot.php(68): CodeIgniter\Boot::runCodeIgniter(Object(CodeIgniter\CodeIgniter))
11 FCPATH\index.php(59): CodeIgniter\Boot::bootWeb(Object(Config\Paths))
DEBUG - 2026-02-25 12:47:31 --> Session: Class initialized using 'CodeIgniter\Session\Handlers\FileHandler' driver.
CRITICAL - 2026-02-25 12:47:31 --> ErrorException: Trying to access array offset on value of type null
[Method: GET, Route: /]
in SYSTEMPATH\Debug\Toolbar.php on line 217.
 1 SYSTEMPATH\Debug\Toolbar.php(217): CodeIgniter\Debug\Exceptions->errorHandler(2, 'Trying to access array offset on value of type null', 'C:\\xampp\\htdocs\\IM\\system\\Debug\\Toolbar.php', 217)
 2 SYSTEMPATH\Debug\Toolbar.php(200): CodeIgniter\Debug\Toolbar->renderTimelineRecursive([...], 1771994851.148501, 7, 15, [], 0)
 3 SYSTEMPATH\Debug\Toolbar\Views\toolbar.tpl.php(105): CodeIgniter\Debug\Toolbar->renderTimeline([...], 1771994851.148501, 7, 15, [])
 4 SYSTEMPATH\Debug\Toolbar.php(533): include('C:\\xampp\\htdocs\\IM\\system\\Debug\\Toolbar\\Views\\toolbar.tpl.php')
 5 SYSTEMPATH\Debug\Toolbar.php(496): CodeIgniter\Debug\Toolbar->format([...], 'html')
 6 APPPATH\Config\Events.php(47): CodeIgniter\Debug\Toolbar->respond()
 7 SYSTEMPATH\Events\Events.php(152): CodeIgniter\Events\Events::Config\{closure}()
 8 SYSTEMPATH\CodeIgniter.php(339): CodeIgniter\Events\Events::trigger('pre_system')
 9 SYSTEMPATH\Boot.php(363): CodeIgniter\CodeIgniter->run()
10 SYSTEMPATH\Boot.php(68): CodeIgniter\Boot::runCodeIgniter(Object(CodeIgniter\CodeIgniter))
11 FCPATH\index.php(59): CodeIgniter\Boot::bootWeb(Object(Config\Paths))
DEBUG - 2026-02-25 12:47:54 --> Session: Class initialized using 'CodeIgniter\Session\Handlers\FileHandler' driver.
CRITICAL - 2026-02-25 12:47:55 --> ErrorException: Trying to access array offset on value of type null
[Method: GET, Route: /]
in SYSTEMPATH\Debug\Toolbar.php on line 217.
 1 SYSTEMPATH\Debug\Toolbar.php(217): CodeIgniter\Debug\Exceptions->errorHandler(2, 'Trying to access array offset on value of type null', 'C:\\xampp\\htdocs\\IM\\system\\Debug\\Toolbar.php', 217)
 2 SYSTEMPATH\Debug\Toolbar.php(200): CodeIgniter\Debug\Toolbar->renderTimelineRecursive([...], 1771994874.442697, 7, 50, [], 0)
 3 SYSTEMPATH\Debug\Toolbar\Views\toolbar.tpl.php(105): CodeIgniter\Debug\Toolbar->renderTimeline([...], 1771994874.442697, 7, 50, [])
 4 SYSTEMPATH\Debug\Toolbar.php(533): include('C:\\xampp\\htdocs\\IM\\system\\Debug\\Toolbar\\Views\\toolbar.tpl.php')
 5 SYSTEMPATH\Debug\Toolbar.php(496): CodeIgniter\Debug\Toolbar->format([...], 'html')
 6 APPPATH\Config\Events.php(47): CodeIgniter\Debug\Toolbar->respond()
 7 SYSTEMPATH\Events\Events.php(152): CodeIgniter\Events\Events::Config\{closure}()
 8 SYSTEMPATH\CodeIgniter.php(339): CodeIgniter\Events\Events::trigger('pre_system')
 9 SYSTEMPATH\Boot.php(363): CodeIgniter\CodeIgniter->run()
10 SYSTEMPATH\Boot.php(68): CodeIgniter\Boot::runCodeIgniter(Object(CodeIgniter\CodeIgniter))
11 FCPATH\index.php(59): CodeIgniter\Boot::bootWeb(Object(Config\Paths))
DEBUG - 2026-02-25 12:47:57 --> Session: Class initialized using 'CodeIgniter\Session\Handlers\FileHandler' driver.
CRITICAL - 2026-02-25 12:47:57 --> ErrorException: Trying to access array offset on value of type null
[Method: GET, Route: /]
in SYSTEMPATH\Debug\Toolbar.php on line 217.
 1 SYSTEMPATH\Debug\Toolbar.php(217): CodeIgniter\Debug\Exceptions->errorHandler(2, 'Trying to access array offset on value of type null', 'C:\\xampp\\htdocs\\IM\\system\\Debug\\Toolbar.php', 217)
 2 SYSTEMPATH\Debug\Toolbar.php(200): CodeIgniter\Debug\Toolbar->renderTimelineRecursive([...], 1771994877.221172, 7, 20, [], 0)
 3 SYSTEMPATH\Debug\Toolbar\Views\toolbar.tpl.php(105): CodeIgniter\Debug\Toolbar->renderTimeline([...], 1771994877.221172, 7, 20, [])
 4 SYSTEMPATH\Debug\Toolbar.php(533): include('C:\\xampp\\htdocs\\IM\\system\\Debug\\Toolbar\\Views\\toolbar.tpl.php')
 5 SYSTEMPATH\Debug\Toolbar.php(496): CodeIgniter\Debug\Toolbar->format([...], 'html')
 6 APPPATH\Config\Events.php(47): CodeIgniter\Debug\Toolbar->respond()
 7 SYSTEMPATH\Events\Events.php(152): CodeIgniter\Events\Events::Config\{closure}()
 8 SYSTEMPATH\CodeIgniter.php(339): CodeIgniter\Events\Events::trigger('pre_system')
 9 SYSTEMPATH\Boot.php(363): CodeIgniter\CodeIgniter->run()
10 SYSTEMPATH\Boot.php(68): CodeIgniter\Boot::runCodeIgniter(Object(CodeIgniter\CodeIgniter))
11 FCPATH\index.php(59): CodeIgniter\Boot::bootWeb(Object(Config\Paths))
DEBUG - 2026-02-25 12:48:19 --> Session: Class initialized using 'CodeIgniter\Session\Handlers\FileHandler' driver.
CRITICAL - 2026-02-25 12:48:19 --> ErrorException: Trying to access array offset on value of type null
[Method: GET, Route: /]
in SYSTEMPATH\Debug\Toolbar.php on line 217.
 1 SYSTEMPATH\Debug\Toolbar.php(217): CodeIgniter\Debug\Exceptions->errorHandler(2, 'Trying to access array offset on value of type null', 'C:\\xampp\\htdocs\\IM\\system\\Debug\\Toolbar.php', 217)
 2 SYSTEMPATH\Debug\Toolbar.php(200): CodeIgniter\Debug\Toolbar->renderTimelineRecursive([...], 1771994899.392537, 5, 15, [], 0)
 3 SYSTEMPATH\Debug\Toolbar\Views\toolbar.tpl.php(105): CodeIgniter\Debug\Toolbar->renderTimeline([...], 1771994899.392537, 5, 15, [])
 4 SYSTEMPATH\Debug\Toolbar.php(533): include('C:\\xampp\\htdocs\\IM\\system\\Debug\\Toolbar\\Views\\toolbar.tpl.php')
 5 SYSTEMPATH\Debug\Toolbar.php(496): CodeIgniter\Debug\Toolbar->format([...], 'html')
 6 APPPATH\Config\Events.php(47): CodeIgniter\Debug\Toolbar->respond()
 7 SYSTEMPATH\Events\Events.php(152): CodeIgniter\Events\Events::Config\{closure}()
 8 SYSTEMPATH\CodeIgniter.php(339): CodeIgniter\Events\Events::trigger('pre_system')
 9 SYSTEMPATH\Boot.php(363): CodeIgniter\CodeIgniter->run()
10 SYSTEMPATH\Boot.php(68): CodeIgniter\Boot::runCodeIgniter(Object(CodeIgniter\CodeIgniter))
11 FCPATH\index.php(59): CodeIgniter\Boot::bootWeb(Object(Config\Paths))
DEBUG - 2026-02-25 12:48:21 --> Session: Class initialized using 'CodeIgniter\Session\Handlers\FileHandler' driver.
CRITICAL - 2026-02-25 12:48:21 --> ErrorException: Trying to access array offset on value of type null
[Method: GET, Route: /]
in SYSTEMPATH\Debug\Toolbar.php on line 217.
 1 SYSTEMPATH\Debug\Toolbar.php(217): CodeIgniter\Debug\Exceptions->errorHandler(2, 'Trying to access array offset on value of type null', 'C:\\xampp\\htdocs\\IM\\system\\Debug\\Toolbar.php', 217)
 2 SYSTEMPATH\Debug\Toolbar.php(200): CodeIgniter\Debug\Toolbar->renderTimelineRecursive([...], 1771994901.167116, 6, 15, [], 0)
 3 SYSTEMPATH\Debug\Toolbar\Views\toolbar.tpl.php(105): CodeIgniter\Debug\Toolbar->renderTimeline([...], 1771994901.167116, 6, 15, [])
 4 SYSTEMPATH\Debug\Toolbar.php(533): include('C:\\xampp\\htdocs\\IM\\system\\Debug\\Toolbar\\Views\\toolbar.tpl.php')
 5 SYSTEMPATH\Debug\Toolbar.php(496): CodeIgniter\Debug\Toolbar->format([...], 'html')
 6 APPPATH\Config\Events.php(47): CodeIgniter\Debug\Toolbar->respond()
 7 SYSTEMPATH\Events\Events.php(152): CodeIgniter\Events\Events::Config\{closure}()
 8 SYSTEMPATH\CodeIgniter.php(339): CodeIgniter\Events\Events::trigger('pre_system')
 9 SYSTEMPATH\Boot.php(363): CodeIgniter\CodeIgniter->run()
10 SYSTEMPATH\Boot.php(68): CodeIgniter\Boot::runCodeIgniter(Object(CodeIgniter\CodeIgniter))
11 FCPATH\index.php(59): CodeIgniter\Boot::bootWeb(Object(Config\Paths))
DEBUG - 2026-02-25 12:50:42 --> Session: Class initialized using 'CodeIgniter\Session\Handlers\FileHandler' driver.
CRITICAL - 2026-02-25 12:50:42 --> ErrorException: Trying to access array offset on value of type null
[Method: GET, Route: /]
in SYSTEMPATH\Debug\Toolbar.php on line 217.
 1 SYSTEMPATH\Debug\Toolbar.php(217): CodeIgniter\Debug\Exceptions->errorHandler(2, 'Trying to access array offset on value of type null', 'C:\\xampp\\htdocs\\IM\\system\\Debug\\Toolbar.php', 217)
 2 SYSTEMPATH\Debug\Toolbar.php(200): CodeIgniter\Debug\Toolbar->renderTimelineRecursive([...], 1771995042.38052, 7, 45, [], 0)
 3 SYSTEMPATH\Debug\Toolbar\Views\toolbar.tpl.php(105): CodeIgniter\Debug\Toolbar->renderTimeline([...], 1771995042.38052, 7, 45, [])
 4 SYSTEMPATH\Debug\Toolbar.php(533): include('C:\\xampp\\htdocs\\IM\\system\\Debug\\Toolbar\\Views\\toolbar.tpl.php')
 5 SYSTEMPATH\Debug\Toolbar.php(496): CodeIgniter\Debug\Toolbar->format([...], 'html')
 6 APPPATH\Config\Events.php(47): CodeIgniter\Debug\Toolbar->respond()
 7 SYSTEMPATH\Events\Events.php(152): CodeIgniter\Events\Events::Config\{closure}()
 8 SYSTEMPATH\CodeIgniter.php(339): CodeIgniter\Events\Events::trigger('pre_system')
 9 SYSTEMPATH\Boot.php(363): CodeIgniter\CodeIgniter->run()
10 SYSTEMPATH\Boot.php(68): CodeIgniter\Boot::runCodeIgniter(Object(CodeIgniter\CodeIgniter))
11 FCPATH\index.php(59): CodeIgniter\Boot::bootWeb(Object(Config\Paths))
DEBUG - 2026-02-25 12:51:53 --> Session: Class initialized using 'CodeIgniter\Session\Handlers\FileHandler' driver.
CRITICAL - 2026-02-25 12:51:53 --> ErrorException: Trying to access array offset on value of type null
[Method: GET, Route: /]
in SYSTEMPATH\Debug\Toolbar.php on line 217.
 1 SYSTEMPATH\Debug\Toolbar.php(217): CodeIgniter\Debug\Exceptions->errorHandler(2, 'Trying to access array offset on value of type null', 'C:\\xampp\\htdocs\\IM\\system\\Debug\\Toolbar.php', 217)
 2 SYSTEMPATH\Debug\Toolbar.php(200): CodeIgniter\Debug\Toolbar->renderTimelineRecursive([...], 1771995113.267351, 7, 45, [], 0)
 3 SYSTEMPATH\Debug\Toolbar\Views\toolbar.tpl.php(105): CodeIgniter\Debug\Toolbar->renderTimeline([...], 1771995113.267351, 7, 45, [])
 4 SYSTEMPATH\Debug\Toolbar.php(533): include('C:\\xampp\\htdocs\\IM\\system\\Debug\\Toolbar\\Views\\toolbar.tpl.php')
 5 SYSTEMPATH\Debug\Toolbar.php(496): CodeIgniter\Debug\Toolbar->format([...], 'html')
 6 APPPATH\Config\Events.php(47): CodeIgniter\Debug\Toolbar->respond()
 7 SYSTEMPATH\Events\Events.php(152): CodeIgniter\Events\Events::Config\{closure}()
 8 SYSTEMPATH\CodeIgniter.php(339): CodeIgniter\Events\Events::trigger('pre_system')
 9 SYSTEMPATH\Boot.php(363): CodeIgniter\CodeIgniter->run()
10 SYSTEMPATH\Boot.php(68): CodeIgniter\Boot::runCodeIgniter(Object(CodeIgniter\CodeIgniter))
11 FCPATH\index.php(59): CodeIgniter\Boot::bootWeb(Object(Config\Paths))
DEBUG - 2026-02-25 12:55:05 --> Session: Class initialized using 'CodeIgniter\Session\Handlers\FileHandler' driver.
CRITICAL - 2026-02-25 12:55:05 --> ErrorException: Trying to access array offset on value of type null
[Method: GET, Route: /]
in SYSTEMPATH\Debug\Toolbar.php on line 217.
 1 SYSTEMPATH\Debug\Toolbar.php(217): CodeIgniter\Debug\Exceptions->errorHandler(2, 'Trying to access array offset on value of type null', 'C:\\xampp\\htdocs\\IM\\system\\Debug\\Toolbar.php', 217)
 2 SYSTEMPATH\Debug\Toolbar.php(200): CodeIgniter\Debug\Toolbar->renderTimelineRecursive([...], 1771995305.495445, 7, 30, [], 0)
 3 SYSTEMPATH\Debug\Toolbar\Views\toolbar.tpl.php(105): CodeIgniter\Debug\Toolbar->renderTimeline([...], 1771995305.495445, 7, 30, [])
 4 SYSTEMPATH\Debug\Toolbar.php(533): include('C:\\xampp\\htdocs\\IM\\system\\Debug\\Toolbar\\Views\\toolbar.tpl.php')
 5 SYSTEMPATH\Debug\Toolbar.php(496): CodeIgniter\Debug\Toolbar->format([...], 'html')
 6 APPPATH\Config\Events.php(47): CodeIgniter\Debug\Toolbar->respond()
 7 SYSTEMPATH\Events\Events.php(152): CodeIgniter\Events\Events::Config\{closure}()
 8 SYSTEMPATH\CodeIgniter.php(339): CodeIgniter\Events\Events::trigger('pre_system')
 9 SYSTEMPATH\Boot.php(363): CodeIgniter\CodeIgniter->run()
10 SYSTEMPATH\Boot.php(68): CodeIgniter\Boot::runCodeIgniter(Object(CodeIgniter\CodeIgniter))
11 FCPATH\index.php(59): CodeIgniter\Boot::bootWeb(Object(Config\Paths))
DEBUG - 2026-02-25 12:55:25 --> Session: Class initialized using 'CodeIgniter\Session\Handlers\FileHandler' driver.
CRITICAL - 2026-02-25 12:55:25 --> ErrorException: Trying to access array offset on value of type null
[Method: GET, Route: /]
in SYSTEMPATH\Debug\Toolbar.php on line 217.
 1 SYSTEMPATH\Debug\Toolbar.php(217): CodeIgniter\Debug\Exceptions->errorHandler(2, 'Trying to access array offset on value of type null', 'C:\\xampp\\htdocs\\IM\\system\\Debug\\Toolbar.php', 217)
 2 SYSTEMPATH\Debug\Toolbar.php(200): CodeIgniter\Debug\Toolbar->renderTimelineRecursive([...], 1771995325.001458, 5, 15, [], 0)
 3 SYSTEMPATH\Debug\Toolbar\Views\toolbar.tpl.php(105): CodeIgniter\Debug\Toolbar->renderTimeline([...], 1771995325.001458, 5, 15, [])
 4 SYSTEMPATH\Debug\Toolbar.php(533): include('C:\\xampp\\htdocs\\IM\\system\\Debug\\Toolbar\\Views\\toolbar.tpl.php')
 5 SYSTEMPATH\Debug\Toolbar.php(496): CodeIgniter\Debug\Toolbar->format([...], 'html')
 6 APPPATH\Config\Events.php(47): CodeIgniter\Debug\Toolbar->respond()
 7 SYSTEMPATH\Events\Events.php(152): CodeIgniter\Events\Events::Config\{closure}()
 8 SYSTEMPATH\CodeIgniter.php(339): CodeIgniter\Events\Events::trigger('pre_system')
 9 SYSTEMPATH\Boot.php(363): CodeIgniter\CodeIgniter->run()
10 SYSTEMPATH\Boot.php(68): CodeIgniter\Boot::runCodeIgniter(Object(CodeIgniter\CodeIgniter))
11 FCPATH\index.php(59): CodeIgniter\Boot::bootWeb(Object(Config\Paths))
DEBUG - 2026-02-25 12:55:32 --> Session: Class initialized using 'CodeIgniter\Session\Handlers\FileHandler' driver.
CRITICAL - 2026-02-25 12:55:32 --> ErrorException: Trying to access array offset on value of type null
[Method: GET, Route: /]
in SYSTEMPATH\Debug\Toolbar.php on line 217.
 1 SYSTEMPATH\Debug\Toolbar.php(217): CodeIgniter\Debug\Exceptions->errorHandler(2, 'Trying to access array offset on value of type null', 'C:\\xampp\\htdocs\\IM\\system\\Debug\\Toolbar.php', 217)
 2 SYSTEMPATH\Debug\Toolbar.php(200): CodeIgniter\Debug\Toolbar->renderTimelineRecursive([...], 1771995332.292876, 7, 10, [], 0)
 3 SYSTEMPATH\Debug\Toolbar\Views\toolbar.tpl.php(105): CodeIgniter\Debug\Toolbar->renderTimeline([...], 1771995332.292876, 7, 10, [])
 4 SYSTEMPATH\Debug\Toolbar.php(533): include('C:\\xampp\\htdocs\\IM\\system\\Debug\\Toolbar\\Views\\toolbar.tpl.php')
 5 SYSTEMPATH\Debug\Toolbar.php(496): CodeIgniter\Debug\Toolbar->format([...], 'html')
 6 APPPATH\Config\Events.php(47): CodeIgniter\Debug\Toolbar->respond()
 7 SYSTEMPATH\Events\Events.php(152): CodeIgniter\Events\Events::Config\{closure}()
 8 SYSTEMPATH\CodeIgniter.php(339): CodeIgniter\Events\Events::trigger('pre_system')
 9 SYSTEMPATH\Boot.php(363): CodeIgniter\CodeIgniter->run()
10 SYSTEMPATH\Boot.php(68): CodeIgniter\Boot::runCodeIgniter(Object(CodeIgniter\CodeIgniter))
11 FCPATH\index.php(59): CodeIgniter\Boot::bootWeb(Object(Config\Paths))
DEBUG - 2026-02-25 12:55:39 --> Session: Class initialized using 'CodeIgniter\Session\Handlers\FileHandler' driver.
CRITICAL - 2026-02-25 12:55:39 --> ErrorException: Trying to access array offset on value of type null
[Method: GET, Route: /]
in SYSTEMPATH\Debug\Toolbar.php on line 217.
 1 SYSTEMPATH\Debug\Toolbar.php(217): CodeIgniter\Debug\Exceptions->errorHandler(2, 'Trying to access array offset on value of type null', 'C:\\xampp\\htdocs\\IM\\system\\Debug\\Toolbar.php', 217)
 2 SYSTEMPATH\Debug\Toolbar.php(200): CodeIgniter\Debug\Toolbar->renderTimelineRecursive([...], 1771995339.398487, 5, 15, [], 0)
 3 SYSTEMPATH\Debug\Toolbar\Views\toolbar.tpl.php(105): CodeIgniter\Debug\Toolbar->renderTimeline([...], 1771995339.398487, 5, 15, [])
 4 SYSTEMPATH\Debug\Toolbar.php(533): include('C:\\xampp\\htdocs\\IM\\system\\Debug\\Toolbar\\Views\\toolbar.tpl.php')
 5 SYSTEMPATH\Debug\Toolbar.php(496): CodeIgniter\Debug\Toolbar->format([...], 'html')
 6 APPPATH\Config\Events.php(47): CodeIgniter\Debug\Toolbar->respond()
 7 SYSTEMPATH\Events\Events.php(152): CodeIgniter\Events\Events::Config\{closure}()
 8 SYSTEMPATH\CodeIgniter.php(339): CodeIgniter\Events\Events::trigger('pre_system')
 9 SYSTEMPATH\Boot.php(363): CodeIgniter\CodeIgniter->run()
10 SYSTEMPATH\Boot.php(68): CodeIgniter\Boot::runCodeIgniter(Object(CodeIgniter\CodeIgniter))
11 FCPATH\index.php(59): CodeIgniter\Boot::bootWeb(Object(Config\Paths))
WARNING - 2026-02-25 12:56:00 --> [DEPRECATED] Creation of dynamic property App\Controllers\ApplicationController::$contactsModel is deprecated in APPPATH\Controllers\ApplicationController.php on line 41.
 1 SYSTEMPATH\CodeIgniter.php(903): App\Controllers\ApplicationController->__construct()
 2 SYSTEMPATH\CodeIgniter.php(498): CodeIgniter\CodeIgniter->createController()
 3 SYSTEMPATH\CodeIgniter.php(354): CodeIgniter\CodeIgniter->handleRequest(null, Object(Config\Cache), false)
 4 SYSTEMPATH\Boot.php(363): CodeIgniter\CodeIgniter->run()
 5 SYSTEMPATH\Boot.php(68): CodeIgniter\Boot::runCodeIgniter(Object(CodeIgniter\CodeIgniter))
 6 FCPATH\index.php(59): CodeIgniter\Boot::bootWeb(Object(Config\Paths))
WARNING - 2026-02-25 12:56:00 --> [DEPRECATED] Creation of dynamic property App\Controllers\ApplicationController::$environmentsModel is deprecated in APPPATH\Controllers\ApplicationController.php on line 42.
 1 SYSTEMPATH\CodeIgniter.php(903): App\Controllers\ApplicationController->__construct()
 2 SYSTEMPATH\CodeIgniter.php(498): CodeIgniter\CodeIgniter->createController()
 3 SYSTEMPATH\CodeIgniter.php(354): CodeIgniter\CodeIgniter->handleRequest(null, Object(Config\Cache), false)
 4 SYSTEMPATH\Boot.php(363): CodeIgniter\CodeIgniter->run()
 5 SYSTEMPATH\Boot.php(68): CodeIgniter\Boot::runCodeIgniter(Object(CodeIgniter\CodeIgniter))
 6 FCPATH\index.php(59): CodeIgniter\Boot::bootWeb(Object(Config\Paths))
WARNING - 2026-02-25 12:56:00 --> [DEPRECATED] Creation of dynamic property App\Controllers\ApplicationController::$infrastructureModel is deprecated in APPPATH\Controllers\ApplicationController.php on line 43.
 1 SYSTEMPATH\CodeIgniter.php(903): App\Controllers\ApplicationController->__construct()
 2 SYSTEMPATH\CodeIgniter.php(498): CodeIgniter\CodeIgniter->createController()
 3 SYSTEMPATH\CodeIgniter.php(354): CodeIgniter\CodeIgniter->handleRequest(null, Object(Config\Cache), false)
 4 SYSTEMPATH\Boot.php(363): CodeIgniter\CodeIgniter->run()
 5 SYSTEMPATH\Boot.php(68): CodeIgniter\Boot::runCodeIgniter(Object(CodeIgniter\CodeIgniter))
 6 FCPATH\index.php(59): CodeIgniter\Boot::bootWeb(Object(Config\Paths))
WARNING - 2026-02-25 12:56:00 --> [DEPRECATED] Creation of dynamic property App\Controllers\ApplicationController::$complianceModel is deprecated in APPPATH\Controllers\ApplicationController.php on line 44.
 1 SYSTEMPATH\CodeIgniter.php(903): App\Controllers\ApplicationController->__construct()
 2 SYSTEMPATH\CodeIgniter.php(498): CodeIgniter\CodeIgniter->createController()
 3 SYSTEMPATH\CodeIgniter.php(354): CodeIgniter\CodeIgniter->handleRequest(null, Object(Config\Cache), false)
 4 SYSTEMPATH\Boot.php(363): CodeIgniter\CodeIgniter->run()
 5 SYSTEMPATH\Boot.php(68): CodeIgniter\Boot::runCodeIgniter(Object(CodeIgniter\CodeIgniter))
 6 FCPATH\index.php(59): CodeIgniter\Boot::bootWeb(Object(Config\Paths))
WARNING - 2026-02-25 12:56:00 --> [DEPRECATED] Creation of dynamic property App\Controllers\ApplicationController::$dependenciesModel is deprecated in APPPATH\Controllers\ApplicationController.php on line 45.
 1 SYSTEMPATH\CodeIgniter.php(903): App\Controllers\ApplicationController->__construct()
 2 SYSTEMPATH\CodeIgniter.php(498): CodeIgniter\CodeIgniter->createController()
 3 SYSTEMPATH\CodeIgniter.php(354): CodeIgniter\CodeIgniter->handleRequest(null, Object(Config\Cache), false)
 4 SYSTEMPATH\Boot.php(363): CodeIgniter\CodeIgniter->run()
 5 SYSTEMPATH\Boot.php(68): CodeIgniter\Boot::runCodeIgniter(Object(CodeIgniter\CodeIgniter))
 6 FCPATH\index.php(59): CodeIgniter\Boot::bootWeb(Object(Config\Paths))
WARNING - 2026-02-25 12:56:00 --> [DEPRECATED] Creation of dynamic property App\Controllers\ApplicationController::$vendorsModel is deprecated in APPPATH\Controllers\ApplicationController.php on line 46.
 1 SYSTEMPATH\CodeIgniter.php(903): App\Controllers\ApplicationController->__construct()
 2 SYSTEMPATH\CodeIgniter.php(498): CodeIgniter\CodeIgniter->createController()
 3 SYSTEMPATH\CodeIgniter.php(354): CodeIgniter\CodeIgniter->handleRequest(null, Object(Config\Cache), false)
 4 SYSTEMPATH\Boot.php(363): CodeIgniter\CodeIgniter->run()
 5 SYSTEMPATH\Boot.php(68): CodeIgniter\Boot::runCodeIgniter(Object(CodeIgniter\CodeIgniter))
 6 FCPATH\index.php(59): CodeIgniter\Boot::bootWeb(Object(Config\Paths))
WARNING - 2026-02-25 12:56:00 --> [DEPRECATED] Creation of dynamic property App\Controllers\ApplicationController::$batchModel is deprecated in APPPATH\Controllers\ApplicationController.php on line 47.
 1 SYSTEMPATH\CodeIgniter.php(903): App\Controllers\ApplicationController->__construct()
 2 SYSTEMPATH\CodeIgniter.php(498): CodeIgniter\CodeIgniter->createController()
 3 SYSTEMPATH\CodeIgniter.php(354): CodeIgniter\CodeIgniter->handleRequest(null, Object(Config\Cache), false)
 4 SYSTEMPATH\Boot.php(363): CodeIgniter\CodeIgniter->run()
 5 SYSTEMPATH\Boot.php(68): CodeIgniter\Boot::runCodeIgniter(Object(CodeIgniter\CodeIgniter))
 6 FCPATH\index.php(59): CodeIgniter\Boot::bootWeb(Object(Config\Paths))
WARNING - 2026-02-25 12:56:00 --> [DEPRECATED] Creation of dynamic property App\Controllers\ApplicationController::$licensingModel is deprecated in APPPATH\Controllers\ApplicationController.php on line 48.
 1 SYSTEMPATH\CodeIgniter.php(903): App\Controllers\ApplicationController->__construct()
 2 SYSTEMPATH\CodeIgniter.php(498): CodeIgniter\CodeIgniter->createController()
 3 SYSTEMPATH\CodeIgniter.php(354): CodeIgniter\CodeIgniter->handleRequest(null, Object(Config\Cache), false)
 4 SYSTEMPATH\Boot.php(363): CodeIgniter\CodeIgniter->run()
 5 SYSTEMPATH\Boot.php(68): CodeIgniter\Boot::runCodeIgniter(Object(CodeIgniter\CodeIgniter))
 6 FCPATH\index.php(59): CodeIgniter\Boot::bootWeb(Object(Config\Paths))
WARNING - 2026-02-25 12:56:00 --> [DEPRECATED] Creation of dynamic property App\Controllers\ApplicationController::$metricsModel is deprecated in APPPATH\Controllers\ApplicationController.php on line 49.
 1 SYSTEMPATH\CodeIgniter.php(903): App\Controllers\ApplicationController->__construct()
 2 SYSTEMPATH\CodeIgniter.php(498): CodeIgniter\CodeIgniter->createController()
 3 SYSTEMPATH\CodeIgniter.php(354): CodeIgniter\CodeIgniter->handleRequest(null, Object(Config\Cache), false)
 4 SYSTEMPATH\Boot.php(363): CodeIgniter\CodeIgniter->run()
 5 SYSTEMPATH\Boot.php(68): CodeIgniter\Boot::runCodeIgniter(Object(CodeIgniter\CodeIgniter))
 6 FCPATH\index.php(59): CodeIgniter\Boot::bootWeb(Object(Config\Paths))
WARNING - 2026-02-25 12:56:00 --> [DEPRECATED] Creation of dynamic property App\Controllers\ApplicationController::$techModel is deprecated in APPPATH\Controllers\ApplicationController.php on line 50.
 1 SYSTEMPATH\CodeIgniter.php(903): App\Controllers\ApplicationController->__construct()
 2 SYSTEMPATH\CodeIgniter.php(498): CodeIgniter\CodeIgniter->createController()
 3 SYSTEMPATH\CodeIgniter.php(354): CodeIgniter\CodeIgniter->handleRequest(null, Object(Config\Cache), false)
 4 SYSTEMPATH\Boot.php(363): CodeIgniter\CodeIgniter->run()
 5 SYSTEMPATH\Boot.php(68): CodeIgniter\Boot::runCodeIgniter(Object(CodeIgniter\CodeIgniter))
 6 FCPATH\index.php(59): CodeIgniter\Boot::bootWeb(Object(Config\Paths))
DEBUG - 2026-02-25 12:56:00 --> Session: Class initialized using 'CodeIgniter\Session\Handlers\FileHandler' driver.
CRITICAL - 2026-02-25 12:56:00 --> ErrorException: Trying to access array offset on value of type null
[Method: GET, Route: /]
in SYSTEMPATH\Debug\Toolbar.php on line 217.
 1 SYSTEMPATH\Debug\Toolbar.php(217): CodeIgniter\Debug\Exceptions->errorHandler(2, 'Trying to access array offset on value of type null', 'C:\\xampp\\htdocs\\IM\\system\\Debug\\Toolbar.php', 217)
 2 SYSTEMPATH\Debug\Toolbar.php(200): CodeIgniter\Debug\Toolbar->renderTimelineRecursive([...], 1771995360.412544, 7, 30, [], 0)
 3 SYSTEMPATH\Debug\Toolbar\Views\toolbar.tpl.php(105): CodeIgniter\Debug\Toolbar->renderTimeline([...], 1771995360.412544, 7, 30, [])
 4 SYSTEMPATH\Debug\Toolbar.php(533): include('C:\\xampp\\htdocs\\IM\\system\\Debug\\Toolbar\\Views\\toolbar.tpl.php')
 5 SYSTEMPATH\Debug\Toolbar.php(496): CodeIgniter\Debug\Toolbar->format([...], 'html')
 6 APPPATH\Config\Events.php(47): CodeIgniter\Debug\Toolbar->respond()
 7 SYSTEMPATH\Events\Events.php(152): CodeIgniter\Events\Events::Config\{closure}()
 8 SYSTEMPATH\CodeIgniter.php(339): CodeIgniter\Events\Events::trigger('pre_system')
 9 SYSTEMPATH\Boot.php(363): CodeIgniter\CodeIgniter->run()
10 SYSTEMPATH\Boot.php(68): CodeIgniter\Boot::runCodeIgniter(Object(CodeIgniter\CodeIgniter))
11 FCPATH\index.php(59): CodeIgniter\Boot::bootWeb(Object(Config\Paths))
WARNING - 2026-02-25 12:56:02 --> [DEPRECATED] Creation of dynamic property App\Controllers\ApplicationController::$contactsModel is deprecated in APPPATH\Controllers\ApplicationController.php on line 41.
 1 SYSTEMPATH\CodeIgniter.php(903): App\Controllers\ApplicationController->__construct()
 2 SYSTEMPATH\CodeIgniter.php(498): CodeIgniter\CodeIgniter->createController()
 3 SYSTEMPATH\CodeIgniter.php(354): CodeIgniter\CodeIgniter->handleRequest(null, Object(Config\Cache), false)
 4 SYSTEMPATH\Boot.php(363): CodeIgniter\CodeIgniter->run()
 5 SYSTEMPATH\Boot.php(68): CodeIgniter\Boot::runCodeIgniter(Object(CodeIgniter\CodeIgniter))
 6 FCPATH\index.php(59): CodeIgniter\Boot::bootWeb(Object(Config\Paths))
WARNING - 2026-02-25 12:56:02 --> [DEPRECATED] Creation of dynamic property App\Controllers\ApplicationController::$environmentsModel is deprecated in APPPATH\Controllers\ApplicationController.php on line 42.
 1 SYSTEMPATH\CodeIgniter.php(903): App\Controllers\ApplicationController->__construct()
 2 SYSTEMPATH\CodeIgniter.php(498): CodeIgniter\CodeIgniter->createController()
 3 SYSTEMPATH\CodeIgniter.php(354): CodeIgniter\CodeIgniter->handleRequest(null, Object(Config\Cache), false)
 4 SYSTEMPATH\Boot.php(363): CodeIgniter\CodeIgniter->run()
 5 SYSTEMPATH\Boot.php(68): CodeIgniter\Boot::runCodeIgniter(Object(CodeIgniter\CodeIgniter))
 6 FCPATH\index.php(59): CodeIgniter\Boot::bootWeb(Object(Config\Paths))
WARNING - 2026-02-25 12:56:02 --> [DEPRECATED] Creation of dynamic property App\Controllers\ApplicationController::$infrastructureModel is deprecated in APPPATH\Controllers\ApplicationController.php on line 43.
 1 SYSTEMPATH\CodeIgniter.php(903): App\Controllers\ApplicationController->__construct()
 2 SYSTEMPATH\CodeIgniter.php(498): CodeIgniter\CodeIgniter->createController()
 3 SYSTEMPATH\CodeIgniter.php(354): CodeIgniter\CodeIgniter->handleRequest(null, Object(Config\Cache), false)
 4 SYSTEMPATH\Boot.php(363): CodeIgniter\CodeIgniter->run()
 5 SYSTEMPATH\Boot.php(68): CodeIgniter\Boot::runCodeIgniter(Object(CodeIgniter\CodeIgniter))
 6 FCPATH\index.php(59): CodeIgniter\Boot::bootWeb(Object(Config\Paths))
WARNING - 2026-02-25 12:56:02 --> [DEPRECATED] Creation of dynamic property App\Controllers\ApplicationController::$complianceModel is deprecated in APPPATH\Controllers\ApplicationController.php on line 44.
 1 SYSTEMPATH\CodeIgniter.php(903): App\Controllers\ApplicationController->__construct()
 2 SYSTEMPATH\CodeIgniter.php(498): CodeIgniter\CodeIgniter->createController()
 3 SYSTEMPATH\CodeIgniter.php(354): CodeIgniter\CodeIgniter->handleRequest(null, Object(Config\Cache), false)
 4 SYSTEMPATH\Boot.php(363): CodeIgniter\CodeIgniter->run()
 5 SYSTEMPATH\Boot.php(68): CodeIgniter\Boot::runCodeIgniter(Object(CodeIgniter\CodeIgniter))
 6 FCPATH\index.php(59): CodeIgniter\Boot::bootWeb(Object(Config\Paths))
WARNING - 2026-02-25 12:56:02 --> [DEPRECATED] Creation of dynamic property App\Controllers\ApplicationController::$dependenciesModel is deprecated in APPPATH\Controllers\ApplicationController.php on line 45.
 1 SYSTEMPATH\CodeIgniter.php(903): App\Controllers\ApplicationController->__construct()
 2 SYSTEMPATH\CodeIgniter.php(498): CodeIgniter\CodeIgniter->createController()
 3 SYSTEMPATH\CodeIgniter.php(354): CodeIgniter\CodeIgniter->handleRequest(null, Object(Config\Cache), false)
 4 SYSTEMPATH\Boot.php(363): CodeIgniter\CodeIgniter->run()
 5 SYSTEMPATH\Boot.php(68): CodeIgniter\Boot::runCodeIgniter(Object(CodeIgniter\CodeIgniter))
 6 FCPATH\index.php(59): CodeIgniter\Boot::bootWeb(Object(Config\Paths))
WARNING - 2026-02-25 12:56:02 --> [DEPRECATED] Creation of dynamic property App\Controllers\ApplicationController::$vendorsModel is deprecated in APPPATH\Controllers\ApplicationController.php on line 46.
 1 SYSTEMPATH\CodeIgniter.php(903): App\Controllers\ApplicationController->__construct()
 2 SYSTEMPATH\CodeIgniter.php(498): CodeIgniter\CodeIgniter->createController()
 3 SYSTEMPATH\CodeIgniter.php(354): CodeIgniter\CodeIgniter->handleRequest(null, Object(Config\Cache), false)
 4 SYSTEMPATH\Boot.php(363): CodeIgniter\CodeIgniter->run()
 5 SYSTEMPATH\Boot.php(68): CodeIgniter\Boot::runCodeIgniter(Object(CodeIgniter\CodeIgniter))
 6 FCPATH\index.php(59): CodeIgniter\Boot::bootWeb(Object(Config\Paths))
WARNING - 2026-02-25 12:56:02 --> [DEPRECATED] Creation of dynamic property App\Controllers\ApplicationController::$batchModel is deprecated in APPPATH\Controllers\ApplicationController.php on line 47.
 1 SYSTEMPATH\CodeIgniter.php(903): App\Controllers\ApplicationController->__construct()
 2 SYSTEMPATH\CodeIgniter.php(498): CodeIgniter\CodeIgniter->createController()
 3 SYSTEMPATH\CodeIgniter.php(354): CodeIgniter\CodeIgniter->handleRequest(null, Object(Config\Cache), false)
 4 SYSTEMPATH\Boot.php(363): CodeIgniter\CodeIgniter->run()
 5 SYSTEMPATH\Boot.php(68): CodeIgniter\Boot::runCodeIgniter(Object(CodeIgniter\CodeIgniter))
 6 FCPATH\index.php(59): CodeIgniter\Boot::bootWeb(Object(Config\Paths))
WARNING - 2026-02-25 12:56:02 --> [DEPRECATED] Creation of dynamic property App\Controllers\ApplicationController::$licensingModel is deprecated in APPPATH\Controllers\ApplicationController.php on line 48.
 1 SYSTEMPATH\CodeIgniter.php(903): App\Controllers\ApplicationController->__construct()
 2 SYSTEMPATH\CodeIgniter.php(498): CodeIgniter\CodeIgniter->createController()
 3 SYSTEMPATH\CodeIgniter.php(354): CodeIgniter\CodeIgniter->handleRequest(null, Object(Config\Cache), false)
 4 SYSTEMPATH\Boot.php(363): CodeIgniter\CodeIgniter->run()
 5 SYSTEMPATH\Boot.php(68): CodeIgniter\Boot::runCodeIgniter(Object(CodeIgniter\CodeIgniter))
 6 FCPATH\index.php(59): CodeIgniter\Boot::bootWeb(Object(Config\Paths))
WARNING - 2026-02-25 12:56:02 --> [DEPRECATED] Creation of dynamic property App\Controllers\ApplicationController::$metricsModel is deprecated in APPPATH\Controllers\ApplicationController.php on line 49.
 1 SYSTEMPATH\CodeIgniter.php(903): App\Controllers\ApplicationController->__construct()
 2 SYSTEMPATH\CodeIgniter.php(498): CodeIgniter\CodeIgniter->createController()
 3 SYSTEMPATH\CodeIgniter.php(354): CodeIgniter\CodeIgniter->handleRequest(null, Object(Config\Cache), false)
 4 SYSTEMPATH\Boot.php(363): CodeIgniter\CodeIgniter->run()
 5 SYSTEMPATH\Boot.php(68): CodeIgniter\Boot::runCodeIgniter(Object(CodeIgniter\CodeIgniter))
 6 FCPATH\index.php(59): CodeIgniter\Boot::bootWeb(Object(Config\Paths))
WARNING - 2026-02-25 12:56:02 --> [DEPRECATED] Creation of dynamic property App\Controllers\ApplicationController::$techModel is deprecated in APPPATH\Controllers\ApplicationController.php on line 50.
 1 SYSTEMPATH\CodeIgniter.php(903): App\Controllers\ApplicationController->__construct()
 2 SYSTEMPATH\CodeIgniter.php(498): CodeIgniter\CodeIgniter->createController()
 3 SYSTEMPATH\CodeIgniter.php(354): CodeIgniter\CodeIgniter->handleRequest(null, Object(Config\Cache), false)
 4 SYSTEMPATH\Boot.php(363): CodeIgniter\CodeIgniter->run()
 5 SYSTEMPATH\Boot.php(68): CodeIgniter\Boot::runCodeIgniter(Object(CodeIgniter\CodeIgniter))
 6 FCPATH\index.php(59): CodeIgniter\Boot::bootWeb(Object(Config\Paths))
DEBUG - 2026-02-25 12:56:02 --> Session: Class initialized using 'CodeIgniter\Session\Handlers\FileHandler' driver.
CRITICAL - 2026-02-25 12:56:02 --> ErrorException: Trying to access array offset on value of type null
[Method: GET, Route: /]
in SYSTEMPATH\Debug\Toolbar.php on line 217.
 1 SYSTEMPATH\Debug\Toolbar.php(217): CodeIgniter\Debug\Exceptions->errorHandler(2, 'Trying to access array offset on value of type null', 'C:\\xampp\\htdocs\\IM\\system\\Debug\\Toolbar.php', 217)
 2 SYSTEMPATH\Debug\Toolbar.php(200): CodeIgniter\Debug\Toolbar->renderTimelineRecursive([...], 1771995361.965458, 7, 20, [], 0)
 3 SYSTEMPATH\Debug\Toolbar\Views\toolbar.tpl.php(105): CodeIgniter\Debug\Toolbar->renderTimeline([...], 1771995361.965458, 7, 20, [])
 4 SYSTEMPATH\Debug\Toolbar.php(533): include('C:\\xampp\\htdocs\\IM\\system\\Debug\\Toolbar\\Views\\toolbar.tpl.php')
 5 SYSTEMPATH\Debug\Toolbar.php(496): CodeIgniter\Debug\Toolbar->format([...], 'html')
 6 APPPATH\Config\Events.php(47): CodeIgniter\Debug\Toolbar->respond()
 7 SYSTEMPATH\Events\Events.php(152): CodeIgniter\Events\Events::Config\{closure}()
 8 SYSTEMPATH\CodeIgniter.php(339): CodeIgniter\Events\Events::trigger('pre_system')
 9 SYSTEMPATH\Boot.php(363): CodeIgniter\CodeIgniter->run()
10 SYSTEMPATH\Boot.php(68): CodeIgniter\Boot::runCodeIgniter(Object(CodeIgniter\CodeIgniter))
11 FCPATH\index.php(59): CodeIgniter\Boot::bootWeb(Object(Config\Paths))
DEBUG - 2026-02-25 13:00:18 --> Session: Class initialized using 'CodeIgniter\Session\Handlers\FileHandler' driver.
CRITICAL - 2026-02-25 13:00:18 --> ErrorException: Trying to access array offset on value of type null
[Method: GET, Route: /]
in SYSTEMPATH\Debug\Toolbar.php on line 217.
 1 SYSTEMPATH\Debug\Toolbar.php(217): CodeIgniter\Debug\Exceptions->errorHandler(2, 'Trying to access array offset on value of type null', 'C:\\xampp\\htdocs\\IM\\system\\Debug\\Toolbar.php', 217)
 2 SYSTEMPATH\Debug\Toolbar.php(200): CodeIgniter\Debug\Toolbar->renderTimelineRecursive([...], 1771995618.336721, 7, 15, [], 0)
 3 SYSTEMPATH\Debug\Toolbar\Views\toolbar.tpl.php(105): CodeIgniter\Debug\Toolbar->renderTimeline([...], 1771995618.336721, 7, 15, [])
 4 SYSTEMPATH\Debug\Toolbar.php(533): include('C:\\xampp\\htdocs\\IM\\system\\Debug\\Toolbar\\Views\\toolbar.tpl.php')
 5 SYSTEMPATH\Debug\Toolbar.php(496): CodeIgniter\Debug\Toolbar->format([...], 'html')
 6 APPPATH\Config\Events.php(47): CodeIgniter\Debug\Toolbar->respond()
 7 SYSTEMPATH\Events\Events.php(152): CodeIgniter\Events\Events::Config\{closure}()
 8 SYSTEMPATH\CodeIgniter.php(339): CodeIgniter\Events\Events::trigger('pre_system')
 9 SYSTEMPATH\Boot.php(363): CodeIgniter\CodeIgniter->run()
10 SYSTEMPATH\Boot.php(68): CodeIgniter\Boot::runCodeIgniter(Object(CodeIgniter\CodeIgniter))
11 FCPATH\index.php(59): CodeIgniter\Boot::bootWeb(Object(Config\Paths))
DEBUG - 2026-02-25 13:00:22 --> Session: Class initialized using 'CodeIgniter\Session\Handlers\FileHandler' driver.
CRITICAL - 2026-02-25 13:00:22 --> ErrorException: Trying to access array offset on value of type null
[Method: GET, Route: /]
in SYSTEMPATH\Debug\Toolbar.php on line 217.
 1 SYSTEMPATH\Debug\Toolbar.php(217): CodeIgniter\Debug\Exceptions->errorHandler(2, 'Trying to access array offset on value of type null', 'C:\\xampp\\htdocs\\IM\\system\\Debug\\Toolbar.php', 217)
 2 SYSTEMPATH\Debug\Toolbar.php(200): CodeIgniter\Debug\Toolbar->renderTimelineRecursive([...], 1771995622.02456, 7, 30, [], 0)
 3 SYSTEMPATH\Debug\Toolbar\Views\toolbar.tpl.php(105): CodeIgniter\Debug\Toolbar->renderTimeline([...], 1771995622.02456, 7, 30, [])
 4 SYSTEMPATH\Debug\Toolbar.php(533): include('C:\\xampp\\htdocs\\IM\\system\\Debug\\Toolbar\\Views\\toolbar.tpl.php')
 5 SYSTEMPATH\Debug\Toolbar.php(496): CodeIgniter\Debug\Toolbar->format([...], 'html')
 6 APPPATH\Config\Events.php(47): CodeIgniter\Debug\Toolbar->respond()
 7 SYSTEMPATH\Events\Events.php(152): CodeIgniter\Events\Events::Config\{closure}()
 8 SYSTEMPATH\CodeIgniter.php(339): CodeIgniter\Events\Events::trigger('pre_system')
 9 SYSTEMPATH\Boot.php(363): CodeIgniter\CodeIgniter->run()
10 SYSTEMPATH\Boot.php(68): CodeIgniter\Boot::runCodeIgniter(Object(CodeIgniter\CodeIgniter))
11 FCPATH\index.php(59): CodeIgniter\Boot::bootWeb(Object(Config\Paths))
WARNING - 2026-02-25 13:00:42 --> [DEPRECATED] Creation of dynamic property App\Controllers\ApplicationController::$contactsModel is deprecated in APPPATH\Controllers\ApplicationController.php on line 41.
 1 SYSTEMPATH\CodeIgniter.php(903): App\Controllers\ApplicationController->__construct()
 2 SYSTEMPATH\CodeIgniter.php(498): CodeIgniter\CodeIgniter->createController()
 3 SYSTEMPATH\CodeIgniter.php(354): CodeIgniter\CodeIgniter->handleRequest(null, Object(Config\Cache), false)
 4 SYSTEMPATH\Boot.php(363): CodeIgniter\CodeIgniter->run()
 5 SYSTEMPATH\Boot.php(68): CodeIgniter\Boot::runCodeIgniter(Object(CodeIgniter\CodeIgniter))
 6 FCPATH\index.php(59): CodeIgniter\Boot::bootWeb(Object(Config\Paths))
WARNING - 2026-02-25 13:00:42 --> [DEPRECATED] Creation of dynamic property App\Controllers\ApplicationController::$environmentsModel is deprecated in APPPATH\Controllers\ApplicationController.php on line 42.
 1 SYSTEMPATH\CodeIgniter.php(903): App\Controllers\ApplicationController->__construct()
 2 SYSTEMPATH\CodeIgniter.php(498): CodeIgniter\CodeIgniter->createController()
 3 SYSTEMPATH\CodeIgniter.php(354): CodeIgniter\CodeIgniter->handleRequest(null, Object(Config\Cache), false)
 4 SYSTEMPATH\Boot.php(363): CodeIgniter\CodeIgniter->run()
 5 SYSTEMPATH\Boot.php(68): CodeIgniter\Boot::runCodeIgniter(Object(CodeIgniter\CodeIgniter))
 6 FCPATH\index.php(59): CodeIgniter\Boot::bootWeb(Object(Config\Paths))
WARNING - 2026-02-25 13:00:42 --> [DEPRECATED] Creation of dynamic property App\Controllers\ApplicationController::$infrastructureModel is deprecated in APPPATH\Controllers\ApplicationController.php on line 43.
 1 SYSTEMPATH\CodeIgniter.php(903): App\Controllers\ApplicationController->__construct()
 2 SYSTEMPATH\CodeIgniter.php(498): CodeIgniter\CodeIgniter->createController()
 3 SYSTEMPATH\CodeIgniter.php(354): CodeIgniter\CodeIgniter->handleRequest(null, Object(Config\Cache), false)
 4 SYSTEMPATH\Boot.php(363): CodeIgniter\CodeIgniter->run()
 5 SYSTEMPATH\Boot.php(68): CodeIgniter\Boot::runCodeIgniter(Object(CodeIgniter\CodeIgniter))
 6 FCPATH\index.php(59): CodeIgniter\Boot::bootWeb(Object(Config\Paths))
WARNING - 2026-02-25 13:00:42 --> [DEPRECATED] Creation of dynamic property App\Controllers\ApplicationController::$complianceModel is deprecated in APPPATH\Controllers\ApplicationController.php on line 44.
 1 SYSTEMPATH\CodeIgniter.php(903): App\Controllers\ApplicationController->__construct()
 2 SYSTEMPATH\CodeIgniter.php(498): CodeIgniter\CodeIgniter->createController()
 3 SYSTEMPATH\CodeIgniter.php(354): CodeIgniter\CodeIgniter->handleRequest(null, Object(Config\Cache), false)
 4 SYSTEMPATH\Boot.php(363): CodeIgniter\CodeIgniter->run()
 5 SYSTEMPATH\Boot.php(68): CodeIgniter\Boot::runCodeIgniter(Object(CodeIgniter\CodeIgniter))
 6 FCPATH\index.php(59): CodeIgniter\Boot::bootWeb(Object(Config\Paths))
WARNING - 2026-02-25 13:00:42 --> [DEPRECATED] Creation of dynamic property App\Controllers\ApplicationController::$dependenciesModel is deprecated in APPPATH\Controllers\ApplicationController.php on line 45.
 1 SYSTEMPATH\CodeIgniter.php(903): App\Controllers\ApplicationController->__construct()
 2 SYSTEMPATH\CodeIgniter.php(498): CodeIgniter\CodeIgniter->createController()
 3 SYSTEMPATH\CodeIgniter.php(354): CodeIgniter\CodeIgniter->handleRequest(null, Object(Config\Cache), false)
 4 SYSTEMPATH\Boot.php(363): CodeIgniter\CodeIgniter->run()
 5 SYSTEMPATH\Boot.php(68): CodeIgniter\Boot::runCodeIgniter(Object(CodeIgniter\CodeIgniter))
 6 FCPATH\index.php(59): CodeIgniter\Boot::bootWeb(Object(Config\Paths))
WARNING - 2026-02-25 13:00:42 --> [DEPRECATED] Creation of dynamic property App\Controllers\ApplicationController::$vendorsModel is deprecated in APPPATH\Controllers\ApplicationController.php on line 46.
 1 SYSTEMPATH\CodeIgniter.php(903): App\Controllers\ApplicationController->__construct()
 2 SYSTEMPATH\CodeIgniter.php(498): CodeIgniter\CodeIgniter->createController()
 3 SYSTEMPATH\CodeIgniter.php(354): CodeIgniter\CodeIgniter->handleRequest(null, Object(Config\Cache), false)
 4 SYSTEMPATH\Boot.php(363): CodeIgniter\CodeIgniter->run()
 5 SYSTEMPATH\Boot.php(68): CodeIgniter\Boot::runCodeIgniter(Object(CodeIgniter\CodeIgniter))
 6 FCPATH\index.php(59): CodeIgniter\Boot::bootWeb(Object(Config\Paths))
WARNING - 2026-02-25 13:00:42 --> [DEPRECATED] Creation of dynamic property App\Controllers\ApplicationController::$batchModel is deprecated in APPPATH\Controllers\ApplicationController.php on line 47.
 1 SYSTEMPATH\CodeIgniter.php(903): App\Controllers\ApplicationController->__construct()
 2 SYSTEMPATH\CodeIgniter.php(498): CodeIgniter\CodeIgniter->createController()
 3 SYSTEMPATH\CodeIgniter.php(354): CodeIgniter\CodeIgniter->handleRequest(null, Object(Config\Cache), false)
 4 SYSTEMPATH\Boot.php(363): CodeIgniter\CodeIgniter->run()
 5 SYSTEMPATH\Boot.php(68): CodeIgniter\Boot::runCodeIgniter(Object(CodeIgniter\CodeIgniter))
 6 FCPATH\index.php(59): CodeIgniter\Boot::bootWeb(Object(Config\Paths))
WARNING - 2026-02-25 13:00:42 --> [DEPRECATED] Creation of dynamic property App\Controllers\ApplicationController::$licensingModel is deprecated in APPPATH\Controllers\ApplicationController.php on line 48.
 1 SYSTEMPATH\CodeIgniter.php(903): App\Controllers\ApplicationController->__construct()
 2 SYSTEMPATH\CodeIgniter.php(498): CodeIgniter\CodeIgniter->createController()
 3 SYSTEMPATH\CodeIgniter.php(354): CodeIgniter\CodeIgniter->handleRequest(null, Object(Config\Cache), false)
 4 SYSTEMPATH\Boot.php(363): CodeIgniter\CodeIgniter->run()
 5 SYSTEMPATH\Boot.php(68): CodeIgniter\Boot::runCodeIgniter(Object(CodeIgniter\CodeIgniter))
 6 FCPATH\index.php(59): CodeIgniter\Boot::bootWeb(Object(Config\Paths))
WARNING - 2026-02-25 13:00:42 --> [DEPRECATED] Creation of dynamic property App\Controllers\ApplicationController::$metricsModel is deprecated in APPPATH\Controllers\ApplicationController.php on line 49.
 1 SYSTEMPATH\CodeIgniter.php(903): App\Controllers\ApplicationController->__construct()
 2 SYSTEMPATH\CodeIgniter.php(498): CodeIgniter\CodeIgniter->createController()
 3 SYSTEMPATH\CodeIgniter.php(354): CodeIgniter\CodeIgniter->handleRequest(null, Object(Config\Cache), false)
 4 SYSTEMPATH\Boot.php(363): CodeIgniter\CodeIgniter->run()
 5 SYSTEMPATH\Boot.php(68): CodeIgniter\Boot::runCodeIgniter(Object(CodeIgniter\CodeIgniter))
 6 FCPATH\index.php(59): CodeIgniter\Boot::bootWeb(Object(Config\Paths))
WARNING - 2026-02-25 13:00:42 --> [DEPRECATED] Creation of dynamic property App\Controllers\ApplicationController::$techModel is deprecated in APPPATH\Controllers\ApplicationController.php on line 50.
 1 SYSTEMPATH\CodeIgniter.php(903): App\Controllers\ApplicationController->__construct()
 2 SYSTEMPATH\CodeIgniter.php(498): CodeIgniter\CodeIgniter->createController()
 3 SYSTEMPATH\CodeIgniter.php(354): CodeIgniter\CodeIgniter->handleRequest(null, Object(Config\Cache), false)
 4 SYSTEMPATH\Boot.php(363): CodeIgniter\CodeIgniter->run()
 5 SYSTEMPATH\Boot.php(68): CodeIgniter\Boot::runCodeIgniter(Object(CodeIgniter\CodeIgniter))
 6 FCPATH\index.php(59): CodeIgniter\Boot::bootWeb(Object(Config\Paths))
DEBUG - 2026-02-25 13:00:42 --> Session: Class initialized using 'CodeIgniter\Session\Handlers\FileHandler' driver.
CRITICAL - 2026-02-25 13:00:42 --> ErrorException: Trying to access array offset on value of type null
[Method: GET, Route: /]
in SYSTEMPATH\Debug\Toolbar.php on line 217.
 1 SYSTEMPATH\Debug\Toolbar.php(217): CodeIgniter\Debug\Exceptions->errorHandler(2, 'Trying to access array offset on value of type null', 'C:\\xampp\\htdocs\\IM\\system\\Debug\\Toolbar.php', 217)
 2 SYSTEMPATH\Debug\Toolbar.php(200): CodeIgniter\Debug\Toolbar->renderTimelineRecursive([...], 1771995642.505375, 6, 20, [], 0)
 3 SYSTEMPATH\Debug\Toolbar\Views\toolbar.tpl.php(105): CodeIgniter\Debug\Toolbar->renderTimeline([...], 1771995642.505375, 6, 20, [])
 4 SYSTEMPATH\Debug\Toolbar.php(533): include('C:\\xampp\\htdocs\\IM\\system\\Debug\\Toolbar\\Views\\toolbar.tpl.php')
 5 SYSTEMPATH\Debug\Toolbar.php(496): CodeIgniter\Debug\Toolbar->format([...], 'html')
 6 APPPATH\Config\Events.php(47): CodeIgniter\Debug\Toolbar->respond()
 7 SYSTEMPATH\Events\Events.php(152): CodeIgniter\Events\Events::Config\{closure}()
 8 SYSTEMPATH\CodeIgniter.php(339): CodeIgniter\Events\Events::trigger('pre_system')
 9 SYSTEMPATH\Boot.php(363): CodeIgniter\CodeIgniter->run()
10 SYSTEMPATH\Boot.php(68): CodeIgniter\Boot::runCodeIgniter(Object(CodeIgniter\CodeIgniter))
11 FCPATH\index.php(59): CodeIgniter\Boot::bootWeb(Object(Config\Paths))
WARNING - 2026-02-25 13:02:21 --> [DEPRECATED] Creation of dynamic property App\Controllers\ApplicationController::$contactsModel is deprecated in APPPATH\Controllers\ApplicationController.php on line 41.
 1 SYSTEMPATH\CodeIgniter.php(903): App\Controllers\ApplicationController->__construct()
 2 SYSTEMPATH\CodeIgniter.php(498): CodeIgniter\CodeIgniter->createController()
 3 SYSTEMPATH\CodeIgniter.php(354): CodeIgniter\CodeIgniter->handleRequest(null, Object(Config\Cache), false)
 4 SYSTEMPATH\Boot.php(363): CodeIgniter\CodeIgniter->run()
 5 SYSTEMPATH\Boot.php(68): CodeIgniter\Boot::runCodeIgniter(Object(CodeIgniter\CodeIgniter))
 6 FCPATH\index.php(59): CodeIgniter\Boot::bootWeb(Object(Config\Paths))
WARNING - 2026-02-25 13:02:21 --> [DEPRECATED] Creation of dynamic property App\Controllers\ApplicationController::$environmentsModel is deprecated in APPPATH\Controllers\ApplicationController.php on line 42.
 1 SYSTEMPATH\CodeIgniter.php(903): App\Controllers\ApplicationController->__construct()
 2 SYSTEMPATH\CodeIgniter.php(498): CodeIgniter\CodeIgniter->createController()
 3 SYSTEMPATH\CodeIgniter.php(354): CodeIgniter\CodeIgniter->handleRequest(null, Object(Config\Cache), false)
 4 SYSTEMPATH\Boot.php(363): CodeIgniter\CodeIgniter->run()
 5 SYSTEMPATH\Boot.php(68): CodeIgniter\Boot::runCodeIgniter(Object(CodeIgniter\CodeIgniter))
 6 FCPATH\index.php(59): CodeIgniter\Boot::bootWeb(Object(Config\Paths))
WARNING - 2026-02-25 13:02:21 --> [DEPRECATED] Creation of dynamic property App\Controllers\ApplicationController::$infrastructureModel is deprecated in APPPATH\Controllers\ApplicationController.php on line 43.
 1 SYSTEMPATH\CodeIgniter.php(903): App\Controllers\ApplicationController->__construct()
 2 SYSTEMPATH\CodeIgniter.php(498): CodeIgniter\CodeIgniter->createController()
 3 SYSTEMPATH\CodeIgniter.php(354): CodeIgniter\CodeIgniter->handleRequest(null, Object(Config\Cache), false)
 4 SYSTEMPATH\Boot.php(363): CodeIgniter\CodeIgniter->run()
 5 SYSTEMPATH\Boot.php(68): CodeIgniter\Boot::runCodeIgniter(Object(CodeIgniter\CodeIgniter))
 6 FCPATH\index.php(59): CodeIgniter\Boot::bootWeb(Object(Config\Paths))
WARNING - 2026-02-25 13:02:21 --> [DEPRECATED] Creation of dynamic property App\Controllers\ApplicationController::$complianceModel is deprecated in APPPATH\Controllers\ApplicationController.php on line 44.
 1 SYSTEMPATH\CodeIgniter.php(903): App\Controllers\ApplicationController->__construct()
 2 SYSTEMPATH\CodeIgniter.php(498): CodeIgniter\CodeIgniter->createController()
 3 SYSTEMPATH\CodeIgniter.php(354): CodeIgniter\CodeIgniter->handleRequest(null, Object(Config\Cache), false)
 4 SYSTEMPATH\Boot.php(363): CodeIgniter\CodeIgniter->run()
 5 SYSTEMPATH\Boot.php(68): CodeIgniter\Boot::runCodeIgniter(Object(CodeIgniter\CodeIgniter))
 6 FCPATH\index.php(59): CodeIgniter\Boot::bootWeb(Object(Config\Paths))
WARNING - 2026-02-25 13:02:21 --> [DEPRECATED] Creation of dynamic property App\Controllers\ApplicationController::$dependenciesModel is deprecated in APPPATH\Controllers\ApplicationController.php on line 45.
 1 SYSTEMPATH\CodeIgniter.php(903): App\Controllers\ApplicationController->__construct()
 2 SYSTEMPATH\CodeIgniter.php(498): CodeIgniter\CodeIgniter->createController()
 3 SYSTEMPATH\CodeIgniter.php(354): CodeIgniter\CodeIgniter->handleRequest(null, Object(Config\Cache), false)
 4 SYSTEMPATH\Boot.php(363): CodeIgniter\CodeIgniter->run()
 5 SYSTEMPATH\Boot.php(68): CodeIgniter\Boot::runCodeIgniter(Object(CodeIgniter\CodeIgniter))
 6 FCPATH\index.php(59): CodeIgniter\Boot::bootWeb(Object(Config\Paths))
WARNING - 2026-02-25 13:02:21 --> [DEPRECATED] Creation of dynamic property App\Controllers\ApplicationController::$vendorsModel is deprecated in APPPATH\Controllers\ApplicationController.php on line 46.
 1 SYSTEMPATH\CodeIgniter.php(903): App\Controllers\ApplicationController->__construct()
 2 SYSTEMPATH\CodeIgniter.php(498): CodeIgniter\CodeIgniter->createController()
 3 SYSTEMPATH\CodeIgniter.php(354): CodeIgniter\CodeIgniter->handleRequest(null, Object(Config\Cache), false)
 4 SYSTEMPATH\Boot.php(363): CodeIgniter\CodeIgniter->run()
 5 SYSTEMPATH\Boot.php(68): CodeIgniter\Boot::runCodeIgniter(Object(CodeIgniter\CodeIgniter))
 6 FCPATH\index.php(59): CodeIgniter\Boot::bootWeb(Object(Config\Paths))
WARNING - 2026-02-25 13:02:21 --> [DEPRECATED] Creation of dynamic property App\Controllers\ApplicationController::$batchModel is deprecated in APPPATH\Controllers\ApplicationController.php on line 47.
 1 SYSTEMPATH\CodeIgniter.php(903): App\Controllers\ApplicationController->__construct()
 2 SYSTEMPATH\CodeIgniter.php(498): CodeIgniter\CodeIgniter->createController()
 3 SYSTEMPATH\CodeIgniter.php(354): CodeIgniter\CodeIgniter->handleRequest(null, Object(Config\Cache), false)
 4 SYSTEMPATH\Boot.php(363): CodeIgniter\CodeIgniter->run()
 5 SYSTEMPATH\Boot.php(68): CodeIgniter\Boot::runCodeIgniter(Object(CodeIgniter\CodeIgniter))
 6 FCPATH\index.php(59): CodeIgniter\Boot::bootWeb(Object(Config\Paths))
WARNING - 2026-02-25 13:02:21 --> [DEPRECATED] Creation of dynamic property App\Controllers\ApplicationController::$licensingModel is deprecated in APPPATH\Controllers\ApplicationController.php on line 48.
 1 SYSTEMPATH\CodeIgniter.php(903): App\Controllers\ApplicationController->__construct()
 2 SYSTEMPATH\CodeIgniter.php(498): CodeIgniter\CodeIgniter->createController()
 3 SYSTEMPATH\CodeIgniter.php(354): CodeIgniter\CodeIgniter->handleRequest(null, Object(Config\Cache), false)
 4 SYSTEMPATH\Boot.php(363): CodeIgniter\CodeIgniter->run()
 5 SYSTEMPATH\Boot.php(68): CodeIgniter\Boot::runCodeIgniter(Object(CodeIgniter\CodeIgniter))
 6 FCPATH\index.php(59): CodeIgniter\Boot::bootWeb(Object(Config\Paths))
WARNING - 2026-02-25 13:02:21 --> [DEPRECATED] Creation of dynamic property App\Controllers\ApplicationController::$metricsModel is deprecated in APPPATH\Controllers\ApplicationController.php on line 49.
 1 SYSTEMPATH\CodeIgniter.php(903): App\Controllers\ApplicationController->__construct()
 2 SYSTEMPATH\CodeIgniter.php(498): CodeIgniter\CodeIgniter->createController()
 3 SYSTEMPATH\CodeIgniter.php(354): CodeIgniter\CodeIgniter->handleRequest(null, Object(Config\Cache), false)
 4 SYSTEMPATH\Boot.php(363): CodeIgniter\CodeIgniter->run()
 5 SYSTEMPATH\Boot.php(68): CodeIgniter\Boot::runCodeIgniter(Object(CodeIgniter\CodeIgniter))
 6 FCPATH\index.php(59): CodeIgniter\Boot::bootWeb(Object(Config\Paths))
WARNING - 2026-02-25 13:02:21 --> [DEPRECATED] Creation of dynamic property App\Controllers\ApplicationController::$techModel is deprecated in APPPATH\Controllers\ApplicationController.php on line 50.
 1 SYSTEMPATH\CodeIgniter.php(903): App\Controllers\ApplicationController->__construct()
 2 SYSTEMPATH\CodeIgniter.php(498): CodeIgniter\CodeIgniter->createController()
 3 SYSTEMPATH\CodeIgniter.php(354): CodeIgniter\CodeIgniter->handleRequest(null, Object(Config\Cache), false)
 4 SYSTEMPATH\Boot.php(363): CodeIgniter\CodeIgniter->run()
 5 SYSTEMPATH\Boot.php(68): CodeIgniter\Boot::runCodeIgniter(Object(CodeIgniter\CodeIgniter))
 6 FCPATH\index.php(59): CodeIgniter\Boot::bootWeb(Object(Config\Paths))
DEBUG - 2026-02-25 13:02:21 --> Session: Class initialized using 'CodeIgniter\Session\Handlers\FileHandler' driver.
CRITICAL - 2026-02-25 13:02:21 --> ErrorException: Trying to access array offset on value of type null
[Method: GET, Route: /]
in SYSTEMPATH\Debug\Toolbar.php on line 217.
 1 SYSTEMPATH\Debug\Toolbar.php(217): CodeIgniter\Debug\Exceptions->errorHandler(2, 'Trying to access array offset on value of type null', 'C:\\xampp\\htdocs\\IM\\system\\Debug\\Toolbar.php', 217)
 2 SYSTEMPATH\Debug\Toolbar.php(200): CodeIgniter\Debug\Toolbar->renderTimelineRecursive([...], 1771995741.236181, 7, 15, [], 0)
 3 SYSTEMPATH\Debug\Toolbar\Views\toolbar.tpl.php(105): CodeIgniter\Debug\Toolbar->renderTimeline([...], 1771995741.236181, 7, 15, [])
 4 SYSTEMPATH\Debug\Toolbar.php(533): include('C:\\xampp\\htdocs\\IM\\system\\Debug\\Toolbar\\Views\\toolbar.tpl.php')
 5 SYSTEMPATH\Debug\Toolbar.php(496): CodeIgniter\Debug\Toolbar->format([...], 'html')
 6 APPPATH\Config\Events.php(47): CodeIgniter\Debug\Toolbar->respond()
 7 SYSTEMPATH\Events\Events.php(152): CodeIgniter\Events\Events::Config\{closure}()
 8 SYSTEMPATH\CodeIgniter.php(339): CodeIgniter\Events\Events::trigger('pre_system')
 9 SYSTEMPATH\Boot.php(363): CodeIgniter\CodeIgniter->run()
10 SYSTEMPATH\Boot.php(68): CodeIgniter\Boot::runCodeIgniter(Object(CodeIgniter\CodeIgniter))
11 FCPATH\index.php(59): CodeIgniter\Boot::bootWeb(Object(Config\Paths))
DEBUG - 2026-02-25 13:02:23 --> Session: Class initialized using 'CodeIgniter\Session\Handlers\FileHandler' driver.
CRITICAL - 2026-02-25 13:02:23 --> ErrorException: Trying to access array offset on value of type null
[Method: GET, Route: /]
in SYSTEMPATH\Debug\Toolbar.php on line 217.
 1 SYSTEMPATH\Debug\Toolbar.php(217): CodeIgniter\Debug\Exceptions->errorHandler(2, 'Trying to access array offset on value of type null', 'C:\\xampp\\htdocs\\IM\\system\\Debug\\Toolbar.php', 217)
 2 SYSTEMPATH\Debug\Toolbar.php(200): CodeIgniter\Debug\Toolbar->renderTimelineRecursive([...], 1771995743.127641, 6, 20, [], 0)
 3 SYSTEMPATH\Debug\Toolbar\Views\toolbar.tpl.php(105): CodeIgniter\Debug\Toolbar->renderTimeline([...], 1771995743.127641, 6, 20, [])
 4 SYSTEMPATH\Debug\Toolbar.php(533): include('C:\\xampp\\htdocs\\IM\\system\\Debug\\Toolbar\\Views\\toolbar.tpl.php')
 5 SYSTEMPATH\Debug\Toolbar.php(496): CodeIgniter\Debug\Toolbar->format([...], 'html')
 6 APPPATH\Config\Events.php(47): CodeIgniter\Debug\Toolbar->respond()
 7 SYSTEMPATH\Events\Events.php(152): CodeIgniter\Events\Events::Config\{closure}()
 8 SYSTEMPATH\CodeIgniter.php(339): CodeIgniter\Events\Events::trigger('pre_system')
 9 SYSTEMPATH\Boot.php(363): CodeIgniter\CodeIgniter->run()
10 SYSTEMPATH\Boot.php(68): CodeIgniter\Boot::runCodeIgniter(Object(CodeIgniter\CodeIgniter))
11 FCPATH\index.php(59): CodeIgniter\Boot::bootWeb(Object(Config\Paths))
DEBUG - 2026-02-25 13:02:24 --> Session: Class initialized using 'CodeIgniter\Session\Handlers\FileHandler' driver.
CRITICAL - 2026-02-25 13:02:25 --> ErrorException: Trying to access array offset on value of type null
[Method: GET, Route: /]
in SYSTEMPATH\Debug\Toolbar.php on line 217.
 1 SYSTEMPATH\Debug\Toolbar.php(217): CodeIgniter\Debug\Exceptions->errorHandler(2, 'Trying to access array offset on value of type null', 'C:\\xampp\\htdocs\\IM\\system\\Debug\\Toolbar.php', 217)
 2 SYSTEMPATH\Debug\Toolbar.php(200): CodeIgniter\Debug\Toolbar->renderTimelineRecursive([...], 1771995744.842548, 6, 15, [], 0)
 3 SYSTEMPATH\Debug\Toolbar\Views\toolbar.tpl.php(105): CodeIgniter\Debug\Toolbar->renderTimeline([...], 1771995744.842548, 6, 15, [])
 4 SYSTEMPATH\Debug\Toolbar.php(533): include('C:\\xampp\\htdocs\\IM\\system\\Debug\\Toolbar\\Views\\toolbar.tpl.php')
 5 SYSTEMPATH\Debug\Toolbar.php(496): CodeIgniter\Debug\Toolbar->format([...], 'html')
 6 APPPATH\Config\Events.php(47): CodeIgniter\Debug\Toolbar->respond()
 7 SYSTEMPATH\Events\Events.php(152): CodeIgniter\Events\Events::Config\{closure}()
 8 SYSTEMPATH\CodeIgniter.php(339): CodeIgniter\Events\Events::trigger('pre_system')
 9 SYSTEMPATH\Boot.php(363): CodeIgniter\CodeIgniter->run()
10 SYSTEMPATH\Boot.php(68): CodeIgniter\Boot::runCodeIgniter(Object(CodeIgniter\CodeIgniter))
11 FCPATH\index.php(59): CodeIgniter\Boot::bootWeb(Object(Config\Paths))
WARNING - 2026-02-25 13:06:32 --> [DEPRECATED] Creation of dynamic property App\Controllers\ApplicationController::$contactsModel is deprecated in APPPATH\Controllers\ApplicationController.php on line 41.
 1 SYSTEMPATH\CodeIgniter.php(903): App\Controllers\ApplicationController->__construct()
 2 SYSTEMPATH\CodeIgniter.php(498): CodeIgniter\CodeIgniter->createController()
 3 SYSTEMPATH\CodeIgniter.php(354): CodeIgniter\CodeIgniter->handleRequest(null, Object(Config\Cache), false)
 4 SYSTEMPATH\Boot.php(363): CodeIgniter\CodeIgniter->run()
 5 SYSTEMPATH\Boot.php(68): CodeIgniter\Boot::runCodeIgniter(Object(CodeIgniter\CodeIgniter))
 6 FCPATH\index.php(59): CodeIgniter\Boot::bootWeb(Object(Config\Paths))
WARNING - 2026-02-25 13:06:32 --> [DEPRECATED] Creation of dynamic property App\Controllers\ApplicationController::$environmentsModel is deprecated in APPPATH\Controllers\ApplicationController.php on line 42.
 1 SYSTEMPATH\CodeIgniter.php(903): App\Controllers\ApplicationController->__construct()
 2 SYSTEMPATH\CodeIgniter.php(498): CodeIgniter\CodeIgniter->createController()
 3 SYSTEMPATH\CodeIgniter.php(354): CodeIgniter\CodeIgniter->handleRequest(null, Object(Config\Cache), false)
 4 SYSTEMPATH\Boot.php(363): CodeIgniter\CodeIgniter->run()
 5 SYSTEMPATH\Boot.php(68): CodeIgniter\Boot::runCodeIgniter(Object(CodeIgniter\CodeIgniter))
 6 FCPATH\index.php(59): CodeIgniter\Boot::bootWeb(Object(Config\Paths))
WARNING - 2026-02-25 13:06:32 --> [DEPRECATED] Creation of dynamic property App\Controllers\ApplicationController::$infrastructureModel is deprecated in APPPATH\Controllers\ApplicationController.php on line 43.
 1 SYSTEMPATH\CodeIgniter.php(903): App\Controllers\ApplicationController->__construct()
 2 SYSTEMPATH\CodeIgniter.php(498): CodeIgniter\CodeIgniter->createController()
 3 SYSTEMPATH\CodeIgniter.php(354): CodeIgniter\CodeIgniter->handleRequest(null, Object(Config\Cache), false)
 4 SYSTEMPATH\Boot.php(363): CodeIgniter\CodeIgniter->run()
 5 SYSTEMPATH\Boot.php(68): CodeIgniter\Boot::runCodeIgniter(Object(CodeIgniter\CodeIgniter))
 6 FCPATH\index.php(59): CodeIgniter\Boot::bootWeb(Object(Config\Paths))
WARNING - 2026-02-25 13:06:32 --> [DEPRECATED] Creation of dynamic property App\Controllers\ApplicationController::$complianceModel is deprecated in APPPATH\Controllers\ApplicationController.php on line 44.
 1 SYSTEMPATH\CodeIgniter.php(903): App\Controllers\ApplicationController->__construct()
 2 SYSTEMPATH\CodeIgniter.php(498): CodeIgniter\CodeIgniter->createController()
 3 SYSTEMPATH\CodeIgniter.php(354): CodeIgniter\CodeIgniter->handleRequest(null, Object(Config\Cache), false)
 4 SYSTEMPATH\Boot.php(363): CodeIgniter\CodeIgniter->run()
 5 SYSTEMPATH\Boot.php(68): CodeIgniter\Boot::runCodeIgniter(Object(CodeIgniter\CodeIgniter))
 6 FCPATH\index.php(59): CodeIgniter\Boot::bootWeb(Object(Config\Paths))
WARNING - 2026-02-25 13:06:32 --> [DEPRECATED] Creation of dynamic property App\Controllers\ApplicationController::$dependenciesModel is deprecated in APPPATH\Controllers\ApplicationController.php on line 45.
 1 SYSTEMPATH\CodeIgniter.php(903): App\Controllers\ApplicationController->__construct()
 2 SYSTEMPATH\CodeIgniter.php(498): CodeIgniter\CodeIgniter->createController()
 3 SYSTEMPATH\CodeIgniter.php(354): CodeIgniter\CodeIgniter->handleRequest(null, Object(Config\Cache), false)
 4 SYSTEMPATH\Boot.php(363): CodeIgniter\CodeIgniter->run()
 5 SYSTEMPATH\Boot.php(68): CodeIgniter\Boot::runCodeIgniter(Object(CodeIgniter\CodeIgniter))
 6 FCPATH\index.php(59): CodeIgniter\Boot::bootWeb(Object(Config\Paths))
WARNING - 2026-02-25 13:06:32 --> [DEPRECATED] Creation of dynamic property App\Controllers\ApplicationController::$vendorsModel is deprecated in APPPATH\Controllers\ApplicationController.php on line 46.
 1 SYSTEMPATH\CodeIgniter.php(903): App\Controllers\ApplicationController->__construct()
 2 SYSTEMPATH\CodeIgniter.php(498): CodeIgniter\CodeIgniter->createController()
 3 SYSTEMPATH\CodeIgniter.php(354): CodeIgniter\CodeIgniter->handleRequest(null, Object(Config\Cache), false)
 4 SYSTEMPATH\Boot.php(363): CodeIgniter\CodeIgniter->run()
 5 SYSTEMPATH\Boot.php(68): CodeIgniter\Boot::runCodeIgniter(Object(CodeIgniter\CodeIgniter))
 6 FCPATH\index.php(59): CodeIgniter\Boot::bootWeb(Object(Config\Paths))
WARNING - 2026-02-25 13:06:32 --> [DEPRECATED] Creation of dynamic property App\Controllers\ApplicationController::$batchModel is deprecated in APPPATH\Controllers\ApplicationController.php on line 47.
 1 SYSTEMPATH\CodeIgniter.php(903): App\Controllers\ApplicationController->__construct()
 2 SYSTEMPATH\CodeIgniter.php(498): CodeIgniter\CodeIgniter->createController()
 3 SYSTEMPATH\CodeIgniter.php(354): CodeIgniter\CodeIgniter->handleRequest(null, Object(Config\Cache), false)
 4 SYSTEMPATH\Boot.php(363): CodeIgniter\CodeIgniter->run()
 5 SYSTEMPATH\Boot.php(68): CodeIgniter\Boot::runCodeIgniter(Object(CodeIgniter\CodeIgniter))
 6 FCPATH\index.php(59): CodeIgniter\Boot::bootWeb(Object(Config\Paths))
WARNING - 2026-02-25 13:06:32 --> [DEPRECATED] Creation of dynamic property App\Controllers\ApplicationController::$licensingModel is deprecated in APPPATH\Controllers\ApplicationController.php on line 48.
 1 SYSTEMPATH\CodeIgniter.php(903): App\Controllers\ApplicationController->__construct()
 2 SYSTEMPATH\CodeIgniter.php(498): CodeIgniter\CodeIgniter->createController()
 3 SYSTEMPATH\CodeIgniter.php(354): CodeIgniter\CodeIgniter->handleRequest(null, Object(Config\Cache), false)
 4 SYSTEMPATH\Boot.php(363): CodeIgniter\CodeIgniter->run()
 5 SYSTEMPATH\Boot.php(68): CodeIgniter\Boot::runCodeIgniter(Object(CodeIgniter\CodeIgniter))
 6 FCPATH\index.php(59): CodeIgniter\Boot::bootWeb(Object(Config\Paths))
WARNING - 2026-02-25 13:06:32 --> [DEPRECATED] Creation of dynamic property App\Controllers\ApplicationController::$metricsModel is deprecated in APPPATH\Controllers\ApplicationController.php on line 49.
 1 SYSTEMPATH\CodeIgniter.php(903): App\Controllers\ApplicationController->__construct()
 2 SYSTEMPATH\CodeIgniter.php(498): CodeIgniter\CodeIgniter->createController()
 3 SYSTEMPATH\CodeIgniter.php(354): CodeIgniter\CodeIgniter->handleRequest(null, Object(Config\Cache), false)
 4 SYSTEMPATH\Boot.php(363): CodeIgniter\CodeIgniter->run()
 5 SYSTEMPATH\Boot.php(68): CodeIgniter\Boot::runCodeIgniter(Object(CodeIgniter\CodeIgniter))
 6 FCPATH\index.php(59): CodeIgniter\Boot::bootWeb(Object(Config\Paths))
WARNING - 2026-02-25 13:06:32 --> [DEPRECATED] Creation of dynamic property App\Controllers\ApplicationController::$techModel is deprecated in APPPATH\Controllers\ApplicationController.php on line 50.
 1 SYSTEMPATH\CodeIgniter.php(903): App\Controllers\ApplicationController->__construct()
 2 SYSTEMPATH\CodeIgniter.php(498): CodeIgniter\CodeIgniter->createController()
 3 SYSTEMPATH\CodeIgniter.php(354): CodeIgniter\CodeIgniter->handleRequest(null, Object(Config\Cache), false)
 4 SYSTEMPATH\Boot.php(363): CodeIgniter\CodeIgniter->run()
 5 SYSTEMPATH\Boot.php(68): CodeIgniter\Boot::runCodeIgniter(Object(CodeIgniter\CodeIgniter))
 6 FCPATH\index.php(59): CodeIgniter\Boot::bootWeb(Object(Config\Paths))
DEBUG - 2026-02-25 13:06:32 --> Session: Class initialized using 'CodeIgniter\Session\Handlers\FileHandler' driver.
CRITICAL - 2026-02-25 13:06:33 --> ErrorException: Trying to access array offset on value of type null
[Method: GET, Route: /]
in SYSTEMPATH\Debug\Toolbar.php on line 217.
 1 SYSTEMPATH\Debug\Toolbar.php(217): CodeIgniter\Debug\Exceptions->errorHandler(2, 'Trying to access array offset on value of type null', 'C:\\xampp\\htdocs\\IM\\system\\Debug\\Toolbar.php', 217)
 2 SYSTEMPATH\Debug\Toolbar.php(200): CodeIgniter\Debug\Toolbar->renderTimelineRecursive([...], 1771995992.89036, 7, 15, [], 0)
 3 SYSTEMPATH\Debug\Toolbar\Views\toolbar.tpl.php(105): CodeIgniter\Debug\Toolbar->renderTimeline([...], 1771995992.89036, 7, 15, [])
 4 SYSTEMPATH\Debug\Toolbar.php(533): include('C:\\xampp\\htdocs\\IM\\system\\Debug\\Toolbar\\Views\\toolbar.tpl.php')
 5 SYSTEMPATH\Debug\Toolbar.php(496): CodeIgniter\Debug\Toolbar->format([...], 'html')
 6 APPPATH\Config\Events.php(47): CodeIgniter\Debug\Toolbar->respond()
 7 SYSTEMPATH\Events\Events.php(152): CodeIgniter\Events\Events::Config\{closure}()
 8 SYSTEMPATH\CodeIgniter.php(339): CodeIgniter\Events\Events::trigger('pre_system')
 9 SYSTEMPATH\Boot.php(363): CodeIgniter\CodeIgniter->run()
10 SYSTEMPATH\Boot.php(68): CodeIgniter\Boot::runCodeIgniter(Object(CodeIgniter\CodeIgniter))
11 FCPATH\index.php(59): CodeIgniter\Boot::bootWeb(Object(Config\Paths))
WARNING - 2026-02-25 13:06:34 --> [DEPRECATED] Creation of dynamic property App\Controllers\ApplicationController::$contactsModel is deprecated in APPPATH\Controllers\ApplicationController.php on line 41.
 1 SYSTEMPATH\CodeIgniter.php(903): App\Controllers\ApplicationController->__construct()
 2 SYSTEMPATH\CodeIgniter.php(498): CodeIgniter\CodeIgniter->createController()
 3 SYSTEMPATH\CodeIgniter.php(354): CodeIgniter\CodeIgniter->handleRequest(null, Object(Config\Cache), false)
 4 SYSTEMPATH\Boot.php(363): CodeIgniter\CodeIgniter->run()
 5 SYSTEMPATH\Boot.php(68): CodeIgniter\Boot::runCodeIgniter(Object(CodeIgniter\CodeIgniter))
 6 FCPATH\index.php(59): CodeIgniter\Boot::bootWeb(Object(Config\Paths))
WARNING - 2026-02-25 13:06:34 --> [DEPRECATED] Creation of dynamic property App\Controllers\ApplicationController::$environmentsModel is deprecated in APPPATH\Controllers\ApplicationController.php on line 42.
 1 SYSTEMPATH\CodeIgniter.php(903): App\Controllers\ApplicationController->__construct()
 2 SYSTEMPATH\CodeIgniter.php(498): CodeIgniter\CodeIgniter->createController()
 3 SYSTEMPATH\CodeIgniter.php(354): CodeIgniter\CodeIgniter->handleRequest(null, Object(Config\Cache), false)
 4 SYSTEMPATH\Boot.php(363): CodeIgniter\CodeIgniter->run()
 5 SYSTEMPATH\Boot.php(68): CodeIgniter\Boot::runCodeIgniter(Object(CodeIgniter\CodeIgniter))
 6 FCPATH\index.php(59): CodeIgniter\Boot::bootWeb(Object(Config\Paths))
WARNING - 2026-02-25 13:06:34 --> [DEPRECATED] Creation of dynamic property App\Controllers\ApplicationController::$infrastructureModel is deprecated in APPPATH\Controllers\ApplicationController.php on line 43.
 1 SYSTEMPATH\CodeIgniter.php(903): App\Controllers\ApplicationController->__construct()
 2 SYSTEMPATH\CodeIgniter.php(498): CodeIgniter\CodeIgniter->createController()
 3 SYSTEMPATH\CodeIgniter.php(354): CodeIgniter\CodeIgniter->handleRequest(null, Object(Config\Cache), false)
 4 SYSTEMPATH\Boot.php(363): CodeIgniter\CodeIgniter->run()
 5 SYSTEMPATH\Boot.php(68): CodeIgniter\Boot::runCodeIgniter(Object(CodeIgniter\CodeIgniter))
 6 FCPATH\index.php(59): CodeIgniter\Boot::bootWeb(Object(Config\Paths))
WARNING - 2026-02-25 13:06:34 --> [DEPRECATED] Creation of dynamic property App\Controllers\ApplicationController::$complianceModel is deprecated in APPPATH\Controllers\ApplicationController.php on line 44.
 1 SYSTEMPATH\CodeIgniter.php(903): App\Controllers\ApplicationController->__construct()
 2 SYSTEMPATH\CodeIgniter.php(498): CodeIgniter\CodeIgniter->createController()
 3 SYSTEMPATH\CodeIgniter.php(354): CodeIgniter\CodeIgniter->handleRequest(null, Object(Config\Cache), false)
 4 SYSTEMPATH\Boot.php(363): CodeIgniter\CodeIgniter->run()
 5 SYSTEMPATH\Boot.php(68): CodeIgniter\Boot::runCodeIgniter(Object(CodeIgniter\CodeIgniter))
 6 FCPATH\index.php(59): CodeIgniter\Boot::bootWeb(Object(Config\Paths))
WARNING - 2026-02-25 13:06:34 --> [DEPRECATED] Creation of dynamic property App\Controllers\ApplicationController::$dependenciesModel is deprecated in APPPATH\Controllers\ApplicationController.php on line 45.
 1 SYSTEMPATH\CodeIgniter.php(903): App\Controllers\ApplicationController->__construct()
 2 SYSTEMPATH\CodeIgniter.php(498): CodeIgniter\CodeIgniter->createController()
 3 SYSTEMPATH\CodeIgniter.php(354): CodeIgniter\CodeIgniter->handleRequest(null, Object(Config\Cache), false)
 4 SYSTEMPATH\Boot.php(363): CodeIgniter\CodeIgniter->run()
 5 SYSTEMPATH\Boot.php(68): CodeIgniter\Boot::runCodeIgniter(Object(CodeIgniter\CodeIgniter))
 6 FCPATH\index.php(59): CodeIgniter\Boot::bootWeb(Object(Config\Paths))
WARNING - 2026-02-25 13:06:34 --> [DEPRECATED] Creation of dynamic property App\Controllers\ApplicationController::$vendorsModel is deprecated in APPPATH\Controllers\ApplicationController.php on line 46.
 1 SYSTEMPATH\CodeIgniter.php(903): App\Controllers\ApplicationController->__construct()
 2 SYSTEMPATH\CodeIgniter.php(498): CodeIgniter\CodeIgniter->createController()
 3 SYSTEMPATH\CodeIgniter.php(354): CodeIgniter\CodeIgniter->handleRequest(null, Object(Config\Cache), false)
 4 SYSTEMPATH\Boot.php(363): CodeIgniter\CodeIgniter->run()
 5 SYSTEMPATH\Boot.php(68): CodeIgniter\Boot::runCodeIgniter(Object(CodeIgniter\CodeIgniter))
 6 FCPATH\index.php(59): CodeIgniter\Boot::bootWeb(Object(Config\Paths))
WARNING - 2026-02-25 13:06:34 --> [DEPRECATED] Creation of dynamic property App\Controllers\ApplicationController::$batchModel is deprecated in APPPATH\Controllers\ApplicationController.php on line 47.
 1 SYSTEMPATH\CodeIgniter.php(903): App\Controllers\ApplicationController->__construct()
 2 SYSTEMPATH\CodeIgniter.php(498): CodeIgniter\CodeIgniter->createController()
 3 SYSTEMPATH\CodeIgniter.php(354): CodeIgniter\CodeIgniter->handleRequest(null, Object(Config\Cache), false)
 4 SYSTEMPATH\Boot.php(363): CodeIgniter\CodeIgniter->run()
 5 SYSTEMPATH\Boot.php(68): CodeIgniter\Boot::runCodeIgniter(Object(CodeIgniter\CodeIgniter))
 6 FCPATH\index.php(59): CodeIgniter\Boot::bootWeb(Object(Config\Paths))
WARNING - 2026-02-25 13:06:34 --> [DEPRECATED] Creation of dynamic property App\Controllers\ApplicationController::$licensingModel is deprecated in APPPATH\Controllers\ApplicationController.php on line 48.
 1 SYSTEMPATH\CodeIgniter.php(903): App\Controllers\ApplicationController->__construct()
 2 SYSTEMPATH\CodeIgniter.php(498): CodeIgniter\CodeIgniter->createController()
 3 SYSTEMPATH\CodeIgniter.php(354): CodeIgniter\CodeIgniter->handleRequest(null, Object(Config\Cache), false)
 4 SYSTEMPATH\Boot.php(363): CodeIgniter\CodeIgniter->run()
 5 SYSTEMPATH\Boot.php(68): CodeIgniter\Boot::runCodeIgniter(Object(CodeIgniter\CodeIgniter))
 6 FCPATH\index.php(59): CodeIgniter\Boot::bootWeb(Object(Config\Paths))
WARNING - 2026-02-25 13:06:34 --> [DEPRECATED] Creation of dynamic property App\Controllers\ApplicationController::$metricsModel is deprecated in APPPATH\Controllers\ApplicationController.php on line 49.
 1 SYSTEMPATH\CodeIgniter.php(903): App\Controllers\ApplicationController->__construct()
 2 SYSTEMPATH\CodeIgniter.php(498): CodeIgniter\CodeIgniter->createController()
 3 SYSTEMPATH\CodeIgniter.php(354): CodeIgniter\CodeIgniter->handleRequest(null, Object(Config\Cache), false)
 4 SYSTEMPATH\Boot.php(363): CodeIgniter\CodeIgniter->run()
 5 SYSTEMPATH\Boot.php(68): CodeIgniter\Boot::runCodeIgniter(Object(CodeIgniter\CodeIgniter))
 6 FCPATH\index.php(59): CodeIgniter\Boot::bootWeb(Object(Config\Paths))
WARNING - 2026-02-25 13:06:34 --> [DEPRECATED] Creation of dynamic property App\Controllers\ApplicationController::$techModel is deprecated in APPPATH\Controllers\ApplicationController.php on line 50.
 1 SYSTEMPATH\CodeIgniter.php(903): App\Controllers\ApplicationController->__construct()
 2 SYSTEMPATH\CodeIgniter.php(498): CodeIgniter\CodeIgniter->createController()
 3 SYSTEMPATH\CodeIgniter.php(354): CodeIgniter\CodeIgniter->handleRequest(null, Object(Config\Cache), false)
 4 SYSTEMPATH\Boot.php(363): CodeIgniter\CodeIgniter->run()
 5 SYSTEMPATH\Boot.php(68): CodeIgniter\Boot::runCodeIgniter(Object(CodeIgniter\CodeIgniter))
 6 FCPATH\index.php(59): CodeIgniter\Boot::bootWeb(Object(Config\Paths))
DEBUG - 2026-02-25 13:06:34 --> Session: Class initialized using 'CodeIgniter\Session\Handlers\FileHandler' driver.
CRITICAL - 2026-02-25 13:06:34 --> ErrorException: Trying to access array offset on value of type null
[Method: GET, Route: /]
in SYSTEMPATH\Debug\Toolbar.php on line 217.
 1 SYSTEMPATH\Debug\Toolbar.php(217): CodeIgniter\Debug\Exceptions->errorHandler(2, 'Trying to access array offset on value of type null', 'C:\\xampp\\htdocs\\IM\\system\\Debug\\Toolbar.php', 217)
 2 SYSTEMPATH\Debug\Toolbar.php(200): CodeIgniter\Debug\Toolbar->renderTimelineRecursive([...], 1771995994.172108, 7, 25, [], 0)
 3 SYSTEMPATH\Debug\Toolbar\Views\toolbar.tpl.php(105): CodeIgniter\Debug\Toolbar->renderTimeline([...], 1771995994.172108, 7, 25, [])
 4 SYSTEMPATH\Debug\Toolbar.php(533): include('C:\\xampp\\htdocs\\IM\\system\\Debug\\Toolbar\\Views\\toolbar.tpl.php')
 5 SYSTEMPATH\Debug\Toolbar.php(496): CodeIgniter\Debug\Toolbar->format([...], 'html')
 6 APPPATH\Config\Events.php(47): CodeIgniter\Debug\Toolbar->respond()
 7 SYSTEMPATH\Events\Events.php(152): CodeIgniter\Events\Events::Config\{closure}()
 8 SYSTEMPATH\CodeIgniter.php(339): CodeIgniter\Events\Events::trigger('pre_system')
 9 SYSTEMPATH\Boot.php(363): CodeIgniter\CodeIgniter->run()
10 SYSTEMPATH\Boot.php(68): CodeIgniter\Boot::runCodeIgniter(Object(CodeIgniter\CodeIgniter))
11 FCPATH\index.php(59): CodeIgniter\Boot::bootWeb(Object(Config\Paths))
DEBUG - 2026-02-25 13:19:43 --> Session: Class initialized using 'CodeIgniter\Session\Handlers\FileHandler' driver.
CRITICAL - 2026-02-25 13:19:43 --> ErrorException: Trying to access array offset on value of type null
[Method: GET, Route: /]
in SYSTEMPATH\Debug\Toolbar.php on line 217.
 1 SYSTEMPATH\Debug\Toolbar.php(217): CodeIgniter\Debug\Exceptions->errorHandler(2, 'Trying to access array offset on value of type null', 'C:\\xampp\\htdocs\\IM\\system\\Debug\\Toolbar.php', 217)
 2 SYSTEMPATH\Debug\Toolbar.php(200): CodeIgniter\Debug\Toolbar->renderTimelineRecursive([...], 1771996783.490651, 6, 20, [], 0)
 3 SYSTEMPATH\Debug\Toolbar\Views\toolbar.tpl.php(105): CodeIgniter\Debug\Toolbar->renderTimeline([...], 1771996783.490651, 6, 20, [])
 4 SYSTEMPATH\Debug\Toolbar.php(533): include('C:\\xampp\\htdocs\\IM\\system\\Debug\\Toolbar\\Views\\toolbar.tpl.php')
 5 SYSTEMPATH\Debug\Toolbar.php(496): CodeIgniter\Debug\Toolbar->format([...], 'html')
 6 APPPATH\Config\Events.php(47): CodeIgniter\Debug\Toolbar->respond()
 7 SYSTEMPATH\Events\Events.php(152): CodeIgniter\Events\Events::Config\{closure}()
 8 SYSTEMPATH\CodeIgniter.php(339): CodeIgniter\Events\Events::trigger('pre_system')
 9 SYSTEMPATH\Boot.php(363): CodeIgniter\CodeIgniter->run()
10 SYSTEMPATH\Boot.php(68): CodeIgniter\Boot::runCodeIgniter(Object(CodeIgniter\CodeIgniter))
11 FCPATH\index.php(59): CodeIgniter\Boot::bootWeb(Object(Config\Paths))
DEBUG - 2026-02-25 13:21:10 --> Session: Class initialized using 'CodeIgniter\Session\Handlers\FileHandler' driver.
CRITICAL - 2026-02-25 13:21:11 --> ErrorException: Trying to access array offset on value of type null
[Method: GET, Route: /]
in SYSTEMPATH\Debug\Toolbar.php on line 217.
 1 SYSTEMPATH\Debug\Toolbar.php(217): CodeIgniter\Debug\Exceptions->errorHandler(2, 'Trying to access array offset on value of type null', 'C:\\xampp\\htdocs\\IM\\system\\Debug\\Toolbar.php', 217)
 2 SYSTEMPATH\Debug\Toolbar.php(200): CodeIgniter\Debug\Toolbar->renderTimelineRecursive([...], 1771996870.889023, 7, 30, [], 0)
 3 SYSTEMPATH\Debug\Toolbar\Views\toolbar.tpl.php(105): CodeIgniter\Debug\Toolbar->renderTimeline([...], 1771996870.889023, 7, 30, [])
 4 SYSTEMPATH\Debug\Toolbar.php(533): include('C:\\xampp\\htdocs\\IM\\system\\Debug\\Toolbar\\Views\\toolbar.tpl.php')
 5 SYSTEMPATH\Debug\Toolbar.php(496): CodeIgniter\Debug\Toolbar->format([...], 'html')
 6 APPPATH\Config\Events.php(47): CodeIgniter\Debug\Toolbar->respond()
 7 SYSTEMPATH\Events\Events.php(152): CodeIgniter\Events\Events::Config\{closure}()
 8 SYSTEMPATH\CodeIgniter.php(339): CodeIgniter\Events\Events::trigger('pre_system')
 9 SYSTEMPATH\Boot.php(363): CodeIgniter\CodeIgniter->run()
10 SYSTEMPATH\Boot.php(68): CodeIgniter\Boot::runCodeIgniter(Object(CodeIgniter\CodeIgniter))
11 FCPATH\index.php(59): CodeIgniter\Boot::bootWeb(Object(Config\Paths))
DEBUG - 2026-02-25 13:21:21 --> Session: Class initialized using 'CodeIgniter\Session\Handlers\FileHandler' driver.
CRITICAL - 2026-02-25 13:21:22 --> ErrorException: Trying to access array offset on value of type null
[Method: GET, Route: /]
in SYSTEMPATH\Debug\Toolbar.php on line 217.
 1 SYSTEMPATH\Debug\Toolbar.php(217): CodeIgniter\Debug\Exceptions->errorHandler(2, 'Trying to access array offset on value of type null', 'C:\\xampp\\htdocs\\IM\\system\\Debug\\Toolbar.php', 217)
 2 SYSTEMPATH\Debug\Toolbar.php(200): CodeIgniter\Debug\Toolbar->renderTimelineRecursive([...], 1771996881.789868, 7, 35, [], 0)
 3 SYSTEMPATH\Debug\Toolbar\Views\toolbar.tpl.php(105): CodeIgniter\Debug\Toolbar->renderTimeline([...], 1771996881.789868, 7, 35, [])
 4 SYSTEMPATH\Debug\Toolbar.php(533): include('C:\\xampp\\htdocs\\IM\\system\\Debug\\Toolbar\\Views\\toolbar.tpl.php')
 5 SYSTEMPATH\Debug\Toolbar.php(496): CodeIgniter\Debug\Toolbar->format([...], 'html')
 6 APPPATH\Config\Events.php(47): CodeIgniter\Debug\Toolbar->respond()
 7 SYSTEMPATH\Events\Events.php(152): CodeIgniter\Events\Events::Config\{closure}()
 8 SYSTEMPATH\CodeIgniter.php(339): CodeIgniter\Events\Events::trigger('pre_system')
 9 SYSTEMPATH\Boot.php(363): CodeIgniter\CodeIgniter->run()
10 SYSTEMPATH\Boot.php(68): CodeIgniter\Boot::runCodeIgniter(Object(CodeIgniter\CodeIgniter))
11 FCPATH\index.php(59): CodeIgniter\Boot::bootWeb(Object(Config\Paths))
DEBUG - 2026-02-25 13:21:27 --> Session: Class initialized using 'CodeIgniter\Session\Handlers\FileHandler' driver.
CRITICAL - 2026-02-25 13:21:28 --> ErrorException: Trying to access array offset on value of type null
[Method: GET, Route: /]
in SYSTEMPATH\Debug\Toolbar.php on line 217.
 1 SYSTEMPATH\Debug\Toolbar.php(217): CodeIgniter\Debug\Exceptions->errorHandler(2, 'Trying to access array offset on value of type null', 'C:\\xampp\\htdocs\\IM\\system\\Debug\\Toolbar.php', 217)
 2 SYSTEMPATH\Debug\Toolbar.php(200): CodeIgniter\Debug\Toolbar->renderTimelineRecursive([...], 1771996887.77191, 7, 30, [], 0)
 3 SYSTEMPATH\Debug\Toolbar\Views\toolbar.tpl.php(105): CodeIgniter\Debug\Toolbar->renderTimeline([...], 1771996887.77191, 7, 30, [])
 4 SYSTEMPATH\Debug\Toolbar.php(533): include('C:\\xampp\\htdocs\\IM\\system\\Debug\\Toolbar\\Views\\toolbar.tpl.php')
 5 SYSTEMPATH\Debug\Toolbar.php(496): CodeIgniter\Debug\Toolbar->format([...], 'html')
 6 APPPATH\Config\Events.php(47): CodeIgniter\Debug\Toolbar->respond()
 7 SYSTEMPATH\Events\Events.php(152): CodeIgniter\Events\Events::Config\{closure}()
 8 SYSTEMPATH\CodeIgniter.php(339): CodeIgniter\Events\Events::trigger('pre_system')
 9 SYSTEMPATH\Boot.php(363): CodeIgniter\CodeIgniter->run()
10 SYSTEMPATH\Boot.php(68): CodeIgniter\Boot::runCodeIgniter(Object(CodeIgniter\CodeIgniter))
11 FCPATH\index.php(59): CodeIgniter\Boot::bootWeb(Object(Config\Paths))
DEBUG - 2026-02-25 13:21:34 --> Session: Class initialized using 'CodeIgniter\Session\Handlers\FileHandler' driver.
CRITICAL - 2026-02-25 13:21:35 --> ErrorException: Trying to access array offset on value of type null
[Method: GET, Route: /]
in SYSTEMPATH\Debug\Toolbar.php on line 217.
 1 SYSTEMPATH\Debug\Toolbar.php(217): CodeIgniter\Debug\Exceptions->errorHandler(2, 'Trying to access array offset on value of type null', 'C:\\xampp\\htdocs\\IM\\system\\Debug\\Toolbar.php', 217)
 2 SYSTEMPATH\Debug\Toolbar.php(200): CodeIgniter\Debug\Toolbar->renderTimelineRecursive([...], 1771996894.686992, 7, 30, [], 0)
 3 SYSTEMPATH\Debug\Toolbar\Views\toolbar.tpl.php(105): CodeIgniter\Debug\Toolbar->renderTimeline([...], 1771996894.686992, 7, 30, [])
 4 SYSTEMPATH\Debug\Toolbar.php(533): include('C:\\xampp\\htdocs\\IM\\system\\Debug\\Toolbar\\Views\\toolbar.tpl.php')
 5 SYSTEMPATH\Debug\Toolbar.php(496): CodeIgniter\Debug\Toolbar->format([...], 'html')
 6 APPPATH\Config\Events.php(47): CodeIgniter\Debug\Toolbar->respond()
 7 SYSTEMPATH\Events\Events.php(152): CodeIgniter\Events\Events::Config\{closure}()
 8 SYSTEMPATH\CodeIgniter.php(339): CodeIgniter\Events\Events::trigger('pre_system')
 9 SYSTEMPATH\Boot.php(363): CodeIgniter\CodeIgniter->run()
10 SYSTEMPATH\Boot.php(68): CodeIgniter\Boot::runCodeIgniter(Object(CodeIgniter\CodeIgniter))
11 FCPATH\index.php(59): CodeIgniter\Boot::bootWeb(Object(Config\Paths))
DEBUG - 2026-02-25 13:25:44 --> Session: Class initialized using 'CodeIgniter\Session\Handlers\FileHandler' driver.
CRITICAL - 2026-02-25 13:25:45 --> ErrorException: Trying to access array offset on value of type null
[Method: GET, Route: /]
in SYSTEMPATH\Debug\Toolbar.php on line 217.
 1 SYSTEMPATH\Debug\Toolbar.php(217): CodeIgniter\Debug\Exceptions->errorHandler(2, 'Trying to access array offset on value of type null', 'C:\\xampp\\htdocs\\IM\\system\\Debug\\Toolbar.php', 217)
 2 SYSTEMPATH\Debug\Toolbar.php(200): CodeIgniter\Debug\Toolbar->renderTimelineRecursive([...], 1771997144.729736, 6, 15, [], 0)
 3 SYSTEMPATH\Debug\Toolbar\Views\toolbar.tpl.php(105): CodeIgniter\Debug\Toolbar->renderTimeline([...], 1771997144.729736, 6, 15, [])
 4 SYSTEMPATH\Debug\Toolbar.php(533): include('C:\\xampp\\htdocs\\IM\\system\\Debug\\Toolbar\\Views\\toolbar.tpl.php')
 5 SYSTEMPATH\Debug\Toolbar.php(496): CodeIgniter\Debug\Toolbar->format([...], 'html')
 6 APPPATH\Config\Events.php(47): CodeIgniter\Debug\Toolbar->respond()
 7 SYSTEMPATH\Events\Events.php(152): CodeIgniter\Events\Events::Config\{closure}()
 8 SYSTEMPATH\CodeIgniter.php(339): CodeIgniter\Events\Events::trigger('pre_system')
 9 SYSTEMPATH\Boot.php(363): CodeIgniter\CodeIgniter->run()
10 SYSTEMPATH\Boot.php(68): CodeIgniter\Boot::runCodeIgniter(Object(CodeIgniter\CodeIgniter))
11 FCPATH\index.php(59): CodeIgniter\Boot::bootWeb(Object(Config\Paths))
DEBUG - 2026-02-25 13:25:48 --> Session: Class initialized using 'CodeIgniter\Session\Handlers\FileHandler' driver.
CRITICAL - 2026-02-25 13:25:48 --> ErrorException: Trying to access array offset on value of type null
[Method: GET, Route: /]
in SYSTEMPATH\Debug\Toolbar.php on line 217.
 1 SYSTEMPATH\Debug\Toolbar.php(217): CodeIgniter\Debug\Exceptions->errorHandler(2, 'Trying to access array offset on value of type null', 'C:\\xampp\\htdocs\\IM\\system\\Debug\\Toolbar.php', 217)
 2 SYSTEMPATH\Debug\Toolbar.php(200): CodeIgniter\Debug\Toolbar->renderTimelineRecursive([...], 1771997147.943167, 7, 35, [], 0)
 3 SYSTEMPATH\Debug\Toolbar\Views\toolbar.tpl.php(105): CodeIgniter\Debug\Toolbar->renderTimeline([...], 1771997147.943167, 7, 35, [])
 4 SYSTEMPATH\Debug\Toolbar.php(533): include('C:\\xampp\\htdocs\\IM\\system\\Debug\\Toolbar\\Views\\toolbar.tpl.php')
 5 SYSTEMPATH\Debug\Toolbar.php(496): CodeIgniter\Debug\Toolbar->format([...], 'html')
 6 APPPATH\Config\Events.php(47): CodeIgniter\Debug\Toolbar->respond()
 7 SYSTEMPATH\Events\Events.php(152): CodeIgniter\Events\Events::Config\{closure}()
 8 SYSTEMPATH\CodeIgniter.php(339): CodeIgniter\Events\Events::trigger('pre_system')
 9 SYSTEMPATH\Boot.php(363): CodeIgniter\CodeIgniter->run()
10 SYSTEMPATH\Boot.php(68): CodeIgniter\Boot::runCodeIgniter(Object(CodeIgniter\CodeIgniter))
11 FCPATH\index.php(59): CodeIgniter\Boot::bootWeb(Object(Config\Paths))
DEBUG - 2026-02-25 13:26:00 --> Session: Class initialized using 'CodeIgniter\Session\Handlers\FileHandler' driver.
CRITICAL - 2026-02-25 13:26:01 --> ErrorException: Trying to access array offset on value of type null
[Method: GET, Route: /]
in SYSTEMPATH\Debug\Toolbar.php on line 217.
 1 SYSTEMPATH\Debug\Toolbar.php(217): CodeIgniter\Debug\Exceptions->errorHandler(2, 'Trying to access array offset on value of type null', 'C:\\xampp\\htdocs\\IM\\system\\Debug\\Toolbar.php', 217)
 2 SYSTEMPATH\Debug\Toolbar.php(200): CodeIgniter\Debug\Toolbar->renderTimelineRecursive([...], 1771997160.818742, 5, 15, [], 0)
 3 SYSTEMPATH\Debug\Toolbar\Views\toolbar.tpl.php(105): CodeIgniter\Debug\Toolbar->renderTimeline([...], 1771997160.818742, 5, 15, [])
 4 SYSTEMPATH\Debug\Toolbar.php(533): include('C:\\xampp\\htdocs\\IM\\system\\Debug\\Toolbar\\Views\\toolbar.tpl.php')
 5 SYSTEMPATH\Debug\Toolbar.php(496): CodeIgniter\Debug\Toolbar->format([...], 'html')
 6 APPPATH\Config\Events.php(47): CodeIgniter\Debug\Toolbar->respond()
 7 SYSTEMPATH\Events\Events.php(152): CodeIgniter\Events\Events::Config\{closure}()
 8 SYSTEMPATH\CodeIgniter.php(339): CodeIgniter\Events\Events::trigger('pre_system')
 9 SYSTEMPATH\Boot.php(363): CodeIgniter\CodeIgniter->run()
10 SYSTEMPATH\Boot.php(68): CodeIgniter\Boot::runCodeIgniter(Object(CodeIgniter\CodeIgniter))
11 FCPATH\index.php(59): CodeIgniter\Boot::bootWeb(Object(Config\Paths))
DEBUG - 2026-02-25 13:26:07 --> Session: Class initialized using 'CodeIgniter\Session\Handlers\FileHandler' driver.
CRITICAL - 2026-02-25 13:26:07 --> ErrorException: Trying to access array offset on value of type null
[Method: GET, Route: /]
in SYSTEMPATH\Debug\Toolbar.php on line 217.
 1 SYSTEMPATH\Debug\Toolbar.php(217): CodeIgniter\Debug\Exceptions->errorHandler(2, 'Trying to access array offset on value of type null', 'C:\\xampp\\htdocs\\IM\\system\\Debug\\Toolbar.php', 217)
 2 SYSTEMPATH\Debug\Toolbar.php(200): CodeIgniter\Debug\Toolbar->renderTimelineRecursive([...], 1771997167.403425, 6, 15, [], 0)
 3 SYSTEMPATH\Debug\Toolbar\Views\toolbar.tpl.php(105): CodeIgniter\Debug\Toolbar->renderTimeline([...], 1771997167.403425, 6, 15, [])
 4 SYSTEMPATH\Debug\Toolbar.php(533): include('C:\\xampp\\htdocs\\IM\\system\\Debug\\Toolbar\\Views\\toolbar.tpl.php')
 5 SYSTEMPATH\Debug\Toolbar.php(496): CodeIgniter\Debug\Toolbar->format([...], 'html')
 6 APPPATH\Config\Events.php(47): CodeIgniter\Debug\Toolbar->respond()
 7 SYSTEMPATH\Events\Events.php(152): CodeIgniter\Events\Events::Config\{closure}()
 8 SYSTEMPATH\CodeIgniter.php(339): CodeIgniter\Events\Events::trigger('pre_system')
 9 SYSTEMPATH\Boot.php(363): CodeIgniter\CodeIgniter->run()
10 SYSTEMPATH\Boot.php(68): CodeIgniter\Boot::runCodeIgniter(Object(CodeIgniter\CodeIgniter))
11 FCPATH\index.php(59): CodeIgniter\Boot::bootWeb(Object(Config\Paths))
DEBUG - 2026-02-25 13:26:16 --> Session: Class initialized using 'CodeIgniter\Session\Handlers\FileHandler' driver.
CRITICAL - 2026-02-25 13:26:16 --> ErrorException: Trying to access array offset on value of type null
[Method: GET, Route: /]
in SYSTEMPATH\Debug\Toolbar.php on line 217.
 1 SYSTEMPATH\Debug\Toolbar.php(217): CodeIgniter\Debug\Exceptions->errorHandler(2, 'Trying to access array offset on value of type null', 'C:\\xampp\\htdocs\\IM\\system\\Debug\\Toolbar.php', 217)
 2 SYSTEMPATH\Debug\Toolbar.php(200): CodeIgniter\Debug\Toolbar->renderTimelineRecursive([...], 1771997176.065408, 6, 15, [], 0)
 3 SYSTEMPATH\Debug\Toolbar\Views\toolbar.tpl.php(105): CodeIgniter\Debug\Toolbar->renderTimeline([...], 1771997176.065408, 6, 15, [])
 4 SYSTEMPATH\Debug\Toolbar.php(533): include('C:\\xampp\\htdocs\\IM\\system\\Debug\\Toolbar\\Views\\toolbar.tpl.php')
 5 SYSTEMPATH\Debug\Toolbar.php(496): CodeIgniter\Debug\Toolbar->format([...], 'html')
 6 APPPATH\Config\Events.php(47): CodeIgniter\Debug\Toolbar->respond()
 7 SYSTEMPATH\Events\Events.php(152): CodeIgniter\Events\Events::Config\{closure}()
 8 SYSTEMPATH\CodeIgniter.php(339): CodeIgniter\Events\Events::trigger('pre_system')
 9 SYSTEMPATH\Boot.php(363): CodeIgniter\CodeIgniter->run()
10 SYSTEMPATH\Boot.php(68): CodeIgniter\Boot::runCodeIgniter(Object(CodeIgniter\CodeIgniter))
11 FCPATH\index.php(59): CodeIgniter\Boot::bootWeb(Object(Config\Paths))
DEBUG - 2026-02-25 13:26:19 --> Session: Class initialized using 'CodeIgniter\Session\Handlers\FileHandler' driver.
CRITICAL - 2026-02-25 13:26:19 --> ErrorException: Trying to access array offset on value of type null
[Method: GET, Route: /]
in SYSTEMPATH\Debug\Toolbar.php on line 217.
 1 SYSTEMPATH\Debug\Toolbar.php(217): CodeIgniter\Debug\Exceptions->errorHandler(2, 'Trying to access array offset on value of type null', 'C:\\xampp\\htdocs\\IM\\system\\Debug\\Toolbar.php', 217)
 2 SYSTEMPATH\Debug\Toolbar.php(200): CodeIgniter\Debug\Toolbar->renderTimelineRecursive([...], 1771997179.174204, 5, 15, [], 0)
 3 SYSTEMPATH\Debug\Toolbar\Views\toolbar.tpl.php(105): CodeIgniter\Debug\Toolbar->renderTimeline([...], 1771997179.174204, 5, 15, [])
 4 SYSTEMPATH\Debug\Toolbar.php(533): include('C:\\xampp\\htdocs\\IM\\system\\Debug\\Toolbar\\Views\\toolbar.tpl.php')
 5 SYSTEMPATH\Debug\Toolbar.php(496): CodeIgniter\Debug\Toolbar->format([...], 'html')
 6 APPPATH\Config\Events.php(47): CodeIgniter\Debug\Toolbar->respond()
 7 SYSTEMPATH\Events\Events.php(152): CodeIgniter\Events\Events::Config\{closure}()
 8 SYSTEMPATH\CodeIgniter.php(339): CodeIgniter\Events\Events::trigger('pre_system')
 9 SYSTEMPATH\Boot.php(363): CodeIgniter\CodeIgniter->run()
10 SYSTEMPATH\Boot.php(68): CodeIgniter\Boot::runCodeIgniter(Object(CodeIgniter\CodeIgniter))
11 FCPATH\index.php(59): CodeIgniter\Boot::bootWeb(Object(Config\Paths))
DEBUG - 2026-02-25 13:26:24 --> Session: Class initialized using 'CodeIgniter\Session\Handlers\FileHandler' driver.
CRITICAL - 2026-02-25 13:26:24 --> ErrorException: Trying to access array offset on value of type null
[Method: GET, Route: /]
in SYSTEMPATH\Debug\Toolbar.php on line 217.
 1 SYSTEMPATH\Debug\Toolbar.php(217): CodeIgniter\Debug\Exceptions->errorHandler(2, 'Trying to access array offset on value of type null', 'C:\\xampp\\htdocs\\IM\\system\\Debug\\Toolbar.php', 217)
 2 SYSTEMPATH\Debug\Toolbar.php(200): CodeIgniter\Debug\Toolbar->renderTimelineRecursive([...], 1771997184.019928, 6, 15, [], 0)
 3 SYSTEMPATH\Debug\Toolbar\Views\toolbar.tpl.php(105): CodeIgniter\Debug\Toolbar->renderTimeline([...], 1771997184.019928, 6, 15, [])
 4 SYSTEMPATH\Debug\Toolbar.php(533): include('C:\\xampp\\htdocs\\IM\\system\\Debug\\Toolbar\\Views\\toolbar.tpl.php')
 5 SYSTEMPATH\Debug\Toolbar.php(496): CodeIgniter\Debug\Toolbar->format([...], 'html')
 6 APPPATH\Config\Events.php(47): CodeIgniter\Debug\Toolbar->respond()
 7 SYSTEMPATH\Events\Events.php(152): CodeIgniter\Events\Events::Config\{closure}()
 8 SYSTEMPATH\CodeIgniter.php(339): CodeIgniter\Events\Events::trigger('pre_system')
 9 SYSTEMPATH\Boot.php(363): CodeIgniter\CodeIgniter->run()
10 SYSTEMPATH\Boot.php(68): CodeIgniter\Boot::runCodeIgniter(Object(CodeIgniter\CodeIgniter))
11 FCPATH\index.php(59): CodeIgniter\Boot::bootWeb(Object(Config\Paths))
DEBUG - 2026-02-25 13:26:27 --> Session: Class initialized using 'CodeIgniter\Session\Handlers\FileHandler' driver.
CRITICAL - 2026-02-25 13:26:27 --> ErrorException: Trying to access array offset on value of type null
[Method: GET, Route: /]
in SYSTEMPATH\Debug\Toolbar.php on line 217.
 1 SYSTEMPATH\Debug\Toolbar.php(217): CodeIgniter\Debug\Exceptions->errorHandler(2, 'Trying to access array offset on value of type null', 'C:\\xampp\\htdocs\\IM\\system\\Debug\\Toolbar.php', 217)
 2 SYSTEMPATH\Debug\Toolbar.php(200): CodeIgniter\Debug\Toolbar->renderTimelineRecursive([...], 1771997187.186532, 7, 15, [], 0)
 3 SYSTEMPATH\Debug\Toolbar\Views\toolbar.tpl.php(105): CodeIgniter\Debug\Toolbar->renderTimeline([...], 1771997187.186532, 7, 15, [])
 4 SYSTEMPATH\Debug\Toolbar.php(533): include('C:\\xampp\\htdocs\\IM\\system\\Debug\\Toolbar\\Views\\toolbar.tpl.php')
 5 SYSTEMPATH\Debug\Toolbar.php(496): CodeIgniter\Debug\Toolbar->format([...], 'html')
 6 APPPATH\Config\Events.php(47): CodeIgniter\Debug\Toolbar->respond()
 7 SYSTEMPATH\Events\Events.php(152): CodeIgniter\Events\Events::Config\{closure}()
 8 SYSTEMPATH\CodeIgniter.php(339): CodeIgniter\Events\Events::trigger('pre_system')
 9 SYSTEMPATH\Boot.php(363): CodeIgniter\CodeIgniter->run()
10 SYSTEMPATH\Boot.php(68): CodeIgniter\Boot::runCodeIgniter(Object(CodeIgniter\CodeIgniter))
11 FCPATH\index.php(59): CodeIgniter\Boot::bootWeb(Object(Config\Paths))
DEBUG - 2026-02-25 13:30:52 --> Session: Class initialized using 'CodeIgniter\Session\Handlers\FileHandler' driver.
CRITICAL - 2026-02-25 13:30:53 --> ErrorException: Trying to access array offset on value of type null
[Method: GET, Route: /]
in SYSTEMPATH\Debug\Toolbar.php on line 217.
 1 SYSTEMPATH\Debug\Toolbar.php(217): CodeIgniter\Debug\Exceptions->errorHandler(2, 'Trying to access array offset on value of type null', 'C:\\xampp\\htdocs\\IM\\system\\Debug\\Toolbar.php', 217)
 2 SYSTEMPATH\Debug\Toolbar.php(200): CodeIgniter\Debug\Toolbar->renderTimelineRecursive([...], 1771997451.811254, 7, 140, [], 0)
 3 SYSTEMPATH\Debug\Toolbar\Views\toolbar.tpl.php(105): CodeIgniter\Debug\Toolbar->renderTimeline([...], 1771997451.811254, 7, 140, [])
 4 SYSTEMPATH\Debug\Toolbar.php(533): include('C:\\xampp\\htdocs\\IM\\system\\Debug\\Toolbar\\Views\\toolbar.tpl.php')
 5 SYSTEMPATH\Debug\Toolbar.php(496): CodeIgniter\Debug\Toolbar->format([...], 'html')
 6 APPPATH\Config\Events.php(47): CodeIgniter\Debug\Toolbar->respond()
 7 SYSTEMPATH\Events\Events.php(152): CodeIgniter\Events\Events::Config\{closure}()
 8 SYSTEMPATH\CodeIgniter.php(339): CodeIgniter\Events\Events::trigger('pre_system')
 9 SYSTEMPATH\Boot.php(363): CodeIgniter\CodeIgniter->run()
10 SYSTEMPATH\Boot.php(68): CodeIgniter\Boot::runCodeIgniter(Object(CodeIgniter\CodeIgniter))
11 FCPATH\index.php(59): CodeIgniter\Boot::bootWeb(Object(Config\Paths))
DEBUG - 2026-02-25 13:32:30 --> Session: Class initialized using 'CodeIgniter\Session\Handlers\FileHandler' driver.
CRITICAL - 2026-02-25 13:32:31 --> ErrorException: Trying to access array offset on value of type null
[Method: GET, Route: /]
in SYSTEMPATH\Debug\Toolbar.php on line 217.
 1 SYSTEMPATH\Debug\Toolbar.php(217): CodeIgniter\Debug\Exceptions->errorHandler(2, 'Trying to access array offset on value of type null', 'C:\\xampp\\htdocs\\IM\\system\\Debug\\Toolbar.php', 217)
 2 SYSTEMPATH\Debug\Toolbar.php(200): CodeIgniter\Debug\Toolbar->renderTimelineRecursive([...], 1771997550.773365, 7, 100, [], 0)
 3 SYSTEMPATH\Debug\Toolbar\Views\toolbar.tpl.php(105): CodeIgniter\Debug\Toolbar->renderTimeline([...], 1771997550.773365, 7, 100, [])
 4 SYSTEMPATH\Debug\Toolbar.php(533): include('C:\\xampp\\htdocs\\IM\\system\\Debug\\Toolbar\\Views\\toolbar.tpl.php')
 5 SYSTEMPATH\Debug\Toolbar.php(496): CodeIgniter\Debug\Toolbar->format([...], 'html')
 6 APPPATH\Config\Events.php(47): CodeIgniter\Debug\Toolbar->respond()
 7 SYSTEMPATH\Events\Events.php(152): CodeIgniter\Events\Events::Config\{closure}()
 8 SYSTEMPATH\CodeIgniter.php(339): CodeIgniter\Events\Events::trigger('pre_system')
 9 SYSTEMPATH\Boot.php(363): CodeIgniter\CodeIgniter->run()
10 SYSTEMPATH\Boot.php(68): CodeIgniter\Boot::runCodeIgniter(Object(CodeIgniter\CodeIgniter))
11 FCPATH\index.php(59): CodeIgniter\Boot::bootWeb(Object(Config\Paths))
DEBUG - 2026-02-25 13:33:22 --> Session: Class initialized using 'CodeIgniter\Session\Handlers\FileHandler' driver.
CRITICAL - 2026-02-25 13:33:23 --> ErrorException: Trying to access array offset on value of type null
[Method: GET, Route: /]
in SYSTEMPATH\Debug\Toolbar.php on line 217.
 1 SYSTEMPATH\Debug\Toolbar.php(217): CodeIgniter\Debug\Exceptions->errorHandler(2, 'Trying to access array offset on value of type null', 'C:\\xampp\\htdocs\\IM\\system\\Debug\\Toolbar.php', 217)
 2 SYSTEMPATH\Debug\Toolbar.php(200): CodeIgniter\Debug\Toolbar->renderTimelineRecursive([...], 1771997602.740855, 7, 70, [], 0)
 3 SYSTEMPATH\Debug\Toolbar\Views\toolbar.tpl.php(105): CodeIgniter\Debug\Toolbar->renderTimeline([...], 1771997602.740855, 7, 70, [])
 4 SYSTEMPATH\Debug\Toolbar.php(533): include('C:\\xampp\\htdocs\\IM\\system\\Debug\\Toolbar\\Views\\toolbar.tpl.php')
 5 SYSTEMPATH\Debug\Toolbar.php(496): CodeIgniter\Debug\Toolbar->format([...], 'html')
 6 APPPATH\Config\Events.php(47): CodeIgniter\Debug\Toolbar->respond()
 7 SYSTEMPATH\Events\Events.php(152): CodeIgniter\Events\Events::Config\{closure}()
 8 SYSTEMPATH\CodeIgniter.php(339): CodeIgniter\Events\Events::trigger('pre_system')
 9 SYSTEMPATH\Boot.php(363): CodeIgniter\CodeIgniter->run()
10 SYSTEMPATH\Boot.php(68): CodeIgniter\Boot::runCodeIgniter(Object(CodeIgniter\CodeIgniter))
11 FCPATH\index.php(59): CodeIgniter\Boot::bootWeb(Object(Config\Paths))
DEBUG - 2026-02-25 13:35:51 --> Session: Class initialized using 'CodeIgniter\Session\Handlers\FileHandler' driver.
CRITICAL - 2026-02-25 13:35:52 --> ErrorException: Trying to access array offset on value of type null
[Method: GET, Route: /]
in SYSTEMPATH\Debug\Toolbar.php on line 217.
 1 SYSTEMPATH\Debug\Toolbar.php(217): CodeIgniter\Debug\Exceptions->errorHandler(2, 'Trying to access array offset on value of type null', 'C:\\xampp\\htdocs\\IM\\system\\Debug\\Toolbar.php', 217)
 2 SYSTEMPATH\Debug\Toolbar.php(200): CodeIgniter\Debug\Toolbar->renderTimelineRecursive([...], 1771997751.785654, 7, 60, [], 0)
 3 SYSTEMPATH\Debug\Toolbar\Views\toolbar.tpl.php(105): CodeIgniter\Debug\Toolbar->renderTimeline([...], 1771997751.785654, 7, 60, [])
 4 SYSTEMPATH\Debug\Toolbar.php(533): include('C:\\xampp\\htdocs\\IM\\system\\Debug\\Toolbar\\Views\\toolbar.tpl.php')
 5 SYSTEMPATH\Debug\Toolbar.php(496): CodeIgniter\Debug\Toolbar->format([...], 'html')
 6 APPPATH\Config\Events.php(47): CodeIgniter\Debug\Toolbar->respond()
 7 SYSTEMPATH\Events\Events.php(152): CodeIgniter\Events\Events::Config\{closure}()
 8 SYSTEMPATH\CodeIgniter.php(339): CodeIgniter\Events\Events::trigger('pre_system')
 9 SYSTEMPATH\Boot.php(363): CodeIgniter\CodeIgniter->run()
10 SYSTEMPATH\Boot.php(68): CodeIgniter\Boot::runCodeIgniter(Object(CodeIgniter\CodeIgniter))
11 FCPATH\index.php(59): CodeIgniter\Boot::bootWeb(Object(Config\Paths))
DEBUG - 2026-02-25 13:39:04 --> Session: Class initialized using 'CodeIgniter\Session\Handlers\FileHandler' driver.
CRITICAL - 2026-02-25 13:39:05 --> ErrorException: Trying to access array offset on value of type null
[Method: GET, Route: /]
in SYSTEMPATH\Debug\Toolbar.php on line 217.
 1 SYSTEMPATH\Debug\Toolbar.php(217): CodeIgniter\Debug\Exceptions->errorHandler(2, 'Trying to access array offset on value of type null', 'C:\\xampp\\htdocs\\IM\\system\\Debug\\Toolbar.php', 217)
 2 SYSTEMPATH\Debug\Toolbar.php(200): CodeIgniter\Debug\Toolbar->renderTimelineRecursive([...], 1771997944.877157, 7, 55, [], 0)
 3 SYSTEMPATH\Debug\Toolbar\Views\toolbar.tpl.php(105): CodeIgniter\Debug\Toolbar->renderTimeline([...], 1771997944.877157, 7, 55, [])
 4 SYSTEMPATH\Debug\Toolbar.php(533): include('C:\\xampp\\htdocs\\IM\\system\\Debug\\Toolbar\\Views\\toolbar.tpl.php')
 5 SYSTEMPATH\Debug\Toolbar.php(496): CodeIgniter\Debug\Toolbar->format([...], 'html')
 6 APPPATH\Config\Events.php(47): CodeIgniter\Debug\Toolbar->respond()
 7 SYSTEMPATH\Events\Events.php(152): CodeIgniter\Events\Events::Config\{closure}()
 8 SYSTEMPATH\CodeIgniter.php(339): CodeIgniter\Events\Events::trigger('pre_system')
 9 SYSTEMPATH\Boot.php(363): CodeIgniter\CodeIgniter->run()
10 SYSTEMPATH\Boot.php(68): CodeIgniter\Boot::runCodeIgniter(Object(CodeIgniter\CodeIgniter))
11 FCPATH\index.php(59): CodeIgniter\Boot::bootWeb(Object(Config\Paths))
DEBUG - 2026-02-25 13:39:26 --> Session: Class initialized using 'CodeIgniter\Session\Handlers\FileHandler' driver.
CRITICAL - 2026-02-25 13:39:27 --> ErrorException: Trying to access array offset on value of type null
[Method: GET, Route: /]
in SYSTEMPATH\Debug\Toolbar.php on line 217.
 1 SYSTEMPATH\Debug\Toolbar.php(217): CodeIgniter\Debug\Exceptions->errorHandler(2, 'Trying to access array offset on value of type null', 'C:\\xampp\\htdocs\\IM\\system\\Debug\\Toolbar.php', 217)
 2 SYSTEMPATH\Debug\Toolbar.php(200): CodeIgniter\Debug\Toolbar->renderTimelineRecursive([...], 1771997966.813907, 7, 15, [], 0)
 3 SYSTEMPATH\Debug\Toolbar\Views\toolbar.tpl.php(105): CodeIgniter\Debug\Toolbar->renderTimeline([...], 1771997966.813907, 7, 15, [])
 4 SYSTEMPATH\Debug\Toolbar.php(533): include('C:\\xampp\\htdocs\\IM\\system\\Debug\\Toolbar\\Views\\toolbar.tpl.php')
 5 SYSTEMPATH\Debug\Toolbar.php(496): CodeIgniter\Debug\Toolbar->format([...], 'html')
 6 APPPATH\Config\Events.php(47): CodeIgniter\Debug\Toolbar->respond()
 7 SYSTEMPATH\Events\Events.php(152): CodeIgniter\Events\Events::Config\{closure}()
 8 SYSTEMPATH\CodeIgniter.php(339): CodeIgniter\Events\Events::trigger('pre_system')
 9 SYSTEMPATH\Boot.php(363): CodeIgniter\CodeIgniter->run()
10 SYSTEMPATH\Boot.php(68): CodeIgniter\Boot::runCodeIgniter(Object(CodeIgniter\CodeIgniter))
11 FCPATH\index.php(59): CodeIgniter\Boot::bootWeb(Object(Config\Paths))
DEBUG - 2026-02-25 13:39:35 --> Session: Class initialized using 'CodeIgniter\Session\Handlers\FileHandler' driver.
CRITICAL - 2026-02-25 13:39:37 --> ErrorException: Trying to access array offset on value of type null
[Method: GET, Route: /]
in SYSTEMPATH\Debug\Toolbar.php on line 217.
 1 SYSTEMPATH\Debug\Toolbar.php(217): CodeIgniter\Debug\Exceptions->errorHandler(2, 'Trying to access array offset on value of type null', 'C:\\xampp\\htdocs\\IM\\system\\Debug\\Toolbar.php', 217)
 2 SYSTEMPATH\Debug\Toolbar.php(200): CodeIgniter\Debug\Toolbar->renderTimelineRecursive([...], 1771997973.379888, 7, 425, [], 0)
 3 SYSTEMPATH\Debug\Toolbar\Views\toolbar.tpl.php(105): CodeIgniter\Debug\Toolbar->renderTimeline([...], 1771997973.379888, 7, 425, [])
 4 SYSTEMPATH\Debug\Toolbar.php(533): include('C:\\xampp\\htdocs\\IM\\system\\Debug\\Toolbar\\Views\\toolbar.tpl.php')
 5 SYSTEMPATH\Debug\Toolbar.php(496): CodeIgniter\Debug\Toolbar->format([...], 'html')
 6 APPPATH\Config\Events.php(47): CodeIgniter\Debug\Toolbar->respond()
 7 SYSTEMPATH\Events\Events.php(152): CodeIgniter\Events\Events::Config\{closure}()
 8 SYSTEMPATH\CodeIgniter.php(339): CodeIgniter\Events\Events::trigger('pre_system')
 9 SYSTEMPATH\Boot.php(363): CodeIgniter\CodeIgniter->run()
10 SYSTEMPATH\Boot.php(68): CodeIgniter\Boot::runCodeIgniter(Object(CodeIgniter\CodeIgniter))
11 FCPATH\index.php(59): CodeIgniter\Boot::bootWeb(Object(Config\Paths))
DEBUG - 2026-02-25 13:40:00 --> Session: Class initialized using 'CodeIgniter\Session\Handlers\FileHandler' driver.
CRITICAL - 2026-02-25 13:40:01 --> ErrorException: Trying to access array offset on value of type null
[Method: GET, Route: /]
in SYSTEMPATH\Debug\Toolbar.php on line 217.
 1 SYSTEMPATH\Debug\Toolbar.php(217): CodeIgniter\Debug\Exceptions->errorHandler(2, 'Trying to access array offset on value of type null', 'C:\\xampp\\htdocs\\IM\\system\\Debug\\Toolbar.php', 217)
 2 SYSTEMPATH\Debug\Toolbar.php(200): CodeIgniter\Debug\Toolbar->renderTimelineRecursive([...], 1771998000.943616, 6, 15, [], 0)
 3 SYSTEMPATH\Debug\Toolbar\Views\toolbar.tpl.php(105): CodeIgniter\Debug\Toolbar->renderTimeline([...], 1771998000.943616, 6, 15, [])
 4 SYSTEMPATH\Debug\Toolbar.php(533): include('C:\\xampp\\htdocs\\IM\\system\\Debug\\Toolbar\\Views\\toolbar.tpl.php')
 5 SYSTEMPATH\Debug\Toolbar.php(496): CodeIgniter\Debug\Toolbar->format([...], 'html')
 6 APPPATH\Config\Events.php(47): CodeIgniter\Debug\Toolbar->respond()
 7 SYSTEMPATH\Events\Events.php(152): CodeIgniter\Events\Events::Config\{closure}()
 8 SYSTEMPATH\CodeIgniter.php(339): CodeIgniter\Events\Events::trigger('pre_system')
 9 SYSTEMPATH\Boot.php(363): CodeIgniter\CodeIgniter->run()
10 SYSTEMPATH\Boot.php(68): CodeIgniter\Boot::runCodeIgniter(Object(CodeIgniter\CodeIgniter))
11 FCPATH\index.php(59): CodeIgniter\Boot::bootWeb(Object(Config\Paths))
DEBUG - 2026-02-25 13:43:11 --> Session: Class initialized using 'CodeIgniter\Session\Handlers\FileHandler' driver.
CRITICAL - 2026-02-25 13:43:12 --> ErrorException: Trying to access array offset on value of type null
[Method: GET, Route: /]
in SYSTEMPATH\Debug\Toolbar.php on line 217.
 1 SYSTEMPATH\Debug\Toolbar.php(217): CodeIgniter\Debug\Exceptions->errorHandler(2, 'Trying to access array offset on value of type null', 'C:\\xampp\\htdocs\\IM\\system\\Debug\\Toolbar.php', 217)
 2 SYSTEMPATH\Debug\Toolbar.php(200): CodeIgniter\Debug\Toolbar->renderTimelineRecursive([...], 1771998191.646299, 7, 60, [], 0)
 3 SYSTEMPATH\Debug\Toolbar\Views\toolbar.tpl.php(105): CodeIgniter\Debug\Toolbar->renderTimeline([...], 1771998191.646299, 7, 60, [])
 4 SYSTEMPATH\Debug\Toolbar.php(533): include('C:\\xampp\\htdocs\\IM\\system\\Debug\\Toolbar\\Views\\toolbar.tpl.php')
 5 SYSTEMPATH\Debug\Toolbar.php(496): CodeIgniter\Debug\Toolbar->format([...], 'html')
 6 APPPATH\Config\Events.php(47): CodeIgniter\Debug\Toolbar->respond()
 7 SYSTEMPATH\Events\Events.php(152): CodeIgniter\Events\Events::Config\{closure}()
 8 SYSTEMPATH\CodeIgniter.php(339): CodeIgniter\Events\Events::trigger('pre_system')
 9 SYSTEMPATH\Boot.php(363): CodeIgniter\CodeIgniter->run()
10 SYSTEMPATH\Boot.php(68): CodeIgniter\Boot::runCodeIgniter(Object(CodeIgniter\CodeIgniter))
11 FCPATH\index.php(59): CodeIgniter\Boot::bootWeb(Object(Config\Paths))
DEBUG - 2026-02-25 13:50:33 --> Session: Class initialized using 'CodeIgniter\Session\Handlers\FileHandler' driver.
DEBUG - 2026-02-25 13:53:06 --> Session: Class initialized using 'CodeIgniter\Session\Handlers\FileHandler' driver.
DEBUG - 2026-02-25 13:53:17 --> Session: Class initialized using 'CodeIgniter\Session\Handlers\FileHandler' driver.
DEBUG - 2026-02-25 13:53:18 --> Session: Class initialized using 'CodeIgniter\Session\Handlers\FileHandler' driver.
DEBUG - 2026-02-25 13:53:27 --> Session: Class initialized using 'CodeIgniter\Session\Handlers\FileHandler' driver.
DEBUG - 2026-02-25 13:53:33 --> Session: Class initialized using 'CodeIgniter\Session\Handlers\FileHandler' driver.
DEBUG - 2026-02-25 13:54:00 --> Session: Class initialized using 'CodeIgniter\Session\Handlers\FileHandler' driver.
DEBUG - 2026-02-25 13:55:56 --> Session: Class initialized using 'CodeIgniter\Session\Handlers\FileHandler' driver.
DEBUG - 2026-02-25 13:56:03 --> Session: Class initialized using 'CodeIgniter\Session\Handlers\FileHandler' driver.
DEBUG - 2026-02-25 13:56:04 --> Session: Class initialized using 'CodeIgniter\Session\Handlers\FileHandler' driver.
DEBUG - 2026-02-25 13:56:12 --> Session: Class initialized using 'CodeIgniter\Session\Handlers\FileHandler' driver.
DEBUG - 2026-02-25 13:56:37 --> Session: Class initialized using 'CodeIgniter\Session\Handlers\FileHandler' driver.
DEBUG - 2026-02-25 13:56:37 --> DCF Store - Title: qwe
DEBUG - 2026-02-25 13:56:37 --> DCF Store - Raw Parts: [{"title":"qwe","description":"qwe","questions":[{"question_text":"test","answer_type":"short_answer","rate_min":"1","rate_max":"10","grid_columns":["Column 1"],"grid_rows":["Row 1"],"options":[""]}]}]
DEBUG - 2026-02-25 13:56:37 --> Normalized parts count: 1
DEBUG - 2026-02-25 13:56:37 --> About to insert DCF with data: {"title":"qwe","name":"qwe_1771998997","description":"qwe","due_date":"2026-03-14","department_id":9}
DEBUG - 2026-02-25 13:56:38 --> DCF created with ID: 18
INFO - 2026-02-25 13:56:38 --> DCF created successfully with ID: 18
DEBUG - 2026-02-25 13:56:38 --> Session: Class initialized using 'CodeIgniter\Session\Handlers\FileHandler' driver.
DEBUG - 2026-02-25 13:56:42 --> Session: Class initialized using 'CodeIgniter\Session\Handlers\FileHandler' driver.
DEBUG - 2026-02-25 13:56:59 --> Session: Class initialized using 'CodeIgniter\Session\Handlers\FileHandler' driver.
DEBUG - 2026-02-25 13:57:26 --> Session: Class initialized using 'CodeIgniter\Session\Handlers\FileHandler' driver.
DEBUG - 2026-02-25 13:58:04 --> Session: Class initialized using 'CodeIgniter\Session\Handlers\FileHandler' driver.
CRITICAL - 2026-02-25 13:58:04 --> ErrorException: Trying to access array offset on value of type null
[Method: GET, Route: /]
in SYSTEMPATH\Debug\Toolbar.php on line 217.
 1 SYSTEMPATH\Debug\Toolbar.php(217): CodeIgniter\Debug\Exceptions->errorHandler(2, 'Trying to access array offset on value of type null', 'C:\\xampp\\htdocs\\IM\\system\\Debug\\Toolbar.php', 217)
 2 SYSTEMPATH\Debug\Toolbar.php(200): CodeIgniter\Debug\Toolbar->renderTimelineRecursive([...], 1771999084.457841, 6, 15, [], 0)
 3 SYSTEMPATH\Debug\Toolbar\Views\toolbar.tpl.php(105): CodeIgniter\Debug\Toolbar->renderTimeline([...], 1771999084.457841, 6, 15, [])
 4 SYSTEMPATH\Debug\Toolbar.php(533): include('C:\\xampp\\htdocs\\IM\\system\\Debug\\Toolbar\\Views\\toolbar.tpl.php')
 5 SYSTEMPATH\Debug\Toolbar.php(496): CodeIgniter\Debug\Toolbar->format([...], 'html')
 6 APPPATH\Config\Events.php(47): CodeIgniter\Debug\Toolbar->respond()
 7 SYSTEMPATH\Events\Events.php(152): CodeIgniter\Events\Events::Config\{closure}()
 8 SYSTEMPATH\CodeIgniter.php(339): CodeIgniter\Events\Events::trigger('pre_system')
 9 SYSTEMPATH\Boot.php(363): CodeIgniter\CodeIgniter->run()
10 SYSTEMPATH\Boot.php(68): CodeIgniter\Boot::runCodeIgniter(Object(CodeIgniter\CodeIgniter))
11 FCPATH\index.php(59): CodeIgniter\Boot::bootWeb(Object(Config\Paths))
DEBUG - 2026-02-25 13:58:07 --> Session: Class initialized using 'CodeIgniter\Session\Handlers\FileHandler' driver.
CRITICAL - 2026-02-25 13:58:07 --> ErrorException: Trying to access array offset on value of type null
[Method: GET, Route: /]
in SYSTEMPATH\Debug\Toolbar.php on line 217.
 1 SYSTEMPATH\Debug\Toolbar.php(217): CodeIgniter\Debug\Exceptions->errorHandler(2, 'Trying to access array offset on value of type null', 'C:\\xampp\\htdocs\\IM\\system\\Debug\\Toolbar.php', 217)
 2 SYSTEMPATH\Debug\Toolbar.php(200): CodeIgniter\Debug\Toolbar->renderTimelineRecursive([...], 1771999087.311426, 6, 15, [], 0)
 3 SYSTEMPATH\Debug\Toolbar\Views\toolbar.tpl.php(105): CodeIgniter\Debug\Toolbar->renderTimeline([...], 1771999087.311426, 6, 15, [])
 4 SYSTEMPATH\Debug\Toolbar.php(533): include('C:\\xampp\\htdocs\\IM\\system\\Debug\\Toolbar\\Views\\toolbar.tpl.php')
 5 SYSTEMPATH\Debug\Toolbar.php(496): CodeIgniter\Debug\Toolbar->format([...], 'html')
 6 APPPATH\Config\Events.php(47): CodeIgniter\Debug\Toolbar->respond()
 7 SYSTEMPATH\Events\Events.php(152): CodeIgniter\Events\Events::Config\{closure}()
 8 SYSTEMPATH\CodeIgniter.php(339): CodeIgniter\Events\Events::trigger('pre_system')
 9 SYSTEMPATH\Boot.php(363): CodeIgniter\CodeIgniter->run()
10 SYSTEMPATH\Boot.php(68): CodeIgniter\Boot::runCodeIgniter(Object(CodeIgniter\CodeIgniter))
11 FCPATH\index.php(59): CodeIgniter\Boot::bootWeb(Object(Config\Paths))
DEBUG - 2026-02-25 13:58:09 --> Session: Class initialized using 'CodeIgniter\Session\Handlers\FileHandler' driver.
CRITICAL - 2026-02-25 13:58:11 --> ErrorException: Trying to access array offset on value of type null
[Method: GET, Route: /]
in SYSTEMPATH\Debug\Toolbar.php on line 217.
 1 SYSTEMPATH\Debug\Toolbar.php(217): CodeIgniter\Debug\Exceptions->errorHandler(2, 'Trying to access array offset on value of type null', 'C:\\xampp\\htdocs\\IM\\system\\Debug\\Toolbar.php', 217)
 2 SYSTEMPATH\Debug\Toolbar.php(200): CodeIgniter\Debug\Toolbar->renderTimelineRecursive([...], 1771999089.174423, 6, 15, [], 0)
 3 SYSTEMPATH\Debug\Toolbar\Views\toolbar.tpl.php(105): CodeIgniter\Debug\Toolbar->renderTimeline([...], 1771999089.174423, 6, 15, [])
 4 SYSTEMPATH\Debug\Toolbar.php(533): include('C:\\xampp\\htdocs\\IM\\system\\Debug\\Toolbar\\Views\\toolbar.tpl.php')
 5 SYSTEMPATH\Debug\Toolbar.php(496): CodeIgniter\Debug\Toolbar->format([...], 'html')
 6 APPPATH\Config\Events.php(47): CodeIgniter\Debug\Toolbar->respond()
 7 SYSTEMPATH\Events\Events.php(152): CodeIgniter\Events\Events::Config\{closure}()
 8 SYSTEMPATH\CodeIgniter.php(339): CodeIgniter\Events\Events::trigger('pre_system')
 9 SYSTEMPATH\Boot.php(363): CodeIgniter\CodeIgniter->run()
10 SYSTEMPATH\Boot.php(68): CodeIgniter\Boot::runCodeIgniter(Object(CodeIgniter\CodeIgniter))
11 FCPATH\index.php(59): CodeIgniter\Boot::bootWeb(Object(Config\Paths))
DEBUG - 2026-02-25 13:58:21 --> Session: Class initialized using 'CodeIgniter\Session\Handlers\FileHandler' driver.
DEBUG - 2026-02-25 13:59:42 --> Session: Class initialized using 'CodeIgniter\Session\Handlers\FileHandler' driver.
CRITICAL - 2026-02-25 13:59:42 --> ErrorException: Trying to access array offset on value of type null
[Method: GET, Route: /]
in SYSTEMPATH\Debug\Toolbar.php on line 217.
 1 SYSTEMPATH\Debug\Toolbar.php(217): CodeIgniter\Debug\Exceptions->errorHandler(2, 'Trying to access array offset on value of type null', 'C:\\xampp\\htdocs\\IM\\system\\Debug\\Toolbar.php', 217)
 2 SYSTEMPATH\Debug\Toolbar.php(200): CodeIgniter\Debug\Toolbar->renderTimelineRecursive([...], 1771999182.401588, 6, 15, [], 0)
 3 SYSTEMPATH\Debug\Toolbar\Views\toolbar.tpl.php(105): CodeIgniter\Debug\Toolbar->renderTimeline([...], 1771999182.401588, 6, 15, [])
 4 SYSTEMPATH\Debug\Toolbar.php(533): include('C:\\xampp\\htdocs\\IM\\system\\Debug\\Toolbar\\Views\\toolbar.tpl.php')
 5 SYSTEMPATH\Debug\Toolbar.php(496): CodeIgniter\Debug\Toolbar->format([...], 'html')
 6 APPPATH\Config\Events.php(47): CodeIgniter\Debug\Toolbar->respond()
 7 SYSTEMPATH\Events\Events.php(152): CodeIgniter\Events\Events::Config\{closure}()
 8 SYSTEMPATH\CodeIgniter.php(339): CodeIgniter\Events\Events::trigger('pre_system')
 9 SYSTEMPATH\Boot.php(363): CodeIgniter\CodeIgniter->run()
10 SYSTEMPATH\Boot.php(68): CodeIgniter\Boot::runCodeIgniter(Object(CodeIgniter\CodeIgniter))
11 FCPATH\index.php(59): CodeIgniter\Boot::bootWeb(Object(Config\Paths))
DEBUG - 2026-02-25 14:18:01 --> Session: Class initialized using 'CodeIgniter\Session\Handlers\FileHandler' driver.
CRITICAL - 2026-02-25 14:18:09 --> ErrorException: Trying to access array offset on value of type null
[Method: GET, Route: /]
in SYSTEMPATH\Debug\Toolbar.php on line 217.
 1 SYSTEMPATH\Debug\Toolbar.php(217): CodeIgniter\Debug\Exceptions->errorHandler(2, 'Trying to access array offset on value of type null', 'C:\\xampp\\htdocs\\IM\\system\\Debug\\Toolbar.php', 217)
 2 SYSTEMPATH\Debug\Toolbar.php(200): CodeIgniter\Debug\Toolbar->renderTimelineRecursive([...], 1772000277.828599, 7, 1040, [], 0)
 3 SYSTEMPATH\Debug\Toolbar\Views\toolbar.tpl.php(105): CodeIgniter\Debug\Toolbar->renderTimeline([...], 1772000277.828599, 7, 1040, [])
 4 SYSTEMPATH\Debug\Toolbar.php(533): include('C:\\xampp\\htdocs\\IM\\system\\Debug\\Toolbar\\Views\\toolbar.tpl.php')
 5 SYSTEMPATH\Debug\Toolbar.php(496): CodeIgniter\Debug\Toolbar->format([...], 'html')
 6 APPPATH\Config\Events.php(47): CodeIgniter\Debug\Toolbar->respond()
 7 SYSTEMPATH\Events\Events.php(152): CodeIgniter\Events\Events::Config\{closure}()
 8 SYSTEMPATH\CodeIgniter.php(339): CodeIgniter\Events\Events::trigger('pre_system')
 9 SYSTEMPATH\Boot.php(363): CodeIgniter\CodeIgniter->run()
10 SYSTEMPATH\Boot.php(68): CodeIgniter\Boot::runCodeIgniter(Object(CodeIgniter\CodeIgniter))
11 FCPATH\index.php(59): CodeIgniter\Boot::bootWeb(Object(Config\Paths))
DEBUG - 2026-02-25 14:20:08 --> Session: Class initialized using 'CodeIgniter\Session\Handlers\FileHandler' driver.
DEBUG - 2026-02-25 14:20:09 --> DCF Store - Title: test word charts
DEBUG - 2026-02-25 14:20:09 --> DCF Store - Raw Parts: [{"title":"word charts","description":"word charts","questions":[{"question_text":"are you from the ph? yes or no? where?","answer_type":"short_answer","rate_min":"1","rate_max":"10","grid_columns":["Column 1"],"grid_rows":["Row 1"],"options":[""]},{"question_text":"tell me something about your self?","answer_type":"paragraph","rate_min":"1","rate_max":"10","grid_columns":["Column 1"],"grid_rows":["Row 1"],"options":[""]},{"question_text":"give details about computers","answer_type":"wysiwyg","rate_min":"1","rate_max":"10","grid_columns":["Column 1"],"grid_rows":["Row 1"],"options":[""]}]}]
DEBUG - 2026-02-25 14:20:09 --> Normalized parts count: 1
DEBUG - 2026-02-25 14:20:09 --> About to insert DCF with data: {"title":"test word charts","name":"test_word_charts_1772000409","description":"word charts","due_date":"2026-03-14","department_id":9}
DEBUG - 2026-02-25 14:20:09 --> DCF created with ID: 19
INFO - 2026-02-25 14:20:10 --> DCF created successfully with ID: 19
DEBUG - 2026-02-25 14:20:10 --> Session: Class initialized using 'CodeIgniter\Session\Handlers\FileHandler' driver.
CRITICAL - 2026-02-25 14:20:11 --> ErrorException: Trying to access array offset on value of type null
[Method: GET, Route: /]
in SYSTEMPATH\Debug\Toolbar.php on line 217.
 1 SYSTEMPATH\Debug\Toolbar.php(217): CodeIgniter\Debug\Exceptions->errorHandler(2, 'Trying to access array offset on value of type null', 'C:\\xampp\\htdocs\\IM\\system\\Debug\\Toolbar.php', 217)
 2 SYSTEMPATH\Debug\Toolbar.php(200): CodeIgniter\Debug\Toolbar->renderTimelineRecursive([...], 1772000410.446721, 7, 75, [], 0)
 3 SYSTEMPATH\Debug\Toolbar\Views\toolbar.tpl.php(105): CodeIgniter\Debug\Toolbar->renderTimeline([...], 1772000410.446721, 7, 75, [])
 4 SYSTEMPATH\Debug\Toolbar.php(533): include('C:\\xampp\\htdocs\\IM\\system\\Debug\\Toolbar\\Views\\toolbar.tpl.php')
 5 SYSTEMPATH\Debug\Toolbar.php(496): CodeIgniter\Debug\Toolbar->format([...], 'html')
 6 APPPATH\Config\Events.php(47): CodeIgniter\Debug\Toolbar->respond()
 7 SYSTEMPATH\Events\Events.php(152): CodeIgniter\Events\Events::Config\{closure}()
 8 SYSTEMPATH\CodeIgniter.php(339): CodeIgniter\Events\Events::trigger('pre_system')
 9 SYSTEMPATH\Boot.php(363): CodeIgniter\CodeIgniter->run()
10 SYSTEMPATH\Boot.php(68): CodeIgniter\Boot::runCodeIgniter(Object(CodeIgniter\CodeIgniter))
11 FCPATH\index.php(59): CodeIgniter\Boot::bootWeb(Object(Config\Paths))
DEBUG - 2026-02-25 14:20:14 --> Session: Class initialized using 'CodeIgniter\Session\Handlers\FileHandler' driver.
CRITICAL - 2026-02-25 14:20:15 --> ErrorException: Trying to access array offset on value of type null
[Method: GET, Route: /]
in SYSTEMPATH\Debug\Toolbar.php on line 217.
 1 SYSTEMPATH\Debug\Toolbar.php(217): CodeIgniter\Debug\Exceptions->errorHandler(2, 'Trying to access array offset on value of type null', 'C:\\xampp\\htdocs\\IM\\system\\Debug\\Toolbar.php', 217)
 2 SYSTEMPATH\Debug\Toolbar.php(200): CodeIgniter\Debug\Toolbar->renderTimelineRecursive([...], 1772000414.296264, 7, 65, [], 0)
 3 SYSTEMPATH\Debug\Toolbar\Views\toolbar.tpl.php(105): CodeIgniter\Debug\Toolbar->renderTimeline([...], 1772000414.296264, 7, 65, [])
 4 SYSTEMPATH\Debug\Toolbar.php(533): include('C:\\xampp\\htdocs\\IM\\system\\Debug\\Toolbar\\Views\\toolbar.tpl.php')
 5 SYSTEMPATH\Debug\Toolbar.php(496): CodeIgniter\Debug\Toolbar->format([...], 'html')
 6 APPPATH\Config\Events.php(47): CodeIgniter\Debug\Toolbar->respond()
 7 SYSTEMPATH\Events\Events.php(152): CodeIgniter\Events\Events::Config\{closure}()
 8 SYSTEMPATH\CodeIgniter.php(339): CodeIgniter\Events\Events::trigger('pre_system')
 9 SYSTEMPATH\Boot.php(363): CodeIgniter\CodeIgniter->run()
10 SYSTEMPATH\Boot.php(68): CodeIgniter\Boot::runCodeIgniter(Object(CodeIgniter\CodeIgniter))
11 FCPATH\index.php(59): CodeIgniter\Boot::bootWeb(Object(Config\Paths))
DEBUG - 2026-02-25 14:20:19 --> Session: Class initialized using 'CodeIgniter\Session\Handlers\FileHandler' driver.
CRITICAL - 2026-02-25 14:20:24 --> ErrorException: Trying to access array offset on value of type null
[Method: GET, Route: /]
in SYSTEMPATH\Debug\Toolbar.php on line 217.
 1 SYSTEMPATH\Debug\Toolbar.php(217): CodeIgniter\Debug\Exceptions->errorHandler(2, 'Trying to access array offset on value of type null', 'C:\\xampp\\htdocs\\IM\\system\\Debug\\Toolbar.php', 217)
 2 SYSTEMPATH\Debug\Toolbar.php(200): CodeIgniter\Debug\Toolbar->renderTimelineRecursive([...], 1772000419.034612, 7, 365, [], 0)
 3 SYSTEMPATH\Debug\Toolbar\Views\toolbar.tpl.php(105): CodeIgniter\Debug\Toolbar->renderTimeline([...], 1772000419.034612, 7, 365, [])
 4 SYSTEMPATH\Debug\Toolbar.php(533): include('C:\\xampp\\htdocs\\IM\\system\\Debug\\Toolbar\\Views\\toolbar.tpl.php')
 5 SYSTEMPATH\Debug\Toolbar.php(496): CodeIgniter\Debug\Toolbar->format([...], 'html')
 6 APPPATH\Config\Events.php(47): CodeIgniter\Debug\Toolbar->respond()
 7 SYSTEMPATH\Events\Events.php(152): CodeIgniter\Events\Events::Config\{closure}()
 8 SYSTEMPATH\CodeIgniter.php(339): CodeIgniter\Events\Events::trigger('pre_system')
 9 SYSTEMPATH\Boot.php(363): CodeIgniter\CodeIgniter->run()
10 SYSTEMPATH\Boot.php(68): CodeIgniter\Boot::runCodeIgniter(Object(CodeIgniter\CodeIgniter))
11 FCPATH\index.php(59): CodeIgniter\Boot::bootWeb(Object(Config\Paths))
DEBUG - 2026-02-25 14:21:41 --> Session: Class initialized using 'CodeIgniter\Session\Handlers\FileHandler' driver.
DEBUG - 2026-02-25 14:21:47 --> Session: Class initialized using 'CodeIgniter\Session\Handlers\FileHandler' driver.
DEBUG - 2026-02-25 14:21:50 --> Session: Class initialized using 'CodeIgniter\Session\Handlers\FileHandler' driver.
CRITICAL - 2026-02-25 14:21:50 --> ErrorException: Trying to access array offset on value of type null
[Method: GET, Route: /]
in SYSTEMPATH\Debug\Toolbar.php on line 217.
 1 SYSTEMPATH\Debug\Toolbar.php(217): CodeIgniter\Debug\Exceptions->errorHandler(2, 'Trying to access array offset on value of type null', 'C:\\xampp\\htdocs\\IM\\system\\Debug\\Toolbar.php', 217)
 2 SYSTEMPATH\Debug\Toolbar.php(200): CodeIgniter\Debug\Toolbar->renderTimelineRecursive([...], 1772000510.135765, 5, 15, [], 0)
 3 SYSTEMPATH\Debug\Toolbar\Views\toolbar.tpl.php(105): CodeIgniter\Debug\Toolbar->renderTimeline([...], 1772000510.135765, 5, 15, [])
 4 SYSTEMPATH\Debug\Toolbar.php(533): include('C:\\xampp\\htdocs\\IM\\system\\Debug\\Toolbar\\Views\\toolbar.tpl.php')
 5 SYSTEMPATH\Debug\Toolbar.php(496): CodeIgniter\Debug\Toolbar->format([...], 'html')
 6 APPPATH\Config\Events.php(47): CodeIgniter\Debug\Toolbar->respond()
 7 SYSTEMPATH\Events\Events.php(152): CodeIgniter\Events\Events::Config\{closure}()
 8 SYSTEMPATH\CodeIgniter.php(339): CodeIgniter\Events\Events::trigger('pre_system')
 9 SYSTEMPATH\Boot.php(363): CodeIgniter\CodeIgniter->run()
10 SYSTEMPATH\Boot.php(68): CodeIgniter\Boot::runCodeIgniter(Object(CodeIgniter\CodeIgniter))
11 FCPATH\index.php(59): CodeIgniter\Boot::bootWeb(Object(Config\Paths))
DEBUG - 2026-02-25 14:22:49 --> Session: Class initialized using 'CodeIgniter\Session\Handlers\FileHandler' driver.
DEBUG - 2026-02-25 14:22:52 --> Session: Class initialized using 'CodeIgniter\Session\Handlers\FileHandler' driver.
DEBUG - 2026-02-25 14:22:54 --> Session: Class initialized using 'CodeIgniter\Session\Handlers\FileHandler' driver.
CRITICAL - 2026-02-25 14:22:55 --> ErrorException: Trying to access array offset on value of type null
[Method: GET, Route: /]
in SYSTEMPATH\Debug\Toolbar.php on line 217.
 1 SYSTEMPATH\Debug\Toolbar.php(217): CodeIgniter\Debug\Exceptions->errorHandler(2, 'Trying to access array offset on value of type null', 'C:\\xampp\\htdocs\\IM\\system\\Debug\\Toolbar.php', 217)
 2 SYSTEMPATH\Debug\Toolbar.php(200): CodeIgniter\Debug\Toolbar->renderTimelineRecursive([...], 1772000574.681703, 7, 10, [], 0)
 3 SYSTEMPATH\Debug\Toolbar\Views\toolbar.tpl.php(105): CodeIgniter\Debug\Toolbar->renderTimeline([...], 1772000574.681703, 7, 10, [])
 4 SYSTEMPATH\Debug\Toolbar.php(533): include('C:\\xampp\\htdocs\\IM\\system\\Debug\\Toolbar\\Views\\toolbar.tpl.php')
 5 SYSTEMPATH\Debug\Toolbar.php(496): CodeIgniter\Debug\Toolbar->format([...], 'html')
 6 APPPATH\Config\Events.php(47): CodeIgniter\Debug\Toolbar->respond()
 7 SYSTEMPATH\Events\Events.php(152): CodeIgniter\Events\Events::Config\{closure}()
 8 SYSTEMPATH\CodeIgniter.php(339): CodeIgniter\Events\Events::trigger('pre_system')
 9 SYSTEMPATH\Boot.php(363): CodeIgniter\CodeIgniter->run()
10 SYSTEMPATH\Boot.php(68): CodeIgniter\Boot::runCodeIgniter(Object(CodeIgniter\CodeIgniter))
11 FCPATH\index.php(59): CodeIgniter\Boot::bootWeb(Object(Config\Paths))
DEBUG - 2026-02-25 14:23:42 --> Session: Class initialized using 'CodeIgniter\Session\Handlers\FileHandler' driver.
DEBUG - 2026-02-25 14:23:52 --> Session: Class initialized using 'CodeIgniter\Session\Handlers\FileHandler' driver.
DEBUG - 2026-02-25 14:23:57 --> Session: Class initialized using 'CodeIgniter\Session\Handlers\FileHandler' driver.
CRITICAL - 2026-02-25 14:23:57 --> ErrorException: Trying to access array offset on value of type null
[Method: GET, Route: /]
in SYSTEMPATH\Debug\Toolbar.php on line 217.
 1 SYSTEMPATH\Debug\Toolbar.php(217): CodeIgniter\Debug\Exceptions->errorHandler(2, 'Trying to access array offset on value of type null', 'C:\\xampp\\htdocs\\IM\\system\\Debug\\Toolbar.php', 217)
 2 SYSTEMPATH\Debug\Toolbar.php(200): CodeIgniter\Debug\Toolbar->renderTimelineRecursive([...], 1772000637.516478, 6, 15, [], 0)
 3 SYSTEMPATH\Debug\Toolbar\Views\toolbar.tpl.php(105): CodeIgniter\Debug\Toolbar->renderTimeline([...], 1772000637.516478, 6, 15, [])
 4 SYSTEMPATH\Debug\Toolbar.php(533): include('C:\\xampp\\htdocs\\IM\\system\\Debug\\Toolbar\\Views\\toolbar.tpl.php')
 5 SYSTEMPATH\Debug\Toolbar.php(496): CodeIgniter\Debug\Toolbar->format([...], 'html')
 6 APPPATH\Config\Events.php(47): CodeIgniter\Debug\Toolbar->respond()
 7 SYSTEMPATH\Events\Events.php(152): CodeIgniter\Events\Events::Config\{closure}()
 8 SYSTEMPATH\CodeIgniter.php(339): CodeIgniter\Events\Events::trigger('pre_system')
 9 SYSTEMPATH\Boot.php(363): CodeIgniter\CodeIgniter->run()
10 SYSTEMPATH\Boot.php(68): CodeIgniter\Boot::runCodeIgniter(Object(CodeIgniter\CodeIgniter))
11 FCPATH\index.php(59): CodeIgniter\Boot::bootWeb(Object(Config\Paths))
DEBUG - 2026-02-25 14:24:46 --> Session: Class initialized using 'CodeIgniter\Session\Handlers\FileHandler' driver.
DEBUG - 2026-02-25 14:24:50 --> Session: Class initialized using 'CodeIgniter\Session\Handlers\FileHandler' driver.
DEBUG - 2026-02-25 14:24:53 --> Session: Class initialized using 'CodeIgniter\Session\Handlers\FileHandler' driver.
CRITICAL - 2026-02-25 14:24:54 --> ErrorException: Trying to access array offset on value of type null
[Method: GET, Route: /]
in SYSTEMPATH\Debug\Toolbar.php on line 217.
 1 SYSTEMPATH\Debug\Toolbar.php(217): CodeIgniter\Debug\Exceptions->errorHandler(2, 'Trying to access array offset on value of type null', 'C:\\xampp\\htdocs\\IM\\system\\Debug\\Toolbar.php', 217)
 2 SYSTEMPATH\Debug\Toolbar.php(200): CodeIgniter\Debug\Toolbar->renderTimelineRecursive([...], 1772000693.794983, 6, 15, [], 0)
 3 SYSTEMPATH\Debug\Toolbar\Views\toolbar.tpl.php(105): CodeIgniter\Debug\Toolbar->renderTimeline([...], 1772000693.794983, 6, 15, [])
 4 SYSTEMPATH\Debug\Toolbar.php(533): include('C:\\xampp\\htdocs\\IM\\system\\Debug\\Toolbar\\Views\\toolbar.tpl.php')
 5 SYSTEMPATH\Debug\Toolbar.php(496): CodeIgniter\Debug\Toolbar->format([...], 'html')
 6 APPPATH\Config\Events.php(47): CodeIgniter\Debug\Toolbar->respond()
 7 SYSTEMPATH\Events\Events.php(152): CodeIgniter\Events\Events::Config\{closure}()
 8 SYSTEMPATH\CodeIgniter.php(339): CodeIgniter\Events\Events::trigger('pre_system')
 9 SYSTEMPATH\Boot.php(363): CodeIgniter\CodeIgniter->run()
10 SYSTEMPATH\Boot.php(68): CodeIgniter\Boot::runCodeIgniter(Object(CodeIgniter\CodeIgniter))
11 FCPATH\index.php(59): CodeIgniter\Boot::bootWeb(Object(Config\Paths))
DEBUG - 2026-02-25 14:26:00 --> Session: Class initialized using 'CodeIgniter\Session\Handlers\FileHandler' driver.
CRITICAL - 2026-02-25 14:26:00 --> ErrorException: Trying to access array offset on value of type null
[Method: GET, Route: /]
in SYSTEMPATH\Debug\Toolbar.php on line 217.
 1 SYSTEMPATH\Debug\Toolbar.php(217): CodeIgniter\Debug\Exceptions->errorHandler(2, 'Trying to access array offset on value of type null', 'C:\\xampp\\htdocs\\IM\\system\\Debug\\Toolbar.php', 217)
 2 SYSTEMPATH\Debug\Toolbar.php(200): CodeIgniter\Debug\Toolbar->renderTimelineRecursive([...], 1772000759.542991, 7, 90, [], 0)
 3 SYSTEMPATH\Debug\Toolbar\Views\toolbar.tpl.php(105): CodeIgniter\Debug\Toolbar->renderTimeline([...], 1772000759.542991, 7, 90, [])
 4 SYSTEMPATH\Debug\Toolbar.php(533): include('C:\\xampp\\htdocs\\IM\\system\\Debug\\Toolbar\\Views\\toolbar.tpl.php')
 5 SYSTEMPATH\Debug\Toolbar.php(496): CodeIgniter\Debug\Toolbar->format([...], 'html')
 6 APPPATH\Config\Events.php(47): CodeIgniter\Debug\Toolbar->respond()
 7 SYSTEMPATH\Events\Events.php(152): CodeIgniter\Events\Events::Config\{closure}()
 8 SYSTEMPATH\CodeIgniter.php(339): CodeIgniter\Events\Events::trigger('pre_system')
 9 SYSTEMPATH\Boot.php(363): CodeIgniter\CodeIgniter->run()
10 SYSTEMPATH\Boot.php(68): CodeIgniter\Boot::runCodeIgniter(Object(CodeIgniter\CodeIgniter))
11 FCPATH\index.php(59): CodeIgniter\Boot::bootWeb(Object(Config\Paths))
DEBUG - 2026-02-25 14:26:54 --> Session: Class initialized using 'CodeIgniter\Session\Handlers\FileHandler' driver.
DEBUG - 2026-02-25 14:26:58 --> Session: Class initialized using 'CodeIgniter\Session\Handlers\FileHandler' driver.
DEBUG - 2026-02-25 14:27:01 --> Session: Class initialized using 'CodeIgniter\Session\Handlers\FileHandler' driver.
CRITICAL - 2026-02-25 14:27:01 --> ErrorException: Trying to access array offset on value of type null
[Method: GET, Route: /]
in SYSTEMPATH\Debug\Toolbar.php on line 217.
 1 SYSTEMPATH\Debug\Toolbar.php(217): CodeIgniter\Debug\Exceptions->errorHandler(2, 'Trying to access array offset on value of type null', 'C:\\xampp\\htdocs\\IM\\system\\Debug\\Toolbar.php', 217)
 2 SYSTEMPATH\Debug\Toolbar.php(200): CodeIgniter\Debug\Toolbar->renderTimelineRecursive([...], 1772000821.249045, 6, 15, [], 0)
 3 SYSTEMPATH\Debug\Toolbar\Views\toolbar.tpl.php(105): CodeIgniter\Debug\Toolbar->renderTimeline([...], 1772000821.249045, 6, 15, [])
 4 SYSTEMPATH\Debug\Toolbar.php(533): include('C:\\xampp\\htdocs\\IM\\system\\Debug\\Toolbar\\Views\\toolbar.tpl.php')
 5 SYSTEMPATH\Debug\Toolbar.php(496): CodeIgniter\Debug\Toolbar->format([...], 'html')
 6 APPPATH\Config\Events.php(47): CodeIgniter\Debug\Toolbar->respond()
 7 SYSTEMPATH\Events\Events.php(152): CodeIgniter\Events\Events::Config\{closure}()
 8 SYSTEMPATH\CodeIgniter.php(339): CodeIgniter\Events\Events::trigger('pre_system')
 9 SYSTEMPATH\Boot.php(363): CodeIgniter\CodeIgniter->run()
10 SYSTEMPATH\Boot.php(68): CodeIgniter\Boot::runCodeIgniter(Object(CodeIgniter\CodeIgniter))
11 FCPATH\index.php(59): CodeIgniter\Boot::bootWeb(Object(Config\Paths))
DEBUG - 2026-02-25 14:32:29 --> Session: Class initialized using 'CodeIgniter\Session\Handlers\FileHandler' driver.
CRITICAL - 2026-02-25 14:32:29 --> ErrorException: Trying to access array offset on value of type null
[Method: GET, Route: /]
in SYSTEMPATH\Debug\Toolbar.php on line 217.
 1 SYSTEMPATH\Debug\Toolbar.php(217): CodeIgniter\Debug\Exceptions->errorHandler(2, 'Trying to access array offset on value of type null', 'C:\\xampp\\htdocs\\IM\\system\\Debug\\Toolbar.php', 217)
 2 SYSTEMPATH\Debug\Toolbar.php(200): CodeIgniter\Debug\Toolbar->renderTimelineRecursive([...], 1772001148.923027, 7, 65, [], 0)
 3 SYSTEMPATH\Debug\Toolbar\Views\toolbar.tpl.php(105): CodeIgniter\Debug\Toolbar->renderTimeline([...], 1772001148.923027, 7, 65, [])
 4 SYSTEMPATH\Debug\Toolbar.php(533): include('C:\\xampp\\htdocs\\IM\\system\\Debug\\Toolbar\\Views\\toolbar.tpl.php')
 5 SYSTEMPATH\Debug\Toolbar.php(496): CodeIgniter\Debug\Toolbar->format([...], 'html')
 6 APPPATH\Config\Events.php(47): CodeIgniter\Debug\Toolbar->respond()
 7 SYSTEMPATH\Events\Events.php(152): CodeIgniter\Events\Events::Config\{closure}()
 8 SYSTEMPATH\CodeIgniter.php(339): CodeIgniter\Events\Events::trigger('pre_system')
 9 SYSTEMPATH\Boot.php(363): CodeIgniter\CodeIgniter->run()
10 SYSTEMPATH\Boot.php(68): CodeIgniter\Boot::runCodeIgniter(Object(CodeIgniter\CodeIgniter))
11 FCPATH\index.php(59): CodeIgniter\Boot::bootWeb(Object(Config\Paths))
DEBUG - 2026-02-25 14:32:46 --> Session: Class initialized using 'CodeIgniter\Session\Handlers\FileHandler' driver.
CRITICAL - 2026-02-25 14:32:47 --> ErrorException: Trying to access array offset on value of type null
[Method: GET, Route: /]
in SYSTEMPATH\Debug\Toolbar.php on line 217.
 1 SYSTEMPATH\Debug\Toolbar.php(217): CodeIgniter\Debug\Exceptions->errorHandler(2, 'Trying to access array offset on value of type null', 'C:\\xampp\\htdocs\\IM\\system\\Debug\\Toolbar.php', 217)
 2 SYSTEMPATH\Debug\Toolbar.php(200): CodeIgniter\Debug\Toolbar->renderTimelineRecursive([...], 1772001166.946702, 6, 15, [], 0)
 3 SYSTEMPATH\Debug\Toolbar\Views\toolbar.tpl.php(105): CodeIgniter\Debug\Toolbar->renderTimeline([...], 1772001166.946702, 6, 15, [])
 4 SYSTEMPATH\Debug\Toolbar.php(533): include('C:\\xampp\\htdocs\\IM\\system\\Debug\\Toolbar\\Views\\toolbar.tpl.php')
 5 SYSTEMPATH\Debug\Toolbar.php(496): CodeIgniter\Debug\Toolbar->format([...], 'html')
 6 APPPATH\Config\Events.php(47): CodeIgniter\Debug\Toolbar->respond()
 7 SYSTEMPATH\Events\Events.php(152): CodeIgniter\Events\Events::Config\{closure}()
 8 SYSTEMPATH\CodeIgniter.php(339): CodeIgniter\Events\Events::trigger('pre_system')
 9 SYSTEMPATH\Boot.php(363): CodeIgniter\CodeIgniter->run()
10 SYSTEMPATH\Boot.php(68): CodeIgniter\Boot::runCodeIgniter(Object(CodeIgniter\CodeIgniter))
11 FCPATH\index.php(59): CodeIgniter\Boot::bootWeb(Object(Config\Paths))
DEBUG - 2026-02-25 14:36:16 --> Session: Class initialized using 'CodeIgniter\Session\Handlers\FileHandler' driver.
CRITICAL - 2026-02-25 14:36:17 --> ErrorException: Trying to access array offset on value of type null
[Method: GET, Route: /]
in SYSTEMPATH\Debug\Toolbar.php on line 217.
 1 SYSTEMPATH\Debug\Toolbar.php(217): CodeIgniter\Debug\Exceptions->errorHandler(2, 'Trying to access array offset on value of type null', 'C:\\xampp\\htdocs\\IM\\system\\Debug\\Toolbar.php', 217)
 2 SYSTEMPATH\Debug\Toolbar.php(200): CodeIgniter\Debug\Toolbar->renderTimelineRecursive([...], 1772001376.123459, 7, 60, [], 0)
 3 SYSTEMPATH\Debug\Toolbar\Views\toolbar.tpl.php(105): CodeIgniter\Debug\Toolbar->renderTimeline([...], 1772001376.123459, 7, 60, [])
 4 SYSTEMPATH\Debug\Toolbar.php(533): include('C:\\xampp\\htdocs\\IM\\system\\Debug\\Toolbar\\Views\\toolbar.tpl.php')
 5 SYSTEMPATH\Debug\Toolbar.php(496): CodeIgniter\Debug\Toolbar->format([...], 'html')
 6 APPPATH\Config\Events.php(47): CodeIgniter\Debug\Toolbar->respond()
 7 SYSTEMPATH\Events\Events.php(152): CodeIgniter\Events\Events::Config\{closure}()
 8 SYSTEMPATH\CodeIgniter.php(339): CodeIgniter\Events\Events::trigger('pre_system')
 9 SYSTEMPATH\Boot.php(363): CodeIgniter\CodeIgniter->run()
10 SYSTEMPATH\Boot.php(68): CodeIgniter\Boot::runCodeIgniter(Object(CodeIgniter\CodeIgniter))
11 FCPATH\index.php(59): CodeIgniter\Boot::bootWeb(Object(Config\Paths))
DEBUG - 2026-02-25 14:37:06 --> Session: Class initialized using 'CodeIgniter\Session\Handlers\FileHandler' driver.
DEBUG - 2026-02-25 14:37:08 --> Session: Class initialized using 'CodeIgniter\Session\Handlers\FileHandler' driver.
CRITICAL - 2026-02-25 14:37:08 --> ErrorException: Trying to access array offset on value of type null
[Method: GET, Route: /]
in SYSTEMPATH\Debug\Toolbar.php on line 217.
 1 SYSTEMPATH\Debug\Toolbar.php(217): CodeIgniter\Debug\Exceptions->errorHandler(2, 'Trying to access array offset on value of type null', 'C:\\xampp\\htdocs\\IM\\system\\Debug\\Toolbar.php', 217)
 2 SYSTEMPATH\Debug\Toolbar.php(200): CodeIgniter\Debug\Toolbar->renderTimelineRecursive([...], 1772001428.026415, 6, 15, [], 0)
 3 SYSTEMPATH\Debug\Toolbar\Views\toolbar.tpl.php(105): CodeIgniter\Debug\Toolbar->renderTimeline([...], 1772001428.026415, 6, 15, [])
 4 SYSTEMPATH\Debug\Toolbar.php(533): include('C:\\xampp\\htdocs\\IM\\system\\Debug\\Toolbar\\Views\\toolbar.tpl.php')
 5 SYSTEMPATH\Debug\Toolbar.php(496): CodeIgniter\Debug\Toolbar->format([...], 'html')
 6 APPPATH\Config\Events.php(47): CodeIgniter\Debug\Toolbar->respond()
 7 SYSTEMPATH\Events\Events.php(152): CodeIgniter\Events\Events::Config\{closure}()
 8 SYSTEMPATH\CodeIgniter.php(339): CodeIgniter\Events\Events::trigger('pre_system')
 9 SYSTEMPATH\Boot.php(363): CodeIgniter\CodeIgniter->run()
10 SYSTEMPATH\Boot.php(68): CodeIgniter\Boot::runCodeIgniter(Object(CodeIgniter\CodeIgniter))
11 FCPATH\index.php(59): CodeIgniter\Boot::bootWeb(Object(Config\Paths))
DEBUG - 2026-02-25 14:39:03 --> Session: Class initialized using 'CodeIgniter\Session\Handlers\FileHandler' driver.
CRITICAL - 2026-02-25 14:39:04 --> ErrorException: Trying to access array offset on value of type null
[Method: GET, Route: /]
in SYSTEMPATH\Debug\Toolbar.php on line 217.
 1 SYSTEMPATH\Debug\Toolbar.php(217): CodeIgniter\Debug\Exceptions->errorHandler(2, 'Trying to access array offset on value of type null', 'C:\\xampp\\htdocs\\IM\\system\\Debug\\Toolbar.php', 217)
 2 SYSTEMPATH\Debug\Toolbar.php(200): CodeIgniter\Debug\Toolbar->renderTimelineRecursive([...], 1772001543.037439, 7, 55, [], 0)
 3 SYSTEMPATH\Debug\Toolbar\Views\toolbar.tpl.php(105): CodeIgniter\Debug\Toolbar->renderTimeline([...], 1772001543.037439, 7, 55, [])
 4 SYSTEMPATH\Debug\Toolbar.php(533): include('C:\\xampp\\htdocs\\IM\\system\\Debug\\Toolbar\\Views\\toolbar.tpl.php')
 5 SYSTEMPATH\Debug\Toolbar.php(496): CodeIgniter\Debug\Toolbar->format([...], 'html')
 6 APPPATH\Config\Events.php(47): CodeIgniter\Debug\Toolbar->respond()
 7 SYSTEMPATH\Events\Events.php(152): CodeIgniter\Events\Events::Config\{closure}()
 8 SYSTEMPATH\CodeIgniter.php(339): CodeIgniter\Events\Events::trigger('pre_system')
 9 SYSTEMPATH\Boot.php(363): CodeIgniter\CodeIgniter->run()
10 SYSTEMPATH\Boot.php(68): CodeIgniter\Boot::runCodeIgniter(Object(CodeIgniter\CodeIgniter))
11 FCPATH\index.php(59): CodeIgniter\Boot::bootWeb(Object(Config\Paths))
DEBUG - 2026-02-25 14:39:06 --> Session: Class initialized using 'CodeIgniter\Session\Handlers\FileHandler' driver.
CRITICAL - 2026-02-25 14:39:07 --> ErrorException: Trying to access array offset on value of type null
[Method: GET, Route: /]
in SYSTEMPATH\Debug\Toolbar.php on line 217.
 1 SYSTEMPATH\Debug\Toolbar.php(217): CodeIgniter\Debug\Exceptions->errorHandler(2, 'Trying to access array offset on value of type null', 'C:\\xampp\\htdocs\\IM\\system\\Debug\\Toolbar.php', 217)
 2 SYSTEMPATH\Debug\Toolbar.php(200): CodeIgniter\Debug\Toolbar->renderTimelineRecursive([...], 1772001546.785856, 6, 15, [], 0)
 3 SYSTEMPATH\Debug\Toolbar\Views\toolbar.tpl.php(105): CodeIgniter\Debug\Toolbar->renderTimeline([...], 1772001546.785856, 6, 15, [])
 4 SYSTEMPATH\Debug\Toolbar.php(533): include('C:\\xampp\\htdocs\\IM\\system\\Debug\\Toolbar\\Views\\toolbar.tpl.php')
 5 SYSTEMPATH\Debug\Toolbar.php(496): CodeIgniter\Debug\Toolbar->format([...], 'html')
 6 APPPATH\Config\Events.php(47): CodeIgniter\Debug\Toolbar->respond()
 7 SYSTEMPATH\Events\Events.php(152): CodeIgniter\Events\Events::Config\{closure}()
 8 SYSTEMPATH\CodeIgniter.php(339): CodeIgniter\Events\Events::trigger('pre_system')
 9 SYSTEMPATH\Boot.php(363): CodeIgniter\CodeIgniter->run()
10 SYSTEMPATH\Boot.php(68): CodeIgniter\Boot::runCodeIgniter(Object(CodeIgniter\CodeIgniter))
11 FCPATH\index.php(59): CodeIgniter\Boot::bootWeb(Object(Config\Paths))
DEBUG - 2026-02-25 14:51:50 --> Session: Class initialized using 'CodeIgniter\Session\Handlers\FileHandler' driver.
CRITICAL - 2026-02-25 14:51:50 --> ErrorException: Trying to access array offset on value of type null
[Method: GET, Route: /]
in SYSTEMPATH\Debug\Toolbar.php on line 217.
 1 SYSTEMPATH\Debug\Toolbar.php(217): CodeIgniter\Debug\Exceptions->errorHandler(2, 'Trying to access array offset on value of type null', 'C:\\xampp\\htdocs\\IM\\system\\Debug\\Toolbar.php', 217)
 2 SYSTEMPATH\Debug\Toolbar.php(200): CodeIgniter\Debug\Toolbar->renderTimelineRecursive([...], 1772002310.059136, 7, 60, [], 0)
 3 SYSTEMPATH\Debug\Toolbar\Views\toolbar.tpl.php(105): CodeIgniter\Debug\Toolbar->renderTimeline([...], 1772002310.059136, 7, 60, [])
 4 SYSTEMPATH\Debug\Toolbar.php(533): include('C:\\xampp\\htdocs\\IM\\system\\Debug\\Toolbar\\Views\\toolbar.tpl.php')
 5 SYSTEMPATH\Debug\Toolbar.php(496): CodeIgniter\Debug\Toolbar->format([...], 'html')
 6 APPPATH\Config\Events.php(47): CodeIgniter\Debug\Toolbar->respond()
 7 SYSTEMPATH\Events\Events.php(152): CodeIgniter\Events\Events::Config\{closure}()
 8 SYSTEMPATH\CodeIgniter.php(339): CodeIgniter\Events\Events::trigger('pre_system')
 9 SYSTEMPATH\Boot.php(363): CodeIgniter\CodeIgniter->run()
10 SYSTEMPATH\Boot.php(68): CodeIgniter\Boot::runCodeIgniter(Object(CodeIgniter\CodeIgniter))
11 FCPATH\index.php(59): CodeIgniter\Boot::bootWeb(Object(Config\Paths))
DEBUG - 2026-02-25 14:53:54 --> Session: Class initialized using 'CodeIgniter\Session\Handlers\FileHandler' driver.
CRITICAL - 2026-02-25 14:53:55 --> ErrorException: Trying to access array offset on value of type null
[Method: GET, Route: /]
in SYSTEMPATH\Debug\Toolbar.php on line 217.
 1 SYSTEMPATH\Debug\Toolbar.php(217): CodeIgniter\Debug\Exceptions->errorHandler(2, 'Trying to access array offset on value of type null', 'C:\\xampp\\htdocs\\IM\\system\\Debug\\Toolbar.php', 217)
 2 SYSTEMPATH\Debug\Toolbar.php(200): CodeIgniter\Debug\Toolbar->renderTimelineRecursive([...], 1772002434.421816, 7, 65, [], 0)
 3 SYSTEMPATH\Debug\Toolbar\Views\toolbar.tpl.php(105): CodeIgniter\Debug\Toolbar->renderTimeline([...], 1772002434.421816, 7, 65, [])
 4 SYSTEMPATH\Debug\Toolbar.php(533): include('C:\\xampp\\htdocs\\IM\\system\\Debug\\Toolbar\\Views\\toolbar.tpl.php')
 5 SYSTEMPATH\Debug\Toolbar.php(496): CodeIgniter\Debug\Toolbar->format([...], 'html')
 6 APPPATH\Config\Events.php(47): CodeIgniter\Debug\Toolbar->respond()
 7 SYSTEMPATH\Events\Events.php(152): CodeIgniter\Events\Events::Config\{closure}()
 8 SYSTEMPATH\CodeIgniter.php(339): CodeIgniter\Events\Events::trigger('pre_system')
 9 SYSTEMPATH\Boot.php(363): CodeIgniter\CodeIgniter->run()
10 SYSTEMPATH\Boot.php(68): CodeIgniter\Boot::runCodeIgniter(Object(CodeIgniter\CodeIgniter))
11 FCPATH\index.php(59): CodeIgniter\Boot::bootWeb(Object(Config\Paths))
DEBUG - 2026-02-25 14:57:03 --> Session: Class initialized using 'CodeIgniter\Session\Handlers\FileHandler' driver.
CRITICAL - 2026-02-25 14:57:04 --> ErrorException: Trying to access array offset on value of type null
[Method: GET, Route: /]
in SYSTEMPATH\Debug\Toolbar.php on line 217.
 1 SYSTEMPATH\Debug\Toolbar.php(217): CodeIgniter\Debug\Exceptions->errorHandler(2, 'Trying to access array offset on value of type null', 'C:\\xampp\\htdocs\\IM\\system\\Debug\\Toolbar.php', 217)
 2 SYSTEMPATH\Debug\Toolbar.php(200): CodeIgniter\Debug\Toolbar->renderTimelineRecursive([...], 1772002623.163743, 7, 150, [], 0)
 3 SYSTEMPATH\Debug\Toolbar\Views\toolbar.tpl.php(105): CodeIgniter\Debug\Toolbar->renderTimeline([...], 1772002623.163743, 7, 150, [])
 4 SYSTEMPATH\Debug\Toolbar.php(533): include('C:\\xampp\\htdocs\\IM\\system\\Debug\\Toolbar\\Views\\toolbar.tpl.php')
 5 SYSTEMPATH\Debug\Toolbar.php(496): CodeIgniter\Debug\Toolbar->format([...], 'html')
 6 APPPATH\Config\Events.php(47): CodeIgniter\Debug\Toolbar->respond()
 7 SYSTEMPATH\Events\Events.php(152): CodeIgniter\Events\Events::Config\{closure}()
 8 SYSTEMPATH\CodeIgniter.php(339): CodeIgniter\Events\Events::trigger('pre_system')
 9 SYSTEMPATH\Boot.php(363): CodeIgniter\CodeIgniter->run()
10 SYSTEMPATH\Boot.php(68): CodeIgniter\Boot::runCodeIgniter(Object(CodeIgniter\CodeIgniter))
11 FCPATH\index.php(59): CodeIgniter\Boot::bootWeb(Object(Config\Paths))
DEBUG - 2026-02-25 15:00:09 --> Session: Class initialized using 'CodeIgniter\Session\Handlers\FileHandler' driver.
CRITICAL - 2026-02-25 15:00:10 --> ErrorException: Trying to access array offset on value of type null
[Method: GET, Route: /]
in SYSTEMPATH\Debug\Toolbar.php on line 217.
 1 SYSTEMPATH\Debug\Toolbar.php(217): CodeIgniter\Debug\Exceptions->errorHandler(2, 'Trying to access array offset on value of type null', 'C:\\xampp\\htdocs\\IM\\system\\Debug\\Toolbar.php', 217)
 2 SYSTEMPATH\Debug\Toolbar.php(200): CodeIgniter\Debug\Toolbar->renderTimelineRecursive([...], 1772002809.661207, 7, 75, [], 0)
 3 SYSTEMPATH\Debug\Toolbar\Views\toolbar.tpl.php(105): CodeIgniter\Debug\Toolbar->renderTimeline([...], 1772002809.661207, 7, 75, [])
 4 SYSTEMPATH\Debug\Toolbar.php(533): include('C:\\xampp\\htdocs\\IM\\system\\Debug\\Toolbar\\Views\\toolbar.tpl.php')
 5 SYSTEMPATH\Debug\Toolbar.php(496): CodeIgniter\Debug\Toolbar->format([...], 'html')
 6 APPPATH\Config\Events.php(47): CodeIgniter\Debug\Toolbar->respond()
 7 SYSTEMPATH\Events\Events.php(152): CodeIgniter\Events\Events::Config\{closure}()
 8 SYSTEMPATH\CodeIgniter.php(339): CodeIgniter\Events\Events::trigger('pre_system')
 9 SYSTEMPATH\Boot.php(363): CodeIgniter\CodeIgniter->run()
10 SYSTEMPATH\Boot.php(68): CodeIgniter\Boot::runCodeIgniter(Object(CodeIgniter\CodeIgniter))
11 FCPATH\index.php(59): CodeIgniter\Boot::bootWeb(Object(Config\Paths))
DEBUG - 2026-02-25 15:01:58 --> Session: Class initialized using 'CodeIgniter\Session\Handlers\FileHandler' driver.
CRITICAL - 2026-02-25 15:01:59 --> ErrorException: Trying to access array offset on value of type null
[Method: GET, Route: /]
in SYSTEMPATH\Debug\Toolbar.php on line 217.
 1 SYSTEMPATH\Debug\Toolbar.php(217): CodeIgniter\Debug\Exceptions->errorHandler(2, 'Trying to access array offset on value of type null', 'C:\\xampp\\htdocs\\IM\\system\\Debug\\Toolbar.php', 217)
 2 SYSTEMPATH\Debug\Toolbar.php(200): CodeIgniter\Debug\Toolbar->renderTimelineRecursive([...], 1772002918.419923, 7, 85, [], 0)
 3 SYSTEMPATH\Debug\Toolbar\Views\toolbar.tpl.php(105): CodeIgniter\Debug\Toolbar->renderTimeline([...], 1772002918.419923, 7, 85, [])
 4 SYSTEMPATH\Debug\Toolbar.php(533): include('C:\\xampp\\htdocs\\IM\\system\\Debug\\Toolbar\\Views\\toolbar.tpl.php')
 5 SYSTEMPATH\Debug\Toolbar.php(496): CodeIgniter\Debug\Toolbar->format([...], 'html')
 6 APPPATH\Config\Events.php(47): CodeIgniter\Debug\Toolbar->respond()
 7 SYSTEMPATH\Events\Events.php(152): CodeIgniter\Events\Events::Config\{closure}()
 8 SYSTEMPATH\CodeIgniter.php(339): CodeIgniter\Events\Events::trigger('pre_system')
 9 SYSTEMPATH\Boot.php(363): CodeIgniter\CodeIgniter->run()
10 SYSTEMPATH\Boot.php(68): CodeIgniter\Boot::runCodeIgniter(Object(CodeIgniter\CodeIgniter))
11 FCPATH\index.php(59): CodeIgniter\Boot::bootWeb(Object(Config\Paths))
DEBUG - 2026-02-25 15:03:59 --> Session: Class initialized using 'CodeIgniter\Session\Handlers\FileHandler' driver.
CRITICAL - 2026-02-25 15:04:00 --> ErrorException: Trying to access array offset on value of type null
[Method: GET, Route: /]
in SYSTEMPATH\Debug\Toolbar.php on line 217.
 1 SYSTEMPATH\Debug\Toolbar.php(217): CodeIgniter\Debug\Exceptions->errorHandler(2, 'Trying to access array offset on value of type null', 'C:\\xampp\\htdocs\\IM\\system\\Debug\\Toolbar.php', 217)
 2 SYSTEMPATH\Debug\Toolbar.php(200): CodeIgniter\Debug\Toolbar->renderTimelineRecursive([...], 1772003039.653231, 7, 95, [], 0)
 3 SYSTEMPATH\Debug\Toolbar\Views\toolbar.tpl.php(105): CodeIgniter\Debug\Toolbar->renderTimeline([...], 1772003039.653231, 7, 95, [])
 4 SYSTEMPATH\Debug\Toolbar.php(533): include('C:\\xampp\\htdocs\\IM\\system\\Debug\\Toolbar\\Views\\toolbar.tpl.php')
 5 SYSTEMPATH\Debug\Toolbar.php(496): CodeIgniter\Debug\Toolbar->format([...], 'html')
 6 APPPATH\Config\Events.php(47): CodeIgniter\Debug\Toolbar->respond()
 7 SYSTEMPATH\Events\Events.php(152): CodeIgniter\Events\Events::Config\{closure}()
 8 SYSTEMPATH\CodeIgniter.php(339): CodeIgniter\Events\Events::trigger('pre_system')
 9 SYSTEMPATH\Boot.php(363): CodeIgniter\CodeIgniter->run()
10 SYSTEMPATH\Boot.php(68): CodeIgniter\Boot::runCodeIgniter(Object(CodeIgniter\CodeIgniter))
11 FCPATH\index.php(59): CodeIgniter\Boot::bootWeb(Object(Config\Paths))
DEBUG - 2026-02-25 15:13:51 --> Session: Class initialized using 'CodeIgniter\Session\Handlers\FileHandler' driver.
CRITICAL - 2026-02-25 15:13:52 --> ErrorException: Trying to access array offset on value of type null
[Method: GET, Route: /]
in SYSTEMPATH\Debug\Toolbar.php on line 217.
 1 SYSTEMPATH\Debug\Toolbar.php(217): CodeIgniter\Debug\Exceptions->errorHandler(2, 'Trying to access array offset on value of type null', 'C:\\xampp\\htdocs\\IM\\system\\Debug\\Toolbar.php', 217)
 2 SYSTEMPATH\Debug\Toolbar.php(200): CodeIgniter\Debug\Toolbar->renderTimelineRecursive([...], 1772003631.048213, 7, 120, [], 0)
 3 SYSTEMPATH\Debug\Toolbar\Views\toolbar.tpl.php(105): CodeIgniter\Debug\Toolbar->renderTimeline([...], 1772003631.048213, 7, 120, [])
 4 SYSTEMPATH\Debug\Toolbar.php(533): include('C:\\xampp\\htdocs\\IM\\system\\Debug\\Toolbar\\Views\\toolbar.tpl.php')
 5 SYSTEMPATH\Debug\Toolbar.php(496): CodeIgniter\Debug\Toolbar->format([...], 'html')
 6 APPPATH\Config\Events.php(47): CodeIgniter\Debug\Toolbar->respond()
 7 SYSTEMPATH\Events\Events.php(152): CodeIgniter\Events\Events::Config\{closure}()
 8 SYSTEMPATH\CodeIgniter.php(339): CodeIgniter\Events\Events::trigger('pre_system')
 9 SYSTEMPATH\Boot.php(363): CodeIgniter\CodeIgniter->run()
10 SYSTEMPATH\Boot.php(68): CodeIgniter\Boot::runCodeIgniter(Object(CodeIgniter\CodeIgniter))
11 FCPATH\index.php(59): CodeIgniter\Boot::bootWeb(Object(Config\Paths))
DEBUG - 2026-02-25 15:16:24 --> Session: Class initialized using 'CodeIgniter\Session\Handlers\FileHandler' driver.
CRITICAL - 2026-02-25 15:16:26 --> ErrorException: Trying to access array offset on value of type null
[Method: GET, Route: /]
in SYSTEMPATH\Debug\Toolbar.php on line 217.
 1 SYSTEMPATH\Debug\Toolbar.php(217): CodeIgniter\Debug\Exceptions->errorHandler(2, 'Trying to access array offset on value of type null', 'C:\\xampp\\htdocs\\IM\\system\\Debug\\Toolbar.php', 217)
 2 SYSTEMPATH\Debug\Toolbar.php(200): CodeIgniter\Debug\Toolbar->renderTimelineRecursive([...], 1772003784.876028, 7, 135, [], 0)
 3 SYSTEMPATH\Debug\Toolbar\Views\toolbar.tpl.php(105): CodeIgniter\Debug\Toolbar->renderTimeline([...], 1772003784.876028, 7, 135, [])
 4 SYSTEMPATH\Debug\Toolbar.php(533): include('C:\\xampp\\htdocs\\IM\\system\\Debug\\Toolbar\\Views\\toolbar.tpl.php')
 5 SYSTEMPATH\Debug\Toolbar.php(496): CodeIgniter\Debug\Toolbar->format([...], 'html')
 6 APPPATH\Config\Events.php(47): CodeIgniter\Debug\Toolbar->respond()
 7 SYSTEMPATH\Events\Events.php(152): CodeIgniter\Events\Events::Config\{closure}()
 8 SYSTEMPATH\CodeIgniter.php(339): CodeIgniter\Events\Events::trigger('pre_system')
 9 SYSTEMPATH\Boot.php(363): CodeIgniter\CodeIgniter->run()
10 SYSTEMPATH\Boot.php(68): CodeIgniter\Boot::runCodeIgniter(Object(CodeIgniter\CodeIgniter))
11 FCPATH\index.php(59): CodeIgniter\Boot::bootWeb(Object(Config\Paths))
DEBUG - 2026-02-25 15:21:02 --> Session: Class initialized using 'CodeIgniter\Session\Handlers\FileHandler' driver.
CRITICAL - 2026-02-25 15:21:02 --> ErrorException: Trying to access array offset on value of type null
[Method: GET, Route: /]
in SYSTEMPATH\Debug\Toolbar.php on line 217.
 1 SYSTEMPATH\Debug\Toolbar.php(217): CodeIgniter\Debug\Exceptions->errorHandler(2, 'Trying to access array offset on value of type null', 'C:\\xampp\\htdocs\\IM\\system\\Debug\\Toolbar.php', 217)
 2 SYSTEMPATH\Debug\Toolbar.php(200): CodeIgniter\Debug\Toolbar->renderTimelineRecursive([...], 1772004062.044811, 6, 25, [], 0)
 3 SYSTEMPATH\Debug\Toolbar\Views\toolbar.tpl.php(105): CodeIgniter\Debug\Toolbar->renderTimeline([...], 1772004062.044811, 6, 25, [])
 4 SYSTEMPATH\Debug\Toolbar.php(533): include('C:\\xampp\\htdocs\\IM\\system\\Debug\\Toolbar\\Views\\toolbar.tpl.php')
 5 SYSTEMPATH\Debug\Toolbar.php(496): CodeIgniter\Debug\Toolbar->format([...], 'html')
 6 APPPATH\Config\Events.php(47): CodeIgniter\Debug\Toolbar->respond()
 7 SYSTEMPATH\Events\Events.php(152): CodeIgniter\Events\Events::Config\{closure}()
 8 SYSTEMPATH\CodeIgniter.php(339): CodeIgniter\Events\Events::trigger('pre_system')
 9 SYSTEMPATH\Boot.php(363): CodeIgniter\CodeIgniter->run()
10 SYSTEMPATH\Boot.php(68): CodeIgniter\Boot::runCodeIgniter(Object(CodeIgniter\CodeIgniter))
11 FCPATH\index.php(59): CodeIgniter\Boot::bootWeb(Object(Config\Paths))
DEBUG - 2026-02-25 15:21:03 --> Session: Class initialized using 'CodeIgniter\Session\Handlers\FileHandler' driver.
CRITICAL - 2026-02-25 15:21:04 --> ErrorException: Trying to access array offset on value of type null
[Method: GET, Route: /]
in SYSTEMPATH\Debug\Toolbar.php on line 217.
 1 SYSTEMPATH\Debug\Toolbar.php(217): CodeIgniter\Debug\Exceptions->errorHandler(2, 'Trying to access array offset on value of type null', 'C:\\xampp\\htdocs\\IM\\system\\Debug\\Toolbar.php', 217)
 2 SYSTEMPATH\Debug\Toolbar.php(200): CodeIgniter\Debug\Toolbar->renderTimelineRecursive([...], 1772004063.769322, 5, 15, [], 0)
 3 SYSTEMPATH\Debug\Toolbar\Views\toolbar.tpl.php(105): CodeIgniter\Debug\Toolbar->renderTimeline([...], 1772004063.769322, 5, 15, [])
 4 SYSTEMPATH\Debug\Toolbar.php(533): include('C:\\xampp\\htdocs\\IM\\system\\Debug\\Toolbar\\Views\\toolbar.tpl.php')
 5 SYSTEMPATH\Debug\Toolbar.php(496): CodeIgniter\Debug\Toolbar->format([...], 'html')
 6 APPPATH\Config\Events.php(47): CodeIgniter\Debug\Toolbar->respond()
 7 SYSTEMPATH\Events\Events.php(152): CodeIgniter\Events\Events::Config\{closure}()
 8 SYSTEMPATH\CodeIgniter.php(339): CodeIgniter\Events\Events::trigger('pre_system')
 9 SYSTEMPATH\Boot.php(363): CodeIgniter\CodeIgniter->run()
10 SYSTEMPATH\Boot.php(68): CodeIgniter\Boot::runCodeIgniter(Object(CodeIgniter\CodeIgniter))
11 FCPATH\index.php(59): CodeIgniter\Boot::bootWeb(Object(Config\Paths))
DEBUG - 2026-02-25 15:21:05 --> Session: Class initialized using 'CodeIgniter\Session\Handlers\FileHandler' driver.
CRITICAL - 2026-02-25 15:21:05 --> ErrorException: Trying to access array offset on value of type null
[Method: GET, Route: /]
in SYSTEMPATH\Debug\Toolbar.php on line 217.
 1 SYSTEMPATH\Debug\Toolbar.php(217): CodeIgniter\Debug\Exceptions->errorHandler(2, 'Trying to access array offset on value of type null', 'C:\\xampp\\htdocs\\IM\\system\\Debug\\Toolbar.php', 217)
 2 SYSTEMPATH\Debug\Toolbar.php(200): CodeIgniter\Debug\Toolbar->renderTimelineRecursive([...], 1772004064.963039, 7, 25, [], 0)
 3 SYSTEMPATH\Debug\Toolbar\Views\toolbar.tpl.php(105): CodeIgniter\Debug\Toolbar->renderTimeline([...], 1772004064.963039, 7, 25, [])
 4 SYSTEMPATH\Debug\Toolbar.php(533): include('C:\\xampp\\htdocs\\IM\\system\\Debug\\Toolbar\\Views\\toolbar.tpl.php')
 5 SYSTEMPATH\Debug\Toolbar.php(496): CodeIgniter\Debug\Toolbar->format([...], 'html')
 6 APPPATH\Config\Events.php(47): CodeIgniter\Debug\Toolbar->respond()
 7 SYSTEMPATH\Events\Events.php(152): CodeIgniter\Events\Events::Config\{closure}()
 8 SYSTEMPATH\CodeIgniter.php(339): CodeIgniter\Events\Events::trigger('pre_system')
 9 SYSTEMPATH\Boot.php(363): CodeIgniter\CodeIgniter->run()
10 SYSTEMPATH\Boot.php(68): CodeIgniter\Boot::runCodeIgniter(Object(CodeIgniter\CodeIgniter))
11 FCPATH\index.php(59): CodeIgniter\Boot::bootWeb(Object(Config\Paths))
DEBUG - 2026-02-25 15:21:19 --> Session: Class initialized using 'CodeIgniter\Session\Handlers\FileHandler' driver.
DEBUG - 2026-02-25 15:21:19 --> DCF Store - Title: test due
DEBUG - 2026-02-25 15:21:19 --> DCF Store - Raw Parts: [{"title":"1","description":"1","questions":[{"question_text":"1","answer_type":"short_answer","rate_min":"1","rate_max":"10","grid_columns":["Column 1"],"grid_rows":["Row 1"],"options":[""]}]}]
DEBUG - 2026-02-25 15:21:19 --> Normalized parts count: 1
DEBUG - 2026-02-25 15:21:19 --> About to insert DCF with data: {"title":"test due","name":"test_due_1772004079","description":"1","due_date":"2026-02-24","department_id":9}
DEBUG - 2026-02-25 15:21:19 --> DCF created with ID: 20
INFO - 2026-02-25 15:21:19 --> DCF created successfully with ID: 20
DEBUG - 2026-02-25 15:21:19 --> Session: Class initialized using 'CodeIgniter\Session\Handlers\FileHandler' driver.
CRITICAL - 2026-02-25 15:21:19 --> ErrorException: Trying to access array offset on value of type null
[Method: GET, Route: /]
in SYSTEMPATH\Debug\Toolbar.php on line 217.
 1 SYSTEMPATH\Debug\Toolbar.php(217): CodeIgniter\Debug\Exceptions->errorHandler(2, 'Trying to access array offset on value of type null', 'C:\\xampp\\htdocs\\IM\\system\\Debug\\Toolbar.php', 217)
 2 SYSTEMPATH\Debug\Toolbar.php(200): CodeIgniter\Debug\Toolbar->renderTimelineRecursive([...], 1772004079.59248, 6, 20, [], 0)
 3 SYSTEMPATH\Debug\Toolbar\Views\toolbar.tpl.php(105): CodeIgniter\Debug\Toolbar->renderTimeline([...], 1772004079.59248, 6, 20, [])
 4 SYSTEMPATH\Debug\Toolbar.php(533): include('C:\\xampp\\htdocs\\IM\\system\\Debug\\Toolbar\\Views\\toolbar.tpl.php')
 5 SYSTEMPATH\Debug\Toolbar.php(496): CodeIgniter\Debug\Toolbar->format([...], 'html')
 6 APPPATH\Config\Events.php(47): CodeIgniter\Debug\Toolbar->respond()
 7 SYSTEMPATH\Events\Events.php(152): CodeIgniter\Events\Events::Config\{closure}()
 8 SYSTEMPATH\CodeIgniter.php(339): CodeIgniter\Events\Events::trigger('pre_system')
 9 SYSTEMPATH\Boot.php(363): CodeIgniter\CodeIgniter->run()
10 SYSTEMPATH\Boot.php(68): CodeIgniter\Boot::runCodeIgniter(Object(CodeIgniter\CodeIgniter))
11 FCPATH\index.php(59): CodeIgniter\Boot::bootWeb(Object(Config\Paths))
DEBUG - 2026-02-25 15:21:21 --> Session: Class initialized using 'CodeIgniter\Session\Handlers\FileHandler' driver.
CRITICAL - 2026-02-25 15:21:22 --> ErrorException: Trying to access array offset on value of type null
[Method: GET, Route: /]
in SYSTEMPATH\Debug\Toolbar.php on line 217.
 1 SYSTEMPATH\Debug\Toolbar.php(217): CodeIgniter\Debug\Exceptions->errorHandler(2, 'Trying to access array offset on value of type null', 'C:\\xampp\\htdocs\\IM\\system\\Debug\\Toolbar.php', 217)
 2 SYSTEMPATH\Debug\Toolbar.php(200): CodeIgniter\Debug\Toolbar->renderTimelineRecursive([...], 1772004081.810934, 7, 20, [], 0)
 3 SYSTEMPATH\Debug\Toolbar\Views\toolbar.tpl.php(105): CodeIgniter\Debug\Toolbar->renderTimeline([...], 1772004081.810934, 7, 20, [])
 4 SYSTEMPATH\Debug\Toolbar.php(533): include('C:\\xampp\\htdocs\\IM\\system\\Debug\\Toolbar\\Views\\toolbar.tpl.php')
 5 SYSTEMPATH\Debug\Toolbar.php(496): CodeIgniter\Debug\Toolbar->format([...], 'html')
 6 APPPATH\Config\Events.php(47): CodeIgniter\Debug\Toolbar->respond()
 7 SYSTEMPATH\Events\Events.php(152): CodeIgniter\Events\Events::Config\{closure}()
 8 SYSTEMPATH\CodeIgniter.php(339): CodeIgniter\Events\Events::trigger('pre_system')
 9 SYSTEMPATH\Boot.php(363): CodeIgniter\CodeIgniter->run()
10 SYSTEMPATH\Boot.php(68): CodeIgniter\Boot::runCodeIgniter(Object(CodeIgniter\CodeIgniter))
11 FCPATH\index.php(59): CodeIgniter\Boot::bootWeb(Object(Config\Paths))
DEBUG - 2026-02-25 15:21:25 --> Session: Class initialized using 'CodeIgniter\Session\Handlers\FileHandler' driver.
CRITICAL - 2026-02-25 15:21:26 --> ErrorException: Trying to access array offset on value of type null
[Method: GET, Route: /]
in SYSTEMPATH\Debug\Toolbar.php on line 217.
 1 SYSTEMPATH\Debug\Toolbar.php(217): CodeIgniter\Debug\Exceptions->errorHandler(2, 'Trying to access array offset on value of type null', 'C:\\xampp\\htdocs\\IM\\system\\Debug\\Toolbar.php', 217)
 2 SYSTEMPATH\Debug\Toolbar.php(200): CodeIgniter\Debug\Toolbar->renderTimelineRecursive([...], 1772004084.484612, 7, 190, [], 0)
 3 SYSTEMPATH\Debug\Toolbar\Views\toolbar.tpl.php(105): CodeIgniter\Debug\Toolbar->renderTimeline([...], 1772004084.484612, 7, 190, [])
 4 SYSTEMPATH\Debug\Toolbar.php(533): include('C:\\xampp\\htdocs\\IM\\system\\Debug\\Toolbar\\Views\\toolbar.tpl.php')
 5 SYSTEMPATH\Debug\Toolbar.php(496): CodeIgniter\Debug\Toolbar->format([...], 'html')
 6 APPPATH\Config\Events.php(47): CodeIgniter\Debug\Toolbar->respond()
 7 SYSTEMPATH\Events\Events.php(152): CodeIgniter\Events\Events::Config\{closure}()
 8 SYSTEMPATH\CodeIgniter.php(339): CodeIgniter\Events\Events::trigger('pre_system')
 9 SYSTEMPATH\Boot.php(363): CodeIgniter\CodeIgniter->run()
10 SYSTEMPATH\Boot.php(68): CodeIgniter\Boot::runCodeIgniter(Object(CodeIgniter\CodeIgniter))
11 FCPATH\index.php(59): CodeIgniter\Boot::bootWeb(Object(Config\Paths))
DEBUG - 2026-02-25 15:25:17 --> Session: Class initialized using 'CodeIgniter\Session\Handlers\FileHandler' driver.
CRITICAL - 2026-02-25 15:25:17 --> ErrorException: Trying to access array offset on value of type null
[Method: GET, Route: /]
in SYSTEMPATH\Debug\Toolbar.php on line 217.
 1 SYSTEMPATH\Debug\Toolbar.php(217): CodeIgniter\Debug\Exceptions->errorHandler(2, 'Trying to access array offset on value of type null', 'C:\\xampp\\htdocs\\IM\\system\\Debug\\Toolbar.php', 217)
 2 SYSTEMPATH\Debug\Toolbar.php(200): CodeIgniter\Debug\Toolbar->renderTimelineRecursive([...], 1772004317.021848, 7, 45, [], 0)
 3 SYSTEMPATH\Debug\Toolbar\Views\toolbar.tpl.php(105): CodeIgniter\Debug\Toolbar->renderTimeline([...], 1772004317.021848, 7, 45, [])
 4 SYSTEMPATH\Debug\Toolbar.php(533): include('C:\\xampp\\htdocs\\IM\\system\\Debug\\Toolbar\\Views\\toolbar.tpl.php')
 5 SYSTEMPATH\Debug\Toolbar.php(496): CodeIgniter\Debug\Toolbar->format([...], 'html')
 6 APPPATH\Config\Events.php(47): CodeIgniter\Debug\Toolbar->respond()
 7 SYSTEMPATH\Events\Events.php(152): CodeIgniter\Events\Events::Config\{closure}()
 8 SYSTEMPATH\CodeIgniter.php(339): CodeIgniter\Events\Events::trigger('pre_system')
 9 SYSTEMPATH\Boot.php(363): CodeIgniter\CodeIgniter->run()
10 SYSTEMPATH\Boot.php(68): CodeIgniter\Boot::runCodeIgniter(Object(CodeIgniter\CodeIgniter))
11 FCPATH\index.php(59): CodeIgniter\Boot::bootWeb(Object(Config\Paths))
DEBUG - 2026-02-25 15:26:16 --> Session: Class initialized using 'CodeIgniter\Session\Handlers\FileHandler' driver.
CRITICAL - 2026-02-25 15:26:17 --> ErrorException: Trying to access array offset on value of type null
[Method: GET, Route: /]
in SYSTEMPATH\Debug\Toolbar.php on line 217.
 1 SYSTEMPATH\Debug\Toolbar.php(217): CodeIgniter\Debug\Exceptions->errorHandler(2, 'Trying to access array offset on value of type null', 'C:\\xampp\\htdocs\\IM\\system\\Debug\\Toolbar.php', 217)
 2 SYSTEMPATH\Debug\Toolbar.php(200): CodeIgniter\Debug\Toolbar->renderTimelineRecursive([...], 1772004376.786673, 6, 25, [], 0)
 3 SYSTEMPATH\Debug\Toolbar\Views\toolbar.tpl.php(105): CodeIgniter\Debug\Toolbar->renderTimeline([...], 1772004376.786673, 6, 25, [])
 4 SYSTEMPATH\Debug\Toolbar.php(533): include('C:\\xampp\\htdocs\\IM\\system\\Debug\\Toolbar\\Views\\toolbar.tpl.php')
 5 SYSTEMPATH\Debug\Toolbar.php(496): CodeIgniter\Debug\Toolbar->format([...], 'html')
 6 APPPATH\Config\Events.php(47): CodeIgniter\Debug\Toolbar->respond()
 7 SYSTEMPATH\Events\Events.php(152): CodeIgniter\Events\Events::Config\{closure}()
 8 SYSTEMPATH\CodeIgniter.php(339): CodeIgniter\Events\Events::trigger('pre_system')
 9 SYSTEMPATH\Boot.php(363): CodeIgniter\CodeIgniter->run()
10 SYSTEMPATH\Boot.php(68): CodeIgniter\Boot::runCodeIgniter(Object(CodeIgniter\CodeIgniter))
11 FCPATH\index.php(59): CodeIgniter\Boot::bootWeb(Object(Config\Paths))
DEBUG - 2026-02-25 15:26:18 --> Session: Class initialized using 'CodeIgniter\Session\Handlers\FileHandler' driver.
CRITICAL - 2026-02-25 15:26:20 --> ErrorException: Trying to access array offset on value of type null
[Method: GET, Route: /]
in SYSTEMPATH\Debug\Toolbar.php on line 217.
 1 SYSTEMPATH\Debug\Toolbar.php(217): CodeIgniter\Debug\Exceptions->errorHandler(2, 'Trying to access array offset on value of type null', 'C:\\xampp\\htdocs\\IM\\system\\Debug\\Toolbar.php', 217)
 2 SYSTEMPATH\Debug\Toolbar.php(200): CodeIgniter\Debug\Toolbar->renderTimelineRecursive([...], 1772004378.863644, 7, 55, [], 0)
 3 SYSTEMPATH\Debug\Toolbar\Views\toolbar.tpl.php(105): CodeIgniter\Debug\Toolbar->renderTimeline([...], 1772004378.863644, 7, 55, [])
 4 SYSTEMPATH\Debug\Toolbar.php(533): include('C:\\xampp\\htdocs\\IM\\system\\Debug\\Toolbar\\Views\\toolbar.tpl.php')
 5 SYSTEMPATH\Debug\Toolbar.php(496): CodeIgniter\Debug\Toolbar->format([...], 'html')
 6 APPPATH\Config\Events.php(47): CodeIgniter\Debug\Toolbar->respond()
 7 SYSTEMPATH\Events\Events.php(152): CodeIgniter\Events\Events::Config\{closure}()
 8 SYSTEMPATH\CodeIgniter.php(339): CodeIgniter\Events\Events::trigger('pre_system')
 9 SYSTEMPATH\Boot.php(363): CodeIgniter\CodeIgniter->run()
10 SYSTEMPATH\Boot.php(68): CodeIgniter\Boot::runCodeIgniter(Object(CodeIgniter\CodeIgniter))
11 FCPATH\index.php(59): CodeIgniter\Boot::bootWeb(Object(Config\Paths))
DEBUG - 2026-02-25 15:26:31 --> Session: Class initialized using 'CodeIgniter\Session\Handlers\FileHandler' driver.
CRITICAL - 2026-02-25 15:26:32 --> ErrorException: Trying to access array offset on value of type null
[Method: GET, Route: /]
in SYSTEMPATH\Debug\Toolbar.php on line 217.
 1 SYSTEMPATH\Debug\Toolbar.php(217): CodeIgniter\Debug\Exceptions->errorHandler(2, 'Trying to access array offset on value of type null', 'C:\\xampp\\htdocs\\IM\\system\\Debug\\Toolbar.php', 217)
 2 SYSTEMPATH\Debug\Toolbar.php(200): CodeIgniter\Debug\Toolbar->renderTimelineRecursive([...], 1772004391.871131, 5, 15, [], 0)
 3 SYSTEMPATH\Debug\Toolbar\Views\toolbar.tpl.php(105): CodeIgniter\Debug\Toolbar->renderTimeline([...], 1772004391.871131, 5, 15, [])
 4 SYSTEMPATH\Debug\Toolbar.php(533): include('C:\\xampp\\htdocs\\IM\\system\\Debug\\Toolbar\\Views\\toolbar.tpl.php')
 5 SYSTEMPATH\Debug\Toolbar.php(496): CodeIgniter\Debug\Toolbar->format([...], 'html')
 6 APPPATH\Config\Events.php(47): CodeIgniter\Debug\Toolbar->respond()
 7 SYSTEMPATH\Events\Events.php(152): CodeIgniter\Events\Events::Config\{closure}()
 8 SYSTEMPATH\CodeIgniter.php(339): CodeIgniter\Events\Events::trigger('pre_system')
 9 SYSTEMPATH\Boot.php(363): CodeIgniter\CodeIgniter->run()
10 SYSTEMPATH\Boot.php(68): CodeIgniter\Boot::runCodeIgniter(Object(CodeIgniter\CodeIgniter))
11 FCPATH\index.php(59): CodeIgniter\Boot::bootWeb(Object(Config\Paths))
DEBUG - 2026-02-25 15:27:15 --> Session: Class initialized using 'CodeIgniter\Session\Handlers\FileHandler' driver.
CRITICAL - 2026-02-25 15:27:16 --> ErrorException: Trying to access array offset on value of type null
[Method: GET, Route: /]
in SYSTEMPATH\Debug\Toolbar.php on line 217.
 1 SYSTEMPATH\Debug\Toolbar.php(217): CodeIgniter\Debug\Exceptions->errorHandler(2, 'Trying to access array offset on value of type null', 'C:\\xampp\\htdocs\\IM\\system\\Debug\\Toolbar.php', 217)
 2 SYSTEMPATH\Debug\Toolbar.php(200): CodeIgniter\Debug\Toolbar->renderTimelineRecursive([...], 1772004435.890797, 7, 25, [], 0)
 3 SYSTEMPATH\Debug\Toolbar\Views\toolbar.tpl.php(105): CodeIgniter\Debug\Toolbar->renderTimeline([...], 1772004435.890797, 7, 25, [])
 4 SYSTEMPATH\Debug\Toolbar.php(533): include('C:\\xampp\\htdocs\\IM\\system\\Debug\\Toolbar\\Views\\toolbar.tpl.php')
 5 SYSTEMPATH\Debug\Toolbar.php(496): CodeIgniter\Debug\Toolbar->format([...], 'html')
 6 APPPATH\Config\Events.php(47): CodeIgniter\Debug\Toolbar->respond()
 7 SYSTEMPATH\Events\Events.php(152): CodeIgniter\Events\Events::Config\{closure}()
 8 SYSTEMPATH\CodeIgniter.php(339): CodeIgniter\Events\Events::trigger('pre_system')
 9 SYSTEMPATH\Boot.php(363): CodeIgniter\CodeIgniter->run()
10 SYSTEMPATH\Boot.php(68): CodeIgniter\Boot::runCodeIgniter(Object(CodeIgniter\CodeIgniter))
11 FCPATH\index.php(59): CodeIgniter\Boot::bootWeb(Object(Config\Paths))
DEBUG - 2026-02-25 15:27:28 --> Session: Class initialized using 'CodeIgniter\Session\Handlers\FileHandler' driver.
CRITICAL - 2026-02-25 15:27:29 --> ErrorException: Trying to access array offset on value of type null
[Method: GET, Route: /]
in SYSTEMPATH\Debug\Toolbar.php on line 217.
 1 SYSTEMPATH\Debug\Toolbar.php(217): CodeIgniter\Debug\Exceptions->errorHandler(2, 'Trying to access array offset on value of type null', 'C:\\xampp\\htdocs\\IM\\system\\Debug\\Toolbar.php', 217)
 2 SYSTEMPATH\Debug\Toolbar.php(200): CodeIgniter\Debug\Toolbar->renderTimelineRecursive([...], 1772004448.803828, 6, 20, [], 0)
 3 SYSTEMPATH\Debug\Toolbar\Views\toolbar.tpl.php(105): CodeIgniter\Debug\Toolbar->renderTimeline([...], 1772004448.803828, 6, 20, [])
 4 SYSTEMPATH\Debug\Toolbar.php(533): include('C:\\xampp\\htdocs\\IM\\system\\Debug\\Toolbar\\Views\\toolbar.tpl.php')
 5 SYSTEMPATH\Debug\Toolbar.php(496): CodeIgniter\Debug\Toolbar->format([...], 'html')
 6 APPPATH\Config\Events.php(47): CodeIgniter\Debug\Toolbar->respond()
 7 SYSTEMPATH\Events\Events.php(152): CodeIgniter\Events\Events::Config\{closure}()
 8 SYSTEMPATH\CodeIgniter.php(339): CodeIgniter\Events\Events::trigger('pre_system')
 9 SYSTEMPATH\Boot.php(363): CodeIgniter\CodeIgniter->run()
10 SYSTEMPATH\Boot.php(68): CodeIgniter\Boot::runCodeIgniter(Object(CodeIgniter\CodeIgniter))
11 FCPATH\index.php(59): CodeIgniter\Boot::bootWeb(Object(Config\Paths))
DEBUG - 2026-02-25 15:30:43 --> Session: Class initialized using 'CodeIgniter\Session\Handlers\FileHandler' driver.
CRITICAL - 2026-02-25 15:30:43 --> ErrorException: Trying to access array offset on value of type null
[Method: GET, Route: /]
in SYSTEMPATH\Debug\Toolbar.php on line 217.
 1 SYSTEMPATH\Debug\Toolbar.php(217): CodeIgniter\Debug\Exceptions->errorHandler(2, 'Trying to access array offset on value of type null', 'C:\\xampp\\htdocs\\IM\\system\\Debug\\Toolbar.php', 217)
 2 SYSTEMPATH\Debug\Toolbar.php(200): CodeIgniter\Debug\Toolbar->renderTimelineRecursive([...], 1772004643.006119, 7, 35, [], 0)
 3 SYSTEMPATH\Debug\Toolbar\Views\toolbar.tpl.php(105): CodeIgniter\Debug\Toolbar->renderTimeline([...], 1772004643.006119, 7, 35, [])
 4 SYSTEMPATH\Debug\Toolbar.php(533): include('C:\\xampp\\htdocs\\IM\\system\\Debug\\Toolbar\\Views\\toolbar.tpl.php')
 5 SYSTEMPATH\Debug\Toolbar.php(496): CodeIgniter\Debug\Toolbar->format([...], 'html')
 6 APPPATH\Config\Events.php(47): CodeIgniter\Debug\Toolbar->respond()
 7 SYSTEMPATH\Events\Events.php(152): CodeIgniter\Events\Events::Config\{closure}()
 8 SYSTEMPATH\CodeIgniter.php(339): CodeIgniter\Events\Events::trigger('pre_system')
 9 SYSTEMPATH\Boot.php(363): CodeIgniter\CodeIgniter->run()
10 SYSTEMPATH\Boot.php(68): CodeIgniter\Boot::runCodeIgniter(Object(CodeIgniter\CodeIgniter))
11 FCPATH\index.php(59): CodeIgniter\Boot::bootWeb(Object(Config\Paths))
DEBUG - 2026-02-25 15:30:44 --> Session: Class initialized using 'CodeIgniter\Session\Handlers\FileHandler' driver.
CRITICAL - 2026-02-25 15:30:44 --> ErrorException: Trying to access array offset on value of type null
[Method: GET, Route: /]
in SYSTEMPATH\Debug\Toolbar.php on line 217.
 1 SYSTEMPATH\Debug\Toolbar.php(217): CodeIgniter\Debug\Exceptions->errorHandler(2, 'Trying to access array offset on value of type null', 'C:\\xampp\\htdocs\\IM\\system\\Debug\\Toolbar.php', 217)
 2 SYSTEMPATH\Debug\Toolbar.php(200): CodeIgniter\Debug\Toolbar->renderTimelineRecursive([...], 1772004644.250283, 7, 25, [], 0)
 3 SYSTEMPATH\Debug\Toolbar\Views\toolbar.tpl.php(105): CodeIgniter\Debug\Toolbar->renderTimeline([...], 1772004644.250283, 7, 25, [])
 4 SYSTEMPATH\Debug\Toolbar.php(533): include('C:\\xampp\\htdocs\\IM\\system\\Debug\\Toolbar\\Views\\toolbar.tpl.php')
 5 SYSTEMPATH\Debug\Toolbar.php(496): CodeIgniter\Debug\Toolbar->format([...], 'html')
 6 APPPATH\Config\Events.php(47): CodeIgniter\Debug\Toolbar->respond()
 7 SYSTEMPATH\Events\Events.php(152): CodeIgniter\Events\Events::Config\{closure}()
 8 SYSTEMPATH\CodeIgniter.php(339): CodeIgniter\Events\Events::trigger('pre_system')
 9 SYSTEMPATH\Boot.php(363): CodeIgniter\CodeIgniter->run()
10 SYSTEMPATH\Boot.php(68): CodeIgniter\Boot::runCodeIgniter(Object(CodeIgniter\CodeIgniter))
11 FCPATH\index.php(59): CodeIgniter\Boot::bootWeb(Object(Config\Paths))
DEBUG - 2026-02-25 15:31:04 --> Session: Class initialized using 'CodeIgniter\Session\Handlers\FileHandler' driver.
DEBUG - 2026-02-25 15:31:04 --> DCF Store - Title: test rn
DEBUG - 2026-02-25 15:31:04 --> DCF Store - Raw Parts: [{"title":"qwe","description":"qwe","questions":[{"question_text":"1","answer_type":"short_answer","rate_min":"1","rate_max":"10","grid_columns":["Column 1"],"grid_rows":["Row 1"],"options":[""]}]}]
DEBUG - 2026-02-25 15:31:04 --> Normalized parts count: 1
DEBUG - 2026-02-25 15:31:04 --> About to insert DCF with data: {"title":"test rn","name":"test_rn_1772004664","description":"qwe","due_date":"2026-02-26","department_id":9,"respondents_needed":1}
DEBUG - 2026-02-25 15:31:04 --> DCF created with ID: 21
INFO - 2026-02-25 15:31:04 --> DCF created successfully with ID: 21
DEBUG - 2026-02-25 15:31:04 --> Session: Class initialized using 'CodeIgniter\Session\Handlers\FileHandler' driver.
CRITICAL - 2026-02-25 15:31:04 --> ErrorException: Trying to access array offset on value of type null
[Method: GET, Route: /]
in SYSTEMPATH\Debug\Toolbar.php on line 217.
 1 SYSTEMPATH\Debug\Toolbar.php(217): CodeIgniter\Debug\Exceptions->errorHandler(2, 'Trying to access array offset on value of type null', 'C:\\xampp\\htdocs\\IM\\system\\Debug\\Toolbar.php', 217)
 2 SYSTEMPATH\Debug\Toolbar.php(200): CodeIgniter\Debug\Toolbar->renderTimelineRecursive([...], 1772004664.534811, 6, 15, [], 0)
 3 SYSTEMPATH\Debug\Toolbar\Views\toolbar.tpl.php(105): CodeIgniter\Debug\Toolbar->renderTimeline([...], 1772004664.534811, 6, 15, [])
 4 SYSTEMPATH\Debug\Toolbar.php(533): include('C:\\xampp\\htdocs\\IM\\system\\Debug\\Toolbar\\Views\\toolbar.tpl.php')
 5 SYSTEMPATH\Debug\Toolbar.php(496): CodeIgniter\Debug\Toolbar->format([...], 'html')
 6 APPPATH\Config\Events.php(47): CodeIgniter\Debug\Toolbar->respond()
 7 SYSTEMPATH\Events\Events.php(152): CodeIgniter\Events\Events::Config\{closure}()
 8 SYSTEMPATH\CodeIgniter.php(339): CodeIgniter\Events\Events::trigger('pre_system')
 9 SYSTEMPATH\Boot.php(363): CodeIgniter\CodeIgniter->run()
10 SYSTEMPATH\Boot.php(68): CodeIgniter\Boot::runCodeIgniter(Object(CodeIgniter\CodeIgniter))
11 FCPATH\index.php(59): CodeIgniter\Boot::bootWeb(Object(Config\Paths))
DEBUG - 2026-02-25 15:31:08 --> Session: Class initialized using 'CodeIgniter\Session\Handlers\FileHandler' driver.
CRITICAL - 2026-02-25 15:31:08 --> ErrorException: Trying to access array offset on value of type null
[Method: GET, Route: /]
in SYSTEMPATH\Debug\Toolbar.php on line 217.
 1 SYSTEMPATH\Debug\Toolbar.php(217): CodeIgniter\Debug\Exceptions->errorHandler(2, 'Trying to access array offset on value of type null', 'C:\\xampp\\htdocs\\IM\\system\\Debug\\Toolbar.php', 217)
 2 SYSTEMPATH\Debug\Toolbar.php(200): CodeIgniter\Debug\Toolbar->renderTimelineRecursive([...], 1772004668.151342, 6, 15, [], 0)
 3 SYSTEMPATH\Debug\Toolbar\Views\toolbar.tpl.php(105): CodeIgniter\Debug\Toolbar->renderTimeline([...], 1772004668.151342, 6, 15, [])
 4 SYSTEMPATH\Debug\Toolbar.php(533): include('C:\\xampp\\htdocs\\IM\\system\\Debug\\Toolbar\\Views\\toolbar.tpl.php')
 5 SYSTEMPATH\Debug\Toolbar.php(496): CodeIgniter\Debug\Toolbar->format([...], 'html')
 6 APPPATH\Config\Events.php(47): CodeIgniter\Debug\Toolbar->respond()
 7 SYSTEMPATH\Events\Events.php(152): CodeIgniter\Events\Events::Config\{closure}()
 8 SYSTEMPATH\CodeIgniter.php(339): CodeIgniter\Events\Events::trigger('pre_system')
 9 SYSTEMPATH\Boot.php(363): CodeIgniter\CodeIgniter->run()
10 SYSTEMPATH\Boot.php(68): CodeIgniter\Boot::runCodeIgniter(Object(CodeIgniter\CodeIgniter))
11 FCPATH\index.php(59): CodeIgniter\Boot::bootWeb(Object(Config\Paths))
DEBUG - 2026-02-25 15:31:09 --> Session: Class initialized using 'CodeIgniter\Session\Handlers\FileHandler' driver.
CRITICAL - 2026-02-25 15:31:10 --> ErrorException: Trying to access array offset on value of type null
[Method: GET, Route: /]
in SYSTEMPATH\Debug\Toolbar.php on line 217.
 1 SYSTEMPATH\Debug\Toolbar.php(217): CodeIgniter\Debug\Exceptions->errorHandler(2, 'Trying to access array offset on value of type null', 'C:\\xampp\\htdocs\\IM\\system\\Debug\\Toolbar.php', 217)
 2 SYSTEMPATH\Debug\Toolbar.php(200): CodeIgniter\Debug\Toolbar->renderTimelineRecursive([...], 1772004669.862791, 6, 25, [], 0)
 3 SYSTEMPATH\Debug\Toolbar\Views\toolbar.tpl.php(105): CodeIgniter\Debug\Toolbar->renderTimeline([...], 1772004669.862791, 6, 25, [])
 4 SYSTEMPATH\Debug\Toolbar.php(533): include('C:\\xampp\\htdocs\\IM\\system\\Debug\\Toolbar\\Views\\toolbar.tpl.php')
 5 SYSTEMPATH\Debug\Toolbar.php(496): CodeIgniter\Debug\Toolbar->format([...], 'html')
 6 APPPATH\Config\Events.php(47): CodeIgniter\Debug\Toolbar->respond()
 7 SYSTEMPATH\Events\Events.php(152): CodeIgniter\Events\Events::Config\{closure}()
 8 SYSTEMPATH\CodeIgniter.php(339): CodeIgniter\Events\Events::trigger('pre_system')
 9 SYSTEMPATH\Boot.php(363): CodeIgniter\CodeIgniter->run()
10 SYSTEMPATH\Boot.php(68): CodeIgniter\Boot::runCodeIgniter(Object(CodeIgniter\CodeIgniter))
11 FCPATH\index.php(59): CodeIgniter\Boot::bootWeb(Object(Config\Paths))
DEBUG - 2026-02-25 15:31:19 --> Session: Class initialized using 'CodeIgniter\Session\Handlers\FileHandler' driver.
DEBUG - 2026-02-25 15:31:23 --> Session: Class initialized using 'CodeIgniter\Session\Handlers\FileHandler' driver.
CRITICAL - 2026-02-25 15:31:24 --> ErrorException: Trying to access array offset on value of type null
[Method: GET, Route: /]
in SYSTEMPATH\Debug\Toolbar.php on line 217.
 1 SYSTEMPATH\Debug\Toolbar.php(217): CodeIgniter\Debug\Exceptions->errorHandler(2, 'Trying to access array offset on value of type null', 'C:\\xampp\\htdocs\\IM\\system\\Debug\\Toolbar.php', 217)
 2 SYSTEMPATH\Debug\Toolbar.php(200): CodeIgniter\Debug\Toolbar->renderTimelineRecursive([...], 1772004683.684206, 7, 25, [], 0)
 3 SYSTEMPATH\Debug\Toolbar\Views\toolbar.tpl.php(105): CodeIgniter\Debug\Toolbar->renderTimeline([...], 1772004683.684206, 7, 25, [])
 4 SYSTEMPATH\Debug\Toolbar.php(533): include('C:\\xampp\\htdocs\\IM\\system\\Debug\\Toolbar\\Views\\toolbar.tpl.php')
 5 SYSTEMPATH\Debug\Toolbar.php(496): CodeIgniter\Debug\Toolbar->format([...], 'html')
 6 APPPATH\Config\Events.php(47): CodeIgniter\Debug\Toolbar->respond()
 7 SYSTEMPATH\Events\Events.php(152): CodeIgniter\Events\Events::Config\{closure}()
 8 SYSTEMPATH\CodeIgniter.php(339): CodeIgniter\Events\Events::trigger('pre_system')
 9 SYSTEMPATH\Boot.php(363): CodeIgniter\CodeIgniter->run()
10 SYSTEMPATH\Boot.php(68): CodeIgniter\Boot::runCodeIgniter(Object(CodeIgniter\CodeIgniter))
11 FCPATH\index.php(59): CodeIgniter\Boot::bootWeb(Object(Config\Paths))
DEBUG - 2026-02-25 15:31:26 --> Session: Class initialized using 'CodeIgniter\Session\Handlers\FileHandler' driver.
CRITICAL - 2026-02-25 15:31:26 --> ErrorException: Trying to access array offset on value of type null
[Method: GET, Route: /]
in SYSTEMPATH\Debug\Toolbar.php on line 217.
 1 SYSTEMPATH\Debug\Toolbar.php(217): CodeIgniter\Debug\Exceptions->errorHandler(2, 'Trying to access array offset on value of type null', 'C:\\xampp\\htdocs\\IM\\system\\Debug\\Toolbar.php', 217)
 2 SYSTEMPATH\Debug\Toolbar.php(200): CodeIgniter\Debug\Toolbar->renderTimelineRecursive([...], 1772004686.434801, 7, 20, [], 0)
 3 SYSTEMPATH\Debug\Toolbar\Views\toolbar.tpl.php(105): CodeIgniter\Debug\Toolbar->renderTimeline([...], 1772004686.434801, 7, 20, [])
 4 SYSTEMPATH\Debug\Toolbar.php(533): include('C:\\xampp\\htdocs\\IM\\system\\Debug\\Toolbar\\Views\\toolbar.tpl.php')
 5 SYSTEMPATH\Debug\Toolbar.php(496): CodeIgniter\Debug\Toolbar->format([...], 'html')
 6 APPPATH\Config\Events.php(47): CodeIgniter\Debug\Toolbar->respond()
 7 SYSTEMPATH\Events\Events.php(152): CodeIgniter\Events\Events::Config\{closure}()
 8 SYSTEMPATH\CodeIgniter.php(339): CodeIgniter\Events\Events::trigger('pre_system')
 9 SYSTEMPATH\Boot.php(363): CodeIgniter\CodeIgniter->run()
10 SYSTEMPATH\Boot.php(68): CodeIgniter\Boot::runCodeIgniter(Object(CodeIgniter\CodeIgniter))
11 FCPATH\index.php(59): CodeIgniter\Boot::bootWeb(Object(Config\Paths))
DEBUG - 2026-02-25 15:31:39 --> Session: Class initialized using 'CodeIgniter\Session\Handlers\FileHandler' driver.
DEBUG - 2026-02-25 15:31:39 --> Session: Class initialized using 'CodeIgniter\Session\Handlers\FileHandler' driver.
CRITICAL - 2026-02-25 15:31:40 --> ErrorException: Trying to access array offset on value of type null
[Method: GET, Route: /]
in SYSTEMPATH\Debug\Toolbar.php on line 217.
 1 SYSTEMPATH\Debug\Toolbar.php(217): CodeIgniter\Debug\Exceptions->errorHandler(2, 'Trying to access array offset on value of type null', 'C:\\xampp\\htdocs\\IM\\system\\Debug\\Toolbar.php', 217)
 2 SYSTEMPATH\Debug\Toolbar.php(200): CodeIgniter\Debug\Toolbar->renderTimelineRecursive([...], 1772004699.74937, 7, 25, [], 0)
 3 SYSTEMPATH\Debug\Toolbar\Views\toolbar.tpl.php(105): CodeIgniter\Debug\Toolbar->renderTimeline([...], 1772004699.74937, 7, 25, [])
 4 SYSTEMPATH\Debug\Toolbar.php(533): include('C:\\xampp\\htdocs\\IM\\system\\Debug\\Toolbar\\Views\\toolbar.tpl.php')
 5 SYSTEMPATH\Debug\Toolbar.php(496): CodeIgniter\Debug\Toolbar->format([...], 'html')
 6 APPPATH\Config\Events.php(47): CodeIgniter\Debug\Toolbar->respond()
 7 SYSTEMPATH\Events\Events.php(152): CodeIgniter\Events\Events::Config\{closure}()
 8 SYSTEMPATH\CodeIgniter.php(339): CodeIgniter\Events\Events::trigger('pre_system')
 9 SYSTEMPATH\Boot.php(363): CodeIgniter\CodeIgniter->run()
10 SYSTEMPATH\Boot.php(68): CodeIgniter\Boot::runCodeIgniter(Object(CodeIgniter\CodeIgniter))
11 FCPATH\index.php(59): CodeIgniter\Boot::bootWeb(Object(Config\Paths))
DEBUG - 2026-02-25 16:09:32 --> Session: Class initialized using 'CodeIgniter\Session\Handlers\FileHandler' driver.
CRITICAL - 2026-02-25 16:09:36 --> ErrorException: Trying to access array offset on value of type null
[Method: GET, Route: /]
in SYSTEMPATH\Debug\Toolbar.php on line 217.
 1 SYSTEMPATH\Debug\Toolbar.php(217): CodeIgniter\Debug\Exceptions->errorHandler(2, 'Trying to access array offset on value of type null', 'C:\\xampp\\htdocs\\IM\\system\\Debug\\Toolbar.php', 217)
 2 SYSTEMPATH\Debug\Toolbar.php(200): CodeIgniter\Debug\Toolbar->renderTimelineRecursive([...], 1772006969.419427, 7, 515, [], 0)
 3 SYSTEMPATH\Debug\Toolbar\Views\toolbar.tpl.php(105): CodeIgniter\Debug\Toolbar->renderTimeline([...], 1772006969.419427, 7, 515, [])
 4 SYSTEMPATH\Debug\Toolbar.php(533): include('C:\\xampp\\htdocs\\IM\\system\\Debug\\Toolbar\\Views\\toolbar.tpl.php')
 5 SYSTEMPATH\Debug\Toolbar.php(496): CodeIgniter\Debug\Toolbar->format([...], 'html')
 6 APPPATH\Config\Events.php(47): CodeIgniter\Debug\Toolbar->respond()
 7 SYSTEMPATH\Events\Events.php(152): CodeIgniter\Events\Events::Config\{closure}()
 8 SYSTEMPATH\CodeIgniter.php(339): CodeIgniter\Events\Events::trigger('pre_system')
 9 SYSTEMPATH\Boot.php(363): CodeIgniter\CodeIgniter->run()
10 SYSTEMPATH\Boot.php(68): CodeIgniter\Boot::runCodeIgniter(Object(CodeIgniter\CodeIgniter))
11 FCPATH\index.php(59): CodeIgniter\Boot::bootWeb(Object(Config\Paths))
DEBUG - 2026-02-25 16:09:41 --> Session: Class initialized using 'CodeIgniter\Session\Handlers\FileHandler' driver.
CRITICAL - 2026-02-25 16:09:42 --> ErrorException: Trying to access array offset on value of type null
[Method: GET, Route: /]
in SYSTEMPATH\Debug\Toolbar.php on line 217.
 1 SYSTEMPATH\Debug\Toolbar.php(217): CodeIgniter\Debug\Exceptions->errorHandler(2, 'Trying to access array offset on value of type null', 'C:\\xampp\\htdocs\\IM\\system\\Debug\\Toolbar.php', 217)
 2 SYSTEMPATH\Debug\Toolbar.php(200): CodeIgniter\Debug\Toolbar->renderTimelineRecursive([...], 1772006981.744586, 7, 100, [], 0)
 3 SYSTEMPATH\Debug\Toolbar\Views\toolbar.tpl.php(105): CodeIgniter\Debug\Toolbar->renderTimeline([...], 1772006981.744586, 7, 100, [])
 4 SYSTEMPATH\Debug\Toolbar.php(533): include('C:\\xampp\\htdocs\\IM\\system\\Debug\\Toolbar\\Views\\toolbar.tpl.php')
 5 SYSTEMPATH\Debug\Toolbar.php(496): CodeIgniter\Debug\Toolbar->format([...], 'html')
 6 APPPATH\Config\Events.php(47): CodeIgniter\Debug\Toolbar->respond()
 7 SYSTEMPATH\Events\Events.php(152): CodeIgniter\Events\Events::Config\{closure}()
 8 SYSTEMPATH\CodeIgniter.php(339): CodeIgniter\Events\Events::trigger('pre_system')
 9 SYSTEMPATH\Boot.php(363): CodeIgniter\CodeIgniter->run()
10 SYSTEMPATH\Boot.php(68): CodeIgniter\Boot::runCodeIgniter(Object(CodeIgniter\CodeIgniter))
11 FCPATH\index.php(59): CodeIgniter\Boot::bootWeb(Object(Config\Paths))
DEBUG - 2026-02-25 16:09:46 --> Session: Class initialized using 'CodeIgniter\Session\Handlers\FileHandler' driver.
CRITICAL - 2026-02-25 16:09:46 --> ErrorException: Trying to access array offset on value of type null
[Method: GET, Route: /]
in SYSTEMPATH\Debug\Toolbar.php on line 217.
 1 SYSTEMPATH\Debug\Toolbar.php(217): CodeIgniter\Debug\Exceptions->errorHandler(2, 'Trying to access array offset on value of type null', 'C:\\xampp\\htdocs\\IM\\system\\Debug\\Toolbar.php', 217)
 2 SYSTEMPATH\Debug\Toolbar.php(200): CodeIgniter\Debug\Toolbar->renderTimelineRecursive([...], 1772006985.991918, 7, 55, [], 0)
 3 SYSTEMPATH\Debug\Toolbar\Views\toolbar.tpl.php(105): CodeIgniter\Debug\Toolbar->renderTimeline([...], 1772006985.991918, 7, 55, [])
 4 SYSTEMPATH\Debug\Toolbar.php(533): include('C:\\xampp\\htdocs\\IM\\system\\Debug\\Toolbar\\Views\\toolbar.tpl.php')
 5 SYSTEMPATH\Debug\Toolbar.php(496): CodeIgniter\Debug\Toolbar->format([...], 'html')
 6 APPPATH\Config\Events.php(47): CodeIgniter\Debug\Toolbar->respond()
 7 SYSTEMPATH\Events\Events.php(152): CodeIgniter\Events\Events::Config\{closure}()
 8 SYSTEMPATH\CodeIgniter.php(339): CodeIgniter\Events\Events::trigger('pre_system')
 9 SYSTEMPATH\Boot.php(363): CodeIgniter\CodeIgniter->run()
10 SYSTEMPATH\Boot.php(68): CodeIgniter\Boot::runCodeIgniter(Object(CodeIgniter\CodeIgniter))
11 FCPATH\index.php(59): CodeIgniter\Boot::bootWeb(Object(Config\Paths))
DEBUG - 2026-02-25 16:09:50 --> Session: Class initialized using 'CodeIgniter\Session\Handlers\FileHandler' driver.
CRITICAL - 2026-02-25 16:09:50 --> ErrorException: Trying to access array offset on value of type null
[Method: GET, Route: /]
in SYSTEMPATH\Debug\Toolbar.php on line 217.
 1 SYSTEMPATH\Debug\Toolbar.php(217): CodeIgniter\Debug\Exceptions->errorHandler(2, 'Trying to access array offset on value of type null', 'C:\\xampp\\htdocs\\IM\\system\\Debug\\Toolbar.php', 217)
 2 SYSTEMPATH\Debug\Toolbar.php(200): CodeIgniter\Debug\Toolbar->renderTimelineRecursive([...], 1772006990.356177, 7, 15, [], 0)
 3 SYSTEMPATH\Debug\Toolbar\Views\toolbar.tpl.php(105): CodeIgniter\Debug\Toolbar->renderTimeline([...], 1772006990.356177, 7, 15, [])
 4 SYSTEMPATH\Debug\Toolbar.php(533): include('C:\\xampp\\htdocs\\IM\\system\\Debug\\Toolbar\\Views\\toolbar.tpl.php')
 5 SYSTEMPATH\Debug\Toolbar.php(496): CodeIgniter\Debug\Toolbar->format([...], 'html')
 6 APPPATH\Config\Events.php(47): CodeIgniter\Debug\Toolbar->respond()
 7 SYSTEMPATH\Events\Events.php(152): CodeIgniter\Events\Events::Config\{closure}()
 8 SYSTEMPATH\CodeIgniter.php(339): CodeIgniter\Events\Events::trigger('pre_system')
 9 SYSTEMPATH\Boot.php(363): CodeIgniter\CodeIgniter->run()
10 SYSTEMPATH\Boot.php(68): CodeIgniter\Boot::runCodeIgniter(Object(CodeIgniter\CodeIgniter))
11 FCPATH\index.php(59): CodeIgniter\Boot::bootWeb(Object(Config\Paths))
DEBUG - 2026-02-25 16:09:57 --> Session: Class initialized using 'CodeIgniter\Session\Handlers\FileHandler' driver.
CRITICAL - 2026-02-25 16:09:57 --> ErrorException: Trying to access array offset on value of type null
[Method: GET, Route: /]
in SYSTEMPATH\Debug\Toolbar.php on line 217.
 1 SYSTEMPATH\Debug\Toolbar.php(217): CodeIgniter\Debug\Exceptions->errorHandler(2, 'Trying to access array offset on value of type null', 'C:\\xampp\\htdocs\\IM\\system\\Debug\\Toolbar.php', 217)
 2 SYSTEMPATH\Debug\Toolbar.php(200): CodeIgniter\Debug\Toolbar->renderTimelineRecursive([...], 1772006997.104076, 7, 35, [], 0)
 3 SYSTEMPATH\Debug\Toolbar\Views\toolbar.tpl.php(105): CodeIgniter\Debug\Toolbar->renderTimeline([...], 1772006997.104076, 7, 35, [])
 4 SYSTEMPATH\Debug\Toolbar.php(533): include('C:\\xampp\\htdocs\\IM\\system\\Debug\\Toolbar\\Views\\toolbar.tpl.php')
 5 SYSTEMPATH\Debug\Toolbar.php(496): CodeIgniter\Debug\Toolbar->format([...], 'html')
 6 APPPATH\Config\Events.php(47): CodeIgniter\Debug\Toolbar->respond()
 7 SYSTEMPATH\Events\Events.php(152): CodeIgniter\Events\Events::Config\{closure}()
 8 SYSTEMPATH\CodeIgniter.php(339): CodeIgniter\Events\Events::trigger('pre_system')
 9 SYSTEMPATH\Boot.php(363): CodeIgniter\CodeIgniter->run()
10 SYSTEMPATH\Boot.php(68): CodeIgniter\Boot::runCodeIgniter(Object(CodeIgniter\CodeIgniter))
11 FCPATH\index.php(59): CodeIgniter\Boot::bootWeb(Object(Config\Paths))
DEBUG - 2026-02-25 16:10:19 --> Session: Class initialized using 'CodeIgniter\Session\Handlers\FileHandler' driver.
CRITICAL - 2026-02-25 16:10:19 --> ErrorException: Trying to access array offset on value of type null
[Method: GET, Route: /]
in SYSTEMPATH\Debug\Toolbar.php on line 217.
 1 SYSTEMPATH\Debug\Toolbar.php(217): CodeIgniter\Debug\Exceptions->errorHandler(2, 'Trying to access array offset on value of type null', 'C:\\xampp\\htdocs\\IM\\system\\Debug\\Toolbar.php', 217)
 2 SYSTEMPATH\Debug\Toolbar.php(200): CodeIgniter\Debug\Toolbar->renderTimelineRecursive([...], 1772007019.242508, 6, 15, [], 0)
 3 SYSTEMPATH\Debug\Toolbar\Views\toolbar.tpl.php(105): CodeIgniter\Debug\Toolbar->renderTimeline([...], 1772007019.242508, 6, 15, [])
 4 SYSTEMPATH\Debug\Toolbar.php(533): include('C:\\xampp\\htdocs\\IM\\system\\Debug\\Toolbar\\Views\\toolbar.tpl.php')
 5 SYSTEMPATH\Debug\Toolbar.php(496): CodeIgniter\Debug\Toolbar->format([...], 'html')
 6 APPPATH\Config\Events.php(47): CodeIgniter\Debug\Toolbar->respond()
 7 SYSTEMPATH\Events\Events.php(152): CodeIgniter\Events\Events::Config\{closure}()
 8 SYSTEMPATH\CodeIgniter.php(339): CodeIgniter\Events\Events::trigger('pre_system')
 9 SYSTEMPATH\Boot.php(363): CodeIgniter\CodeIgniter->run()
10 SYSTEMPATH\Boot.php(68): CodeIgniter\Boot::runCodeIgniter(Object(CodeIgniter\CodeIgniter))
11 FCPATH\index.php(59): CodeIgniter\Boot::bootWeb(Object(Config\Paths))
DEBUG - 2026-02-25 16:10:22 --> Session: Class initialized using 'CodeIgniter\Session\Handlers\FileHandler' driver.
CRITICAL - 2026-02-25 16:10:22 --> ErrorException: Trying to access array offset on value of type null
[Method: GET, Route: /]
in SYSTEMPATH\Debug\Toolbar.php on line 217.
 1 SYSTEMPATH\Debug\Toolbar.php(217): CodeIgniter\Debug\Exceptions->errorHandler(2, 'Trying to access array offset on value of type null', 'C:\\xampp\\htdocs\\IM\\system\\Debug\\Toolbar.php', 217)
 2 SYSTEMPATH\Debug\Toolbar.php(200): CodeIgniter\Debug\Toolbar->renderTimelineRecursive([...], 1772007022.422159, 6, 25, [], 0)
 3 SYSTEMPATH\Debug\Toolbar\Views\toolbar.tpl.php(105): CodeIgniter\Debug\Toolbar->renderTimeline([...], 1772007022.422159, 6, 25, [])
 4 SYSTEMPATH\Debug\Toolbar.php(533): include('C:\\xampp\\htdocs\\IM\\system\\Debug\\Toolbar\\Views\\toolbar.tpl.php')
 5 SYSTEMPATH\Debug\Toolbar.php(496): CodeIgniter\Debug\Toolbar->format([...], 'html')
 6 APPPATH\Config\Events.php(47): CodeIgniter\Debug\Toolbar->respond()
 7 SYSTEMPATH\Events\Events.php(152): CodeIgniter\Events\Events::Config\{closure}()
 8 SYSTEMPATH\CodeIgniter.php(339): CodeIgniter\Events\Events::trigger('pre_system')
 9 SYSTEMPATH\Boot.php(363): CodeIgniter\CodeIgniter->run()
10 SYSTEMPATH\Boot.php(68): CodeIgniter\Boot::runCodeIgniter(Object(CodeIgniter\CodeIgniter))
11 FCPATH\index.php(59): CodeIgniter\Boot::bootWeb(Object(Config\Paths))
WARNING - 2026-02-25 16:10:25 --> [DEPRECATED] Creation of dynamic property App\Controllers\ApplicationController::$contactsModel is deprecated in APPPATH\Controllers\ApplicationController.php on line 41.
 1 SYSTEMPATH\CodeIgniter.php(903): App\Controllers\ApplicationController->__construct()
 2 SYSTEMPATH\CodeIgniter.php(498): CodeIgniter\CodeIgniter->createController()
 3 SYSTEMPATH\CodeIgniter.php(354): CodeIgniter\CodeIgniter->handleRequest(null, Object(Config\Cache), false)
 4 SYSTEMPATH\Boot.php(363): CodeIgniter\CodeIgniter->run()
 5 SYSTEMPATH\Boot.php(68): CodeIgniter\Boot::runCodeIgniter(Object(CodeIgniter\CodeIgniter))
 6 FCPATH\index.php(59): CodeIgniter\Boot::bootWeb(Object(Config\Paths))
WARNING - 2026-02-25 16:10:25 --> [DEPRECATED] Creation of dynamic property App\Controllers\ApplicationController::$environmentsModel is deprecated in APPPATH\Controllers\ApplicationController.php on line 42.
 1 SYSTEMPATH\CodeIgniter.php(903): App\Controllers\ApplicationController->__construct()
 2 SYSTEMPATH\CodeIgniter.php(498): CodeIgniter\CodeIgniter->createController()
 3 SYSTEMPATH\CodeIgniter.php(354): CodeIgniter\CodeIgniter->handleRequest(null, Object(Config\Cache), false)
 4 SYSTEMPATH\Boot.php(363): CodeIgniter\CodeIgniter->run()
 5 SYSTEMPATH\Boot.php(68): CodeIgniter\Boot::runCodeIgniter(Object(CodeIgniter\CodeIgniter))
 6 FCPATH\index.php(59): CodeIgniter\Boot::bootWeb(Object(Config\Paths))
WARNING - 2026-02-25 16:10:25 --> [DEPRECATED] Creation of dynamic property App\Controllers\ApplicationController::$infrastructureModel is deprecated in APPPATH\Controllers\ApplicationController.php on line 43.
 1 SYSTEMPATH\CodeIgniter.php(903): App\Controllers\ApplicationController->__construct()
 2 SYSTEMPATH\CodeIgniter.php(498): CodeIgniter\CodeIgniter->createController()
 3 SYSTEMPATH\CodeIgniter.php(354): CodeIgniter\CodeIgniter->handleRequest(null, Object(Config\Cache), false)
 4 SYSTEMPATH\Boot.php(363): CodeIgniter\CodeIgniter->run()
 5 SYSTEMPATH\Boot.php(68): CodeIgniter\Boot::runCodeIgniter(Object(CodeIgniter\CodeIgniter))
 6 FCPATH\index.php(59): CodeIgniter\Boot::bootWeb(Object(Config\Paths))
WARNING - 2026-02-25 16:10:25 --> [DEPRECATED] Creation of dynamic property App\Controllers\ApplicationController::$complianceModel is deprecated in APPPATH\Controllers\ApplicationController.php on line 44.
 1 SYSTEMPATH\CodeIgniter.php(903): App\Controllers\ApplicationController->__construct()
 2 SYSTEMPATH\CodeIgniter.php(498): CodeIgniter\CodeIgniter->createController()
 3 SYSTEMPATH\CodeIgniter.php(354): CodeIgniter\CodeIgniter->handleRequest(null, Object(Config\Cache), false)
 4 SYSTEMPATH\Boot.php(363): CodeIgniter\CodeIgniter->run()
 5 SYSTEMPATH\Boot.php(68): CodeIgniter\Boot::runCodeIgniter(Object(CodeIgniter\CodeIgniter))
 6 FCPATH\index.php(59): CodeIgniter\Boot::bootWeb(Object(Config\Paths))
WARNING - 2026-02-25 16:10:25 --> [DEPRECATED] Creation of dynamic property App\Controllers\ApplicationController::$dependenciesModel is deprecated in APPPATH\Controllers\ApplicationController.php on line 45.
 1 SYSTEMPATH\CodeIgniter.php(903): App\Controllers\ApplicationController->__construct()
 2 SYSTEMPATH\CodeIgniter.php(498): CodeIgniter\CodeIgniter->createController()
 3 SYSTEMPATH\CodeIgniter.php(354): CodeIgniter\CodeIgniter->handleRequest(null, Object(Config\Cache), false)
 4 SYSTEMPATH\Boot.php(363): CodeIgniter\CodeIgniter->run()
 5 SYSTEMPATH\Boot.php(68): CodeIgniter\Boot::runCodeIgniter(Object(CodeIgniter\CodeIgniter))
 6 FCPATH\index.php(59): CodeIgniter\Boot::bootWeb(Object(Config\Paths))
WARNING - 2026-02-25 16:10:25 --> [DEPRECATED] Creation of dynamic property App\Controllers\ApplicationController::$vendorsModel is deprecated in APPPATH\Controllers\ApplicationController.php on line 46.
 1 SYSTEMPATH\CodeIgniter.php(903): App\Controllers\ApplicationController->__construct()
 2 SYSTEMPATH\CodeIgniter.php(498): CodeIgniter\CodeIgniter->createController()
 3 SYSTEMPATH\CodeIgniter.php(354): CodeIgniter\CodeIgniter->handleRequest(null, Object(Config\Cache), false)
 4 SYSTEMPATH\Boot.php(363): CodeIgniter\CodeIgniter->run()
 5 SYSTEMPATH\Boot.php(68): CodeIgniter\Boot::runCodeIgniter(Object(CodeIgniter\CodeIgniter))
 6 FCPATH\index.php(59): CodeIgniter\Boot::bootWeb(Object(Config\Paths))
WARNING - 2026-02-25 16:10:25 --> [DEPRECATED] Creation of dynamic property App\Controllers\ApplicationController::$batchModel is deprecated in APPPATH\Controllers\ApplicationController.php on line 47.
 1 SYSTEMPATH\CodeIgniter.php(903): App\Controllers\ApplicationController->__construct()
 2 SYSTEMPATH\CodeIgniter.php(498): CodeIgniter\CodeIgniter->createController()
 3 SYSTEMPATH\CodeIgniter.php(354): CodeIgniter\CodeIgniter->handleRequest(null, Object(Config\Cache), false)
 4 SYSTEMPATH\Boot.php(363): CodeIgniter\CodeIgniter->run()
 5 SYSTEMPATH\Boot.php(68): CodeIgniter\Boot::runCodeIgniter(Object(CodeIgniter\CodeIgniter))
 6 FCPATH\index.php(59): CodeIgniter\Boot::bootWeb(Object(Config\Paths))
WARNING - 2026-02-25 16:10:25 --> [DEPRECATED] Creation of dynamic property App\Controllers\ApplicationController::$licensingModel is deprecated in APPPATH\Controllers\ApplicationController.php on line 48.
 1 SYSTEMPATH\CodeIgniter.php(903): App\Controllers\ApplicationController->__construct()
 2 SYSTEMPATH\CodeIgniter.php(498): CodeIgniter\CodeIgniter->createController()
 3 SYSTEMPATH\CodeIgniter.php(354): CodeIgniter\CodeIgniter->handleRequest(null, Object(Config\Cache), false)
 4 SYSTEMPATH\Boot.php(363): CodeIgniter\CodeIgniter->run()
 5 SYSTEMPATH\Boot.php(68): CodeIgniter\Boot::runCodeIgniter(Object(CodeIgniter\CodeIgniter))
 6 FCPATH\index.php(59): CodeIgniter\Boot::bootWeb(Object(Config\Paths))
WARNING - 2026-02-25 16:10:25 --> [DEPRECATED] Creation of dynamic property App\Controllers\ApplicationController::$metricsModel is deprecated in APPPATH\Controllers\ApplicationController.php on line 49.
 1 SYSTEMPATH\CodeIgniter.php(903): App\Controllers\ApplicationController->__construct()
 2 SYSTEMPATH\CodeIgniter.php(498): CodeIgniter\CodeIgniter->createController()
 3 SYSTEMPATH\CodeIgniter.php(354): CodeIgniter\CodeIgniter->handleRequest(null, Object(Config\Cache), false)
 4 SYSTEMPATH\Boot.php(363): CodeIgniter\CodeIgniter->run()
 5 SYSTEMPATH\Boot.php(68): CodeIgniter\Boot::runCodeIgniter(Object(CodeIgniter\CodeIgniter))
 6 FCPATH\index.php(59): CodeIgniter\Boot::bootWeb(Object(Config\Paths))
WARNING - 2026-02-25 16:10:25 --> [DEPRECATED] Creation of dynamic property App\Controllers\ApplicationController::$techModel is deprecated in APPPATH\Controllers\ApplicationController.php on line 50.
 1 SYSTEMPATH\CodeIgniter.php(903): App\Controllers\ApplicationController->__construct()
 2 SYSTEMPATH\CodeIgniter.php(498): CodeIgniter\CodeIgniter->createController()
 3 SYSTEMPATH\CodeIgniter.php(354): CodeIgniter\CodeIgniter->handleRequest(null, Object(Config\Cache), false)
 4 SYSTEMPATH\Boot.php(363): CodeIgniter\CodeIgniter->run()
 5 SYSTEMPATH\Boot.php(68): CodeIgniter\Boot::runCodeIgniter(Object(CodeIgniter\CodeIgniter))
 6 FCPATH\index.php(59): CodeIgniter\Boot::bootWeb(Object(Config\Paths))
DEBUG - 2026-02-25 16:10:25 --> Session: Class initialized using 'CodeIgniter\Session\Handlers\FileHandler' driver.
CRITICAL - 2026-02-25 16:10:26 --> ErrorException: Trying to access array offset on value of type null
[Method: GET, Route: /]
in SYSTEMPATH\Debug\Toolbar.php on line 217.
 1 SYSTEMPATH\Debug\Toolbar.php(217): CodeIgniter\Debug\Exceptions->errorHandler(2, 'Trying to access array offset on value of type null', 'C:\\xampp\\htdocs\\IM\\system\\Debug\\Toolbar.php', 217)
 2 SYSTEMPATH\Debug\Toolbar.php(200): CodeIgniter\Debug\Toolbar->renderTimelineRecursive([...], 1772007025.699556, 7, 60, [], 0)
 3 SYSTEMPATH\Debug\Toolbar\Views\toolbar.tpl.php(105): CodeIgniter\Debug\Toolbar->renderTimeline([...], 1772007025.699556, 7, 60, [])
 4 SYSTEMPATH\Debug\Toolbar.php(533): include('C:\\xampp\\htdocs\\IM\\system\\Debug\\Toolbar\\Views\\toolbar.tpl.php')
 5 SYSTEMPATH\Debug\Toolbar.php(496): CodeIgniter\Debug\Toolbar->format([...], 'html')
 6 APPPATH\Config\Events.php(47): CodeIgniter\Debug\Toolbar->respond()
 7 SYSTEMPATH\Events\Events.php(152): CodeIgniter\Events\Events::Config\{closure}()
 8 SYSTEMPATH\CodeIgniter.php(339): CodeIgniter\Events\Events::trigger('pre_system')
 9 SYSTEMPATH\Boot.php(363): CodeIgniter\CodeIgniter->run()
10 SYSTEMPATH\Boot.php(68): CodeIgniter\Boot::runCodeIgniter(Object(CodeIgniter\CodeIgniter))
11 FCPATH\index.php(59): CodeIgniter\Boot::bootWeb(Object(Config\Paths))
DEBUG - 2026-02-25 16:10:32 --> Session: Class initialized using 'CodeIgniter\Session\Handlers\FileHandler' driver.
CRITICAL - 2026-02-25 16:10:32 --> ErrorException: Trying to access array offset on value of type null
[Method: GET, Route: /]
in SYSTEMPATH\Debug\Toolbar.php on line 217.
 1 SYSTEMPATH\Debug\Toolbar.php(217): CodeIgniter\Debug\Exceptions->errorHandler(2, 'Trying to access array offset on value of type null', 'C:\\xampp\\htdocs\\IM\\system\\Debug\\Toolbar.php', 217)
 2 SYSTEMPATH\Debug\Toolbar.php(200): CodeIgniter\Debug\Toolbar->renderTimelineRecursive([...], 1772007032.201498, 6, 20, [], 0)
 3 SYSTEMPATH\Debug\Toolbar\Views\toolbar.tpl.php(105): CodeIgniter\Debug\Toolbar->renderTimeline([...], 1772007032.201498, 6, 20, [])
 4 SYSTEMPATH\Debug\Toolbar.php(533): include('C:\\xampp\\htdocs\\IM\\system\\Debug\\Toolbar\\Views\\toolbar.tpl.php')
 5 SYSTEMPATH\Debug\Toolbar.php(496): CodeIgniter\Debug\Toolbar->format([...], 'html')
 6 APPPATH\Config\Events.php(47): CodeIgniter\Debug\Toolbar->respond()
 7 SYSTEMPATH\Events\Events.php(152): CodeIgniter\Events\Events::Config\{closure}()
 8 SYSTEMPATH\CodeIgniter.php(339): CodeIgniter\Events\Events::trigger('pre_system')
 9 SYSTEMPATH\Boot.php(363): CodeIgniter\CodeIgniter->run()
10 SYSTEMPATH\Boot.php(68): CodeIgniter\Boot::runCodeIgniter(Object(CodeIgniter\CodeIgniter))
11 FCPATH\index.php(59): CodeIgniter\Boot::bootWeb(Object(Config\Paths))
DEBUG - 2026-02-25 16:10:35 --> Session: Class initialized using 'CodeIgniter\Session\Handlers\FileHandler' driver.
CRITICAL - 2026-02-25 16:10:35 --> ErrorException: Trying to access array offset on value of type null
[Method: GET, Route: /]
in SYSTEMPATH\Debug\Toolbar.php on line 217.
 1 SYSTEMPATH\Debug\Toolbar.php(217): CodeIgniter\Debug\Exceptions->errorHandler(2, 'Trying to access array offset on value of type null', 'C:\\xampp\\htdocs\\IM\\system\\Debug\\Toolbar.php', 217)
 2 SYSTEMPATH\Debug\Toolbar.php(200): CodeIgniter\Debug\Toolbar->renderTimelineRecursive([...], 1772007035.64067, 6, 15, [], 0)
 3 SYSTEMPATH\Debug\Toolbar\Views\toolbar.tpl.php(105): CodeIgniter\Debug\Toolbar->renderTimeline([...], 1772007035.64067, 6, 15, [])
 4 SYSTEMPATH\Debug\Toolbar.php(533): include('C:\\xampp\\htdocs\\IM\\system\\Debug\\Toolbar\\Views\\toolbar.tpl.php')
 5 SYSTEMPATH\Debug\Toolbar.php(496): CodeIgniter\Debug\Toolbar->format([...], 'html')
 6 APPPATH\Config\Events.php(47): CodeIgniter\Debug\Toolbar->respond()
 7 SYSTEMPATH\Events\Events.php(152): CodeIgniter\Events\Events::Config\{closure}()
 8 SYSTEMPATH\CodeIgniter.php(339): CodeIgniter\Events\Events::trigger('pre_system')
 9 SYSTEMPATH\Boot.php(363): CodeIgniter\CodeIgniter->run()
10 SYSTEMPATH\Boot.php(68): CodeIgniter\Boot::runCodeIgniter(Object(CodeIgniter\CodeIgniter))
11 FCPATH\index.php(59): CodeIgniter\Boot::bootWeb(Object(Config\Paths))
DEBUG - 2026-02-25 16:10:53 --> Session: Class initialized using 'CodeIgniter\Session\Handlers\FileHandler' driver.
CRITICAL - 2026-02-25 16:10:53 --> ErrorException: Trying to access array offset on value of type null
[Method: GET, Route: /]
in SYSTEMPATH\Debug\Toolbar.php on line 217.
 1 SYSTEMPATH\Debug\Toolbar.php(217): CodeIgniter\Debug\Exceptions->errorHandler(2, 'Trying to access array offset on value of type null', 'C:\\xampp\\htdocs\\IM\\system\\Debug\\Toolbar.php', 217)
 2 SYSTEMPATH\Debug\Toolbar.php(200): CodeIgniter\Debug\Toolbar->renderTimelineRecursive([...], 1772007053.216101, 6, 15, [], 0)
 3 SYSTEMPATH\Debug\Toolbar\Views\toolbar.tpl.php(105): CodeIgniter\Debug\Toolbar->renderTimeline([...], 1772007053.216101, 6, 15, [])
 4 SYSTEMPATH\Debug\Toolbar.php(533): include('C:\\xampp\\htdocs\\IM\\system\\Debug\\Toolbar\\Views\\toolbar.tpl.php')
 5 SYSTEMPATH\Debug\Toolbar.php(496): CodeIgniter\Debug\Toolbar->format([...], 'html')
 6 APPPATH\Config\Events.php(47): CodeIgniter\Debug\Toolbar->respond()
 7 SYSTEMPATH\Events\Events.php(152): CodeIgniter\Events\Events::Config\{closure}()
 8 SYSTEMPATH\CodeIgniter.php(339): CodeIgniter\Events\Events::trigger('pre_system')
 9 SYSTEMPATH\Boot.php(363): CodeIgniter\CodeIgniter->run()
10 SYSTEMPATH\Boot.php(68): CodeIgniter\Boot::runCodeIgniter(Object(CodeIgniter\CodeIgniter))
11 FCPATH\index.php(59): CodeIgniter\Boot::bootWeb(Object(Config\Paths))
DEBUG - 2026-02-25 16:13:05 --> Session: Class initialized using 'CodeIgniter\Session\Handlers\FileHandler' driver.
CRITICAL - 2026-02-25 16:13:05 --> ErrorException: Trying to access array offset on value of type null
[Method: GET, Route: /]
in SYSTEMPATH\Debug\Toolbar.php on line 217.
 1 SYSTEMPATH\Debug\Toolbar.php(217): CodeIgniter\Debug\Exceptions->errorHandler(2, 'Trying to access array offset on value of type null', 'C:\\xampp\\htdocs\\IM\\system\\Debug\\Toolbar.php', 217)
 2 SYSTEMPATH\Debug\Toolbar.php(200): CodeIgniter\Debug\Toolbar->renderTimelineRecursive([...], 1772007185.219233, 7, 35, [], 0)
 3 SYSTEMPATH\Debug\Toolbar\Views\toolbar.tpl.php(105): CodeIgniter\Debug\Toolbar->renderTimeline([...], 1772007185.219233, 7, 35, [])
 4 SYSTEMPATH\Debug\Toolbar.php(533): include('C:\\xampp\\htdocs\\IM\\system\\Debug\\Toolbar\\Views\\toolbar.tpl.php')
 5 SYSTEMPATH\Debug\Toolbar.php(496): CodeIgniter\Debug\Toolbar->format([...], 'html')
 6 APPPATH\Config\Events.php(47): CodeIgniter\Debug\Toolbar->respond()
 7 SYSTEMPATH\Events\Events.php(152): CodeIgniter\Events\Events::Config\{closure}()
 8 SYSTEMPATH\CodeIgniter.php(339): CodeIgniter\Events\Events::trigger('pre_system')
 9 SYSTEMPATH\Boot.php(363): CodeIgniter\CodeIgniter->run()
10 SYSTEMPATH\Boot.php(68): CodeIgniter\Boot::runCodeIgniter(Object(CodeIgniter\CodeIgniter))
11 FCPATH\index.php(59): CodeIgniter\Boot::bootWeb(Object(Config\Paths))
DEBUG - 2026-02-25 16:13:10 --> Session: Class initialized using 'CodeIgniter\Session\Handlers\FileHandler' driver.
CRITICAL - 2026-02-25 16:13:10 --> ErrorException: Trying to access array offset on value of type null
[Method: GET, Route: /]
in SYSTEMPATH\Debug\Toolbar.php on line 217.
 1 SYSTEMPATH\Debug\Toolbar.php(217): CodeIgniter\Debug\Exceptions->errorHandler(2, 'Trying to access array offset on value of type null', 'C:\\xampp\\htdocs\\IM\\system\\Debug\\Toolbar.php', 217)
 2 SYSTEMPATH\Debug\Toolbar.php(200): CodeIgniter\Debug\Toolbar->renderTimelineRecursive([...], 1772007190.079778, 6, 15, [], 0)
 3 SYSTEMPATH\Debug\Toolbar\Views\toolbar.tpl.php(105): CodeIgniter\Debug\Toolbar->renderTimeline([...], 1772007190.079778, 6, 15, [])
 4 SYSTEMPATH\Debug\Toolbar.php(533): include('C:\\xampp\\htdocs\\IM\\system\\Debug\\Toolbar\\Views\\toolbar.tpl.php')
 5 SYSTEMPATH\Debug\Toolbar.php(496): CodeIgniter\Debug\Toolbar->format([...], 'html')
 6 APPPATH\Config\Events.php(47): CodeIgniter\Debug\Toolbar->respond()
 7 SYSTEMPATH\Events\Events.php(152): CodeIgniter\Events\Events::Config\{closure}()
 8 SYSTEMPATH\CodeIgniter.php(339): CodeIgniter\Events\Events::trigger('pre_system')
 9 SYSTEMPATH\Boot.php(363): CodeIgniter\CodeIgniter->run()
10 SYSTEMPATH\Boot.php(68): CodeIgniter\Boot::runCodeIgniter(Object(CodeIgniter\CodeIgniter))
11 FCPATH\index.php(59): CodeIgniter\Boot::bootWeb(Object(Config\Paths))
DEBUG - 2026-02-25 16:13:13 --> Session: Class initialized using 'CodeIgniter\Session\Handlers\FileHandler' driver.
CRITICAL - 2026-02-25 16:13:14 --> ErrorException: Trying to access array offset on value of type null
[Method: GET, Route: /]
in SYSTEMPATH\Debug\Toolbar.php on line 217.
 1 SYSTEMPATH\Debug\Toolbar.php(217): CodeIgniter\Debug\Exceptions->errorHandler(2, 'Trying to access array offset on value of type null', 'C:\\xampp\\htdocs\\IM\\system\\Debug\\Toolbar.php', 217)
 2 SYSTEMPATH\Debug\Toolbar.php(200): CodeIgniter\Debug\Toolbar->renderTimelineRecursive([...], 1772007193.843585, 6, 15, [], 0)
 3 SYSTEMPATH\Debug\Toolbar\Views\toolbar.tpl.php(105): CodeIgniter\Debug\Toolbar->renderTimeline([...], 1772007193.843585, 6, 15, [])
 4 SYSTEMPATH\Debug\Toolbar.php(533): include('C:\\xampp\\htdocs\\IM\\system\\Debug\\Toolbar\\Views\\toolbar.tpl.php')
 5 SYSTEMPATH\Debug\Toolbar.php(496): CodeIgniter\Debug\Toolbar->format([...], 'html')
 6 APPPATH\Config\Events.php(47): CodeIgniter\Debug\Toolbar->respond()
 7 SYSTEMPATH\Events\Events.php(152): CodeIgniter\Events\Events::Config\{closure}()
 8 SYSTEMPATH\CodeIgniter.php(339): CodeIgniter\Events\Events::trigger('pre_system')
 9 SYSTEMPATH\Boot.php(363): CodeIgniter\CodeIgniter->run()
10 SYSTEMPATH\Boot.php(68): CodeIgniter\Boot::runCodeIgniter(Object(CodeIgniter\CodeIgniter))
11 FCPATH\index.php(59): CodeIgniter\Boot::bootWeb(Object(Config\Paths))
DEBUG - 2026-02-25 16:13:20 --> Session: Class initialized using 'CodeIgniter\Session\Handlers\FileHandler' driver.
CRITICAL - 2026-02-25 16:13:21 --> ErrorException: Trying to access array offset on value of type null
[Method: GET, Route: /]
in SYSTEMPATH\Debug\Toolbar.php on line 217.
 1 SYSTEMPATH\Debug\Toolbar.php(217): CodeIgniter\Debug\Exceptions->errorHandler(2, 'Trying to access array offset on value of type null', 'C:\\xampp\\htdocs\\IM\\system\\Debug\\Toolbar.php', 217)
 2 SYSTEMPATH\Debug\Toolbar.php(200): CodeIgniter\Debug\Toolbar->renderTimelineRecursive([...], 1772007200.920489, 7, 15, [], 0)
 3 SYSTEMPATH\Debug\Toolbar\Views\toolbar.tpl.php(105): CodeIgniter\Debug\Toolbar->renderTimeline([...], 1772007200.920489, 7, 15, [])
 4 SYSTEMPATH\Debug\Toolbar.php(533): include('C:\\xampp\\htdocs\\IM\\system\\Debug\\Toolbar\\Views\\toolbar.tpl.php')
 5 SYSTEMPATH\Debug\Toolbar.php(496): CodeIgniter\Debug\Toolbar->format([...], 'html')
 6 APPPATH\Config\Events.php(47): CodeIgniter\Debug\Toolbar->respond()
 7 SYSTEMPATH\Events\Events.php(152): CodeIgniter\Events\Events::Config\{closure}()
 8 SYSTEMPATH\CodeIgniter.php(339): CodeIgniter\Events\Events::trigger('pre_system')
 9 SYSTEMPATH\Boot.php(363): CodeIgniter\CodeIgniter->run()
10 SYSTEMPATH\Boot.php(68): CodeIgniter\Boot::runCodeIgniter(Object(CodeIgniter\CodeIgniter))
11 FCPATH\index.php(59): CodeIgniter\Boot::bootWeb(Object(Config\Paths))
DEBUG - 2026-02-25 16:13:27 --> Session: Class initialized using 'CodeIgniter\Session\Handlers\FileHandler' driver.
CRITICAL - 2026-02-25 16:13:27 --> ErrorException: Trying to access array offset on value of type null
[Method: GET, Route: /]
in SYSTEMPATH\Debug\Toolbar.php on line 217.
 1 SYSTEMPATH\Debug\Toolbar.php(217): CodeIgniter\Debug\Exceptions->errorHandler(2, 'Trying to access array offset on value of type null', 'C:\\xampp\\htdocs\\IM\\system\\Debug\\Toolbar.php', 217)
 2 SYSTEMPATH\Debug\Toolbar.php(200): CodeIgniter\Debug\Toolbar->renderTimelineRecursive([...], 1772007207.173842, 6, 20, [], 0)
 3 SYSTEMPATH\Debug\Toolbar\Views\toolbar.tpl.php(105): CodeIgniter\Debug\Toolbar->renderTimeline([...], 1772007207.173842, 6, 20, [])
 4 SYSTEMPATH\Debug\Toolbar.php(533): include('C:\\xampp\\htdocs\\IM\\system\\Debug\\Toolbar\\Views\\toolbar.tpl.php')
 5 SYSTEMPATH\Debug\Toolbar.php(496): CodeIgniter\Debug\Toolbar->format([...], 'html')
 6 APPPATH\Config\Events.php(47): CodeIgniter\Debug\Toolbar->respond()
 7 SYSTEMPATH\Events\Events.php(152): CodeIgniter\Events\Events::Config\{closure}()
 8 SYSTEMPATH\CodeIgniter.php(339): CodeIgniter\Events\Events::trigger('pre_system')
 9 SYSTEMPATH\Boot.php(363): CodeIgniter\CodeIgniter->run()
10 SYSTEMPATH\Boot.php(68): CodeIgniter\Boot::runCodeIgniter(Object(CodeIgniter\CodeIgniter))
11 FCPATH\index.php(59): CodeIgniter\Boot::bootWeb(Object(Config\Paths))
WARNING - 2026-02-25 16:13:31 --> [DEPRECATED] Creation of dynamic property App\Controllers\ApplicationController::$contactsModel is deprecated in APPPATH\Controllers\ApplicationController.php on line 41.
 1 SYSTEMPATH\CodeIgniter.php(903): App\Controllers\ApplicationController->__construct()
 2 SYSTEMPATH\CodeIgniter.php(498): CodeIgniter\CodeIgniter->createController()
 3 SYSTEMPATH\CodeIgniter.php(354): CodeIgniter\CodeIgniter->handleRequest(null, Object(Config\Cache), false)
 4 SYSTEMPATH\Boot.php(363): CodeIgniter\CodeIgniter->run()
 5 SYSTEMPATH\Boot.php(68): CodeIgniter\Boot::runCodeIgniter(Object(CodeIgniter\CodeIgniter))
 6 FCPATH\index.php(59): CodeIgniter\Boot::bootWeb(Object(Config\Paths))
WARNING - 2026-02-25 16:13:31 --> [DEPRECATED] Creation of dynamic property App\Controllers\ApplicationController::$environmentsModel is deprecated in APPPATH\Controllers\ApplicationController.php on line 42.
 1 SYSTEMPATH\CodeIgniter.php(903): App\Controllers\ApplicationController->__construct()
 2 SYSTEMPATH\CodeIgniter.php(498): CodeIgniter\CodeIgniter->createController()
 3 SYSTEMPATH\CodeIgniter.php(354): CodeIgniter\CodeIgniter->handleRequest(null, Object(Config\Cache), false)
 4 SYSTEMPATH\Boot.php(363): CodeIgniter\CodeIgniter->run()
 5 SYSTEMPATH\Boot.php(68): CodeIgniter\Boot::runCodeIgniter(Object(CodeIgniter\CodeIgniter))
 6 FCPATH\index.php(59): CodeIgniter\Boot::bootWeb(Object(Config\Paths))
WARNING - 2026-02-25 16:13:31 --> [DEPRECATED] Creation of dynamic property App\Controllers\ApplicationController::$infrastructureModel is deprecated in APPPATH\Controllers\ApplicationController.php on line 43.
 1 SYSTEMPATH\CodeIgniter.php(903): App\Controllers\ApplicationController->__construct()
 2 SYSTEMPATH\CodeIgniter.php(498): CodeIgniter\CodeIgniter->createController()
 3 SYSTEMPATH\CodeIgniter.php(354): CodeIgniter\CodeIgniter->handleRequest(null, Object(Config\Cache), false)
 4 SYSTEMPATH\Boot.php(363): CodeIgniter\CodeIgniter->run()
 5 SYSTEMPATH\Boot.php(68): CodeIgniter\Boot::runCodeIgniter(Object(CodeIgniter\CodeIgniter))
 6 FCPATH\index.php(59): CodeIgniter\Boot::bootWeb(Object(Config\Paths))
WARNING - 2026-02-25 16:13:31 --> [DEPRECATED] Creation of dynamic property App\Controllers\ApplicationController::$complianceModel is deprecated in APPPATH\Controllers\ApplicationController.php on line 44.
 1 SYSTEMPATH\CodeIgniter.php(903): App\Controllers\ApplicationController->__construct()
 2 SYSTEMPATH\CodeIgniter.php(498): CodeIgniter\CodeIgniter->createController()
 3 SYSTEMPATH\CodeIgniter.php(354): CodeIgniter\CodeIgniter->handleRequest(null, Object(Config\Cache), false)
 4 SYSTEMPATH\Boot.php(363): CodeIgniter\CodeIgniter->run()
 5 SYSTEMPATH\Boot.php(68): CodeIgniter\Boot::runCodeIgniter(Object(CodeIgniter\CodeIgniter))
 6 FCPATH\index.php(59): CodeIgniter\Boot::bootWeb(Object(Config\Paths))
WARNING - 2026-02-25 16:13:31 --> [DEPRECATED] Creation of dynamic property App\Controllers\ApplicationController::$dependenciesModel is deprecated in APPPATH\Controllers\ApplicationController.php on line 45.
 1 SYSTEMPATH\CodeIgniter.php(903): App\Controllers\ApplicationController->__construct()
 2 SYSTEMPATH\CodeIgniter.php(498): CodeIgniter\CodeIgniter->createController()
 3 SYSTEMPATH\CodeIgniter.php(354): CodeIgniter\CodeIgniter->handleRequest(null, Object(Config\Cache), false)
 4 SYSTEMPATH\Boot.php(363): CodeIgniter\CodeIgniter->run()
 5 SYSTEMPATH\Boot.php(68): CodeIgniter\Boot::runCodeIgniter(Object(CodeIgniter\CodeIgniter))
 6 FCPATH\index.php(59): CodeIgniter\Boot::bootWeb(Object(Config\Paths))
WARNING - 2026-02-25 16:13:31 --> [DEPRECATED] Creation of dynamic property App\Controllers\ApplicationController::$vendorsModel is deprecated in APPPATH\Controllers\ApplicationController.php on line 46.
 1 SYSTEMPATH\CodeIgniter.php(903): App\Controllers\ApplicationController->__construct()
 2 SYSTEMPATH\CodeIgniter.php(498): CodeIgniter\CodeIgniter->createController()
 3 SYSTEMPATH\CodeIgniter.php(354): CodeIgniter\CodeIgniter->handleRequest(null, Object(Config\Cache), false)
 4 SYSTEMPATH\Boot.php(363): CodeIgniter\CodeIgniter->run()
 5 SYSTEMPATH\Boot.php(68): CodeIgniter\Boot::runCodeIgniter(Object(CodeIgniter\CodeIgniter))
 6 FCPATH\index.php(59): CodeIgniter\Boot::bootWeb(Object(Config\Paths))
WARNING - 2026-02-25 16:13:31 --> [DEPRECATED] Creation of dynamic property App\Controllers\ApplicationController::$batchModel is deprecated in APPPATH\Controllers\ApplicationController.php on line 47.
 1 SYSTEMPATH\CodeIgniter.php(903): App\Controllers\ApplicationController->__construct()
 2 SYSTEMPATH\CodeIgniter.php(498): CodeIgniter\CodeIgniter->createController()
 3 SYSTEMPATH\CodeIgniter.php(354): CodeIgniter\CodeIgniter->handleRequest(null, Object(Config\Cache), false)
 4 SYSTEMPATH\Boot.php(363): CodeIgniter\CodeIgniter->run()
 5 SYSTEMPATH\Boot.php(68): CodeIgniter\Boot::runCodeIgniter(Object(CodeIgniter\CodeIgniter))
 6 FCPATH\index.php(59): CodeIgniter\Boot::bootWeb(Object(Config\Paths))
WARNING - 2026-02-25 16:13:31 --> [DEPRECATED] Creation of dynamic property App\Controllers\ApplicationController::$licensingModel is deprecated in APPPATH\Controllers\ApplicationController.php on line 48.
 1 SYSTEMPATH\CodeIgniter.php(903): App\Controllers\ApplicationController->__construct()
 2 SYSTEMPATH\CodeIgniter.php(498): CodeIgniter\CodeIgniter->createController()
 3 SYSTEMPATH\CodeIgniter.php(354): CodeIgniter\CodeIgniter->handleRequest(null, Object(Config\Cache), false)
 4 SYSTEMPATH\Boot.php(363): CodeIgniter\CodeIgniter->run()
 5 SYSTEMPATH\Boot.php(68): CodeIgniter\Boot::runCodeIgniter(Object(CodeIgniter\CodeIgniter))
 6 FCPATH\index.php(59): CodeIgniter\Boot::bootWeb(Object(Config\Paths))
WARNING - 2026-02-25 16:13:31 --> [DEPRECATED] Creation of dynamic property App\Controllers\ApplicationController::$metricsModel is deprecated in APPPATH\Controllers\ApplicationController.php on line 49.
 1 SYSTEMPATH\CodeIgniter.php(903): App\Controllers\ApplicationController->__construct()
 2 SYSTEMPATH\CodeIgniter.php(498): CodeIgniter\CodeIgniter->createController()
 3 SYSTEMPATH\CodeIgniter.php(354): CodeIgniter\CodeIgniter->handleRequest(null, Object(Config\Cache), false)
 4 SYSTEMPATH\Boot.php(363): CodeIgniter\CodeIgniter->run()
 5 SYSTEMPATH\Boot.php(68): CodeIgniter\Boot::runCodeIgniter(Object(CodeIgniter\CodeIgniter))
 6 FCPATH\index.php(59): CodeIgniter\Boot::bootWeb(Object(Config\Paths))
WARNING - 2026-02-25 16:13:31 --> [DEPRECATED] Creation of dynamic property App\Controllers\ApplicationController::$techModel is deprecated in APPPATH\Controllers\ApplicationController.php on line 50.
 1 SYSTEMPATH\CodeIgniter.php(903): App\Controllers\ApplicationController->__construct()
 2 SYSTEMPATH\CodeIgniter.php(498): CodeIgniter\CodeIgniter->createController()
 3 SYSTEMPATH\CodeIgniter.php(354): CodeIgniter\CodeIgniter->handleRequest(null, Object(Config\Cache), false)
 4 SYSTEMPATH\Boot.php(363): CodeIgniter\CodeIgniter->run()
 5 SYSTEMPATH\Boot.php(68): CodeIgniter\Boot::runCodeIgniter(Object(CodeIgniter\CodeIgniter))
 6 FCPATH\index.php(59): CodeIgniter\Boot::bootWeb(Object(Config\Paths))
DEBUG - 2026-02-25 16:13:31 --> Session: Class initialized using 'CodeIgniter\Session\Handlers\FileHandler' driver.
CRITICAL - 2026-02-25 16:13:32 --> ErrorException: Trying to access array offset on value of type null
[Method: GET, Route: /]
in SYSTEMPATH\Debug\Toolbar.php on line 217.
 1 SYSTEMPATH\Debug\Toolbar.php(217): CodeIgniter\Debug\Exceptions->errorHandler(2, 'Trying to access array offset on value of type null', 'C:\\xampp\\htdocs\\IM\\system\\Debug\\Toolbar.php', 217)
 2 SYSTEMPATH\Debug\Toolbar.php(200): CodeIgniter\Debug\Toolbar->renderTimelineRecursive([...], 1772007211.856207, 7, 15, [], 0)
 3 SYSTEMPATH\Debug\Toolbar\Views\toolbar.tpl.php(105): CodeIgniter\Debug\Toolbar->renderTimeline([...], 1772007211.856207, 7, 15, [])
 4 SYSTEMPATH\Debug\Toolbar.php(533): include('C:\\xampp\\htdocs\\IM\\system\\Debug\\Toolbar\\Views\\toolbar.tpl.php')
 5 SYSTEMPATH\Debug\Toolbar.php(496): CodeIgniter\Debug\Toolbar->format([...], 'html')
 6 APPPATH\Config\Events.php(47): CodeIgniter\Debug\Toolbar->respond()
 7 SYSTEMPATH\Events\Events.php(152): CodeIgniter\Events\Events::Config\{closure}()
 8 SYSTEMPATH\CodeIgniter.php(339): CodeIgniter\Events\Events::trigger('pre_system')
 9 SYSTEMPATH\Boot.php(363): CodeIgniter\CodeIgniter->run()
10 SYSTEMPATH\Boot.php(68): CodeIgniter\Boot::runCodeIgniter(Object(CodeIgniter\CodeIgniter))
11 FCPATH\index.php(59): CodeIgniter\Boot::bootWeb(Object(Config\Paths))
DEBUG - 2026-02-25 16:13:45 --> Session: Class initialized using 'CodeIgniter\Session\Handlers\FileHandler' driver.
CRITICAL - 2026-02-25 16:13:45 --> ErrorException: Trying to access array offset on value of type null
[Method: GET, Route: /]
in SYSTEMPATH\Debug\Toolbar.php on line 217.
 1 SYSTEMPATH\Debug\Toolbar.php(217): CodeIgniter\Debug\Exceptions->errorHandler(2, 'Trying to access array offset on value of type null', 'C:\\xampp\\htdocs\\IM\\system\\Debug\\Toolbar.php', 217)
 2 SYSTEMPATH\Debug\Toolbar.php(200): CodeIgniter\Debug\Toolbar->renderTimelineRecursive([...], 1772007225.277817, 6, 15, [], 0)
 3 SYSTEMPATH\Debug\Toolbar\Views\toolbar.tpl.php(105): CodeIgniter\Debug\Toolbar->renderTimeline([...], 1772007225.277817, 6, 15, [])
 4 SYSTEMPATH\Debug\Toolbar.php(533): include('C:\\xampp\\htdocs\\IM\\system\\Debug\\Toolbar\\Views\\toolbar.tpl.php')
 5 SYSTEMPATH\Debug\Toolbar.php(496): CodeIgniter\Debug\Toolbar->format([...], 'html')
 6 APPPATH\Config\Events.php(47): CodeIgniter\Debug\Toolbar->respond()
 7 SYSTEMPATH\Events\Events.php(152): CodeIgniter\Events\Events::Config\{closure}()
 8 SYSTEMPATH\CodeIgniter.php(339): CodeIgniter\Events\Events::trigger('pre_system')
 9 SYSTEMPATH\Boot.php(363): CodeIgniter\CodeIgniter->run()
10 SYSTEMPATH\Boot.php(68): CodeIgniter\Boot::runCodeIgniter(Object(CodeIgniter\CodeIgniter))
11 FCPATH\index.php(59): CodeIgniter\Boot::bootWeb(Object(Config\Paths))
DEBUG - 2026-02-25 16:14:27 --> Session: Class initialized using 'CodeIgniter\Session\Handlers\FileHandler' driver.
CRITICAL - 2026-02-25 16:14:28 --> ErrorException: Trying to access array offset on value of type null
[Method: GET, Route: /]
in SYSTEMPATH\Debug\Toolbar.php on line 217.
 1 SYSTEMPATH\Debug\Toolbar.php(217): CodeIgniter\Debug\Exceptions->errorHandler(2, 'Trying to access array offset on value of type null', 'C:\\xampp\\htdocs\\IM\\system\\Debug\\Toolbar.php', 217)
 2 SYSTEMPATH\Debug\Toolbar.php(200): CodeIgniter\Debug\Toolbar->renderTimelineRecursive([...], 1772007267.883142, 7, 30, [], 0)
 3 SYSTEMPATH\Debug\Toolbar\Views\toolbar.tpl.php(105): CodeIgniter\Debug\Toolbar->renderTimeline([...], 1772007267.883142, 7, 30, [])
 4 SYSTEMPATH\Debug\Toolbar.php(533): include('C:\\xampp\\htdocs\\IM\\system\\Debug\\Toolbar\\Views\\toolbar.tpl.php')
 5 SYSTEMPATH\Debug\Toolbar.php(496): CodeIgniter\Debug\Toolbar->format([...], 'html')
 6 APPPATH\Config\Events.php(47): CodeIgniter\Debug\Toolbar->respond()
 7 SYSTEMPATH\Events\Events.php(152): CodeIgniter\Events\Events::Config\{closure}()
 8 SYSTEMPATH\CodeIgniter.php(339): CodeIgniter\Events\Events::trigger('pre_system')
 9 SYSTEMPATH\Boot.php(363): CodeIgniter\CodeIgniter->run()
10 SYSTEMPATH\Boot.php(68): CodeIgniter\Boot::runCodeIgniter(Object(CodeIgniter\CodeIgniter))
11 FCPATH\index.php(59): CodeIgniter\Boot::bootWeb(Object(Config\Paths))
WARNING - 2026-02-25 16:14:31 --> [DEPRECATED] Creation of dynamic property App\Controllers\ApplicationController::$contactsModel is deprecated in APPPATH\Controllers\ApplicationController.php on line 41.
 1 SYSTEMPATH\CodeIgniter.php(903): App\Controllers\ApplicationController->__construct()
 2 SYSTEMPATH\CodeIgniter.php(498): CodeIgniter\CodeIgniter->createController()
 3 SYSTEMPATH\CodeIgniter.php(354): CodeIgniter\CodeIgniter->handleRequest(null, Object(Config\Cache), false)
 4 SYSTEMPATH\Boot.php(363): CodeIgniter\CodeIgniter->run()
 5 SYSTEMPATH\Boot.php(68): CodeIgniter\Boot::runCodeIgniter(Object(CodeIgniter\CodeIgniter))
 6 FCPATH\index.php(59): CodeIgniter\Boot::bootWeb(Object(Config\Paths))
WARNING - 2026-02-25 16:14:31 --> [DEPRECATED] Creation of dynamic property App\Controllers\ApplicationController::$environmentsModel is deprecated in APPPATH\Controllers\ApplicationController.php on line 42.
 1 SYSTEMPATH\CodeIgniter.php(903): App\Controllers\ApplicationController->__construct()
 2 SYSTEMPATH\CodeIgniter.php(498): CodeIgniter\CodeIgniter->createController()
 3 SYSTEMPATH\CodeIgniter.php(354): CodeIgniter\CodeIgniter->handleRequest(null, Object(Config\Cache), false)
 4 SYSTEMPATH\Boot.php(363): CodeIgniter\CodeIgniter->run()
 5 SYSTEMPATH\Boot.php(68): CodeIgniter\Boot::runCodeIgniter(Object(CodeIgniter\CodeIgniter))
 6 FCPATH\index.php(59): CodeIgniter\Boot::bootWeb(Object(Config\Paths))
WARNING - 2026-02-25 16:14:31 --> [DEPRECATED] Creation of dynamic property App\Controllers\ApplicationController::$infrastructureModel is deprecated in APPPATH\Controllers\ApplicationController.php on line 43.
 1 SYSTEMPATH\CodeIgniter.php(903): App\Controllers\ApplicationController->__construct()
 2 SYSTEMPATH\CodeIgniter.php(498): CodeIgniter\CodeIgniter->createController()
 3 SYSTEMPATH\CodeIgniter.php(354): CodeIgniter\CodeIgniter->handleRequest(null, Object(Config\Cache), false)
 4 SYSTEMPATH\Boot.php(363): CodeIgniter\CodeIgniter->run()
 5 SYSTEMPATH\Boot.php(68): CodeIgniter\Boot::runCodeIgniter(Object(CodeIgniter\CodeIgniter))
 6 FCPATH\index.php(59): CodeIgniter\Boot::bootWeb(Object(Config\Paths))
WARNING - 2026-02-25 16:14:31 --> [DEPRECATED] Creation of dynamic property App\Controllers\ApplicationController::$complianceModel is deprecated in APPPATH\Controllers\ApplicationController.php on line 44.
 1 SYSTEMPATH\CodeIgniter.php(903): App\Controllers\ApplicationController->__construct()
 2 SYSTEMPATH\CodeIgniter.php(498): CodeIgniter\CodeIgniter->createController()
 3 SYSTEMPATH\CodeIgniter.php(354): CodeIgniter\CodeIgniter->handleRequest(null, Object(Config\Cache), false)
 4 SYSTEMPATH\Boot.php(363): CodeIgniter\CodeIgniter->run()
 5 SYSTEMPATH\Boot.php(68): CodeIgniter\Boot::runCodeIgniter(Object(CodeIgniter\CodeIgniter))
 6 FCPATH\index.php(59): CodeIgniter\Boot::bootWeb(Object(Config\Paths))
WARNING - 2026-02-25 16:14:31 --> [DEPRECATED] Creation of dynamic property App\Controllers\ApplicationController::$dependenciesModel is deprecated in APPPATH\Controllers\ApplicationController.php on line 45.
 1 SYSTEMPATH\CodeIgniter.php(903): App\Controllers\ApplicationController->__construct()
 2 SYSTEMPATH\CodeIgniter.php(498): CodeIgniter\CodeIgniter->createController()
 3 SYSTEMPATH\CodeIgniter.php(354): CodeIgniter\CodeIgniter->handleRequest(null, Object(Config\Cache), false)
 4 SYSTEMPATH\Boot.php(363): CodeIgniter\CodeIgniter->run()
 5 SYSTEMPATH\Boot.php(68): CodeIgniter\Boot::runCodeIgniter(Object(CodeIgniter\CodeIgniter))
 6 FCPATH\index.php(59): CodeIgniter\Boot::bootWeb(Object(Config\Paths))
WARNING - 2026-02-25 16:14:31 --> [DEPRECATED] Creation of dynamic property App\Controllers\ApplicationController::$vendorsModel is deprecated in APPPATH\Controllers\ApplicationController.php on line 46.
 1 SYSTEMPATH\CodeIgniter.php(903): App\Controllers\ApplicationController->__construct()
 2 SYSTEMPATH\CodeIgniter.php(498): CodeIgniter\CodeIgniter->createController()
 3 SYSTEMPATH\CodeIgniter.php(354): CodeIgniter\CodeIgniter->handleRequest(null, Object(Config\Cache), false)
 4 SYSTEMPATH\Boot.php(363): CodeIgniter\CodeIgniter->run()
 5 SYSTEMPATH\Boot.php(68): CodeIgniter\Boot::runCodeIgniter(Object(CodeIgniter\CodeIgniter))
 6 FCPATH\index.php(59): CodeIgniter\Boot::bootWeb(Object(Config\Paths))
WARNING - 2026-02-25 16:14:32 --> [DEPRECATED] Creation of dynamic property App\Controllers\ApplicationController::$batchModel is deprecated in APPPATH\Controllers\ApplicationController.php on line 47.
 1 SYSTEMPATH\CodeIgniter.php(903): App\Controllers\ApplicationController->__construct()
 2 SYSTEMPATH\CodeIgniter.php(498): CodeIgniter\CodeIgniter->createController()
 3 SYSTEMPATH\CodeIgniter.php(354): CodeIgniter\CodeIgniter->handleRequest(null, Object(Config\Cache), false)
 4 SYSTEMPATH\Boot.php(363): CodeIgniter\CodeIgniter->run()
 5 SYSTEMPATH\Boot.php(68): CodeIgniter\Boot::runCodeIgniter(Object(CodeIgniter\CodeIgniter))
 6 FCPATH\index.php(59): CodeIgniter\Boot::bootWeb(Object(Config\Paths))
WARNING - 2026-02-25 16:14:32 --> [DEPRECATED] Creation of dynamic property App\Controllers\ApplicationController::$licensingModel is deprecated in APPPATH\Controllers\ApplicationController.php on line 48.
 1 SYSTEMPATH\CodeIgniter.php(903): App\Controllers\ApplicationController->__construct()
 2 SYSTEMPATH\CodeIgniter.php(498): CodeIgniter\CodeIgniter->createController()
 3 SYSTEMPATH\CodeIgniter.php(354): CodeIgniter\CodeIgniter->handleRequest(null, Object(Config\Cache), false)
 4 SYSTEMPATH\Boot.php(363): CodeIgniter\CodeIgniter->run()
 5 SYSTEMPATH\Boot.php(68): CodeIgniter\Boot::runCodeIgniter(Object(CodeIgniter\CodeIgniter))
 6 FCPATH\index.php(59): CodeIgniter\Boot::bootWeb(Object(Config\Paths))
WARNING - 2026-02-25 16:14:32 --> [DEPRECATED] Creation of dynamic property App\Controllers\ApplicationController::$metricsModel is deprecated in APPPATH\Controllers\ApplicationController.php on line 49.
 1 SYSTEMPATH\CodeIgniter.php(903): App\Controllers\ApplicationController->__construct()
 2 SYSTEMPATH\CodeIgniter.php(498): CodeIgniter\CodeIgniter->createController()
 3 SYSTEMPATH\CodeIgniter.php(354): CodeIgniter\CodeIgniter->handleRequest(null, Object(Config\Cache), false)
 4 SYSTEMPATH\Boot.php(363): CodeIgniter\CodeIgniter->run()
 5 SYSTEMPATH\Boot.php(68): CodeIgniter\Boot::runCodeIgniter(Object(CodeIgniter\CodeIgniter))
 6 FCPATH\index.php(59): CodeIgniter\Boot::bootWeb(Object(Config\Paths))
WARNING - 2026-02-25 16:14:32 --> [DEPRECATED] Creation of dynamic property App\Controllers\ApplicationController::$techModel is deprecated in APPPATH\Controllers\ApplicationController.php on line 50.
 1 SYSTEMPATH\CodeIgniter.php(903): App\Controllers\ApplicationController->__construct()
 2 SYSTEMPATH\CodeIgniter.php(498): CodeIgniter\CodeIgniter->createController()
 3 SYSTEMPATH\CodeIgniter.php(354): CodeIgniter\CodeIgniter->handleRequest(null, Object(Config\Cache), false)
 4 SYSTEMPATH\Boot.php(363): CodeIgniter\CodeIgniter->run()
 5 SYSTEMPATH\Boot.php(68): CodeIgniter\Boot::runCodeIgniter(Object(CodeIgniter\CodeIgniter))
 6 FCPATH\index.php(59): CodeIgniter\Boot::bootWeb(Object(Config\Paths))
DEBUG - 2026-02-25 16:14:32 --> Session: Class initialized using 'CodeIgniter\Session\Handlers\FileHandler' driver.
CRITICAL - 2026-02-25 16:14:32 --> ErrorException: Trying to access array offset on value of type null
[Method: GET, Route: /]
in SYSTEMPATH\Debug\Toolbar.php on line 217.
 1 SYSTEMPATH\Debug\Toolbar.php(217): CodeIgniter\Debug\Exceptions->errorHandler(2, 'Trying to access array offset on value of type null', 'C:\\xampp\\htdocs\\IM\\system\\Debug\\Toolbar.php', 217)
 2 SYSTEMPATH\Debug\Toolbar.php(200): CodeIgniter\Debug\Toolbar->renderTimelineRecursive([...], 1772007271.942464, 7, 15, [], 0)
 3 SYSTEMPATH\Debug\Toolbar\Views\toolbar.tpl.php(105): CodeIgniter\Debug\Toolbar->renderTimeline([...], 1772007271.942464, 7, 15, [])
 4 SYSTEMPATH\Debug\Toolbar.php(533): include('C:\\xampp\\htdocs\\IM\\system\\Debug\\Toolbar\\Views\\toolbar.tpl.php')
 5 SYSTEMPATH\Debug\Toolbar.php(496): CodeIgniter\Debug\Toolbar->format([...], 'html')
 6 APPPATH\Config\Events.php(47): CodeIgniter\Debug\Toolbar->respond()
 7 SYSTEMPATH\Events\Events.php(152): CodeIgniter\Events\Events::Config\{closure}()
 8 SYSTEMPATH\CodeIgniter.php(339): CodeIgniter\Events\Events::trigger('pre_system')
 9 SYSTEMPATH\Boot.php(363): CodeIgniter\CodeIgniter->run()
10 SYSTEMPATH\Boot.php(68): CodeIgniter\Boot::runCodeIgniter(Object(CodeIgniter\CodeIgniter))
11 FCPATH\index.php(59): CodeIgniter\Boot::bootWeb(Object(Config\Paths))
WARNING - 2026-02-25 16:15:27 --> [DEPRECATED] Creation of dynamic property App\Controllers\ApplicationController::$contactsModel is deprecated in APPPATH\Controllers\ApplicationController.php on line 41.
 1 SYSTEMPATH\CodeIgniter.php(903): App\Controllers\ApplicationController->__construct()
 2 SYSTEMPATH\CodeIgniter.php(498): CodeIgniter\CodeIgniter->createController()
 3 SYSTEMPATH\CodeIgniter.php(354): CodeIgniter\CodeIgniter->handleRequest(null, Object(Config\Cache), false)
 4 SYSTEMPATH\Boot.php(363): CodeIgniter\CodeIgniter->run()
 5 SYSTEMPATH\Boot.php(68): CodeIgniter\Boot::runCodeIgniter(Object(CodeIgniter\CodeIgniter))
 6 FCPATH\index.php(59): CodeIgniter\Boot::bootWeb(Object(Config\Paths))
WARNING - 2026-02-25 16:15:27 --> [DEPRECATED] Creation of dynamic property App\Controllers\ApplicationController::$environmentsModel is deprecated in APPPATH\Controllers\ApplicationController.php on line 42.
 1 SYSTEMPATH\CodeIgniter.php(903): App\Controllers\ApplicationController->__construct()
 2 SYSTEMPATH\CodeIgniter.php(498): CodeIgniter\CodeIgniter->createController()
 3 SYSTEMPATH\CodeIgniter.php(354): CodeIgniter\CodeIgniter->handleRequest(null, Object(Config\Cache), false)
 4 SYSTEMPATH\Boot.php(363): CodeIgniter\CodeIgniter->run()
 5 SYSTEMPATH\Boot.php(68): CodeIgniter\Boot::runCodeIgniter(Object(CodeIgniter\CodeIgniter))
 6 FCPATH\index.php(59): CodeIgniter\Boot::bootWeb(Object(Config\Paths))
WARNING - 2026-02-25 16:15:27 --> [DEPRECATED] Creation of dynamic property App\Controllers\ApplicationController::$infrastructureModel is deprecated in APPPATH\Controllers\ApplicationController.php on line 43.
 1 SYSTEMPATH\CodeIgniter.php(903): App\Controllers\ApplicationController->__construct()
 2 SYSTEMPATH\CodeIgniter.php(498): CodeIgniter\CodeIgniter->createController()
 3 SYSTEMPATH\CodeIgniter.php(354): CodeIgniter\CodeIgniter->handleRequest(null, Object(Config\Cache), false)
 4 SYSTEMPATH\Boot.php(363): CodeIgniter\CodeIgniter->run()
 5 SYSTEMPATH\Boot.php(68): CodeIgniter\Boot::runCodeIgniter(Object(CodeIgniter\CodeIgniter))
 6 FCPATH\index.php(59): CodeIgniter\Boot::bootWeb(Object(Config\Paths))
WARNING - 2026-02-25 16:15:27 --> [DEPRECATED] Creation of dynamic property App\Controllers\ApplicationController::$complianceModel is deprecated in APPPATH\Controllers\ApplicationController.php on line 44.
 1 SYSTEMPATH\CodeIgniter.php(903): App\Controllers\ApplicationController->__construct()
 2 SYSTEMPATH\CodeIgniter.php(498): CodeIgniter\CodeIgniter->createController()
 3 SYSTEMPATH\CodeIgniter.php(354): CodeIgniter\CodeIgniter->handleRequest(null, Object(Config\Cache), false)
 4 SYSTEMPATH\Boot.php(363): CodeIgniter\CodeIgniter->run()
 5 SYSTEMPATH\Boot.php(68): CodeIgniter\Boot::runCodeIgniter(Object(CodeIgniter\CodeIgniter))
 6 FCPATH\index.php(59): CodeIgniter\Boot::bootWeb(Object(Config\Paths))
WARNING - 2026-02-25 16:15:27 --> [DEPRECATED] Creation of dynamic property App\Controllers\ApplicationController::$dependenciesModel is deprecated in APPPATH\Controllers\ApplicationController.php on line 45.
 1 SYSTEMPATH\CodeIgniter.php(903): App\Controllers\ApplicationController->__construct()
 2 SYSTEMPATH\CodeIgniter.php(498): CodeIgniter\CodeIgniter->createController()
 3 SYSTEMPATH\CodeIgniter.php(354): CodeIgniter\CodeIgniter->handleRequest(null, Object(Config\Cache), false)
 4 SYSTEMPATH\Boot.php(363): CodeIgniter\CodeIgniter->run()
 5 SYSTEMPATH\Boot.php(68): CodeIgniter\Boot::runCodeIgniter(Object(CodeIgniter\CodeIgniter))
 6 FCPATH\index.php(59): CodeIgniter\Boot::bootWeb(Object(Config\Paths))
WARNING - 2026-02-25 16:15:27 --> [DEPRECATED] Creation of dynamic property App\Controllers\ApplicationController::$vendorsModel is deprecated in APPPATH\Controllers\ApplicationController.php on line 46.
 1 SYSTEMPATH\CodeIgniter.php(903): App\Controllers\ApplicationController->__construct()
 2 SYSTEMPATH\CodeIgniter.php(498): CodeIgniter\CodeIgniter->createController()
 3 SYSTEMPATH\CodeIgniter.php(354): CodeIgniter\CodeIgniter->handleRequest(null, Object(Config\Cache), false)
 4 SYSTEMPATH\Boot.php(363): CodeIgniter\CodeIgniter->run()
 5 SYSTEMPATH\Boot.php(68): CodeIgniter\Boot::runCodeIgniter(Object(CodeIgniter\CodeIgniter))
 6 FCPATH\index.php(59): CodeIgniter\Boot::bootWeb(Object(Config\Paths))
WARNING - 2026-02-25 16:15:27 --> [DEPRECATED] Creation of dynamic property App\Controllers\ApplicationController::$batchModel is deprecated in APPPATH\Controllers\ApplicationController.php on line 47.
 1 SYSTEMPATH\CodeIgniter.php(903): App\Controllers\ApplicationController->__construct()
 2 SYSTEMPATH\CodeIgniter.php(498): CodeIgniter\CodeIgniter->createController()
 3 SYSTEMPATH\CodeIgniter.php(354): CodeIgniter\CodeIgniter->handleRequest(null, Object(Config\Cache), false)
 4 SYSTEMPATH\Boot.php(363): CodeIgniter\CodeIgniter->run()
 5 SYSTEMPATH\Boot.php(68): CodeIgniter\Boot::runCodeIgniter(Object(CodeIgniter\CodeIgniter))
 6 FCPATH\index.php(59): CodeIgniter\Boot::bootWeb(Object(Config\Paths))
WARNING - 2026-02-25 16:15:27 --> [DEPRECATED] Creation of dynamic property App\Controllers\ApplicationController::$licensingModel is deprecated in APPPATH\Controllers\ApplicationController.php on line 48.
 1 SYSTEMPATH\CodeIgniter.php(903): App\Controllers\ApplicationController->__construct()
 2 SYSTEMPATH\CodeIgniter.php(498): CodeIgniter\CodeIgniter->createController()
 3 SYSTEMPATH\CodeIgniter.php(354): CodeIgniter\CodeIgniter->handleRequest(null, Object(Config\Cache), false)
 4 SYSTEMPATH\Boot.php(363): CodeIgniter\CodeIgniter->run()
 5 SYSTEMPATH\Boot.php(68): CodeIgniter\Boot::runCodeIgniter(Object(CodeIgniter\CodeIgniter))
 6 FCPATH\index.php(59): CodeIgniter\Boot::bootWeb(Object(Config\Paths))
WARNING - 2026-02-25 16:15:27 --> [DEPRECATED] Creation of dynamic property App\Controllers\ApplicationController::$metricsModel is deprecated in APPPATH\Controllers\ApplicationController.php on line 49.
 1 SYSTEMPATH\CodeIgniter.php(903): App\Controllers\ApplicationController->__construct()
 2 SYSTEMPATH\CodeIgniter.php(498): CodeIgniter\CodeIgniter->createController()
 3 SYSTEMPATH\CodeIgniter.php(354): CodeIgniter\CodeIgniter->handleRequest(null, Object(Config\Cache), false)
 4 SYSTEMPATH\Boot.php(363): CodeIgniter\CodeIgniter->run()
 5 SYSTEMPATH\Boot.php(68): CodeIgniter\Boot::runCodeIgniter(Object(CodeIgniter\CodeIgniter))
 6 FCPATH\index.php(59): CodeIgniter\Boot::bootWeb(Object(Config\Paths))
WARNING - 2026-02-25 16:15:27 --> [DEPRECATED] Creation of dynamic property App\Controllers\ApplicationController::$techModel is deprecated in APPPATH\Controllers\ApplicationController.php on line 50.
 1 SYSTEMPATH\CodeIgniter.php(903): App\Controllers\ApplicationController->__construct()
 2 SYSTEMPATH\CodeIgniter.php(498): CodeIgniter\CodeIgniter->createController()
 3 SYSTEMPATH\CodeIgniter.php(354): CodeIgniter\CodeIgniter->handleRequest(null, Object(Config\Cache), false)
 4 SYSTEMPATH\Boot.php(363): CodeIgniter\CodeIgniter->run()
 5 SYSTEMPATH\Boot.php(68): CodeIgniter\Boot::runCodeIgniter(Object(CodeIgniter\CodeIgniter))
 6 FCPATH\index.php(59): CodeIgniter\Boot::bootWeb(Object(Config\Paths))
DEBUG - 2026-02-25 16:15:27 --> Session: Class initialized using 'CodeIgniter\Session\Handlers\FileHandler' driver.
CRITICAL - 2026-02-25 16:15:27 --> ErrorException: Trying to access array offset on value of type null
[Method: GET, Route: /]
in SYSTEMPATH\Debug\Toolbar.php on line 217.
 1 SYSTEMPATH\Debug\Toolbar.php(217): CodeIgniter\Debug\Exceptions->errorHandler(2, 'Trying to access array offset on value of type null', 'C:\\xampp\\htdocs\\IM\\system\\Debug\\Toolbar.php', 217)
 2 SYSTEMPATH\Debug\Toolbar.php(200): CodeIgniter\Debug\Toolbar->renderTimelineRecursive([...], 1772007327.373756, 7, 30, [], 0)
 3 SYSTEMPATH\Debug\Toolbar\Views\toolbar.tpl.php(105): CodeIgniter\Debug\Toolbar->renderTimeline([...], 1772007327.373756, 7, 30, [])
 4 SYSTEMPATH\Debug\Toolbar.php(533): include('C:\\xampp\\htdocs\\IM\\system\\Debug\\Toolbar\\Views\\toolbar.tpl.php')
 5 SYSTEMPATH\Debug\Toolbar.php(496): CodeIgniter\Debug\Toolbar->format([...], 'html')
 6 APPPATH\Config\Events.php(47): CodeIgniter\Debug\Toolbar->respond()
 7 SYSTEMPATH\Events\Events.php(152): CodeIgniter\Events\Events::Config\{closure}()
 8 SYSTEMPATH\CodeIgniter.php(339): CodeIgniter\Events\Events::trigger('pre_system')
 9 SYSTEMPATH\Boot.php(363): CodeIgniter\CodeIgniter->run()
10 SYSTEMPATH\Boot.php(68): CodeIgniter\Boot::runCodeIgniter(Object(CodeIgniter\CodeIgniter))
11 FCPATH\index.php(59): CodeIgniter\Boot::bootWeb(Object(Config\Paths))
DEBUG - 2026-02-25 16:15:32 --> Session: Class initialized using 'CodeIgniter\Session\Handlers\FileHandler' driver.
CRITICAL - 2026-02-25 16:15:32 --> ErrorException: Trying to access array offset on value of type null
[Method: GET, Route: /]
in SYSTEMPATH\Debug\Toolbar.php on line 217.
 1 SYSTEMPATH\Debug\Toolbar.php(217): CodeIgniter\Debug\Exceptions->errorHandler(2, 'Trying to access array offset on value of type null', 'C:\\xampp\\htdocs\\IM\\system\\Debug\\Toolbar.php', 217)
 2 SYSTEMPATH\Debug\Toolbar.php(200): CodeIgniter\Debug\Toolbar->renderTimelineRecursive([...], 1772007332.515703, 6, 15, [], 0)
 3 SYSTEMPATH\Debug\Toolbar\Views\toolbar.tpl.php(105): CodeIgniter\Debug\Toolbar->renderTimeline([...], 1772007332.515703, 6, 15, [])
 4 SYSTEMPATH\Debug\Toolbar.php(533): include('C:\\xampp\\htdocs\\IM\\system\\Debug\\Toolbar\\Views\\toolbar.tpl.php')
 5 SYSTEMPATH\Debug\Toolbar.php(496): CodeIgniter\Debug\Toolbar->format([...], 'html')
 6 APPPATH\Config\Events.php(47): CodeIgniter\Debug\Toolbar->respond()
 7 SYSTEMPATH\Events\Events.php(152): CodeIgniter\Events\Events::Config\{closure}()
 8 SYSTEMPATH\CodeIgniter.php(339): CodeIgniter\Events\Events::trigger('pre_system')
 9 SYSTEMPATH\Boot.php(363): CodeIgniter\CodeIgniter->run()
10 SYSTEMPATH\Boot.php(68): CodeIgniter\Boot::runCodeIgniter(Object(CodeIgniter\CodeIgniter))
11 FCPATH\index.php(59): CodeIgniter\Boot::bootWeb(Object(Config\Paths))
DEBUG - 2026-02-25 16:18:39 --> Session: Class initialized using 'CodeIgniter\Session\Handlers\FileHandler' driver.
CRITICAL - 2026-02-25 16:18:40 --> ErrorException: Trying to access array offset on value of type null
[Method: GET, Route: /]
in SYSTEMPATH\Debug\Toolbar.php on line 217.
 1 SYSTEMPATH\Debug\Toolbar.php(217): CodeIgniter\Debug\Exceptions->errorHandler(2, 'Trying to access array offset on value of type null', 'C:\\xampp\\htdocs\\IM\\system\\Debug\\Toolbar.php', 217)
 2 SYSTEMPATH\Debug\Toolbar.php(200): CodeIgniter\Debug\Toolbar->renderTimelineRecursive([...], 1772007519.845228, 7, 40, [], 0)
 3 SYSTEMPATH\Debug\Toolbar\Views\toolbar.tpl.php(105): CodeIgniter\Debug\Toolbar->renderTimeline([...], 1772007519.845228, 7, 40, [])
 4 SYSTEMPATH\Debug\Toolbar.php(533): include('C:\\xampp\\htdocs\\IM\\system\\Debug\\Toolbar\\Views\\toolbar.tpl.php')
 5 SYSTEMPATH\Debug\Toolbar.php(496): CodeIgniter\Debug\Toolbar->format([...], 'html')
 6 APPPATH\Config\Events.php(47): CodeIgniter\Debug\Toolbar->respond()
 7 SYSTEMPATH\Events\Events.php(152): CodeIgniter\Events\Events::Config\{closure}()
 8 SYSTEMPATH\CodeIgniter.php(339): CodeIgniter\Events\Events::trigger('pre_system')
 9 SYSTEMPATH\Boot.php(363): CodeIgniter\CodeIgniter->run()
10 SYSTEMPATH\Boot.php(68): CodeIgniter\Boot::runCodeIgniter(Object(CodeIgniter\CodeIgniter))
11 FCPATH\index.php(59): CodeIgniter\Boot::bootWeb(Object(Config\Paths))
DEBUG - 2026-02-25 16:18:42 --> Session: Class initialized using 'CodeIgniter\Session\Handlers\FileHandler' driver.
CRITICAL - 2026-02-25 16:18:43 --> ErrorException: Trying to access array offset on value of type null
[Method: GET, Route: /]
in SYSTEMPATH\Debug\Toolbar.php on line 217.
 1 SYSTEMPATH\Debug\Toolbar.php(217): CodeIgniter\Debug\Exceptions->errorHandler(2, 'Trying to access array offset on value of type null', 'C:\\xampp\\htdocs\\IM\\system\\Debug\\Toolbar.php', 217)
 2 SYSTEMPATH\Debug\Toolbar.php(200): CodeIgniter\Debug\Toolbar->renderTimelineRecursive([...], 1772007522.918901, 7, 25, [], 0)
 3 SYSTEMPATH\Debug\Toolbar\Views\toolbar.tpl.php(105): CodeIgniter\Debug\Toolbar->renderTimeline([...], 1772007522.918901, 7, 25, [])
 4 SYSTEMPATH\Debug\Toolbar.php(533): include('C:\\xampp\\htdocs\\IM\\system\\Debug\\Toolbar\\Views\\toolbar.tpl.php')
 5 SYSTEMPATH\Debug\Toolbar.php(496): CodeIgniter\Debug\Toolbar->format([...], 'html')
 6 APPPATH\Config\Events.php(47): CodeIgniter\Debug\Toolbar->respond()
 7 SYSTEMPATH\Events\Events.php(152): CodeIgniter\Events\Events::Config\{closure}()
 8 SYSTEMPATH\CodeIgniter.php(339): CodeIgniter\Events\Events::trigger('pre_system')
 9 SYSTEMPATH\Boot.php(363): CodeIgniter\CodeIgniter->run()
10 SYSTEMPATH\Boot.php(68): CodeIgniter\Boot::runCodeIgniter(Object(CodeIgniter\CodeIgniter))
11 FCPATH\index.php(59): CodeIgniter\Boot::bootWeb(Object(Config\Paths))
DEBUG - 2026-02-25 16:18:45 --> Session: Class initialized using 'CodeIgniter\Session\Handlers\FileHandler' driver.
CRITICAL - 2026-02-25 16:18:45 --> ErrorException: Trying to access array offset on value of type null
[Method: GET, Route: /]
in SYSTEMPATH\Debug\Toolbar.php on line 217.
 1 SYSTEMPATH\Debug\Toolbar.php(217): CodeIgniter\Debug\Exceptions->errorHandler(2, 'Trying to access array offset on value of type null', 'C:\\xampp\\htdocs\\IM\\system\\Debug\\Toolbar.php', 217)
 2 SYSTEMPATH\Debug\Toolbar.php(200): CodeIgniter\Debug\Toolbar->renderTimelineRecursive([...], 1772007525.285251, 7, 20, [], 0)
 3 SYSTEMPATH\Debug\Toolbar\Views\toolbar.tpl.php(105): CodeIgniter\Debug\Toolbar->renderTimeline([...], 1772007525.285251, 7, 20, [])
 4 SYSTEMPATH\Debug\Toolbar.php(533): include('C:\\xampp\\htdocs\\IM\\system\\Debug\\Toolbar\\Views\\toolbar.tpl.php')
 5 SYSTEMPATH\Debug\Toolbar.php(496): CodeIgniter\Debug\Toolbar->format([...], 'html')
 6 APPPATH\Config\Events.php(47): CodeIgniter\Debug\Toolbar->respond()
 7 SYSTEMPATH\Events\Events.php(152): CodeIgniter\Events\Events::Config\{closure}()
 8 SYSTEMPATH\CodeIgniter.php(339): CodeIgniter\Events\Events::trigger('pre_system')
 9 SYSTEMPATH\Boot.php(363): CodeIgniter\CodeIgniter->run()
10 SYSTEMPATH\Boot.php(68): CodeIgniter\Boot::runCodeIgniter(Object(CodeIgniter\CodeIgniter))
11 FCPATH\index.php(59): CodeIgniter\Boot::bootWeb(Object(Config\Paths))
DEBUG - 2026-02-25 16:18:47 --> Session: Class initialized using 'CodeIgniter\Session\Handlers\FileHandler' driver.
CRITICAL - 2026-02-25 16:18:47 --> ErrorException: Trying to access array offset on value of type null
[Method: GET, Route: /]
in SYSTEMPATH\Debug\Toolbar.php on line 217.
 1 SYSTEMPATH\Debug\Toolbar.php(217): CodeIgniter\Debug\Exceptions->errorHandler(2, 'Trying to access array offset on value of type null', 'C:\\xampp\\htdocs\\IM\\system\\Debug\\Toolbar.php', 217)
 2 SYSTEMPATH\Debug\Toolbar.php(200): CodeIgniter\Debug\Toolbar->renderTimelineRecursive([...], 1772007527.464105, 7, 25, [], 0)
 3 SYSTEMPATH\Debug\Toolbar\Views\toolbar.tpl.php(105): CodeIgniter\Debug\Toolbar->renderTimeline([...], 1772007527.464105, 7, 25, [])
 4 SYSTEMPATH\Debug\Toolbar.php(533): include('C:\\xampp\\htdocs\\IM\\system\\Debug\\Toolbar\\Views\\toolbar.tpl.php')
 5 SYSTEMPATH\Debug\Toolbar.php(496): CodeIgniter\Debug\Toolbar->format([...], 'html')
 6 APPPATH\Config\Events.php(47): CodeIgniter\Debug\Toolbar->respond()
 7 SYSTEMPATH\Events\Events.php(152): CodeIgniter\Events\Events::Config\{closure}()
 8 SYSTEMPATH\CodeIgniter.php(339): CodeIgniter\Events\Events::trigger('pre_system')
 9 SYSTEMPATH\Boot.php(363): CodeIgniter\CodeIgniter->run()
10 SYSTEMPATH\Boot.php(68): CodeIgniter\Boot::runCodeIgniter(Object(CodeIgniter\CodeIgniter))
11 FCPATH\index.php(59): CodeIgniter\Boot::bootWeb(Object(Config\Paths))
DEBUG - 2026-02-25 16:29:50 --> Session: Class initialized using 'CodeIgniter\Session\Handlers\FileHandler' driver.
CRITICAL - 2026-02-25 16:29:52 --> ErrorException: Trying to access array offset on value of type null
[Method: GET, Route: /]
in SYSTEMPATH\Debug\Toolbar.php on line 217.
 1 SYSTEMPATH\Debug\Toolbar.php(217): CodeIgniter\Debug\Exceptions->errorHandler(2, 'Trying to access array offset on value of type null', 'C:\\xampp\\htdocs\\IM\\system\\Debug\\Toolbar.php', 217)
 2 SYSTEMPATH\Debug\Toolbar.php(200): CodeIgniter\Debug\Toolbar->renderTimelineRecursive([...], 1772008180.592257, 7, 1490, [], 0)
 3 SYSTEMPATH\Debug\Toolbar\Views\toolbar.tpl.php(105): CodeIgniter\Debug\Toolbar->renderTimeline([...], 1772008180.592257, 7, 1490, [])
 4 SYSTEMPATH\Debug\Toolbar.php(533): include('C:\\xampp\\htdocs\\IM\\system\\Debug\\Toolbar\\Views\\toolbar.tpl.php')
 5 SYSTEMPATH\Debug\Toolbar.php(496): CodeIgniter\Debug\Toolbar->format([...], 'html')
 6 APPPATH\Config\Events.php(47): CodeIgniter\Debug\Toolbar->respond()
 7 SYSTEMPATH\Events\Events.php(152): CodeIgniter\Events\Events::Config\{closure}()
 8 SYSTEMPATH\CodeIgniter.php(339): CodeIgniter\Events\Events::trigger('pre_system')
 9 SYSTEMPATH\Boot.php(363): CodeIgniter\CodeIgniter->run()
10 SYSTEMPATH\Boot.php(68): CodeIgniter\Boot::runCodeIgniter(Object(CodeIgniter\CodeIgniter))
11 FCPATH\index.php(59): CodeIgniter\Boot::bootWeb(Object(Config\Paths))
DEBUG - 2026-02-25 16:32:45 --> Session: Class initialized using 'CodeIgniter\Session\Handlers\FileHandler' driver.
CRITICAL - 2026-02-25 16:32:49 --> ErrorException: Trying to access array offset on value of type null
[Method: GET, Route: /]
in SYSTEMPATH\Debug\Toolbar.php on line 217.
 1 SYSTEMPATH\Debug\Toolbar.php(217): CodeIgniter\Debug\Exceptions->errorHandler(2, 'Trying to access array offset on value of type null', 'C:\\xampp\\htdocs\\IM\\system\\Debug\\Toolbar.php', 217)
 2 SYSTEMPATH\Debug\Toolbar.php(200): CodeIgniter\Debug\Toolbar->renderTimelineRecursive([...], 1772008362.876829, 7, 500, [], 0)
 3 SYSTEMPATH\Debug\Toolbar\Views\toolbar.tpl.php(105): CodeIgniter\Debug\Toolbar->renderTimeline([...], 1772008362.876829, 7, 500, [])
 4 SYSTEMPATH\Debug\Toolbar.php(533): include('C:\\xampp\\htdocs\\IM\\system\\Debug\\Toolbar\\Views\\toolbar.tpl.php')
 5 SYSTEMPATH\Debug\Toolbar.php(496): CodeIgniter\Debug\Toolbar->format([...], 'html')
 6 APPPATH\Config\Events.php(47): CodeIgniter\Debug\Toolbar->respond()
 7 SYSTEMPATH\Events\Events.php(152): CodeIgniter\Events\Events::Config\{closure}()
 8 SYSTEMPATH\CodeIgniter.php(339): CodeIgniter\Events\Events::trigger('pre_system')
 9 SYSTEMPATH\Boot.php(363): CodeIgniter\CodeIgniter->run()
10 SYSTEMPATH\Boot.php(68): CodeIgniter\Boot::runCodeIgniter(Object(CodeIgniter\CodeIgniter))
11 FCPATH\index.php(59): CodeIgniter\Boot::bootWeb(Object(Config\Paths))
DEBUG - 2026-02-25 16:32:50 --> Session: Class initialized using 'CodeIgniter\Session\Handlers\FileHandler' driver.
CRITICAL - 2026-02-25 16:32:51 --> ErrorException: Trying to access array offset on value of type null
[Method: GET, Route: /]
in SYSTEMPATH\Debug\Toolbar.php on line 217.
 1 SYSTEMPATH\Debug\Toolbar.php(217): CodeIgniter\Debug\Exceptions->errorHandler(2, 'Trying to access array offset on value of type null', 'C:\\xampp\\htdocs\\IM\\system\\Debug\\Toolbar.php', 217)
 2 SYSTEMPATH\Debug\Toolbar.php(200): CodeIgniter\Debug\Toolbar->renderTimelineRecursive([...], 1772008369.49945, 7, 155, [], 0)
 3 SYSTEMPATH\Debug\Toolbar\Views\toolbar.tpl.php(105): CodeIgniter\Debug\Toolbar->renderTimeline([...], 1772008369.49945, 7, 155, [])
 4 SYSTEMPATH\Debug\Toolbar.php(533): include('C:\\xampp\\htdocs\\IM\\system\\Debug\\Toolbar\\Views\\toolbar.tpl.php')
 5 SYSTEMPATH\Debug\Toolbar.php(496): CodeIgniter\Debug\Toolbar->format([...], 'html')
 6 APPPATH\Config\Events.php(47): CodeIgniter\Debug\Toolbar->respond()
 7 SYSTEMPATH\Events\Events.php(152): CodeIgniter\Events\Events::Config\{closure}()
 8 SYSTEMPATH\CodeIgniter.php(339): CodeIgniter\Events\Events::trigger('pre_system')
 9 SYSTEMPATH\Boot.php(363): CodeIgniter\CodeIgniter->run()
10 SYSTEMPATH\Boot.php(68): CodeIgniter\Boot::runCodeIgniter(Object(CodeIgniter\CodeIgniter))
11 FCPATH\index.php(59): CodeIgniter\Boot::bootWeb(Object(Config\Paths))
DEBUG - 2026-02-25 16:32:52 --> Session: Class initialized using 'CodeIgniter\Session\Handlers\FileHandler' driver.
CRITICAL - 2026-02-25 16:32:52 --> ErrorException: Trying to access array offset on value of type null
[Method: GET, Route: /]
in SYSTEMPATH\Debug\Toolbar.php on line 217.
 1 SYSTEMPATH\Debug\Toolbar.php(217): CodeIgniter\Debug\Exceptions->errorHandler(2, 'Trying to access array offset on value of type null', 'C:\\xampp\\htdocs\\IM\\system\\Debug\\Toolbar.php', 217)
 2 SYSTEMPATH\Debug\Toolbar.php(200): CodeIgniter\Debug\Toolbar->renderTimelineRecursive([...], 1772008371.95343, 7, 55, [], 0)
 3 SYSTEMPATH\Debug\Toolbar\Views\toolbar.tpl.php(105): CodeIgniter\Debug\Toolbar->renderTimeline([...], 1772008371.95343, 7, 55, [])
 4 SYSTEMPATH\Debug\Toolbar.php(533): include('C:\\xampp\\htdocs\\IM\\system\\Debug\\Toolbar\\Views\\toolbar.tpl.php')
 5 SYSTEMPATH\Debug\Toolbar.php(496): CodeIgniter\Debug\Toolbar->format([...], 'html')
 6 APPPATH\Config\Events.php(47): CodeIgniter\Debug\Toolbar->respond()
 7 SYSTEMPATH\Events\Events.php(152): CodeIgniter\Events\Events::Config\{closure}()
 8 SYSTEMPATH\CodeIgniter.php(339): CodeIgniter\Events\Events::trigger('pre_system')
 9 SYSTEMPATH\Boot.php(363): CodeIgniter\CodeIgniter->run()
10 SYSTEMPATH\Boot.php(68): CodeIgniter\Boot::runCodeIgniter(Object(CodeIgniter\CodeIgniter))
11 FCPATH\index.php(59): CodeIgniter\Boot::bootWeb(Object(Config\Paths))
DEBUG - 2026-02-25 16:32:53 --> Session: Class initialized using 'CodeIgniter\Session\Handlers\FileHandler' driver.
CRITICAL - 2026-02-25 16:32:54 --> ErrorException: Trying to access array offset on value of type null
[Method: GET, Route: /]
in SYSTEMPATH\Debug\Toolbar.php on line 217.
 1 SYSTEMPATH\Debug\Toolbar.php(217): CodeIgniter\Debug\Exceptions->errorHandler(2, 'Trying to access array offset on value of type null', 'C:\\xampp\\htdocs\\IM\\system\\Debug\\Toolbar.php', 217)
 2 SYSTEMPATH\Debug\Toolbar.php(200): CodeIgniter\Debug\Toolbar->renderTimelineRecursive([...], 1772008373.455229, 7, 40, [], 0)
 3 SYSTEMPATH\Debug\Toolbar\Views\toolbar.tpl.php(105): CodeIgniter\Debug\Toolbar->renderTimeline([...], 1772008373.455229, 7, 40, [])
 4 SYSTEMPATH\Debug\Toolbar.php(533): include('C:\\xampp\\htdocs\\IM\\system\\Debug\\Toolbar\\Views\\toolbar.tpl.php')
 5 SYSTEMPATH\Debug\Toolbar.php(496): CodeIgniter\Debug\Toolbar->format([...], 'html')
 6 APPPATH\Config\Events.php(47): CodeIgniter\Debug\Toolbar->respond()
 7 SYSTEMPATH\Events\Events.php(152): CodeIgniter\Events\Events::Config\{closure}()
 8 SYSTEMPATH\CodeIgniter.php(339): CodeIgniter\Events\Events::trigger('pre_system')
 9 SYSTEMPATH\Boot.php(363): CodeIgniter\CodeIgniter->run()
10 SYSTEMPATH\Boot.php(68): CodeIgniter\Boot::runCodeIgniter(Object(CodeIgniter\CodeIgniter))
11 FCPATH\index.php(59): CodeIgniter\Boot::bootWeb(Object(Config\Paths))
DEBUG - 2026-02-25 16:32:54 --> Session: Class initialized using 'CodeIgniter\Session\Handlers\FileHandler' driver.
CRITICAL - 2026-02-25 16:32:55 --> ErrorException: Trying to access array offset on value of type null
[Method: GET, Route: /]
in SYSTEMPATH\Debug\Toolbar.php on line 217.
 1 SYSTEMPATH\Debug\Toolbar.php(217): CodeIgniter\Debug\Exceptions->errorHandler(2, 'Trying to access array offset on value of type null', 'C:\\xampp\\htdocs\\IM\\system\\Debug\\Toolbar.php', 217)
 2 SYSTEMPATH\Debug\Toolbar.php(200): CodeIgniter\Debug\Toolbar->renderTimelineRecursive([...], 1772008374.781178, 7, 50, [], 0)
 3 SYSTEMPATH\Debug\Toolbar\Views\toolbar.tpl.php(105): CodeIgniter\Debug\Toolbar->renderTimeline([...], 1772008374.781178, 7, 50, [])
 4 SYSTEMPATH\Debug\Toolbar.php(533): include('C:\\xampp\\htdocs\\IM\\system\\Debug\\Toolbar\\Views\\toolbar.tpl.php')
 5 SYSTEMPATH\Debug\Toolbar.php(496): CodeIgniter\Debug\Toolbar->format([...], 'html')
 6 APPPATH\Config\Events.php(47): CodeIgniter\Debug\Toolbar->respond()
 7 SYSTEMPATH\Events\Events.php(152): CodeIgniter\Events\Events::Config\{closure}()
 8 SYSTEMPATH\CodeIgniter.php(339): CodeIgniter\Events\Events::trigger('pre_system')
 9 SYSTEMPATH\Boot.php(363): CodeIgniter\CodeIgniter->run()
10 SYSTEMPATH\Boot.php(68): CodeIgniter\Boot::runCodeIgniter(Object(CodeIgniter\CodeIgniter))
11 FCPATH\index.php(59): CodeIgniter\Boot::bootWeb(Object(Config\Paths))
DEBUG - 2026-02-25 16:34:32 --> Session: Class initialized using 'CodeIgniter\Session\Handlers\FileHandler' driver.
CRITICAL - 2026-02-25 16:34:32 --> ErrorException: Trying to access array offset on value of type null
[Method: GET, Route: /]
in SYSTEMPATH\Debug\Toolbar.php on line 217.
 1 SYSTEMPATH\Debug\Toolbar.php(217): CodeIgniter\Debug\Exceptions->errorHandler(2, 'Trying to access array offset on value of type null', 'C:\\xampp\\htdocs\\IM\\system\\Debug\\Toolbar.php', 217)
 2 SYSTEMPATH\Debug\Toolbar.php(200): CodeIgniter\Debug\Toolbar->renderTimelineRecursive([...], 1772008472.538237, 6, 15, [], 0)
 3 SYSTEMPATH\Debug\Toolbar\Views\toolbar.tpl.php(105): CodeIgniter\Debug\Toolbar->renderTimeline([...], 1772008472.538237, 6, 15, [])
 4 SYSTEMPATH\Debug\Toolbar.php(533): include('C:\\xampp\\htdocs\\IM\\system\\Debug\\Toolbar\\Views\\toolbar.tpl.php')
 5 SYSTEMPATH\Debug\Toolbar.php(496): CodeIgniter\Debug\Toolbar->format([...], 'html')
 6 APPPATH\Config\Events.php(47): CodeIgniter\Debug\Toolbar->respond()
 7 SYSTEMPATH\Events\Events.php(152): CodeIgniter\Events\Events::Config\{closure}()
 8 SYSTEMPATH\CodeIgniter.php(339): CodeIgniter\Events\Events::trigger('pre_system')
 9 SYSTEMPATH\Boot.php(363): CodeIgniter\CodeIgniter->run()
10 SYSTEMPATH\Boot.php(68): CodeIgniter\Boot::runCodeIgniter(Object(CodeIgniter\CodeIgniter))
11 FCPATH\index.php(59): CodeIgniter\Boot::bootWeb(Object(Config\Paths))
DEBUG - 2026-02-25 16:35:57 --> Session: Class initialized using 'CodeIgniter\Session\Handlers\FileHandler' driver.
CRITICAL - 2026-02-25 16:35:57 --> ErrorException: Trying to access array offset on value of type null
[Method: GET, Route: /]
in SYSTEMPATH\Debug\Toolbar.php on line 217.
 1 SYSTEMPATH\Debug\Toolbar.php(217): CodeIgniter\Debug\Exceptions->errorHandler(2, 'Trying to access array offset on value of type null', 'C:\\xampp\\htdocs\\IM\\system\\Debug\\Toolbar.php', 217)
 2 SYSTEMPATH\Debug\Toolbar.php(200): CodeIgniter\Debug\Toolbar->renderTimelineRecursive([...], 1772008557.516929, 5, 15, [], 0)
 3 SYSTEMPATH\Debug\Toolbar\Views\toolbar.tpl.php(105): CodeIgniter\Debug\Toolbar->renderTimeline([...], 1772008557.516929, 5, 15, [])
 4 SYSTEMPATH\Debug\Toolbar.php(533): include('C:\\xampp\\htdocs\\IM\\system\\Debug\\Toolbar\\Views\\toolbar.tpl.php')
 5 SYSTEMPATH\Debug\Toolbar.php(496): CodeIgniter\Debug\Toolbar->format([...], 'html')
 6 APPPATH\Config\Events.php(47): CodeIgniter\Debug\Toolbar->respond()
 7 SYSTEMPATH\Events\Events.php(152): CodeIgniter\Events\Events::Config\{closure}()
 8 SYSTEMPATH\CodeIgniter.php(339): CodeIgniter\Events\Events::trigger('pre_system')
 9 SYSTEMPATH\Boot.php(363): CodeIgniter\CodeIgniter->run()
10 SYSTEMPATH\Boot.php(68): CodeIgniter\Boot::runCodeIgniter(Object(CodeIgniter\CodeIgniter))
11 FCPATH\index.php(59): CodeIgniter\Boot::bootWeb(Object(Config\Paths))
DEBUG - 2026-02-25 16:36:06 --> Session: Class initialized using 'CodeIgniter\Session\Handlers\FileHandler' driver.
CRITICAL - 2026-02-25 16:36:07 --> ErrorException: Trying to access array offset on value of type null
[Method: GET, Route: /]
in SYSTEMPATH\Debug\Toolbar.php on line 217.
 1 SYSTEMPATH\Debug\Toolbar.php(217): CodeIgniter\Debug\Exceptions->errorHandler(2, 'Trying to access array offset on value of type null', 'C:\\xampp\\htdocs\\IM\\system\\Debug\\Toolbar.php', 217)
 2 SYSTEMPATH\Debug\Toolbar.php(200): CodeIgniter\Debug\Toolbar->renderTimelineRecursive([...], 1772008566.412207, 7, 55, [], 0)
 3 SYSTEMPATH\Debug\Toolbar\Views\toolbar.tpl.php(105): CodeIgniter\Debug\Toolbar->renderTimeline([...], 1772008566.412207, 7, 55, [])
 4 SYSTEMPATH\Debug\Toolbar.php(533): include('C:\\xampp\\htdocs\\IM\\system\\Debug\\Toolbar\\Views\\toolbar.tpl.php')
 5 SYSTEMPATH\Debug\Toolbar.php(496): CodeIgniter\Debug\Toolbar->format([...], 'html')
 6 APPPATH\Config\Events.php(47): CodeIgniter\Debug\Toolbar->respond()
 7 SYSTEMPATH\Events\Events.php(152): CodeIgniter\Events\Events::Config\{closure}()
 8 SYSTEMPATH\CodeIgniter.php(339): CodeIgniter\Events\Events::trigger('pre_system')
 9 SYSTEMPATH\Boot.php(363): CodeIgniter\CodeIgniter->run()
10 SYSTEMPATH\Boot.php(68): CodeIgniter\Boot::runCodeIgniter(Object(CodeIgniter\CodeIgniter))
11 FCPATH\index.php(59): CodeIgniter\Boot::bootWeb(Object(Config\Paths))
DEBUG - 2026-02-25 16:38:26 --> Session: Class initialized using 'CodeIgniter\Session\Handlers\FileHandler' driver.
CRITICAL - 2026-02-25 16:38:27 --> ErrorException: Trying to access array offset on value of type null
[Method: GET, Route: /]
in SYSTEMPATH\Debug\Toolbar.php on line 217.
 1 SYSTEMPATH\Debug\Toolbar.php(217): CodeIgniter\Debug\Exceptions->errorHandler(2, 'Trying to access array offset on value of type null', 'C:\\xampp\\htdocs\\IM\\system\\Debug\\Toolbar.php', 217)
 2 SYSTEMPATH\Debug\Toolbar.php(200): CodeIgniter\Debug\Toolbar->renderTimelineRecursive([...], 1772008705.713292, 7, 180, [], 0)
 3 SYSTEMPATH\Debug\Toolbar\Views\toolbar.tpl.php(105): CodeIgniter\Debug\Toolbar->renderTimeline([...], 1772008705.713292, 7, 180, [])
 4 SYSTEMPATH\Debug\Toolbar.php(533): include('C:\\xampp\\htdocs\\IM\\system\\Debug\\Toolbar\\Views\\toolbar.tpl.php')
 5 SYSTEMPATH\Debug\Toolbar.php(496): CodeIgniter\Debug\Toolbar->format([...], 'html')
 6 APPPATH\Config\Events.php(47): CodeIgniter\Debug\Toolbar->respond()
 7 SYSTEMPATH\Events\Events.php(152): CodeIgniter\Events\Events::Config\{closure}()
 8 SYSTEMPATH\CodeIgniter.php(339): CodeIgniter\Events\Events::trigger('pre_system')
 9 SYSTEMPATH\Boot.php(363): CodeIgniter\CodeIgniter->run()
10 SYSTEMPATH\Boot.php(68): CodeIgniter\Boot::runCodeIgniter(Object(CodeIgniter\CodeIgniter))
11 FCPATH\index.php(59): CodeIgniter\Boot::bootWeb(Object(Config\Paths))
DEBUG - 2026-02-25 16:40:42 --> Session: Class initialized using 'CodeIgniter\Session\Handlers\FileHandler' driver.
CRITICAL - 2026-02-25 16:40:43 --> ErrorException: Trying to access array offset on value of type null
[Method: GET, Route: /]
in SYSTEMPATH\Debug\Toolbar.php on line 217.
 1 SYSTEMPATH\Debug\Toolbar.php(217): CodeIgniter\Debug\Exceptions->errorHandler(2, 'Trying to access array offset on value of type null', 'C:\\xampp\\htdocs\\IM\\system\\Debug\\Toolbar.php', 217)
 2 SYSTEMPATH\Debug\Toolbar.php(200): CodeIgniter\Debug\Toolbar->renderTimelineRecursive([...], 1772008842.730823, 7, 25, [], 0)
 3 SYSTEMPATH\Debug\Toolbar\Views\toolbar.tpl.php(105): CodeIgniter\Debug\Toolbar->renderTimeline([...], 1772008842.730823, 7, 25, [])
 4 SYSTEMPATH\Debug\Toolbar.php(533): include('C:\\xampp\\htdocs\\IM\\system\\Debug\\Toolbar\\Views\\toolbar.tpl.php')
 5 SYSTEMPATH\Debug\Toolbar.php(496): CodeIgniter\Debug\Toolbar->format([...], 'html')
 6 APPPATH\Config\Events.php(47): CodeIgniter\Debug\Toolbar->respond()
 7 SYSTEMPATH\Events\Events.php(152): CodeIgniter\Events\Events::Config\{closure}()
 8 SYSTEMPATH\CodeIgniter.php(339): CodeIgniter\Events\Events::trigger('pre_system')
 9 SYSTEMPATH\Boot.php(363): CodeIgniter\CodeIgniter->run()
10 SYSTEMPATH\Boot.php(68): CodeIgniter\Boot::runCodeIgniter(Object(CodeIgniter\CodeIgniter))
11 FCPATH\index.php(59): CodeIgniter\Boot::bootWeb(Object(Config\Paths))
DEBUG - 2026-02-25 16:41:15 --> Session: Class initialized using 'CodeIgniter\Session\Handlers\FileHandler' driver.
CRITICAL - 2026-02-25 16:41:15 --> ErrorException: Trying to access array offset on value of type null
[Method: GET, Route: /]
in SYSTEMPATH\Debug\Toolbar.php on line 217.
 1 SYSTEMPATH\Debug\Toolbar.php(217): CodeIgniter\Debug\Exceptions->errorHandler(2, 'Trying to access array offset on value of type null', 'C:\\xampp\\htdocs\\IM\\system\\Debug\\Toolbar.php', 217)
 2 SYSTEMPATH\Debug\Toolbar.php(200): CodeIgniter\Debug\Toolbar->renderTimelineRecursive([...], 1772008875.220728, 6, 15, [], 0)
 3 SYSTEMPATH\Debug\Toolbar\Views\toolbar.tpl.php(105): CodeIgniter\Debug\Toolbar->renderTimeline([...], 1772008875.220728, 6, 15, [])
 4 SYSTEMPATH\Debug\Toolbar.php(533): include('C:\\xampp\\htdocs\\IM\\system\\Debug\\Toolbar\\Views\\toolbar.tpl.php')
 5 SYSTEMPATH\Debug\Toolbar.php(496): CodeIgniter\Debug\Toolbar->format([...], 'html')
 6 APPPATH\Config\Events.php(47): CodeIgniter\Debug\Toolbar->respond()
 7 SYSTEMPATH\Events\Events.php(152): CodeIgniter\Events\Events::Config\{closure}()
 8 SYSTEMPATH\CodeIgniter.php(339): CodeIgniter\Events\Events::trigger('pre_system')
 9 SYSTEMPATH\Boot.php(363): CodeIgniter\CodeIgniter->run()
10 SYSTEMPATH\Boot.php(68): CodeIgniter\Boot::runCodeIgniter(Object(CodeIgniter\CodeIgniter))
11 FCPATH\index.php(59): CodeIgniter\Boot::bootWeb(Object(Config\Paths))
DEBUG - 2026-02-25 16:41:23 --> Session: Class initialized using 'CodeIgniter\Session\Handlers\FileHandler' driver.
CRITICAL - 2026-02-25 16:41:23 --> ErrorException: Trying to access array offset on value of type null
[Method: GET, Route: /]
in SYSTEMPATH\Debug\Toolbar.php on line 217.
 1 SYSTEMPATH\Debug\Toolbar.php(217): CodeIgniter\Debug\Exceptions->errorHandler(2, 'Trying to access array offset on value of type null', 'C:\\xampp\\htdocs\\IM\\system\\Debug\\Toolbar.php', 217)
 2 SYSTEMPATH\Debug\Toolbar.php(200): CodeIgniter\Debug\Toolbar->renderTimelineRecursive([...], 1772008883.158204, 7, 60, [], 0)
 3 SYSTEMPATH\Debug\Toolbar\Views\toolbar.tpl.php(105): CodeIgniter\Debug\Toolbar->renderTimeline([...], 1772008883.158204, 7, 60, [])
 4 SYSTEMPATH\Debug\Toolbar.php(533): include('C:\\xampp\\htdocs\\IM\\system\\Debug\\Toolbar\\Views\\toolbar.tpl.php')
 5 SYSTEMPATH\Debug\Toolbar.php(496): CodeIgniter\Debug\Toolbar->format([...], 'html')
 6 APPPATH\Config\Events.php(47): CodeIgniter\Debug\Toolbar->respond()
 7 SYSTEMPATH\Events\Events.php(152): CodeIgniter\Events\Events::Config\{closure}()
 8 SYSTEMPATH\CodeIgniter.php(339): CodeIgniter\Events\Events::trigger('pre_system')
 9 SYSTEMPATH\Boot.php(363): CodeIgniter\CodeIgniter->run()
10 SYSTEMPATH\Boot.php(68): CodeIgniter\Boot::runCodeIgniter(Object(CodeIgniter\CodeIgniter))
11 FCPATH\index.php(59): CodeIgniter\Boot::bootWeb(Object(Config\Paths))
DEBUG - 2026-02-25 16:42:40 --> Session: Class initialized using 'CodeIgniter\Session\Handlers\FileHandler' driver.
CRITICAL - 2026-02-25 16:42:40 --> ErrorException: Trying to access array offset on value of type null
[Method: GET, Route: /]
in SYSTEMPATH\Debug\Toolbar.php on line 217.
 1 SYSTEMPATH\Debug\Toolbar.php(217): CodeIgniter\Debug\Exceptions->errorHandler(2, 'Trying to access array offset on value of type null', 'C:\\xampp\\htdocs\\IM\\system\\Debug\\Toolbar.php', 217)
 2 SYSTEMPATH\Debug\Toolbar.php(200): CodeIgniter\Debug\Toolbar->renderTimelineRecursive([...], 1772008960.000714, 7, 60, [], 0)
 3 SYSTEMPATH\Debug\Toolbar\Views\toolbar.tpl.php(105): CodeIgniter\Debug\Toolbar->renderTimeline([...], 1772008960.000714, 7, 60, [])
 4 SYSTEMPATH\Debug\Toolbar.php(533): include('C:\\xampp\\htdocs\\IM\\system\\Debug\\Toolbar\\Views\\toolbar.tpl.php')
 5 SYSTEMPATH\Debug\Toolbar.php(496): CodeIgniter\Debug\Toolbar->format([...], 'html')
 6 APPPATH\Config\Events.php(47): CodeIgniter\Debug\Toolbar->respond()
 7 SYSTEMPATH\Events\Events.php(152): CodeIgniter\Events\Events::Config\{closure}()
 8 SYSTEMPATH\CodeIgniter.php(339): CodeIgniter\Events\Events::trigger('pre_system')
 9 SYSTEMPATH\Boot.php(363): CodeIgniter\CodeIgniter->run()
10 SYSTEMPATH\Boot.php(68): CodeIgniter\Boot::runCodeIgniter(Object(CodeIgniter\CodeIgniter))
11 FCPATH\index.php(59): CodeIgniter\Boot::bootWeb(Object(Config\Paths))
DEBUG - 2026-02-25 16:42:53 --> Session: Class initialized using 'CodeIgniter\Session\Handlers\FileHandler' driver.
CRITICAL - 2026-02-25 16:42:53 --> ErrorException: Trying to access array offset on value of type null
[Method: GET, Route: /]
in SYSTEMPATH\Debug\Toolbar.php on line 217.
 1 SYSTEMPATH\Debug\Toolbar.php(217): CodeIgniter\Debug\Exceptions->errorHandler(2, 'Trying to access array offset on value of type null', 'C:\\xampp\\htdocs\\IM\\system\\Debug\\Toolbar.php', 217)
 2 SYSTEMPATH\Debug\Toolbar.php(200): CodeIgniter\Debug\Toolbar->renderTimelineRecursive([...], 1772008973.389857, 6, 15, [], 0)
 3 SYSTEMPATH\Debug\Toolbar\Views\toolbar.tpl.php(105): CodeIgniter\Debug\Toolbar->renderTimeline([...], 1772008973.389857, 6, 15, [])
 4 SYSTEMPATH\Debug\Toolbar.php(533): include('C:\\xampp\\htdocs\\IM\\system\\Debug\\Toolbar\\Views\\toolbar.tpl.php')
 5 SYSTEMPATH\Debug\Toolbar.php(496): CodeIgniter\Debug\Toolbar->format([...], 'html')
 6 APPPATH\Config\Events.php(47): CodeIgniter\Debug\Toolbar->respond()
 7 SYSTEMPATH\Events\Events.php(152): CodeIgniter\Events\Events::Config\{closure}()
 8 SYSTEMPATH\CodeIgniter.php(339): CodeIgniter\Events\Events::trigger('pre_system')
 9 SYSTEMPATH\Boot.php(363): CodeIgniter\CodeIgniter->run()
10 SYSTEMPATH\Boot.php(68): CodeIgniter\Boot::runCodeIgniter(Object(CodeIgniter\CodeIgniter))
11 FCPATH\index.php(59): CodeIgniter\Boot::bootWeb(Object(Config\Paths))
DEBUG - 2026-02-25 16:42:55 --> Session: Class initialized using 'CodeIgniter\Session\Handlers\FileHandler' driver.
CRITICAL - 2026-02-25 16:42:56 --> ErrorException: Trying to access array offset on value of type null
[Method: GET, Route: /]
in SYSTEMPATH\Debug\Toolbar.php on line 217.
 1 SYSTEMPATH\Debug\Toolbar.php(217): CodeIgniter\Debug\Exceptions->errorHandler(2, 'Trying to access array offset on value of type null', 'C:\\xampp\\htdocs\\IM\\system\\Debug\\Toolbar.php', 217)
 2 SYSTEMPATH\Debug\Toolbar.php(200): CodeIgniter\Debug\Toolbar->renderTimelineRecursive([...], 1772008975.872079, 5, 15, [], 0)
 3 SYSTEMPATH\Debug\Toolbar\Views\toolbar.tpl.php(105): CodeIgniter\Debug\Toolbar->renderTimeline([...], 1772008975.872079, 5, 15, [])
 4 SYSTEMPATH\Debug\Toolbar.php(533): include('C:\\xampp\\htdocs\\IM\\system\\Debug\\Toolbar\\Views\\toolbar.tpl.php')
 5 SYSTEMPATH\Debug\Toolbar.php(496): CodeIgniter\Debug\Toolbar->format([...], 'html')
 6 APPPATH\Config\Events.php(47): CodeIgniter\Debug\Toolbar->respond()
 7 SYSTEMPATH\Events\Events.php(152): CodeIgniter\Events\Events::Config\{closure}()
 8 SYSTEMPATH\CodeIgniter.php(339): CodeIgniter\Events\Events::trigger('pre_system')
 9 SYSTEMPATH\Boot.php(363): CodeIgniter\CodeIgniter->run()
10 SYSTEMPATH\Boot.php(68): CodeIgniter\Boot::runCodeIgniter(Object(CodeIgniter\CodeIgniter))
11 FCPATH\index.php(59): CodeIgniter\Boot::bootWeb(Object(Config\Paths))
DEBUG - 2026-02-25 16:42:58 --> Session: Class initialized using 'CodeIgniter\Session\Handlers\FileHandler' driver.
CRITICAL - 2026-02-25 16:42:58 --> ErrorException: Trying to access array offset on value of type null
[Method: GET, Route: /]
in SYSTEMPATH\Debug\Toolbar.php on line 217.
 1 SYSTEMPATH\Debug\Toolbar.php(217): CodeIgniter\Debug\Exceptions->errorHandler(2, 'Trying to access array offset on value of type null', 'C:\\xampp\\htdocs\\IM\\system\\Debug\\Toolbar.php', 217)
 2 SYSTEMPATH\Debug\Toolbar.php(200): CodeIgniter\Debug\Toolbar->renderTimelineRecursive([...], 1772008978.050961, 6, 15, [], 0)
 3 SYSTEMPATH\Debug\Toolbar\Views\toolbar.tpl.php(105): CodeIgniter\Debug\Toolbar->renderTimeline([...], 1772008978.050961, 6, 15, [])
 4 SYSTEMPATH\Debug\Toolbar.php(533): include('C:\\xampp\\htdocs\\IM\\system\\Debug\\Toolbar\\Views\\toolbar.tpl.php')
 5 SYSTEMPATH\Debug\Toolbar.php(496): CodeIgniter\Debug\Toolbar->format([...], 'html')
 6 APPPATH\Config\Events.php(47): CodeIgniter\Debug\Toolbar->respond()
 7 SYSTEMPATH\Events\Events.php(152): CodeIgniter\Events\Events::Config\{closure}()
 8 SYSTEMPATH\CodeIgniter.php(339): CodeIgniter\Events\Events::trigger('pre_system')
 9 SYSTEMPATH\Boot.php(363): CodeIgniter\CodeIgniter->run()
10 SYSTEMPATH\Boot.php(68): CodeIgniter\Boot::runCodeIgniter(Object(CodeIgniter\CodeIgniter))
11 FCPATH\index.php(59): CodeIgniter\Boot::bootWeb(Object(Config\Paths))
DEBUG - 2026-02-25 16:43:00 --> Session: Class initialized using 'CodeIgniter\Session\Handlers\FileHandler' driver.
CRITICAL - 2026-02-25 16:43:00 --> ErrorException: Trying to access array offset on value of type null
[Method: GET, Route: /]
in SYSTEMPATH\Debug\Toolbar.php on line 217.
 1 SYSTEMPATH\Debug\Toolbar.php(217): CodeIgniter\Debug\Exceptions->errorHandler(2, 'Trying to access array offset on value of type null', 'C:\\xampp\\htdocs\\IM\\system\\Debug\\Toolbar.php', 217)
 2 SYSTEMPATH\Debug\Toolbar.php(200): CodeIgniter\Debug\Toolbar->renderTimelineRecursive([...], 1772008980.410313, 6, 15, [], 0)
 3 SYSTEMPATH\Debug\Toolbar\Views\toolbar.tpl.php(105): CodeIgniter\Debug\Toolbar->renderTimeline([...], 1772008980.410313, 6, 15, [])
 4 SYSTEMPATH\Debug\Toolbar.php(533): include('C:\\xampp\\htdocs\\IM\\system\\Debug\\Toolbar\\Views\\toolbar.tpl.php')
 5 SYSTEMPATH\Debug\Toolbar.php(496): CodeIgniter\Debug\Toolbar->format([...], 'html')
 6 APPPATH\Config\Events.php(47): CodeIgniter\Debug\Toolbar->respond()
 7 SYSTEMPATH\Events\Events.php(152): CodeIgniter\Events\Events::Config\{closure}()
 8 SYSTEMPATH\CodeIgniter.php(339): CodeIgniter\Events\Events::trigger('pre_system')
 9 SYSTEMPATH\Boot.php(363): CodeIgniter\CodeIgniter->run()
10 SYSTEMPATH\Boot.php(68): CodeIgniter\Boot::runCodeIgniter(Object(CodeIgniter\CodeIgniter))
11 FCPATH\index.php(59): CodeIgniter\Boot::bootWeb(Object(Config\Paths))
DEBUG - 2026-02-25 16:43:03 --> Session: Class initialized using 'CodeIgniter\Session\Handlers\FileHandler' driver.
CRITICAL - 2026-02-25 16:43:04 --> ErrorException: Trying to access array offset on value of type null
[Method: GET, Route: /]
in SYSTEMPATH\Debug\Toolbar.php on line 217.
 1 SYSTEMPATH\Debug\Toolbar.php(217): CodeIgniter\Debug\Exceptions->errorHandler(2, 'Trying to access array offset on value of type null', 'C:\\xampp\\htdocs\\IM\\system\\Debug\\Toolbar.php', 217)
 2 SYSTEMPATH\Debug\Toolbar.php(200): CodeIgniter\Debug\Toolbar->renderTimelineRecursive([...], 1772008983.94001, 6, 15, [], 0)
 3 SYSTEMPATH\Debug\Toolbar\Views\toolbar.tpl.php(105): CodeIgniter\Debug\Toolbar->renderTimeline([...], 1772008983.94001, 6, 15, [])
 4 SYSTEMPATH\Debug\Toolbar.php(533): include('C:\\xampp\\htdocs\\IM\\system\\Debug\\Toolbar\\Views\\toolbar.tpl.php')
 5 SYSTEMPATH\Debug\Toolbar.php(496): CodeIgniter\Debug\Toolbar->format([...], 'html')
 6 APPPATH\Config\Events.php(47): CodeIgniter\Debug\Toolbar->respond()
 7 SYSTEMPATH\Events\Events.php(152): CodeIgniter\Events\Events::Config\{closure}()
 8 SYSTEMPATH\CodeIgniter.php(339): CodeIgniter\Events\Events::trigger('pre_system')
 9 SYSTEMPATH\Boot.php(363): CodeIgniter\CodeIgniter->run()
10 SYSTEMPATH\Boot.php(68): CodeIgniter\Boot::runCodeIgniter(Object(CodeIgniter\CodeIgniter))
11 FCPATH\index.php(59): CodeIgniter\Boot::bootWeb(Object(Config\Paths))
DEBUG - 2026-02-25 16:43:10 --> Session: Class initialized using 'CodeIgniter\Session\Handlers\FileHandler' driver.
CRITICAL - 2026-02-25 16:43:10 --> ErrorException: Trying to access array offset on value of type null
[Method: GET, Route: /]
in SYSTEMPATH\Debug\Toolbar.php on line 217.
 1 SYSTEMPATH\Debug\Toolbar.php(217): CodeIgniter\Debug\Exceptions->errorHandler(2, 'Trying to access array offset on value of type null', 'C:\\xampp\\htdocs\\IM\\system\\Debug\\Toolbar.php', 217)
 2 SYSTEMPATH\Debug\Toolbar.php(200): CodeIgniter\Debug\Toolbar->renderTimelineRecursive([...], 1772008990.518198, 7, 10, [], 0)
 3 SYSTEMPATH\Debug\Toolbar\Views\toolbar.tpl.php(105): CodeIgniter\Debug\Toolbar->renderTimeline([...], 1772008990.518198, 7, 10, [])
 4 SYSTEMPATH\Debug\Toolbar.php(533): include('C:\\xampp\\htdocs\\IM\\system\\Debug\\Toolbar\\Views\\toolbar.tpl.php')
 5 SYSTEMPATH\Debug\Toolbar.php(496): CodeIgniter\Debug\Toolbar->format([...], 'html')
 6 APPPATH\Config\Events.php(47): CodeIgniter\Debug\Toolbar->respond()
 7 SYSTEMPATH\Events\Events.php(152): CodeIgniter\Events\Events::Config\{closure}()
 8 SYSTEMPATH\CodeIgniter.php(339): CodeIgniter\Events\Events::trigger('pre_system')
 9 SYSTEMPATH\Boot.php(363): CodeIgniter\CodeIgniter->run()
10 SYSTEMPATH\Boot.php(68): CodeIgniter\Boot::runCodeIgniter(Object(CodeIgniter\CodeIgniter))
11 FCPATH\index.php(59): CodeIgniter\Boot::bootWeb(Object(Config\Paths))
DEBUG - 2026-02-25 16:43:12 --> Session: Class initialized using 'CodeIgniter\Session\Handlers\FileHandler' driver.
CRITICAL - 2026-02-25 16:43:12 --> ErrorException: Trying to access array offset on value of type null
[Method: GET, Route: /]
in SYSTEMPATH\Debug\Toolbar.php on line 217.
 1 SYSTEMPATH\Debug\Toolbar.php(217): CodeIgniter\Debug\Exceptions->errorHandler(2, 'Trying to access array offset on value of type null', 'C:\\xampp\\htdocs\\IM\\system\\Debug\\Toolbar.php', 217)
 2 SYSTEMPATH\Debug\Toolbar.php(200): CodeIgniter\Debug\Toolbar->renderTimelineRecursive([...], 1772008992.097481, 5, 15, [], 0)
 3 SYSTEMPATH\Debug\Toolbar\Views\toolbar.tpl.php(105): CodeIgniter\Debug\Toolbar->renderTimeline([...], 1772008992.097481, 5, 15, [])
 4 SYSTEMPATH\Debug\Toolbar.php(533): include('C:\\xampp\\htdocs\\IM\\system\\Debug\\Toolbar\\Views\\toolbar.tpl.php')
 5 SYSTEMPATH\Debug\Toolbar.php(496): CodeIgniter\Debug\Toolbar->format([...], 'html')
 6 APPPATH\Config\Events.php(47): CodeIgniter\Debug\Toolbar->respond()
 7 SYSTEMPATH\Events\Events.php(152): CodeIgniter\Events\Events::Config\{closure}()
 8 SYSTEMPATH\CodeIgniter.php(339): CodeIgniter\Events\Events::trigger('pre_system')
 9 SYSTEMPATH\Boot.php(363): CodeIgniter\CodeIgniter->run()
10 SYSTEMPATH\Boot.php(68): CodeIgniter\Boot::runCodeIgniter(Object(CodeIgniter\CodeIgniter))
11 FCPATH\index.php(59): CodeIgniter\Boot::bootWeb(Object(Config\Paths))
DEBUG - 2026-02-25 16:44:05 --> Session: Class initialized using 'CodeIgniter\Session\Handlers\FileHandler' driver.
CRITICAL - 2026-02-25 16:44:06 --> ErrorException: Trying to access array offset on value of type null
[Method: GET, Route: /]
in SYSTEMPATH\Debug\Toolbar.php on line 217.
 1 SYSTEMPATH\Debug\Toolbar.php(217): CodeIgniter\Debug\Exceptions->errorHandler(2, 'Trying to access array offset on value of type null', 'C:\\xampp\\htdocs\\IM\\system\\Debug\\Toolbar.php', 217)
 2 SYSTEMPATH\Debug\Toolbar.php(200): CodeIgniter\Debug\Toolbar->renderTimelineRecursive([...], 1772009045.663562, 7, 80, [], 0)
 3 SYSTEMPATH\Debug\Toolbar\Views\toolbar.tpl.php(105): CodeIgniter\Debug\Toolbar->renderTimeline([...], 1772009045.663562, 7, 80, [])
 4 SYSTEMPATH\Debug\Toolbar.php(533): include('C:\\xampp\\htdocs\\IM\\system\\Debug\\Toolbar\\Views\\toolbar.tpl.php')
 5 SYSTEMPATH\Debug\Toolbar.php(496): CodeIgniter\Debug\Toolbar->format([...], 'html')
 6 APPPATH\Config\Events.php(47): CodeIgniter\Debug\Toolbar->respond()
 7 SYSTEMPATH\Events\Events.php(152): CodeIgniter\Events\Events::Config\{closure}()
 8 SYSTEMPATH\CodeIgniter.php(339): CodeIgniter\Events\Events::trigger('pre_system')
 9 SYSTEMPATH\Boot.php(363): CodeIgniter\CodeIgniter->run()
10 SYSTEMPATH\Boot.php(68): CodeIgniter\Boot::runCodeIgniter(Object(CodeIgniter\CodeIgniter))
11 FCPATH\index.php(59): CodeIgniter\Boot::bootWeb(Object(Config\Paths))
DEBUG - 2026-02-25 16:44:15 --> Session: Class initialized using 'CodeIgniter\Session\Handlers\FileHandler' driver.
CRITICAL - 2026-02-25 16:44:15 --> ErrorException: Trying to access array offset on value of type null
[Method: GET, Route: /]
in SYSTEMPATH\Debug\Toolbar.php on line 217.
 1 SYSTEMPATH\Debug\Toolbar.php(217): CodeIgniter\Debug\Exceptions->errorHandler(2, 'Trying to access array offset on value of type null', 'C:\\xampp\\htdocs\\IM\\system\\Debug\\Toolbar.php', 217)
 2 SYSTEMPATH\Debug\Toolbar.php(200): CodeIgniter\Debug\Toolbar->renderTimelineRecursive([...], 1772009054.987622, 6, 15, [], 0)
 3 SYSTEMPATH\Debug\Toolbar\Views\toolbar.tpl.php(105): CodeIgniter\Debug\Toolbar->renderTimeline([...], 1772009054.987622, 6, 15, [])
 4 SYSTEMPATH\Debug\Toolbar.php(533): include('C:\\xampp\\htdocs\\IM\\system\\Debug\\Toolbar\\Views\\toolbar.tpl.php')
 5 SYSTEMPATH\Debug\Toolbar.php(496): CodeIgniter\Debug\Toolbar->format([...], 'html')
 6 APPPATH\Config\Events.php(47): CodeIgniter\Debug\Toolbar->respond()
 7 SYSTEMPATH\Events\Events.php(152): CodeIgniter\Events\Events::Config\{closure}()
 8 SYSTEMPATH\CodeIgniter.php(339): CodeIgniter\Events\Events::trigger('pre_system')
 9 SYSTEMPATH\Boot.php(363): CodeIgniter\CodeIgniter->run()
10 SYSTEMPATH\Boot.php(68): CodeIgniter\Boot::runCodeIgniter(Object(CodeIgniter\CodeIgniter))
11 FCPATH\index.php(59): CodeIgniter\Boot::bootWeb(Object(Config\Paths))
DEBUG - 2026-02-25 16:44:20 --> Session: Class initialized using 'CodeIgniter\Session\Handlers\FileHandler' driver.
CRITICAL - 2026-02-25 16:44:21 --> ErrorException: Trying to access array offset on value of type null
[Method: GET, Route: /]
in SYSTEMPATH\Debug\Toolbar.php on line 217.
 1 SYSTEMPATH\Debug\Toolbar.php(217): CodeIgniter\Debug\Exceptions->errorHandler(2, 'Trying to access array offset on value of type null', 'C:\\xampp\\htdocs\\IM\\system\\Debug\\Toolbar.php', 217)
 2 SYSTEMPATH\Debug\Toolbar.php(200): CodeIgniter\Debug\Toolbar->renderTimelineRecursive([...], 1772009060.315536, 7, 75, [], 0)
 3 SYSTEMPATH\Debug\Toolbar\Views\toolbar.tpl.php(105): CodeIgniter\Debug\Toolbar->renderTimeline([...], 1772009060.315536, 7, 75, [])
 4 SYSTEMPATH\Debug\Toolbar.php(533): include('C:\\xampp\\htdocs\\IM\\system\\Debug\\Toolbar\\Views\\toolbar.tpl.php')
 5 SYSTEMPATH\Debug\Toolbar.php(496): CodeIgniter\Debug\Toolbar->format([...], 'html')
 6 APPPATH\Config\Events.php(47): CodeIgniter\Debug\Toolbar->respond()
 7 SYSTEMPATH\Events\Events.php(152): CodeIgniter\Events\Events::Config\{closure}()
 8 SYSTEMPATH\CodeIgniter.php(339): CodeIgniter\Events\Events::trigger('pre_system')
 9 SYSTEMPATH\Boot.php(363): CodeIgniter\CodeIgniter->run()
10 SYSTEMPATH\Boot.php(68): CodeIgniter\Boot::runCodeIgniter(Object(CodeIgniter\CodeIgniter))
11 FCPATH\index.php(59): CodeIgniter\Boot::bootWeb(Object(Config\Paths))
DEBUG - 2026-02-25 16:45:14 --> Session: Class initialized using 'CodeIgniter\Session\Handlers\FileHandler' driver.
CRITICAL - 2026-02-25 16:45:15 --> ErrorException: Trying to access array offset on value of type null
[Method: GET, Route: /]
in SYSTEMPATH\Debug\Toolbar.php on line 217.
 1 SYSTEMPATH\Debug\Toolbar.php(217): CodeIgniter\Debug\Exceptions->errorHandler(2, 'Trying to access array offset on value of type null', 'C:\\xampp\\htdocs\\IM\\system\\Debug\\Toolbar.php', 217)
 2 SYSTEMPATH\Debug\Toolbar.php(200): CodeIgniter\Debug\Toolbar->renderTimelineRecursive([...], 1772009114.528991, 7, 10, [], 0)
 3 SYSTEMPATH\Debug\Toolbar\Views\toolbar.tpl.php(105): CodeIgniter\Debug\Toolbar->renderTimeline([...], 1772009114.528991, 7, 10, [])
 4 SYSTEMPATH\Debug\Toolbar.php(533): include('C:\\xampp\\htdocs\\IM\\system\\Debug\\Toolbar\\Views\\toolbar.tpl.php')
 5 SYSTEMPATH\Debug\Toolbar.php(496): CodeIgniter\Debug\Toolbar->format([...], 'html')
 6 APPPATH\Config\Events.php(47): CodeIgniter\Debug\Toolbar->respond()
 7 SYSTEMPATH\Events\Events.php(152): CodeIgniter\Events\Events::Config\{closure}()
 8 SYSTEMPATH\CodeIgniter.php(339): CodeIgniter\Events\Events::trigger('pre_system')
 9 SYSTEMPATH\Boot.php(363): CodeIgniter\CodeIgniter->run()
10 SYSTEMPATH\Boot.php(68): CodeIgniter\Boot::runCodeIgniter(Object(CodeIgniter\CodeIgniter))
11 FCPATH\index.php(59): CodeIgniter\Boot::bootWeb(Object(Config\Paths))
DEBUG - 2026-02-25 16:45:17 --> Session: Class initialized using 'CodeIgniter\Session\Handlers\FileHandler' driver.
CRITICAL - 2026-02-25 16:45:17 --> ErrorException: Trying to access array offset on value of type null
[Method: GET, Route: /]
in SYSTEMPATH\Debug\Toolbar.php on line 217.
 1 SYSTEMPATH\Debug\Toolbar.php(217): CodeIgniter\Debug\Exceptions->errorHandler(2, 'Trying to access array offset on value of type null', 'C:\\xampp\\htdocs\\IM\\system\\Debug\\Toolbar.php', 217)
 2 SYSTEMPATH\Debug\Toolbar.php(200): CodeIgniter\Debug\Toolbar->renderTimelineRecursive([...], 1772009117.191174, 7, 10, [], 0)
 3 SYSTEMPATH\Debug\Toolbar\Views\toolbar.tpl.php(105): CodeIgniter\Debug\Toolbar->renderTimeline([...], 1772009117.191174, 7, 10, [])
 4 SYSTEMPATH\Debug\Toolbar.php(533): include('C:\\xampp\\htdocs\\IM\\system\\Debug\\Toolbar\\Views\\toolbar.tpl.php')
 5 SYSTEMPATH\Debug\Toolbar.php(496): CodeIgniter\Debug\Toolbar->format([...], 'html')
 6 APPPATH\Config\Events.php(47): CodeIgniter\Debug\Toolbar->respond()
 7 SYSTEMPATH\Events\Events.php(152): CodeIgniter\Events\Events::Config\{closure}()
 8 SYSTEMPATH\CodeIgniter.php(339): CodeIgniter\Events\Events::trigger('pre_system')
 9 SYSTEMPATH\Boot.php(363): CodeIgniter\CodeIgniter->run()
10 SYSTEMPATH\Boot.php(68): CodeIgniter\Boot::runCodeIgniter(Object(CodeIgniter\CodeIgniter))
11 FCPATH\index.php(59): CodeIgniter\Boot::bootWeb(Object(Config\Paths))
DEBUG - 2026-02-25 16:45:23 --> Session: Class initialized using 'CodeIgniter\Session\Handlers\FileHandler' driver.
CRITICAL - 2026-02-25 16:45:23 --> ErrorException: Trying to access array offset on value of type null
[Method: GET, Route: /]
in SYSTEMPATH\Debug\Toolbar.php on line 217.
 1 SYSTEMPATH\Debug\Toolbar.php(217): CodeIgniter\Debug\Exceptions->errorHandler(2, 'Trying to access array offset on value of type null', 'C:\\xampp\\htdocs\\IM\\system\\Debug\\Toolbar.php', 217)
 2 SYSTEMPATH\Debug\Toolbar.php(200): CodeIgniter\Debug\Toolbar->renderTimelineRecursive([...], 1772009123.389259, 5, 15, [], 0)
 3 SYSTEMPATH\Debug\Toolbar\Views\toolbar.tpl.php(105): CodeIgniter\Debug\Toolbar->renderTimeline([...], 1772009123.389259, 5, 15, [])
 4 SYSTEMPATH\Debug\Toolbar.php(533): include('C:\\xampp\\htdocs\\IM\\system\\Debug\\Toolbar\\Views\\toolbar.tpl.php')
 5 SYSTEMPATH\Debug\Toolbar.php(496): CodeIgniter\Debug\Toolbar->format([...], 'html')
 6 APPPATH\Config\Events.php(47): CodeIgniter\Debug\Toolbar->respond()
 7 SYSTEMPATH\Events\Events.php(152): CodeIgniter\Events\Events::Config\{closure}()
 8 SYSTEMPATH\CodeIgniter.php(339): CodeIgniter\Events\Events::trigger('pre_system')
 9 SYSTEMPATH\Boot.php(363): CodeIgniter\CodeIgniter->run()
10 SYSTEMPATH\Boot.php(68): CodeIgniter\Boot::runCodeIgniter(Object(CodeIgniter\CodeIgniter))
11 FCPATH\index.php(59): CodeIgniter\Boot::bootWeb(Object(Config\Paths))
DEBUG - 2026-02-25 16:45:25 --> Session: Class initialized using 'CodeIgniter\Session\Handlers\FileHandler' driver.
CRITICAL - 2026-02-25 16:45:25 --> ErrorException: Trying to access array offset on value of type null
[Method: GET, Route: /]
in SYSTEMPATH\Debug\Toolbar.php on line 217.
 1 SYSTEMPATH\Debug\Toolbar.php(217): CodeIgniter\Debug\Exceptions->errorHandler(2, 'Trying to access array offset on value of type null', 'C:\\xampp\\htdocs\\IM\\system\\Debug\\Toolbar.php', 217)
 2 SYSTEMPATH\Debug\Toolbar.php(200): CodeIgniter\Debug\Toolbar->renderTimelineRecursive([...], 1772009124.968264, 7, 35, [], 0)
 3 SYSTEMPATH\Debug\Toolbar\Views\toolbar.tpl.php(105): CodeIgniter\Debug\Toolbar->renderTimeline([...], 1772009124.968264, 7, 35, [])
 4 SYSTEMPATH\Debug\Toolbar.php(533): include('C:\\xampp\\htdocs\\IM\\system\\Debug\\Toolbar\\Views\\toolbar.tpl.php')
 5 SYSTEMPATH\Debug\Toolbar.php(496): CodeIgniter\Debug\Toolbar->format([...], 'html')
 6 APPPATH\Config\Events.php(47): CodeIgniter\Debug\Toolbar->respond()
 7 SYSTEMPATH\Events\Events.php(152): CodeIgniter\Events\Events::Config\{closure}()
 8 SYSTEMPATH\CodeIgniter.php(339): CodeIgniter\Events\Events::trigger('pre_system')
 9 SYSTEMPATH\Boot.php(363): CodeIgniter\CodeIgniter->run()
10 SYSTEMPATH\Boot.php(68): CodeIgniter\Boot::runCodeIgniter(Object(CodeIgniter\CodeIgniter))
11 FCPATH\index.php(59): CodeIgniter\Boot::bootWeb(Object(Config\Paths))
DEBUG - 2026-02-25 16:45:30 --> Session: Class initialized using 'CodeIgniter\Session\Handlers\FileHandler' driver.
CRITICAL - 2026-02-25 16:45:30 --> ErrorException: Trying to access array offset on value of type null
[Method: GET, Route: /]
in SYSTEMPATH\Debug\Toolbar.php on line 217.
 1 SYSTEMPATH\Debug\Toolbar.php(217): CodeIgniter\Debug\Exceptions->errorHandler(2, 'Trying to access array offset on value of type null', 'C:\\xampp\\htdocs\\IM\\system\\Debug\\Toolbar.php', 217)
 2 SYSTEMPATH\Debug\Toolbar.php(200): CodeIgniter\Debug\Toolbar->renderTimelineRecursive([...], 1772009130.161277, 6, 15, [], 0)
 3 SYSTEMPATH\Debug\Toolbar\Views\toolbar.tpl.php(105): CodeIgniter\Debug\Toolbar->renderTimeline([...], 1772009130.161277, 6, 15, [])
 4 SYSTEMPATH\Debug\Toolbar.php(533): include('C:\\xampp\\htdocs\\IM\\system\\Debug\\Toolbar\\Views\\toolbar.tpl.php')
 5 SYSTEMPATH\Debug\Toolbar.php(496): CodeIgniter\Debug\Toolbar->format([...], 'html')
 6 APPPATH\Config\Events.php(47): CodeIgniter\Debug\Toolbar->respond()
 7 SYSTEMPATH\Events\Events.php(152): CodeIgniter\Events\Events::Config\{closure}()
 8 SYSTEMPATH\CodeIgniter.php(339): CodeIgniter\Events\Events::trigger('pre_system')
 9 SYSTEMPATH\Boot.php(363): CodeIgniter\CodeIgniter->run()
10 SYSTEMPATH\Boot.php(68): CodeIgniter\Boot::runCodeIgniter(Object(CodeIgniter\CodeIgniter))
11 FCPATH\index.php(59): CodeIgniter\Boot::bootWeb(Object(Config\Paths))
DEBUG - 2026-02-25 16:45:32 --> Session: Class initialized using 'CodeIgniter\Session\Handlers\FileHandler' driver.
CRITICAL - 2026-02-25 16:45:32 --> ErrorException: Trying to access array offset on value of type null
[Method: GET, Route: /]
in SYSTEMPATH\Debug\Toolbar.php on line 217.
 1 SYSTEMPATH\Debug\Toolbar.php(217): CodeIgniter\Debug\Exceptions->errorHandler(2, 'Trying to access array offset on value of type null', 'C:\\xampp\\htdocs\\IM\\system\\Debug\\Toolbar.php', 217)
 2 SYSTEMPATH\Debug\Toolbar.php(200): CodeIgniter\Debug\Toolbar->renderTimelineRecursive([...], 1772009132.324769, 7, 20, [], 0)
 3 SYSTEMPATH\Debug\Toolbar\Views\toolbar.tpl.php(105): CodeIgniter\Debug\Toolbar->renderTimeline([...], 1772009132.324769, 7, 20, [])
 4 SYSTEMPATH\Debug\Toolbar.php(533): include('C:\\xampp\\htdocs\\IM\\system\\Debug\\Toolbar\\Views\\toolbar.tpl.php')
 5 SYSTEMPATH\Debug\Toolbar.php(496): CodeIgniter\Debug\Toolbar->format([...], 'html')
 6 APPPATH\Config\Events.php(47): CodeIgniter\Debug\Toolbar->respond()
 7 SYSTEMPATH\Events\Events.php(152): CodeIgniter\Events\Events::Config\{closure}()
 8 SYSTEMPATH\CodeIgniter.php(339): CodeIgniter\Events\Events::trigger('pre_system')
 9 SYSTEMPATH\Boot.php(363): CodeIgniter\CodeIgniter->run()
10 SYSTEMPATH\Boot.php(68): CodeIgniter\Boot::runCodeIgniter(Object(CodeIgniter\CodeIgniter))
11 FCPATH\index.php(59): CodeIgniter\Boot::bootWeb(Object(Config\Paths))
WARNING - 2026-02-25 16:45:37 --> [DEPRECATED] Creation of dynamic property App\Controllers\ApplicationController::$contactsModel is deprecated in APPPATH\Controllers\ApplicationController.php on line 41.
 1 SYSTEMPATH\CodeIgniter.php(903): App\Controllers\ApplicationController->__construct()
 2 SYSTEMPATH\CodeIgniter.php(498): CodeIgniter\CodeIgniter->createController()
 3 SYSTEMPATH\CodeIgniter.php(354): CodeIgniter\CodeIgniter->handleRequest(null, Object(Config\Cache), false)
 4 SYSTEMPATH\Boot.php(363): CodeIgniter\CodeIgniter->run()
 5 SYSTEMPATH\Boot.php(68): CodeIgniter\Boot::runCodeIgniter(Object(CodeIgniter\CodeIgniter))
 6 FCPATH\index.php(59): CodeIgniter\Boot::bootWeb(Object(Config\Paths))
WARNING - 2026-02-25 16:45:37 --> [DEPRECATED] Creation of dynamic property App\Controllers\ApplicationController::$environmentsModel is deprecated in APPPATH\Controllers\ApplicationController.php on line 42.
 1 SYSTEMPATH\CodeIgniter.php(903): App\Controllers\ApplicationController->__construct()
 2 SYSTEMPATH\CodeIgniter.php(498): CodeIgniter\CodeIgniter->createController()
 3 SYSTEMPATH\CodeIgniter.php(354): CodeIgniter\CodeIgniter->handleRequest(null, Object(Config\Cache), false)
 4 SYSTEMPATH\Boot.php(363): CodeIgniter\CodeIgniter->run()
 5 SYSTEMPATH\Boot.php(68): CodeIgniter\Boot::runCodeIgniter(Object(CodeIgniter\CodeIgniter))
 6 FCPATH\index.php(59): CodeIgniter\Boot::bootWeb(Object(Config\Paths))
WARNING - 2026-02-25 16:45:37 --> [DEPRECATED] Creation of dynamic property App\Controllers\ApplicationController::$infrastructureModel is deprecated in APPPATH\Controllers\ApplicationController.php on line 43.
 1 SYSTEMPATH\CodeIgniter.php(903): App\Controllers\ApplicationController->__construct()
 2 SYSTEMPATH\CodeIgniter.php(498): CodeIgniter\CodeIgniter->createController()
 3 SYSTEMPATH\CodeIgniter.php(354): CodeIgniter\CodeIgniter->handleRequest(null, Object(Config\Cache), false)
 4 SYSTEMPATH\Boot.php(363): CodeIgniter\CodeIgniter->run()
 5 SYSTEMPATH\Boot.php(68): CodeIgniter\Boot::runCodeIgniter(Object(CodeIgniter\CodeIgniter))
 6 FCPATH\index.php(59): CodeIgniter\Boot::bootWeb(Object(Config\Paths))
WARNING - 2026-02-25 16:45:37 --> [DEPRECATED] Creation of dynamic property App\Controllers\ApplicationController::$complianceModel is deprecated in APPPATH\Controllers\ApplicationController.php on line 44.
 1 SYSTEMPATH\CodeIgniter.php(903): App\Controllers\ApplicationController->__construct()
 2 SYSTEMPATH\CodeIgniter.php(498): CodeIgniter\CodeIgniter->createController()
 3 SYSTEMPATH\CodeIgniter.php(354): CodeIgniter\CodeIgniter->handleRequest(null, Object(Config\Cache), false)
 4 SYSTEMPATH\Boot.php(363): CodeIgniter\CodeIgniter->run()
 5 SYSTEMPATH\Boot.php(68): CodeIgniter\Boot::runCodeIgniter(Object(CodeIgniter\CodeIgniter))
 6 FCPATH\index.php(59): CodeIgniter\Boot::bootWeb(Object(Config\Paths))
WARNING - 2026-02-25 16:45:37 --> [DEPRECATED] Creation of dynamic property App\Controllers\ApplicationController::$dependenciesModel is deprecated in APPPATH\Controllers\ApplicationController.php on line 45.
 1 SYSTEMPATH\CodeIgniter.php(903): App\Controllers\ApplicationController->__construct()
 2 SYSTEMPATH\CodeIgniter.php(498): CodeIgniter\CodeIgniter->createController()
 3 SYSTEMPATH\CodeIgniter.php(354): CodeIgniter\CodeIgniter->handleRequest(null, Object(Config\Cache), false)
 4 SYSTEMPATH\Boot.php(363): CodeIgniter\CodeIgniter->run()
 5 SYSTEMPATH\Boot.php(68): CodeIgniter\Boot::runCodeIgniter(Object(CodeIgniter\CodeIgniter))
 6 FCPATH\index.php(59): CodeIgniter\Boot::bootWeb(Object(Config\Paths))
WARNING - 2026-02-25 16:45:37 --> [DEPRECATED] Creation of dynamic property App\Controllers\ApplicationController::$vendorsModel is deprecated in APPPATH\Controllers\ApplicationController.php on line 46.
 1 SYSTEMPATH\CodeIgniter.php(903): App\Controllers\ApplicationController->__construct()
 2 SYSTEMPATH\CodeIgniter.php(498): CodeIgniter\CodeIgniter->createController()
 3 SYSTEMPATH\CodeIgniter.php(354): CodeIgniter\CodeIgniter->handleRequest(null, Object(Config\Cache), false)
 4 SYSTEMPATH\Boot.php(363): CodeIgniter\CodeIgniter->run()
 5 SYSTEMPATH\Boot.php(68): CodeIgniter\Boot::runCodeIgniter(Object(CodeIgniter\CodeIgniter))
 6 FCPATH\index.php(59): CodeIgniter\Boot::bootWeb(Object(Config\Paths))
WARNING - 2026-02-25 16:45:37 --> [DEPRECATED] Creation of dynamic property App\Controllers\ApplicationController::$batchModel is deprecated in APPPATH\Controllers\ApplicationController.php on line 47.
 1 SYSTEMPATH\CodeIgniter.php(903): App\Controllers\ApplicationController->__construct()
 2 SYSTEMPATH\CodeIgniter.php(498): CodeIgniter\CodeIgniter->createController()
 3 SYSTEMPATH\CodeIgniter.php(354): CodeIgniter\CodeIgniter->handleRequest(null, Object(Config\Cache), false)
 4 SYSTEMPATH\Boot.php(363): CodeIgniter\CodeIgniter->run()
 5 SYSTEMPATH\Boot.php(68): CodeIgniter\Boot::runCodeIgniter(Object(CodeIgniter\CodeIgniter))
 6 FCPATH\index.php(59): CodeIgniter\Boot::bootWeb(Object(Config\Paths))
WARNING - 2026-02-25 16:45:37 --> [DEPRECATED] Creation of dynamic property App\Controllers\ApplicationController::$licensingModel is deprecated in APPPATH\Controllers\ApplicationController.php on line 48.
 1 SYSTEMPATH\CodeIgniter.php(903): App\Controllers\ApplicationController->__construct()
 2 SYSTEMPATH\CodeIgniter.php(498): CodeIgniter\CodeIgniter->createController()
 3 SYSTEMPATH\CodeIgniter.php(354): CodeIgniter\CodeIgniter->handleRequest(null, Object(Config\Cache), false)
 4 SYSTEMPATH\Boot.php(363): CodeIgniter\CodeIgniter->run()
 5 SYSTEMPATH\Boot.php(68): CodeIgniter\Boot::runCodeIgniter(Object(CodeIgniter\CodeIgniter))
 6 FCPATH\index.php(59): CodeIgniter\Boot::bootWeb(Object(Config\Paths))
WARNING - 2026-02-25 16:45:37 --> [DEPRECATED] Creation of dynamic property App\Controllers\ApplicationController::$metricsModel is deprecated in APPPATH\Controllers\ApplicationController.php on line 49.
 1 SYSTEMPATH\CodeIgniter.php(903): App\Controllers\ApplicationController->__construct()
 2 SYSTEMPATH\CodeIgniter.php(498): CodeIgniter\CodeIgniter->createController()
 3 SYSTEMPATH\CodeIgniter.php(354): CodeIgniter\CodeIgniter->handleRequest(null, Object(Config\Cache), false)
 4 SYSTEMPATH\Boot.php(363): CodeIgniter\CodeIgniter->run()
 5 SYSTEMPATH\Boot.php(68): CodeIgniter\Boot::runCodeIgniter(Object(CodeIgniter\CodeIgniter))
 6 FCPATH\index.php(59): CodeIgniter\Boot::bootWeb(Object(Config\Paths))
WARNING - 2026-02-25 16:45:37 --> [DEPRECATED] Creation of dynamic property App\Controllers\ApplicationController::$techModel is deprecated in APPPATH\Controllers\ApplicationController.php on line 50.
 1 SYSTEMPATH\CodeIgniter.php(903): App\Controllers\ApplicationController->__construct()
 2 SYSTEMPATH\CodeIgniter.php(498): CodeIgniter\CodeIgniter->createController()
 3 SYSTEMPATH\CodeIgniter.php(354): CodeIgniter\CodeIgniter->handleRequest(null, Object(Config\Cache), false)
 4 SYSTEMPATH\Boot.php(363): CodeIgniter\CodeIgniter->run()
 5 SYSTEMPATH\Boot.php(68): CodeIgniter\Boot::runCodeIgniter(Object(CodeIgniter\CodeIgniter))
 6 FCPATH\index.php(59): CodeIgniter\Boot::bootWeb(Object(Config\Paths))
DEBUG - 2026-02-25 16:45:38 --> Session: Class initialized using 'CodeIgniter\Session\Handlers\FileHandler' driver.
CRITICAL - 2026-02-25 16:45:38 --> ErrorException: Trying to access array offset on value of type null
[Method: GET, Route: /]
in SYSTEMPATH\Debug\Toolbar.php on line 217.
 1 SYSTEMPATH\Debug\Toolbar.php(217): CodeIgniter\Debug\Exceptions->errorHandler(2, 'Trying to access array offset on value of type null', 'C:\\xampp\\htdocs\\IM\\system\\Debug\\Toolbar.php', 217)
 2 SYSTEMPATH\Debug\Toolbar.php(200): CodeIgniter\Debug\Toolbar->renderTimelineRecursive([...], 1772009137.281901, 7, 120, [], 0)
 3 SYSTEMPATH\Debug\Toolbar\Views\toolbar.tpl.php(105): CodeIgniter\Debug\Toolbar->renderTimeline([...], 1772009137.281901, 7, 120, [])
 4 SYSTEMPATH\Debug\Toolbar.php(533): include('C:\\xampp\\htdocs\\IM\\system\\Debug\\Toolbar\\Views\\toolbar.tpl.php')
 5 SYSTEMPATH\Debug\Toolbar.php(496): CodeIgniter\Debug\Toolbar->format([...], 'html')
 6 APPPATH\Config\Events.php(47): CodeIgniter\Debug\Toolbar->respond()
 7 SYSTEMPATH\Events\Events.php(152): CodeIgniter\Events\Events::Config\{closure}()
 8 SYSTEMPATH\CodeIgniter.php(339): CodeIgniter\Events\Events::trigger('pre_system')
 9 SYSTEMPATH\Boot.php(363): CodeIgniter\CodeIgniter->run()
10 SYSTEMPATH\Boot.php(68): CodeIgniter\Boot::runCodeIgniter(Object(CodeIgniter\CodeIgniter))
11 FCPATH\index.php(59): CodeIgniter\Boot::bootWeb(Object(Config\Paths))
WARNING - 2026-02-25 16:45:40 --> [DEPRECATED] Creation of dynamic property App\Controllers\ApplicationController::$contactsModel is deprecated in APPPATH\Controllers\ApplicationController.php on line 41.
 1 SYSTEMPATH\CodeIgniter.php(903): App\Controllers\ApplicationController->__construct()
 2 SYSTEMPATH\CodeIgniter.php(498): CodeIgniter\CodeIgniter->createController()
 3 SYSTEMPATH\CodeIgniter.php(354): CodeIgniter\CodeIgniter->handleRequest(null, Object(Config\Cache), false)
 4 SYSTEMPATH\Boot.php(363): CodeIgniter\CodeIgniter->run()
 5 SYSTEMPATH\Boot.php(68): CodeIgniter\Boot::runCodeIgniter(Object(CodeIgniter\CodeIgniter))
 6 FCPATH\index.php(59): CodeIgniter\Boot::bootWeb(Object(Config\Paths))
WARNING - 2026-02-25 16:45:40 --> [DEPRECATED] Creation of dynamic property App\Controllers\ApplicationController::$environmentsModel is deprecated in APPPATH\Controllers\ApplicationController.php on line 42.
 1 SYSTEMPATH\CodeIgniter.php(903): App\Controllers\ApplicationController->__construct()
 2 SYSTEMPATH\CodeIgniter.php(498): CodeIgniter\CodeIgniter->createController()
 3 SYSTEMPATH\CodeIgniter.php(354): CodeIgniter\CodeIgniter->handleRequest(null, Object(Config\Cache), false)
 4 SYSTEMPATH\Boot.php(363): CodeIgniter\CodeIgniter->run()
 5 SYSTEMPATH\Boot.php(68): CodeIgniter\Boot::runCodeIgniter(Object(CodeIgniter\CodeIgniter))
 6 FCPATH\index.php(59): CodeIgniter\Boot::bootWeb(Object(Config\Paths))
WARNING - 2026-02-25 16:45:40 --> [DEPRECATED] Creation of dynamic property App\Controllers\ApplicationController::$infrastructureModel is deprecated in APPPATH\Controllers\ApplicationController.php on line 43.
 1 SYSTEMPATH\CodeIgniter.php(903): App\Controllers\ApplicationController->__construct()
 2 SYSTEMPATH\CodeIgniter.php(498): CodeIgniter\CodeIgniter->createController()
 3 SYSTEMPATH\CodeIgniter.php(354): CodeIgniter\CodeIgniter->handleRequest(null, Object(Config\Cache), false)
 4 SYSTEMPATH\Boot.php(363): CodeIgniter\CodeIgniter->run()
 5 SYSTEMPATH\Boot.php(68): CodeIgniter\Boot::runCodeIgniter(Object(CodeIgniter\CodeIgniter))
 6 FCPATH\index.php(59): CodeIgniter\Boot::bootWeb(Object(Config\Paths))
WARNING - 2026-02-25 16:45:40 --> [DEPRECATED] Creation of dynamic property App\Controllers\ApplicationController::$complianceModel is deprecated in APPPATH\Controllers\ApplicationController.php on line 44.
 1 SYSTEMPATH\CodeIgniter.php(903): App\Controllers\ApplicationController->__construct()
 2 SYSTEMPATH\CodeIgniter.php(498): CodeIgniter\CodeIgniter->createController()
 3 SYSTEMPATH\CodeIgniter.php(354): CodeIgniter\CodeIgniter->handleRequest(null, Object(Config\Cache), false)
 4 SYSTEMPATH\Boot.php(363): CodeIgniter\CodeIgniter->run()
 5 SYSTEMPATH\Boot.php(68): CodeIgniter\Boot::runCodeIgniter(Object(CodeIgniter\CodeIgniter))
 6 FCPATH\index.php(59): CodeIgniter\Boot::bootWeb(Object(Config\Paths))
WARNING - 2026-02-25 16:45:40 --> [DEPRECATED] Creation of dynamic property App\Controllers\ApplicationController::$dependenciesModel is deprecated in APPPATH\Controllers\ApplicationController.php on line 45.
 1 SYSTEMPATH\CodeIgniter.php(903): App\Controllers\ApplicationController->__construct()
 2 SYSTEMPATH\CodeIgniter.php(498): CodeIgniter\CodeIgniter->createController()
 3 SYSTEMPATH\CodeIgniter.php(354): CodeIgniter\CodeIgniter->handleRequest(null, Object(Config\Cache), false)
 4 SYSTEMPATH\Boot.php(363): CodeIgniter\CodeIgniter->run()
 5 SYSTEMPATH\Boot.php(68): CodeIgniter\Boot::runCodeIgniter(Object(CodeIgniter\CodeIgniter))
 6 FCPATH\index.php(59): CodeIgniter\Boot::bootWeb(Object(Config\Paths))
WARNING - 2026-02-25 16:45:40 --> [DEPRECATED] Creation of dynamic property App\Controllers\ApplicationController::$vendorsModel is deprecated in APPPATH\Controllers\ApplicationController.php on line 46.
 1 SYSTEMPATH\CodeIgniter.php(903): App\Controllers\ApplicationController->__construct()
 2 SYSTEMPATH\CodeIgniter.php(498): CodeIgniter\CodeIgniter->createController()
 3 SYSTEMPATH\CodeIgniter.php(354): CodeIgniter\CodeIgniter->handleRequest(null, Object(Config\Cache), false)
 4 SYSTEMPATH\Boot.php(363): CodeIgniter\CodeIgniter->run()
 5 SYSTEMPATH\Boot.php(68): CodeIgniter\Boot::runCodeIgniter(Object(CodeIgniter\CodeIgniter))
 6 FCPATH\index.php(59): CodeIgniter\Boot::bootWeb(Object(Config\Paths))
WARNING - 2026-02-25 16:45:40 --> [DEPRECATED] Creation of dynamic property App\Controllers\ApplicationController::$batchModel is deprecated in APPPATH\Controllers\ApplicationController.php on line 47.
 1 SYSTEMPATH\CodeIgniter.php(903): App\Controllers\ApplicationController->__construct()
 2 SYSTEMPATH\CodeIgniter.php(498): CodeIgniter\CodeIgniter->createController()
 3 SYSTEMPATH\CodeIgniter.php(354): CodeIgniter\CodeIgniter->handleRequest(null, Object(Config\Cache), false)
 4 SYSTEMPATH\Boot.php(363): CodeIgniter\CodeIgniter->run()
 5 SYSTEMPATH\Boot.php(68): CodeIgniter\Boot::runCodeIgniter(Object(CodeIgniter\CodeIgniter))
 6 FCPATH\index.php(59): CodeIgniter\Boot::bootWeb(Object(Config\Paths))
WARNING - 2026-02-25 16:45:40 --> [DEPRECATED] Creation of dynamic property App\Controllers\ApplicationController::$licensingModel is deprecated in APPPATH\Controllers\ApplicationController.php on line 48.
 1 SYSTEMPATH\CodeIgniter.php(903): App\Controllers\ApplicationController->__construct()
 2 SYSTEMPATH\CodeIgniter.php(498): CodeIgniter\CodeIgniter->createController()
 3 SYSTEMPATH\CodeIgniter.php(354): CodeIgniter\CodeIgniter->handleRequest(null, Object(Config\Cache), false)
 4 SYSTEMPATH\Boot.php(363): CodeIgniter\CodeIgniter->run()
 5 SYSTEMPATH\Boot.php(68): CodeIgniter\Boot::runCodeIgniter(Object(CodeIgniter\CodeIgniter))
 6 FCPATH\index.php(59): CodeIgniter\Boot::bootWeb(Object(Config\Paths))
WARNING - 2026-02-25 16:45:40 --> [DEPRECATED] Creation of dynamic property App\Controllers\ApplicationController::$metricsModel is deprecated in APPPATH\Controllers\ApplicationController.php on line 49.
 1 SYSTEMPATH\CodeIgniter.php(903): App\Controllers\ApplicationController->__construct()
 2 SYSTEMPATH\CodeIgniter.php(498): CodeIgniter\CodeIgniter->createController()
 3 SYSTEMPATH\CodeIgniter.php(354): CodeIgniter\CodeIgniter->handleRequest(null, Object(Config\Cache), false)
 4 SYSTEMPATH\Boot.php(363): CodeIgniter\CodeIgniter->run()
 5 SYSTEMPATH\Boot.php(68): CodeIgniter\Boot::runCodeIgniter(Object(CodeIgniter\CodeIgniter))
 6 FCPATH\index.php(59): CodeIgniter\Boot::bootWeb(Object(Config\Paths))
WARNING - 2026-02-25 16:45:40 --> [DEPRECATED] Creation of dynamic property App\Controllers\ApplicationController::$techModel is deprecated in APPPATH\Controllers\ApplicationController.php on line 50.
 1 SYSTEMPATH\CodeIgniter.php(903): App\Controllers\ApplicationController->__construct()
 2 SYSTEMPATH\CodeIgniter.php(498): CodeIgniter\CodeIgniter->createController()
 3 SYSTEMPATH\CodeIgniter.php(354): CodeIgniter\CodeIgniter->handleRequest(null, Object(Config\Cache), false)
 4 SYSTEMPATH\Boot.php(363): CodeIgniter\CodeIgniter->run()
 5 SYSTEMPATH\Boot.php(68): CodeIgniter\Boot::runCodeIgniter(Object(CodeIgniter\CodeIgniter))
 6 FCPATH\index.php(59): CodeIgniter\Boot::bootWeb(Object(Config\Paths))
DEBUG - 2026-02-25 16:45:40 --> Session: Class initialized using 'CodeIgniter\Session\Handlers\FileHandler' driver.
CRITICAL - 2026-02-25 16:45:41 --> ErrorException: Trying to access array offset on value of type null
[Method: GET, Route: /]
in SYSTEMPATH\Debug\Toolbar.php on line 217.
 1 SYSTEMPATH\Debug\Toolbar.php(217): CodeIgniter\Debug\Exceptions->errorHandler(2, 'Trying to access array offset on value of type null', 'C:\\xampp\\htdocs\\IM\\system\\Debug\\Toolbar.php', 217)
 2 SYSTEMPATH\Debug\Toolbar.php(200): CodeIgniter\Debug\Toolbar->renderTimelineRecursive([...], 1772009140.668485, 7, 90, [], 0)
 3 SYSTEMPATH\Debug\Toolbar\Views\toolbar.tpl.php(105): CodeIgniter\Debug\Toolbar->renderTimeline([...], 1772009140.668485, 7, 90, [])
 4 SYSTEMPATH\Debug\Toolbar.php(533): include('C:\\xampp\\htdocs\\IM\\system\\Debug\\Toolbar\\Views\\toolbar.tpl.php')
 5 SYSTEMPATH\Debug\Toolbar.php(496): CodeIgniter\Debug\Toolbar->format([...], 'html')
 6 APPPATH\Config\Events.php(47): CodeIgniter\Debug\Toolbar->respond()
 7 SYSTEMPATH\Events\Events.php(152): CodeIgniter\Events\Events::Config\{closure}()
 8 SYSTEMPATH\CodeIgniter.php(339): CodeIgniter\Events\Events::trigger('pre_system')
 9 SYSTEMPATH\Boot.php(363): CodeIgniter\CodeIgniter->run()
10 SYSTEMPATH\Boot.php(68): CodeIgniter\Boot::runCodeIgniter(Object(CodeIgniter\CodeIgniter))
11 FCPATH\index.php(59): CodeIgniter\Boot::bootWeb(Object(Config\Paths))
DEBUG - 2026-02-25 16:46:18 --> Session: Class initialized using 'CodeIgniter\Session\Handlers\FileHandler' driver.
CRITICAL - 2026-02-25 16:46:18 --> ErrorException: Trying to access array offset on value of type null
[Method: GET, Route: /]
in SYSTEMPATH\Debug\Toolbar.php on line 217.
 1 SYSTEMPATH\Debug\Toolbar.php(217): CodeIgniter\Debug\Exceptions->errorHandler(2, 'Trying to access array offset on value of type null', 'C:\\xampp\\htdocs\\IM\\system\\Debug\\Toolbar.php', 217)
 2 SYSTEMPATH\Debug\Toolbar.php(200): CodeIgniter\Debug\Toolbar->renderTimelineRecursive([...], 1772009178.413923, 6, 15, [], 0)
 3 SYSTEMPATH\Debug\Toolbar\Views\toolbar.tpl.php(105): CodeIgniter\Debug\Toolbar->renderTimeline([...], 1772009178.413923, 6, 15, [])
 4 SYSTEMPATH\Debug\Toolbar.php(533): include('C:\\xampp\\htdocs\\IM\\system\\Debug\\Toolbar\\Views\\toolbar.tpl.php')
 5 SYSTEMPATH\Debug\Toolbar.php(496): CodeIgniter\Debug\Toolbar->format([...], 'html')
 6 APPPATH\Config\Events.php(47): CodeIgniter\Debug\Toolbar->respond()
 7 SYSTEMPATH\Events\Events.php(152): CodeIgniter\Events\Events::Config\{closure}()
 8 SYSTEMPATH\CodeIgniter.php(339): CodeIgniter\Events\Events::trigger('pre_system')
 9 SYSTEMPATH\Boot.php(363): CodeIgniter\CodeIgniter->run()
10 SYSTEMPATH\Boot.php(68): CodeIgniter\Boot::runCodeIgniter(Object(CodeIgniter\CodeIgniter))
11 FCPATH\index.php(59): CodeIgniter\Boot::bootWeb(Object(Config\Paths))
DEBUG - 2026-02-25 16:46:20 --> Session: Class initialized using 'CodeIgniter\Session\Handlers\FileHandler' driver.
CRITICAL - 2026-02-25 16:46:21 --> ErrorException: Trying to access array offset on value of type null
[Method: GET, Route: /]
in SYSTEMPATH\Debug\Toolbar.php on line 217.
 1 SYSTEMPATH\Debug\Toolbar.php(217): CodeIgniter\Debug\Exceptions->errorHandler(2, 'Trying to access array offset on value of type null', 'C:\\xampp\\htdocs\\IM\\system\\Debug\\Toolbar.php', 217)
 2 SYSTEMPATH\Debug\Toolbar.php(200): CodeIgniter\Debug\Toolbar->renderTimelineRecursive([...], 1772009180.92988, 7, 35, [], 0)
 3 SYSTEMPATH\Debug\Toolbar\Views\toolbar.tpl.php(105): CodeIgniter\Debug\Toolbar->renderTimeline([...], 1772009180.92988, 7, 35, [])
 4 SYSTEMPATH\Debug\Toolbar.php(533): include('C:\\xampp\\htdocs\\IM\\system\\Debug\\Toolbar\\Views\\toolbar.tpl.php')
 5 SYSTEMPATH\Debug\Toolbar.php(496): CodeIgniter\Debug\Toolbar->format([...], 'html')
 6 APPPATH\Config\Events.php(47): CodeIgniter\Debug\Toolbar->respond()
 7 SYSTEMPATH\Events\Events.php(152): CodeIgniter\Events\Events::Config\{closure}()
 8 SYSTEMPATH\CodeIgniter.php(339): CodeIgniter\Events\Events::trigger('pre_system')
 9 SYSTEMPATH\Boot.php(363): CodeIgniter\CodeIgniter->run()
10 SYSTEMPATH\Boot.php(68): CodeIgniter\Boot::runCodeIgniter(Object(CodeIgniter\CodeIgniter))
11 FCPATH\index.php(59): CodeIgniter\Boot::bootWeb(Object(Config\Paths))
DEBUG - 2026-02-25 16:46:29 --> Session: Class initialized using 'CodeIgniter\Session\Handlers\FileHandler' driver.
CRITICAL - 2026-02-25 16:46:29 --> ErrorException: Trying to access array offset on value of type null
[Method: GET, Route: /]
in SYSTEMPATH\Debug\Toolbar.php on line 217.
 1 SYSTEMPATH\Debug\Toolbar.php(217): CodeIgniter\Debug\Exceptions->errorHandler(2, 'Trying to access array offset on value of type null', 'C:\\xampp\\htdocs\\IM\\system\\Debug\\Toolbar.php', 217)
 2 SYSTEMPATH\Debug\Toolbar.php(200): CodeIgniter\Debug\Toolbar->renderTimelineRecursive([...], 1772009189.331018, 5, 15, [], 0)
 3 SYSTEMPATH\Debug\Toolbar\Views\toolbar.tpl.php(105): CodeIgniter\Debug\Toolbar->renderTimeline([...], 1772009189.331018, 5, 15, [])
 4 SYSTEMPATH\Debug\Toolbar.php(533): include('C:\\xampp\\htdocs\\IM\\system\\Debug\\Toolbar\\Views\\toolbar.tpl.php')
 5 SYSTEMPATH\Debug\Toolbar.php(496): CodeIgniter\Debug\Toolbar->format([...], 'html')
 6 APPPATH\Config\Events.php(47): CodeIgniter\Debug\Toolbar->respond()
 7 SYSTEMPATH\Events\Events.php(152): CodeIgniter\Events\Events::Config\{closure}()
 8 SYSTEMPATH\CodeIgniter.php(339): CodeIgniter\Events\Events::trigger('pre_system')
 9 SYSTEMPATH\Boot.php(363): CodeIgniter\CodeIgniter->run()
10 SYSTEMPATH\Boot.php(68): CodeIgniter\Boot::runCodeIgniter(Object(CodeIgniter\CodeIgniter))
11 FCPATH\index.php(59): CodeIgniter\Boot::bootWeb(Object(Config\Paths))
DEBUG - 2026-02-25 16:46:30 --> Session: Class initialized using 'CodeIgniter\Session\Handlers\FileHandler' driver.
CRITICAL - 2026-02-25 16:46:32 --> ErrorException: Trying to access array offset on value of type null
[Method: GET, Route: /]
in SYSTEMPATH\Debug\Toolbar.php on line 217.
 1 SYSTEMPATH\Debug\Toolbar.php(217): CodeIgniter\Debug\Exceptions->errorHandler(2, 'Trying to access array offset on value of type null', 'C:\\xampp\\htdocs\\IM\\system\\Debug\\Toolbar.php', 217)
 2 SYSTEMPATH\Debug\Toolbar.php(200): CodeIgniter\Debug\Toolbar->renderTimelineRecursive([...], 1772009190.93343, 7, 145, [], 0)
 3 SYSTEMPATH\Debug\Toolbar\Views\toolbar.tpl.php(105): CodeIgniter\Debug\Toolbar->renderTimeline([...], 1772009190.93343, 7, 145, [])
 4 SYSTEMPATH\Debug\Toolbar.php(533): include('C:\\xampp\\htdocs\\IM\\system\\Debug\\Toolbar\\Views\\toolbar.tpl.php')
 5 SYSTEMPATH\Debug\Toolbar.php(496): CodeIgniter\Debug\Toolbar->format([...], 'html')
 6 APPPATH\Config\Events.php(47): CodeIgniter\Debug\Toolbar->respond()
 7 SYSTEMPATH\Events\Events.php(152): CodeIgniter\Events\Events::Config\{closure}()
 8 SYSTEMPATH\CodeIgniter.php(339): CodeIgniter\Events\Events::trigger('pre_system')
 9 SYSTEMPATH\Boot.php(363): CodeIgniter\CodeIgniter->run()
10 SYSTEMPATH\Boot.php(68): CodeIgniter\Boot::runCodeIgniter(Object(CodeIgniter\CodeIgniter))
11 FCPATH\index.php(59): CodeIgniter\Boot::bootWeb(Object(Config\Paths))
DEBUG - 2026-02-25 16:46:41 --> Session: Class initialized using 'CodeIgniter\Session\Handlers\FileHandler' driver.
CRITICAL - 2026-02-25 16:46:41 --> ErrorException: Trying to access array offset on value of type null
[Method: GET, Route: /]
in SYSTEMPATH\Debug\Toolbar.php on line 217.
 1 SYSTEMPATH\Debug\Toolbar.php(217): CodeIgniter\Debug\Exceptions->errorHandler(2, 'Trying to access array offset on value of type null', 'C:\\xampp\\htdocs\\IM\\system\\Debug\\Toolbar.php', 217)
 2 SYSTEMPATH\Debug\Toolbar.php(200): CodeIgniter\Debug\Toolbar->renderTimelineRecursive([...], 1772009201.312605, 6, 15, [], 0)
 3 SYSTEMPATH\Debug\Toolbar\Views\toolbar.tpl.php(105): CodeIgniter\Debug\Toolbar->renderTimeline([...], 1772009201.312605, 6, 15, [])
 4 SYSTEMPATH\Debug\Toolbar.php(533): include('C:\\xampp\\htdocs\\IM\\system\\Debug\\Toolbar\\Views\\toolbar.tpl.php')
 5 SYSTEMPATH\Debug\Toolbar.php(496): CodeIgniter\Debug\Toolbar->format([...], 'html')
 6 APPPATH\Config\Events.php(47): CodeIgniter\Debug\Toolbar->respond()
 7 SYSTEMPATH\Events\Events.php(152): CodeIgniter\Events\Events::Config\{closure}()
 8 SYSTEMPATH\CodeIgniter.php(339): CodeIgniter\Events\Events::trigger('pre_system')
 9 SYSTEMPATH\Boot.php(363): CodeIgniter\CodeIgniter->run()
10 SYSTEMPATH\Boot.php(68): CodeIgniter\Boot::runCodeIgniter(Object(CodeIgniter\CodeIgniter))
11 FCPATH\index.php(59): CodeIgniter\Boot::bootWeb(Object(Config\Paths))
DEBUG - 2026-02-25 16:46:45 --> Session: Class initialized using 'CodeIgniter\Session\Handlers\FileHandler' driver.
CRITICAL - 2026-02-25 16:46:46 --> ErrorException: Trying to access array offset on value of type null
[Method: GET, Route: /]
in SYSTEMPATH\Debug\Toolbar.php on line 217.
 1 SYSTEMPATH\Debug\Toolbar.php(217): CodeIgniter\Debug\Exceptions->errorHandler(2, 'Trying to access array offset on value of type null', 'C:\\xampp\\htdocs\\IM\\system\\Debug\\Toolbar.php', 217)
 2 SYSTEMPATH\Debug\Toolbar.php(200): CodeIgniter\Debug\Toolbar->renderTimelineRecursive([...], 1772009205.152492, 6, 20, [], 0)
 3 SYSTEMPATH\Debug\Toolbar\Views\toolbar.tpl.php(105): CodeIgniter\Debug\Toolbar->renderTimeline([...], 1772009205.152492, 6, 20, [])
 4 SYSTEMPATH\Debug\Toolbar.php(533): include('C:\\xampp\\htdocs\\IM\\system\\Debug\\Toolbar\\Views\\toolbar.tpl.php')
 5 SYSTEMPATH\Debug\Toolbar.php(496): CodeIgniter\Debug\Toolbar->format([...], 'html')
 6 APPPATH\Config\Events.php(47): CodeIgniter\Debug\Toolbar->respond()
 7 SYSTEMPATH\Events\Events.php(152): CodeIgniter\Events\Events::Config\{closure}()
 8 SYSTEMPATH\CodeIgniter.php(339): CodeIgniter\Events\Events::trigger('pre_system')
 9 SYSTEMPATH\Boot.php(363): CodeIgniter\CodeIgniter->run()
10 SYSTEMPATH\Boot.php(68): CodeIgniter\Boot::runCodeIgniter(Object(CodeIgniter\CodeIgniter))
11 FCPATH\index.php(59): CodeIgniter\Boot::bootWeb(Object(Config\Paths))
DEBUG - 2026-02-25 16:47:00 --> Session: Class initialized using 'CodeIgniter\Session\Handlers\FileHandler' driver.
CRITICAL - 2026-02-25 16:47:00 --> ErrorException: Trying to access array offset on value of type null
[Method: GET, Route: /]
in SYSTEMPATH\Debug\Toolbar.php on line 217.
 1 SYSTEMPATH\Debug\Toolbar.php(217): CodeIgniter\Debug\Exceptions->errorHandler(2, 'Trying to access array offset on value of type null', 'C:\\xampp\\htdocs\\IM\\system\\Debug\\Toolbar.php', 217)
 2 SYSTEMPATH\Debug\Toolbar.php(200): CodeIgniter\Debug\Toolbar->renderTimelineRecursive([...], 1772009220.032017, 6, 30, [], 0)
 3 SYSTEMPATH\Debug\Toolbar\Views\toolbar.tpl.php(105): CodeIgniter\Debug\Toolbar->renderTimeline([...], 1772009220.032017, 6, 30, [])
 4 SYSTEMPATH\Debug\Toolbar.php(533): include('C:\\xampp\\htdocs\\IM\\system\\Debug\\Toolbar\\Views\\toolbar.tpl.php')
 5 SYSTEMPATH\Debug\Toolbar.php(496): CodeIgniter\Debug\Toolbar->format([...], 'html')
 6 APPPATH\Config\Events.php(47): CodeIgniter\Debug\Toolbar->respond()
 7 SYSTEMPATH\Events\Events.php(152): CodeIgniter\Events\Events::Config\{closure}()
 8 SYSTEMPATH\CodeIgniter.php(339): CodeIgniter\Events\Events::trigger('pre_system')
 9 SYSTEMPATH\Boot.php(363): CodeIgniter\CodeIgniter->run()
10 SYSTEMPATH\Boot.php(68): CodeIgniter\Boot::runCodeIgniter(Object(CodeIgniter\CodeIgniter))
11 FCPATH\index.php(59): CodeIgniter\Boot::bootWeb(Object(Config\Paths))
DEBUG - 2026-02-25 16:47:04 --> Session: Class initialized using 'CodeIgniter\Session\Handlers\FileHandler' driver.
CRITICAL - 2026-02-25 16:47:04 --> ErrorException: Trying to access array offset on value of type null
[Method: GET, Route: /]
in SYSTEMPATH\Debug\Toolbar.php on line 217.
 1 SYSTEMPATH\Debug\Toolbar.php(217): CodeIgniter\Debug\Exceptions->errorHandler(2, 'Trying to access array offset on value of type null', 'C:\\xampp\\htdocs\\IM\\system\\Debug\\Toolbar.php', 217)
 2 SYSTEMPATH\Debug\Toolbar.php(200): CodeIgniter\Debug\Toolbar->renderTimelineRecursive([...], 1772009224.384057, 7, 10, [], 0)
 3 SYSTEMPATH\Debug\Toolbar\Views\toolbar.tpl.php(105): CodeIgniter\Debug\Toolbar->renderTimeline([...], 1772009224.384057, 7, 10, [])
 4 SYSTEMPATH\Debug\Toolbar.php(533): include('C:\\xampp\\htdocs\\IM\\system\\Debug\\Toolbar\\Views\\toolbar.tpl.php')
 5 SYSTEMPATH\Debug\Toolbar.php(496): CodeIgniter\Debug\Toolbar->format([...], 'html')
 6 APPPATH\Config\Events.php(47): CodeIgniter\Debug\Toolbar->respond()
 7 SYSTEMPATH\Events\Events.php(152): CodeIgniter\Events\Events::Config\{closure}()
 8 SYSTEMPATH\CodeIgniter.php(339): CodeIgniter\Events\Events::trigger('pre_system')
 9 SYSTEMPATH\Boot.php(363): CodeIgniter\CodeIgniter->run()
10 SYSTEMPATH\Boot.php(68): CodeIgniter\Boot::runCodeIgniter(Object(CodeIgniter\CodeIgniter))
11 FCPATH\index.php(59): CodeIgniter\Boot::bootWeb(Object(Config\Paths))
DEBUG - 2026-02-25 16:47:07 --> Session: Class initialized using 'CodeIgniter\Session\Handlers\FileHandler' driver.
CRITICAL - 2026-02-25 16:47:08 --> ErrorException: Trying to access array offset on value of type null
[Method: GET, Route: /]
in SYSTEMPATH\Debug\Toolbar.php on line 217.
 1 SYSTEMPATH\Debug\Toolbar.php(217): CodeIgniter\Debug\Exceptions->errorHandler(2, 'Trying to access array offset on value of type null', 'C:\\xampp\\htdocs\\IM\\system\\Debug\\Toolbar.php', 217)
 2 SYSTEMPATH\Debug\Toolbar.php(200): CodeIgniter\Debug\Toolbar->renderTimelineRecursive([...], 1772009227.7084, 7, 25, [], 0)
 3 SYSTEMPATH\Debug\Toolbar\Views\toolbar.tpl.php(105): CodeIgniter\Debug\Toolbar->renderTimeline([...], 1772009227.7084, 7, 25, [])
 4 SYSTEMPATH\Debug\Toolbar.php(533): include('C:\\xampp\\htdocs\\IM\\system\\Debug\\Toolbar\\Views\\toolbar.tpl.php')
 5 SYSTEMPATH\Debug\Toolbar.php(496): CodeIgniter\Debug\Toolbar->format([...], 'html')
 6 APPPATH\Config\Events.php(47): CodeIgniter\Debug\Toolbar->respond()
 7 SYSTEMPATH\Events\Events.php(152): CodeIgniter\Events\Events::Config\{closure}()
 8 SYSTEMPATH\CodeIgniter.php(339): CodeIgniter\Events\Events::trigger('pre_system')
 9 SYSTEMPATH\Boot.php(363): CodeIgniter\CodeIgniter->run()
10 SYSTEMPATH\Boot.php(68): CodeIgniter\Boot::runCodeIgniter(Object(CodeIgniter\CodeIgniter))
11 FCPATH\index.php(59): CodeIgniter\Boot::bootWeb(Object(Config\Paths))
DEBUG - 2026-02-25 16:47:20 --> Session: Class initialized using 'CodeIgniter\Session\Handlers\FileHandler' driver.
CRITICAL - 2026-02-25 16:47:20 --> ErrorException: Trying to access array offset on value of type null
[Method: GET, Route: /]
in SYSTEMPATH\Debug\Toolbar.php on line 217.
 1 SYSTEMPATH\Debug\Toolbar.php(217): CodeIgniter\Debug\Exceptions->errorHandler(2, 'Trying to access array offset on value of type null', 'C:\\xampp\\htdocs\\IM\\system\\Debug\\Toolbar.php', 217)
 2 SYSTEMPATH\Debug\Toolbar.php(200): CodeIgniter\Debug\Toolbar->renderTimelineRecursive([...], 1772009240.155222, 6, 15, [], 0)
 3 SYSTEMPATH\Debug\Toolbar\Views\toolbar.tpl.php(105): CodeIgniter\Debug\Toolbar->renderTimeline([...], 1772009240.155222, 6, 15, [])
 4 SYSTEMPATH\Debug\Toolbar.php(533): include('C:\\xampp\\htdocs\\IM\\system\\Debug\\Toolbar\\Views\\toolbar.tpl.php')
 5 SYSTEMPATH\Debug\Toolbar.php(496): CodeIgniter\Debug\Toolbar->format([...], 'html')
 6 APPPATH\Config\Events.php(47): CodeIgniter\Debug\Toolbar->respond()
 7 SYSTEMPATH\Events\Events.php(152): CodeIgniter\Events\Events::Config\{closure}()
 8 SYSTEMPATH\CodeIgniter.php(339): CodeIgniter\Events\Events::trigger('pre_system')
 9 SYSTEMPATH\Boot.php(363): CodeIgniter\CodeIgniter->run()
10 SYSTEMPATH\Boot.php(68): CodeIgniter\Boot::runCodeIgniter(Object(CodeIgniter\CodeIgniter))
11 FCPATH\index.php(59): CodeIgniter\Boot::bootWeb(Object(Config\Paths))
DEBUG - 2026-02-25 16:47:23 --> Session: Class initialized using 'CodeIgniter\Session\Handlers\FileHandler' driver.
CRITICAL - 2026-02-25 16:47:24 --> ErrorException: Trying to access array offset on value of type null
[Method: GET, Route: /]
in SYSTEMPATH\Debug\Toolbar.php on line 217.
 1 SYSTEMPATH\Debug\Toolbar.php(217): CodeIgniter\Debug\Exceptions->errorHandler(2, 'Trying to access array offset on value of type null', 'C:\\xampp\\htdocs\\IM\\system\\Debug\\Toolbar.php', 217)
 2 SYSTEMPATH\Debug\Toolbar.php(200): CodeIgniter\Debug\Toolbar->renderTimelineRecursive([...], 1772009243.594784, 6, 15, [], 0)
 3 SYSTEMPATH\Debug\Toolbar\Views\toolbar.tpl.php(105): CodeIgniter\Debug\Toolbar->renderTimeline([...], 1772009243.594784, 6, 15, [])
 4 SYSTEMPATH\Debug\Toolbar.php(533): include('C:\\xampp\\htdocs\\IM\\system\\Debug\\Toolbar\\Views\\toolbar.tpl.php')
 5 SYSTEMPATH\Debug\Toolbar.php(496): CodeIgniter\Debug\Toolbar->format([...], 'html')
 6 APPPATH\Config\Events.php(47): CodeIgniter\Debug\Toolbar->respond()
 7 SYSTEMPATH\Events\Events.php(152): CodeIgniter\Events\Events::Config\{closure}()
 8 SYSTEMPATH\CodeIgniter.php(339): CodeIgniter\Events\Events::trigger('pre_system')
 9 SYSTEMPATH\Boot.php(363): CodeIgniter\CodeIgniter->run()
10 SYSTEMPATH\Boot.php(68): CodeIgniter\Boot::runCodeIgniter(Object(CodeIgniter\CodeIgniter))
11 FCPATH\index.php(59): CodeIgniter\Boot::bootWeb(Object(Config\Paths))
DEBUG - 2026-02-25 16:49:44 --> Session: Class initialized using 'CodeIgniter\Session\Handlers\FileHandler' driver.
CRITICAL - 2026-02-25 16:49:45 --> ErrorException: Trying to access array offset on value of type null
[Method: GET, Route: /]
in SYSTEMPATH\Debug\Toolbar.php on line 217.
 1 SYSTEMPATH\Debug\Toolbar.php(217): CodeIgniter\Debug\Exceptions->errorHandler(2, 'Trying to access array offset on value of type null', 'C:\\xampp\\htdocs\\IM\\system\\Debug\\Toolbar.php', 217)
 2 SYSTEMPATH\Debug\Toolbar.php(200): CodeIgniter\Debug\Toolbar->renderTimelineRecursive([...], 1772009384.574578, 7, 15, [], 0)
 3 SYSTEMPATH\Debug\Toolbar\Views\toolbar.tpl.php(105): CodeIgniter\Debug\Toolbar->renderTimeline([...], 1772009384.574578, 7, 15, [])
 4 SYSTEMPATH\Debug\Toolbar.php(533): include('C:\\xampp\\htdocs\\IM\\system\\Debug\\Toolbar\\Views\\toolbar.tpl.php')
 5 SYSTEMPATH\Debug\Toolbar.php(496): CodeIgniter\Debug\Toolbar->format([...], 'html')
 6 APPPATH\Config\Events.php(47): CodeIgniter\Debug\Toolbar->respond()
 7 SYSTEMPATH\Events\Events.php(152): CodeIgniter\Events\Events::Config\{closure}()
 8 SYSTEMPATH\CodeIgniter.php(339): CodeIgniter\Events\Events::trigger('pre_system')
 9 SYSTEMPATH\Boot.php(363): CodeIgniter\CodeIgniter->run()
10 SYSTEMPATH\Boot.php(68): CodeIgniter\Boot::runCodeIgniter(Object(CodeIgniter\CodeIgniter))
11 FCPATH\index.php(59): CodeIgniter\Boot::bootWeb(Object(Config\Paths))
WARNING - 2026-02-25 16:49:52 --> [DEPRECATED] Creation of dynamic property App\Controllers\ApplicationController::$contactsModel is deprecated in APPPATH\Controllers\ApplicationController.php on line 41.
 1 SYSTEMPATH\CodeIgniter.php(903): App\Controllers\ApplicationController->__construct()
 2 SYSTEMPATH\CodeIgniter.php(498): CodeIgniter\CodeIgniter->createController()
 3 SYSTEMPATH\CodeIgniter.php(354): CodeIgniter\CodeIgniter->handleRequest(null, Object(Config\Cache), false)
 4 SYSTEMPATH\Boot.php(363): CodeIgniter\CodeIgniter->run()
 5 SYSTEMPATH\Boot.php(68): CodeIgniter\Boot::runCodeIgniter(Object(CodeIgniter\CodeIgniter))
 6 FCPATH\index.php(59): CodeIgniter\Boot::bootWeb(Object(Config\Paths))
WARNING - 2026-02-25 16:49:52 --> [DEPRECATED] Creation of dynamic property App\Controllers\ApplicationController::$environmentsModel is deprecated in APPPATH\Controllers\ApplicationController.php on line 42.
 1 SYSTEMPATH\CodeIgniter.php(903): App\Controllers\ApplicationController->__construct()
 2 SYSTEMPATH\CodeIgniter.php(498): CodeIgniter\CodeIgniter->createController()
 3 SYSTEMPATH\CodeIgniter.php(354): CodeIgniter\CodeIgniter->handleRequest(null, Object(Config\Cache), false)
 4 SYSTEMPATH\Boot.php(363): CodeIgniter\CodeIgniter->run()
 5 SYSTEMPATH\Boot.php(68): CodeIgniter\Boot::runCodeIgniter(Object(CodeIgniter\CodeIgniter))
 6 FCPATH\index.php(59): CodeIgniter\Boot::bootWeb(Object(Config\Paths))
WARNING - 2026-02-25 16:49:52 --> [DEPRECATED] Creation of dynamic property App\Controllers\ApplicationController::$infrastructureModel is deprecated in APPPATH\Controllers\ApplicationController.php on line 43.
 1 SYSTEMPATH\CodeIgniter.php(903): App\Controllers\ApplicationController->__construct()
 2 SYSTEMPATH\CodeIgniter.php(498): CodeIgniter\CodeIgniter->createController()
 3 SYSTEMPATH\CodeIgniter.php(354): CodeIgniter\CodeIgniter->handleRequest(null, Object(Config\Cache), false)
 4 SYSTEMPATH\Boot.php(363): CodeIgniter\CodeIgniter->run()
 5 SYSTEMPATH\Boot.php(68): CodeIgniter\Boot::runCodeIgniter(Object(CodeIgniter\CodeIgniter))
 6 FCPATH\index.php(59): CodeIgniter\Boot::bootWeb(Object(Config\Paths))
WARNING - 2026-02-25 16:49:52 --> [DEPRECATED] Creation of dynamic property App\Controllers\ApplicationController::$complianceModel is deprecated in APPPATH\Controllers\ApplicationController.php on line 44.
 1 SYSTEMPATH\CodeIgniter.php(903): App\Controllers\ApplicationController->__construct()
 2 SYSTEMPATH\CodeIgniter.php(498): CodeIgniter\CodeIgniter->createController()
 3 SYSTEMPATH\CodeIgniter.php(354): CodeIgniter\CodeIgniter->handleRequest(null, Object(Config\Cache), false)
 4 SYSTEMPATH\Boot.php(363): CodeIgniter\CodeIgniter->run()
 5 SYSTEMPATH\Boot.php(68): CodeIgniter\Boot::runCodeIgniter(Object(CodeIgniter\CodeIgniter))
 6 FCPATH\index.php(59): CodeIgniter\Boot::bootWeb(Object(Config\Paths))
WARNING - 2026-02-25 16:49:52 --> [DEPRECATED] Creation of dynamic property App\Controllers\ApplicationController::$dependenciesModel is deprecated in APPPATH\Controllers\ApplicationController.php on line 45.
 1 SYSTEMPATH\CodeIgniter.php(903): App\Controllers\ApplicationController->__construct()
 2 SYSTEMPATH\CodeIgniter.php(498): CodeIgniter\CodeIgniter->createController()
 3 SYSTEMPATH\CodeIgniter.php(354): CodeIgniter\CodeIgniter->handleRequest(null, Object(Config\Cache), false)
 4 SYSTEMPATH\Boot.php(363): CodeIgniter\CodeIgniter->run()
 5 SYSTEMPATH\Boot.php(68): CodeIgniter\Boot::runCodeIgniter(Object(CodeIgniter\CodeIgniter))
 6 FCPATH\index.php(59): CodeIgniter\Boot::bootWeb(Object(Config\Paths))
WARNING - 2026-02-25 16:49:52 --> [DEPRECATED] Creation of dynamic property App\Controllers\ApplicationController::$vendorsModel is deprecated in APPPATH\Controllers\ApplicationController.php on line 46.
 1 SYSTEMPATH\CodeIgniter.php(903): App\Controllers\ApplicationController->__construct()
 2 SYSTEMPATH\CodeIgniter.php(498): CodeIgniter\CodeIgniter->createController()
 3 SYSTEMPATH\CodeIgniter.php(354): CodeIgniter\CodeIgniter->handleRequest(null, Object(Config\Cache), false)
 4 SYSTEMPATH\Boot.php(363): CodeIgniter\CodeIgniter->run()
 5 SYSTEMPATH\Boot.php(68): CodeIgniter\Boot::runCodeIgniter(Object(CodeIgniter\CodeIgniter))
 6 FCPATH\index.php(59): CodeIgniter\Boot::bootWeb(Object(Config\Paths))
WARNING - 2026-02-25 16:49:52 --> [DEPRECATED] Creation of dynamic property App\Controllers\ApplicationController::$batchModel is deprecated in APPPATH\Controllers\ApplicationController.php on line 47.
 1 SYSTEMPATH\CodeIgniter.php(903): App\Controllers\ApplicationController->__construct()
 2 SYSTEMPATH\CodeIgniter.php(498): CodeIgniter\CodeIgniter->createController()
 3 SYSTEMPATH\CodeIgniter.php(354): CodeIgniter\CodeIgniter->handleRequest(null, Object(Config\Cache), false)
 4 SYSTEMPATH\Boot.php(363): CodeIgniter\CodeIgniter->run()
 5 SYSTEMPATH\Boot.php(68): CodeIgniter\Boot::runCodeIgniter(Object(CodeIgniter\CodeIgniter))
 6 FCPATH\index.php(59): CodeIgniter\Boot::bootWeb(Object(Config\Paths))
WARNING - 2026-02-25 16:49:52 --> [DEPRECATED] Creation of dynamic property App\Controllers\ApplicationController::$licensingModel is deprecated in APPPATH\Controllers\ApplicationController.php on line 48.
 1 SYSTEMPATH\CodeIgniter.php(903): App\Controllers\ApplicationController->__construct()
 2 SYSTEMPATH\CodeIgniter.php(498): CodeIgniter\CodeIgniter->createController()
 3 SYSTEMPATH\CodeIgniter.php(354): CodeIgniter\CodeIgniter->handleRequest(null, Object(Config\Cache), false)
 4 SYSTEMPATH\Boot.php(363): CodeIgniter\CodeIgniter->run()
 5 SYSTEMPATH\Boot.php(68): CodeIgniter\Boot::runCodeIgniter(Object(CodeIgniter\CodeIgniter))
 6 FCPATH\index.php(59): CodeIgniter\Boot::bootWeb(Object(Config\Paths))
WARNING - 2026-02-25 16:49:52 --> [DEPRECATED] Creation of dynamic property App\Controllers\ApplicationController::$metricsModel is deprecated in APPPATH\Controllers\ApplicationController.php on line 49.
 1 SYSTEMPATH\CodeIgniter.php(903): App\Controllers\ApplicationController->__construct()
 2 SYSTEMPATH\CodeIgniter.php(498): CodeIgniter\CodeIgniter->createController()
 3 SYSTEMPATH\CodeIgniter.php(354): CodeIgniter\CodeIgniter->handleRequest(null, Object(Config\Cache), false)
 4 SYSTEMPATH\Boot.php(363): CodeIgniter\CodeIgniter->run()
 5 SYSTEMPATH\Boot.php(68): CodeIgniter\Boot::runCodeIgniter(Object(CodeIgniter\CodeIgniter))
 6 FCPATH\index.php(59): CodeIgniter\Boot::bootWeb(Object(Config\Paths))
WARNING - 2026-02-25 16:49:52 --> [DEPRECATED] Creation of dynamic property App\Controllers\ApplicationController::$techModel is deprecated in APPPATH\Controllers\ApplicationController.php on line 50.
 1 SYSTEMPATH\CodeIgniter.php(903): App\Controllers\ApplicationController->__construct()
 2 SYSTEMPATH\CodeIgniter.php(498): CodeIgniter\CodeIgniter->createController()
 3 SYSTEMPATH\CodeIgniter.php(354): CodeIgniter\CodeIgniter->handleRequest(null, Object(Config\Cache), false)
 4 SYSTEMPATH\Boot.php(363): CodeIgniter\CodeIgniter->run()
 5 SYSTEMPATH\Boot.php(68): CodeIgniter\Boot::runCodeIgniter(Object(CodeIgniter\CodeIgniter))
 6 FCPATH\index.php(59): CodeIgniter\Boot::bootWeb(Object(Config\Paths))
DEBUG - 2026-02-25 16:49:52 --> Session: Class initialized using 'CodeIgniter\Session\Handlers\FileHandler' driver.
CRITICAL - 2026-02-25 16:49:53 --> ErrorException: Trying to access array offset on value of type null
[Method: GET, Route: /]
in SYSTEMPATH\Debug\Toolbar.php on line 217.
 1 SYSTEMPATH\Debug\Toolbar.php(217): CodeIgniter\Debug\Exceptions->errorHandler(2, 'Trying to access array offset on value of type null', 'C:\\xampp\\htdocs\\IM\\system\\Debug\\Toolbar.php', 217)
 2 SYSTEMPATH\Debug\Toolbar.php(200): CodeIgniter\Debug\Toolbar->renderTimelineRecursive([...], 1772009392.609851, 7, 25, [], 0)
 3 SYSTEMPATH\Debug\Toolbar\Views\toolbar.tpl.php(105): CodeIgniter\Debug\Toolbar->renderTimeline([...], 1772009392.609851, 7, 25, [])
 4 SYSTEMPATH\Debug\Toolbar.php(533): include('C:\\xampp\\htdocs\\IM\\system\\Debug\\Toolbar\\Views\\toolbar.tpl.php')
 5 SYSTEMPATH\Debug\Toolbar.php(496): CodeIgniter\Debug\Toolbar->format([...], 'html')
 6 APPPATH\Config\Events.php(47): CodeIgniter\Debug\Toolbar->respond()
 7 SYSTEMPATH\Events\Events.php(152): CodeIgniter\Events\Events::Config\{closure}()
 8 SYSTEMPATH\CodeIgniter.php(339): CodeIgniter\Events\Events::trigger('pre_system')
 9 SYSTEMPATH\Boot.php(363): CodeIgniter\CodeIgniter->run()
10 SYSTEMPATH\Boot.php(68): CodeIgniter\Boot::runCodeIgniter(Object(CodeIgniter\CodeIgniter))
11 FCPATH\index.php(59): CodeIgniter\Boot::bootWeb(Object(Config\Paths))
WARNING - 2026-02-25 16:49:55 --> [DEPRECATED] Creation of dynamic property App\Controllers\ApplicationController::$contactsModel is deprecated in APPPATH\Controllers\ApplicationController.php on line 41.
 1 SYSTEMPATH\CodeIgniter.php(903): App\Controllers\ApplicationController->__construct()
 2 SYSTEMPATH\CodeIgniter.php(498): CodeIgniter\CodeIgniter->createController()
 3 SYSTEMPATH\CodeIgniter.php(354): CodeIgniter\CodeIgniter->handleRequest(null, Object(Config\Cache), false)
 4 SYSTEMPATH\Boot.php(363): CodeIgniter\CodeIgniter->run()
 5 SYSTEMPATH\Boot.php(68): CodeIgniter\Boot::runCodeIgniter(Object(CodeIgniter\CodeIgniter))
 6 FCPATH\index.php(59): CodeIgniter\Boot::bootWeb(Object(Config\Paths))
WARNING - 2026-02-25 16:49:55 --> [DEPRECATED] Creation of dynamic property App\Controllers\ApplicationController::$environmentsModel is deprecated in APPPATH\Controllers\ApplicationController.php on line 42.
 1 SYSTEMPATH\CodeIgniter.php(903): App\Controllers\ApplicationController->__construct()
 2 SYSTEMPATH\CodeIgniter.php(498): CodeIgniter\CodeIgniter->createController()
 3 SYSTEMPATH\CodeIgniter.php(354): CodeIgniter\CodeIgniter->handleRequest(null, Object(Config\Cache), false)
 4 SYSTEMPATH\Boot.php(363): CodeIgniter\CodeIgniter->run()
 5 SYSTEMPATH\Boot.php(68): CodeIgniter\Boot::runCodeIgniter(Object(CodeIgniter\CodeIgniter))
 6 FCPATH\index.php(59): CodeIgniter\Boot::bootWeb(Object(Config\Paths))
WARNING - 2026-02-25 16:49:55 --> [DEPRECATED] Creation of dynamic property App\Controllers\ApplicationController::$infrastructureModel is deprecated in APPPATH\Controllers\ApplicationController.php on line 43.
 1 SYSTEMPATH\CodeIgniter.php(903): App\Controllers\ApplicationController->__construct()
 2 SYSTEMPATH\CodeIgniter.php(498): CodeIgniter\CodeIgniter->createController()
 3 SYSTEMPATH\CodeIgniter.php(354): CodeIgniter\CodeIgniter->handleRequest(null, Object(Config\Cache), false)
 4 SYSTEMPATH\Boot.php(363): CodeIgniter\CodeIgniter->run()
 5 SYSTEMPATH\Boot.php(68): CodeIgniter\Boot::runCodeIgniter(Object(CodeIgniter\CodeIgniter))
 6 FCPATH\index.php(59): CodeIgniter\Boot::bootWeb(Object(Config\Paths))
WARNING - 2026-02-25 16:49:55 --> [DEPRECATED] Creation of dynamic property App\Controllers\ApplicationController::$complianceModel is deprecated in APPPATH\Controllers\ApplicationController.php on line 44.
 1 SYSTEMPATH\CodeIgniter.php(903): App\Controllers\ApplicationController->__construct()
 2 SYSTEMPATH\CodeIgniter.php(498): CodeIgniter\CodeIgniter->createController()
 3 SYSTEMPATH\CodeIgniter.php(354): CodeIgniter\CodeIgniter->handleRequest(null, Object(Config\Cache), false)
 4 SYSTEMPATH\Boot.php(363): CodeIgniter\CodeIgniter->run()
 5 SYSTEMPATH\Boot.php(68): CodeIgniter\Boot::runCodeIgniter(Object(CodeIgniter\CodeIgniter))
 6 FCPATH\index.php(59): CodeIgniter\Boot::bootWeb(Object(Config\Paths))
WARNING - 2026-02-25 16:49:55 --> [DEPRECATED] Creation of dynamic property App\Controllers\ApplicationController::$dependenciesModel is deprecated in APPPATH\Controllers\ApplicationController.php on line 45.
 1 SYSTEMPATH\CodeIgniter.php(903): App\Controllers\ApplicationController->__construct()
 2 SYSTEMPATH\CodeIgniter.php(498): CodeIgniter\CodeIgniter->createController()
 3 SYSTEMPATH\CodeIgniter.php(354): CodeIgniter\CodeIgniter->handleRequest(null, Object(Config\Cache), false)
 4 SYSTEMPATH\Boot.php(363): CodeIgniter\CodeIgniter->run()
 5 SYSTEMPATH\Boot.php(68): CodeIgniter\Boot::runCodeIgniter(Object(CodeIgniter\CodeIgniter))
 6 FCPATH\index.php(59): CodeIgniter\Boot::bootWeb(Object(Config\Paths))
WARNING - 2026-02-25 16:49:55 --> [DEPRECATED] Creation of dynamic property App\Controllers\ApplicationController::$vendorsModel is deprecated in APPPATH\Controllers\ApplicationController.php on line 46.
 1 SYSTEMPATH\CodeIgniter.php(903): App\Controllers\ApplicationController->__construct()
 2 SYSTEMPATH\CodeIgniter.php(498): CodeIgniter\CodeIgniter->createController()
 3 SYSTEMPATH\CodeIgniter.php(354): CodeIgniter\CodeIgniter->handleRequest(null, Object(Config\Cache), false)
 4 SYSTEMPATH\Boot.php(363): CodeIgniter\CodeIgniter->run()
 5 SYSTEMPATH\Boot.php(68): CodeIgniter\Boot::runCodeIgniter(Object(CodeIgniter\CodeIgniter))
 6 FCPATH\index.php(59): CodeIgniter\Boot::bootWeb(Object(Config\Paths))
WARNING - 2026-02-25 16:49:55 --> [DEPRECATED] Creation of dynamic property App\Controllers\ApplicationController::$batchModel is deprecated in APPPATH\Controllers\ApplicationController.php on line 47.
 1 SYSTEMPATH\CodeIgniter.php(903): App\Controllers\ApplicationController->__construct()
 2 SYSTEMPATH\CodeIgniter.php(498): CodeIgniter\CodeIgniter->createController()
 3 SYSTEMPATH\CodeIgniter.php(354): CodeIgniter\CodeIgniter->handleRequest(null, Object(Config\Cache), false)
 4 SYSTEMPATH\Boot.php(363): CodeIgniter\CodeIgniter->run()
 5 SYSTEMPATH\Boot.php(68): CodeIgniter\Boot::runCodeIgniter(Object(CodeIgniter\CodeIgniter))
 6 FCPATH\index.php(59): CodeIgniter\Boot::bootWeb(Object(Config\Paths))
WARNING - 2026-02-25 16:49:55 --> [DEPRECATED] Creation of dynamic property App\Controllers\ApplicationController::$licensingModel is deprecated in APPPATH\Controllers\ApplicationController.php on line 48.
 1 SYSTEMPATH\CodeIgniter.php(903): App\Controllers\ApplicationController->__construct()
 2 SYSTEMPATH\CodeIgniter.php(498): CodeIgniter\CodeIgniter->createController()
 3 SYSTEMPATH\CodeIgniter.php(354): CodeIgniter\CodeIgniter->handleRequest(null, Object(Config\Cache), false)
 4 SYSTEMPATH\Boot.php(363): CodeIgniter\CodeIgniter->run()
 5 SYSTEMPATH\Boot.php(68): CodeIgniter\Boot::runCodeIgniter(Object(CodeIgniter\CodeIgniter))
 6 FCPATH\index.php(59): CodeIgniter\Boot::bootWeb(Object(Config\Paths))
WARNING - 2026-02-25 16:49:55 --> [DEPRECATED] Creation of dynamic property App\Controllers\ApplicationController::$metricsModel is deprecated in APPPATH\Controllers\ApplicationController.php on line 49.
 1 SYSTEMPATH\CodeIgniter.php(903): App\Controllers\ApplicationController->__construct()
 2 SYSTEMPATH\CodeIgniter.php(498): CodeIgniter\CodeIgniter->createController()
 3 SYSTEMPATH\CodeIgniter.php(354): CodeIgniter\CodeIgniter->handleRequest(null, Object(Config\Cache), false)
 4 SYSTEMPATH\Boot.php(363): CodeIgniter\CodeIgniter->run()
 5 SYSTEMPATH\Boot.php(68): CodeIgniter\Boot::runCodeIgniter(Object(CodeIgniter\CodeIgniter))
 6 FCPATH\index.php(59): CodeIgniter\Boot::bootWeb(Object(Config\Paths))
WARNING - 2026-02-25 16:49:55 --> [DEPRECATED] Creation of dynamic property App\Controllers\ApplicationController::$techModel is deprecated in APPPATH\Controllers\ApplicationController.php on line 50.
 1 SYSTEMPATH\CodeIgniter.php(903): App\Controllers\ApplicationController->__construct()
 2 SYSTEMPATH\CodeIgniter.php(498): CodeIgniter\CodeIgniter->createController()
 3 SYSTEMPATH\CodeIgniter.php(354): CodeIgniter\CodeIgniter->handleRequest(null, Object(Config\Cache), false)
 4 SYSTEMPATH\Boot.php(363): CodeIgniter\CodeIgniter->run()
 5 SYSTEMPATH\Boot.php(68): CodeIgniter\Boot::runCodeIgniter(Object(CodeIgniter\CodeIgniter))
 6 FCPATH\index.php(59): CodeIgniter\Boot::bootWeb(Object(Config\Paths))
DEBUG - 2026-02-25 16:49:55 --> Session: Class initialized using 'CodeIgniter\Session\Handlers\FileHandler' driver.
CRITICAL - 2026-02-25 16:49:55 --> ErrorException: Trying to access array offset on value of type null
[Method: GET, Route: /]
in SYSTEMPATH\Debug\Toolbar.php on line 217.
 1 SYSTEMPATH\Debug\Toolbar.php(217): CodeIgniter\Debug\Exceptions->errorHandler(2, 'Trying to access array offset on value of type null', 'C:\\xampp\\htdocs\\IM\\system\\Debug\\Toolbar.php', 217)
 2 SYSTEMPATH\Debug\Toolbar.php(200): CodeIgniter\Debug\Toolbar->renderTimelineRecursive([...], 1772009395.054644, 6, 25, [], 0)
 3 SYSTEMPATH\Debug\Toolbar\Views\toolbar.tpl.php(105): CodeIgniter\Debug\Toolbar->renderTimeline([...], 1772009395.054644, 6, 25, [])
 4 SYSTEMPATH\Debug\Toolbar.php(533): include('C:\\xampp\\htdocs\\IM\\system\\Debug\\Toolbar\\Views\\toolbar.tpl.php')
 5 SYSTEMPATH\Debug\Toolbar.php(496): CodeIgniter\Debug\Toolbar->format([...], 'html')
 6 APPPATH\Config\Events.php(47): CodeIgniter\Debug\Toolbar->respond()
 7 SYSTEMPATH\Events\Events.php(152): CodeIgniter\Events\Events::Config\{closure}()
 8 SYSTEMPATH\CodeIgniter.php(339): CodeIgniter\Events\Events::trigger('pre_system')
 9 SYSTEMPATH\Boot.php(363): CodeIgniter\CodeIgniter->run()
10 SYSTEMPATH\Boot.php(68): CodeIgniter\Boot::runCodeIgniter(Object(CodeIgniter\CodeIgniter))
11 FCPATH\index.php(59): CodeIgniter\Boot::bootWeb(Object(Config\Paths))
DEBUG - 2026-02-25 16:50:04 --> Session: Class initialized using 'CodeIgniter\Session\Handlers\FileHandler' driver.
CRITICAL - 2026-02-25 16:50:04 --> ErrorException: Trying to access array offset on value of type null
[Method: GET, Route: /]
in SYSTEMPATH\Debug\Toolbar.php on line 217.
 1 SYSTEMPATH\Debug\Toolbar.php(217): CodeIgniter\Debug\Exceptions->errorHandler(2, 'Trying to access array offset on value of type null', 'C:\\xampp\\htdocs\\IM\\system\\Debug\\Toolbar.php', 217)
 2 SYSTEMPATH\Debug\Toolbar.php(200): CodeIgniter\Debug\Toolbar->renderTimelineRecursive([...], 1772009404.125586, 6, 15, [], 0)
 3 SYSTEMPATH\Debug\Toolbar\Views\toolbar.tpl.php(105): CodeIgniter\Debug\Toolbar->renderTimeline([...], 1772009404.125586, 6, 15, [])
 4 SYSTEMPATH\Debug\Toolbar.php(533): include('C:\\xampp\\htdocs\\IM\\system\\Debug\\Toolbar\\Views\\toolbar.tpl.php')
 5 SYSTEMPATH\Debug\Toolbar.php(496): CodeIgniter\Debug\Toolbar->format([...], 'html')
 6 APPPATH\Config\Events.php(47): CodeIgniter\Debug\Toolbar->respond()
 7 SYSTEMPATH\Events\Events.php(152): CodeIgniter\Events\Events::Config\{closure}()
 8 SYSTEMPATH\CodeIgniter.php(339): CodeIgniter\Events\Events::trigger('pre_system')
 9 SYSTEMPATH\Boot.php(363): CodeIgniter\CodeIgniter->run()
10 SYSTEMPATH\Boot.php(68): CodeIgniter\Boot::runCodeIgniter(Object(CodeIgniter\CodeIgniter))
11 FCPATH\index.php(59): CodeIgniter\Boot::bootWeb(Object(Config\Paths))
DEBUG - 2026-02-25 16:50:06 --> Session: Class initialized using 'CodeIgniter\Session\Handlers\FileHandler' driver.
CRITICAL - 2026-02-25 16:50:07 --> ErrorException: Trying to access array offset on value of type null
[Method: GET, Route: /]
in SYSTEMPATH\Debug\Toolbar.php on line 217.
 1 SYSTEMPATH\Debug\Toolbar.php(217): CodeIgniter\Debug\Exceptions->errorHandler(2, 'Trying to access array offset on value of type null', 'C:\\xampp\\htdocs\\IM\\system\\Debug\\Toolbar.php', 217)
 2 SYSTEMPATH\Debug\Toolbar.php(200): CodeIgniter\Debug\Toolbar->renderTimelineRecursive([...], 1772009406.656557, 5, 15, [], 0)
 3 SYSTEMPATH\Debug\Toolbar\Views\toolbar.tpl.php(105): CodeIgniter\Debug\Toolbar->renderTimeline([...], 1772009406.656557, 5, 15, [])
 4 SYSTEMPATH\Debug\Toolbar.php(533): include('C:\\xampp\\htdocs\\IM\\system\\Debug\\Toolbar\\Views\\toolbar.tpl.php')
 5 SYSTEMPATH\Debug\Toolbar.php(496): CodeIgniter\Debug\Toolbar->format([...], 'html')
 6 APPPATH\Config\Events.php(47): CodeIgniter\Debug\Toolbar->respond()
 7 SYSTEMPATH\Events\Events.php(152): CodeIgniter\Events\Events::Config\{closure}()
 8 SYSTEMPATH\CodeIgniter.php(339): CodeIgniter\Events\Events::trigger('pre_system')
 9 SYSTEMPATH\Boot.php(363): CodeIgniter\CodeIgniter->run()
10 SYSTEMPATH\Boot.php(68): CodeIgniter\Boot::runCodeIgniter(Object(CodeIgniter\CodeIgniter))
11 FCPATH\index.php(59): CodeIgniter\Boot::bootWeb(Object(Config\Paths))
DEBUG - 2026-02-25 16:50:19 --> Session: Class initialized using 'CodeIgniter\Session\Handlers\FileHandler' driver.
CRITICAL - 2026-02-25 16:50:20 --> ErrorException: Trying to access array offset on value of type null
[Method: GET, Route: /]
in SYSTEMPATH\Debug\Toolbar.php on line 217.
 1 SYSTEMPATH\Debug\Toolbar.php(217): CodeIgniter\Debug\Exceptions->errorHandler(2, 'Trying to access array offset on value of type null', 'C:\\xampp\\htdocs\\IM\\system\\Debug\\Toolbar.php', 217)
 2 SYSTEMPATH\Debug\Toolbar.php(200): CodeIgniter\Debug\Toolbar->renderTimelineRecursive([...], 1772009419.619778, 6, 15, [], 0)
 3 SYSTEMPATH\Debug\Toolbar\Views\toolbar.tpl.php(105): CodeIgniter\Debug\Toolbar->renderTimeline([...], 1772009419.619778, 6, 15, [])
 4 SYSTEMPATH\Debug\Toolbar.php(533): include('C:\\xampp\\htdocs\\IM\\system\\Debug\\Toolbar\\Views\\toolbar.tpl.php')
 5 SYSTEMPATH\Debug\Toolbar.php(496): CodeIgniter\Debug\Toolbar->format([...], 'html')
 6 APPPATH\Config\Events.php(47): CodeIgniter\Debug\Toolbar->respond()
 7 SYSTEMPATH\Events\Events.php(152): CodeIgniter\Events\Events::Config\{closure}()
 8 SYSTEMPATH\CodeIgniter.php(339): CodeIgniter\Events\Events::trigger('pre_system')
 9 SYSTEMPATH\Boot.php(363): CodeIgniter\CodeIgniter->run()
10 SYSTEMPATH\Boot.php(68): CodeIgniter\Boot::runCodeIgniter(Object(CodeIgniter\CodeIgniter))
11 FCPATH\index.php(59): CodeIgniter\Boot::bootWeb(Object(Config\Paths))
DEBUG - 2026-02-25 16:56:58 --> Session: Class initialized using 'CodeIgniter\Session\Handlers\FileHandler' driver.
CRITICAL - 2026-02-25 16:56:59 --> ErrorException: Trying to access array offset on value of type null
[Method: GET, Route: /]
in SYSTEMPATH\Debug\Toolbar.php on line 217.
 1 SYSTEMPATH\Debug\Toolbar.php(217): CodeIgniter\Debug\Exceptions->errorHandler(2, 'Trying to access array offset on value of type null', 'C:\\xampp\\htdocs\\IM\\system\\Debug\\Toolbar.php', 217)
 2 SYSTEMPATH\Debug\Toolbar.php(200): CodeIgniter\Debug\Toolbar->renderTimelineRecursive([...], 1772009818.569239, 7, 25, [], 0)
 3 SYSTEMPATH\Debug\Toolbar\Views\toolbar.tpl.php(105): CodeIgniter\Debug\Toolbar->renderTimeline([...], 1772009818.569239, 7, 25, [])
 4 SYSTEMPATH\Debug\Toolbar.php(533): include('C:\\xampp\\htdocs\\IM\\system\\Debug\\Toolbar\\Views\\toolbar.tpl.php')
 5 SYSTEMPATH\Debug\Toolbar.php(496): CodeIgniter\Debug\Toolbar->format([...], 'html')
 6 APPPATH\Config\Events.php(47): CodeIgniter\Debug\Toolbar->respond()
 7 SYSTEMPATH\Events\Events.php(152): CodeIgniter\Events\Events::Config\{closure}()
 8 SYSTEMPATH\CodeIgniter.php(339): CodeIgniter\Events\Events::trigger('pre_system')
 9 SYSTEMPATH\Boot.php(363): CodeIgniter\CodeIgniter->run()
10 SYSTEMPATH\Boot.php(68): CodeIgniter\Boot::runCodeIgniter(Object(CodeIgniter\CodeIgniter))
11 FCPATH\index.php(59): CodeIgniter\Boot::bootWeb(Object(Config\Paths))
DEBUG - 2026-02-25 16:57:00 --> Session: Class initialized using 'CodeIgniter\Session\Handlers\FileHandler' driver.
CRITICAL - 2026-02-25 16:57:00 --> ErrorException: Trying to access array offset on value of type null
[Method: GET, Route: /]
in SYSTEMPATH\Debug\Toolbar.php on line 217.
 1 SYSTEMPATH\Debug\Toolbar.php(217): CodeIgniter\Debug\Exceptions->errorHandler(2, 'Trying to access array offset on value of type null', 'C:\\xampp\\htdocs\\IM\\system\\Debug\\Toolbar.php', 217)
 2 SYSTEMPATH\Debug\Toolbar.php(200): CodeIgniter\Debug\Toolbar->renderTimelineRecursive([...], 1772009819.952108, 6, 15, [], 0)
 3 SYSTEMPATH\Debug\Toolbar\Views\toolbar.tpl.php(105): CodeIgniter\Debug\Toolbar->renderTimeline([...], 1772009819.952108, 6, 15, [])
 4 SYSTEMPATH\Debug\Toolbar.php(533): include('C:\\xampp\\htdocs\\IM\\system\\Debug\\Toolbar\\Views\\toolbar.tpl.php')
 5 SYSTEMPATH\Debug\Toolbar.php(496): CodeIgniter\Debug\Toolbar->format([...], 'html')
 6 APPPATH\Config\Events.php(47): CodeIgniter\Debug\Toolbar->respond()
 7 SYSTEMPATH\Events\Events.php(152): CodeIgniter\Events\Events::Config\{closure}()
 8 SYSTEMPATH\CodeIgniter.php(339): CodeIgniter\Events\Events::trigger('pre_system')
 9 SYSTEMPATH\Boot.php(363): CodeIgniter\CodeIgniter->run()
10 SYSTEMPATH\Boot.php(68): CodeIgniter\Boot::runCodeIgniter(Object(CodeIgniter\CodeIgniter))
11 FCPATH\index.php(59): CodeIgniter\Boot::bootWeb(Object(Config\Paths))
DEBUG - 2026-02-25 16:57:02 --> Session: Class initialized using 'CodeIgniter\Session\Handlers\FileHandler' driver.
CRITICAL - 2026-02-25 16:57:02 --> ErrorException: Trying to access array offset on value of type null
[Method: GET, Route: /]
in SYSTEMPATH\Debug\Toolbar.php on line 217.
 1 SYSTEMPATH\Debug\Toolbar.php(217): CodeIgniter\Debug\Exceptions->errorHandler(2, 'Trying to access array offset on value of type null', 'C:\\xampp\\htdocs\\IM\\system\\Debug\\Toolbar.php', 217)
 2 SYSTEMPATH\Debug\Toolbar.php(200): CodeIgniter\Debug\Toolbar->renderTimelineRecursive([...], 1772009822.493723, 7, 15, [], 0)
 3 SYSTEMPATH\Debug\Toolbar\Views\toolbar.tpl.php(105): CodeIgniter\Debug\Toolbar->renderTimeline([...], 1772009822.493723, 7, 15, [])
 4 SYSTEMPATH\Debug\Toolbar.php(533): include('C:\\xampp\\htdocs\\IM\\system\\Debug\\Toolbar\\Views\\toolbar.tpl.php')
 5 SYSTEMPATH\Debug\Toolbar.php(496): CodeIgniter\Debug\Toolbar->format([...], 'html')
 6 APPPATH\Config\Events.php(47): CodeIgniter\Debug\Toolbar->respond()
 7 SYSTEMPATH\Events\Events.php(152): CodeIgniter\Events\Events::Config\{closure}()
 8 SYSTEMPATH\CodeIgniter.php(339): CodeIgniter\Events\Events::trigger('pre_system')
 9 SYSTEMPATH\Boot.php(363): CodeIgniter\CodeIgniter->run()
10 SYSTEMPATH\Boot.php(68): CodeIgniter\Boot::runCodeIgniter(Object(CodeIgniter\CodeIgniter))
11 FCPATH\index.php(59): CodeIgniter\Boot::bootWeb(Object(Config\Paths))
DEBUG - 2026-02-25 16:57:03 --> Session: Class initialized using 'CodeIgniter\Session\Handlers\FileHandler' driver.
CRITICAL - 2026-02-25 16:57:04 --> ErrorException: Trying to access array offset on value of type null
[Method: GET, Route: /]
in SYSTEMPATH\Debug\Toolbar.php on line 217.
 1 SYSTEMPATH\Debug\Toolbar.php(217): CodeIgniter\Debug\Exceptions->errorHandler(2, 'Trying to access array offset on value of type null', 'C:\\xampp\\htdocs\\IM\\system\\Debug\\Toolbar.php', 217)
 2 SYSTEMPATH\Debug\Toolbar.php(200): CodeIgniter\Debug\Toolbar->renderTimelineRecursive([...], 1772009823.718178, 5, 15, [], 0)
 3 SYSTEMPATH\Debug\Toolbar\Views\toolbar.tpl.php(105): CodeIgniter\Debug\Toolbar->renderTimeline([...], 1772009823.718178, 5, 15, [])
 4 SYSTEMPATH\Debug\Toolbar.php(533): include('C:\\xampp\\htdocs\\IM\\system\\Debug\\Toolbar\\Views\\toolbar.tpl.php')
 5 SYSTEMPATH\Debug\Toolbar.php(496): CodeIgniter\Debug\Toolbar->format([...], 'html')
 6 APPPATH\Config\Events.php(47): CodeIgniter\Debug\Toolbar->respond()
 7 SYSTEMPATH\Events\Events.php(152): CodeIgniter\Events\Events::Config\{closure}()
 8 SYSTEMPATH\CodeIgniter.php(339): CodeIgniter\Events\Events::trigger('pre_system')
 9 SYSTEMPATH\Boot.php(363): CodeIgniter\CodeIgniter->run()
10 SYSTEMPATH\Boot.php(68): CodeIgniter\Boot::runCodeIgniter(Object(CodeIgniter\CodeIgniter))
11 FCPATH\index.php(59): CodeIgniter\Boot::bootWeb(Object(Config\Paths))
DEBUG - 2026-02-25 16:57:04 --> Session: Class initialized using 'CodeIgniter\Session\Handlers\FileHandler' driver.
CRITICAL - 2026-02-25 16:57:05 --> ErrorException: Trying to access array offset on value of type null
[Method: GET, Route: /]
in SYSTEMPATH\Debug\Toolbar.php on line 217.
 1 SYSTEMPATH\Debug\Toolbar.php(217): CodeIgniter\Debug\Exceptions->errorHandler(2, 'Trying to access array offset on value of type null', 'C:\\xampp\\htdocs\\IM\\system\\Debug\\Toolbar.php', 217)
 2 SYSTEMPATH\Debug\Toolbar.php(200): CodeIgniter\Debug\Toolbar->renderTimelineRecursive([...], 1772009824.931051, 7, 10, [], 0)
 3 SYSTEMPATH\Debug\Toolbar\Views\toolbar.tpl.php(105): CodeIgniter\Debug\Toolbar->renderTimeline([...], 1772009824.931051, 7, 10, [])
 4 SYSTEMPATH\Debug\Toolbar.php(533): include('C:\\xampp\\htdocs\\IM\\system\\Debug\\Toolbar\\Views\\toolbar.tpl.php')
 5 SYSTEMPATH\Debug\Toolbar.php(496): CodeIgniter\Debug\Toolbar->format([...], 'html')
 6 APPPATH\Config\Events.php(47): CodeIgniter\Debug\Toolbar->respond()
 7 SYSTEMPATH\Events\Events.php(152): CodeIgniter\Events\Events::Config\{closure}()
 8 SYSTEMPATH\CodeIgniter.php(339): CodeIgniter\Events\Events::trigger('pre_system')
 9 SYSTEMPATH\Boot.php(363): CodeIgniter\CodeIgniter->run()
10 SYSTEMPATH\Boot.php(68): CodeIgniter\Boot::runCodeIgniter(Object(CodeIgniter\CodeIgniter))
11 FCPATH\index.php(59): CodeIgniter\Boot::bootWeb(Object(Config\Paths))
DEBUG - 2026-02-25 16:57:06 --> Session: Class initialized using 'CodeIgniter\Session\Handlers\FileHandler' driver.
CRITICAL - 2026-02-25 16:57:06 --> ErrorException: Trying to access array offset on value of type null
[Method: GET, Route: /]
in SYSTEMPATH\Debug\Toolbar.php on line 217.
 1 SYSTEMPATH\Debug\Toolbar.php(217): CodeIgniter\Debug\Exceptions->errorHandler(2, 'Trying to access array offset on value of type null', 'C:\\xampp\\htdocs\\IM\\system\\Debug\\Toolbar.php', 217)
 2 SYSTEMPATH\Debug\Toolbar.php(200): CodeIgniter\Debug\Toolbar->renderTimelineRecursive([...], 1772009826.379661, 6, 15, [], 0)
 3 SYSTEMPATH\Debug\Toolbar\Views\toolbar.tpl.php(105): CodeIgniter\Debug\Toolbar->renderTimeline([...], 1772009826.379661, 6, 15, [])
 4 SYSTEMPATH\Debug\Toolbar.php(533): include('C:\\xampp\\htdocs\\IM\\system\\Debug\\Toolbar\\Views\\toolbar.tpl.php')
 5 SYSTEMPATH\Debug\Toolbar.php(496): CodeIgniter\Debug\Toolbar->format([...], 'html')
 6 APPPATH\Config\Events.php(47): CodeIgniter\Debug\Toolbar->respond()
 7 SYSTEMPATH\Events\Events.php(152): CodeIgniter\Events\Events::Config\{closure}()
 8 SYSTEMPATH\CodeIgniter.php(339): CodeIgniter\Events\Events::trigger('pre_system')
 9 SYSTEMPATH\Boot.php(363): CodeIgniter\CodeIgniter->run()
10 SYSTEMPATH\Boot.php(68): CodeIgniter\Boot::runCodeIgniter(Object(CodeIgniter\CodeIgniter))
11 FCPATH\index.php(59): CodeIgniter\Boot::bootWeb(Object(Config\Paths))
DEBUG - 2026-02-25 16:57:07 --> Session: Class initialized using 'CodeIgniter\Session\Handlers\FileHandler' driver.
CRITICAL - 2026-02-25 16:57:07 --> ErrorException: Trying to access array offset on value of type null
[Method: GET, Route: /]
in SYSTEMPATH\Debug\Toolbar.php on line 217.
 1 SYSTEMPATH\Debug\Toolbar.php(217): CodeIgniter\Debug\Exceptions->errorHandler(2, 'Trying to access array offset on value of type null', 'C:\\xampp\\htdocs\\IM\\system\\Debug\\Toolbar.php', 217)
 2 SYSTEMPATH\Debug\Toolbar.php(200): CodeIgniter\Debug\Toolbar->renderTimelineRecursive([...], 1772009827.285359, 6, 15, [], 0)
 3 SYSTEMPATH\Debug\Toolbar\Views\toolbar.tpl.php(105): CodeIgniter\Debug\Toolbar->renderTimeline([...], 1772009827.285359, 6, 15, [])
 4 SYSTEMPATH\Debug\Toolbar.php(533): include('C:\\xampp\\htdocs\\IM\\system\\Debug\\Toolbar\\Views\\toolbar.tpl.php')
 5 SYSTEMPATH\Debug\Toolbar.php(496): CodeIgniter\Debug\Toolbar->format([...], 'html')
 6 APPPATH\Config\Events.php(47): CodeIgniter\Debug\Toolbar->respond()
 7 SYSTEMPATH\Events\Events.php(152): CodeIgniter\Events\Events::Config\{closure}()
 8 SYSTEMPATH\CodeIgniter.php(339): CodeIgniter\Events\Events::trigger('pre_system')
 9 SYSTEMPATH\Boot.php(363): CodeIgniter\CodeIgniter->run()
10 SYSTEMPATH\Boot.php(68): CodeIgniter\Boot::runCodeIgniter(Object(CodeIgniter\CodeIgniter))
11 FCPATH\index.php(59): CodeIgniter\Boot::bootWeb(Object(Config\Paths))
DEBUG - 2026-02-25 16:57:08 --> Session: Class initialized using 'CodeIgniter\Session\Handlers\FileHandler' driver.
CRITICAL - 2026-02-25 16:57:09 --> ErrorException: Trying to access array offset on value of type null
[Method: GET, Route: /]
in SYSTEMPATH\Debug\Toolbar.php on line 217.
 1 SYSTEMPATH\Debug\Toolbar.php(217): CodeIgniter\Debug\Exceptions->errorHandler(2, 'Trying to access array offset on value of type null', 'C:\\xampp\\htdocs\\IM\\system\\Debug\\Toolbar.php', 217)
 2 SYSTEMPATH\Debug\Toolbar.php(200): CodeIgniter\Debug\Toolbar->renderTimelineRecursive([...], 1772009828.650445, 5, 15, [], 0)
 3 SYSTEMPATH\Debug\Toolbar\Views\toolbar.tpl.php(105): CodeIgniter\Debug\Toolbar->renderTimeline([...], 1772009828.650445, 5, 15, [])
 4 SYSTEMPATH\Debug\Toolbar.php(533): include('C:\\xampp\\htdocs\\IM\\system\\Debug\\Toolbar\\Views\\toolbar.tpl.php')
 5 SYSTEMPATH\Debug\Toolbar.php(496): CodeIgniter\Debug\Toolbar->format([...], 'html')
 6 APPPATH\Config\Events.php(47): CodeIgniter\Debug\Toolbar->respond()
 7 SYSTEMPATH\Events\Events.php(152): CodeIgniter\Events\Events::Config\{closure}()
 8 SYSTEMPATH\CodeIgniter.php(339): CodeIgniter\Events\Events::trigger('pre_system')
 9 SYSTEMPATH\Boot.php(363): CodeIgniter\CodeIgniter->run()
10 SYSTEMPATH\Boot.php(68): CodeIgniter\Boot::runCodeIgniter(Object(CodeIgniter\CodeIgniter))
11 FCPATH\index.php(59): CodeIgniter\Boot::bootWeb(Object(Config\Paths))
DEBUG - 2026-02-25 16:57:09 --> Session: Class initialized using 'CodeIgniter\Session\Handlers\FileHandler' driver.
CRITICAL - 2026-02-25 16:57:10 --> ErrorException: Trying to access array offset on value of type null
[Method: GET, Route: /]
in SYSTEMPATH\Debug\Toolbar.php on line 217.
 1 SYSTEMPATH\Debug\Toolbar.php(217): CodeIgniter\Debug\Exceptions->errorHandler(2, 'Trying to access array offset on value of type null', 'C:\\xampp\\htdocs\\IM\\system\\Debug\\Toolbar.php', 217)
 2 SYSTEMPATH\Debug\Toolbar.php(200): CodeIgniter\Debug\Toolbar->renderTimelineRecursive([...], 1772009829.716799, 7, 10, [], 0)
 3 SYSTEMPATH\Debug\Toolbar\Views\toolbar.tpl.php(105): CodeIgniter\Debug\Toolbar->renderTimeline([...], 1772009829.716799, 7, 10, [])
 4 SYSTEMPATH\Debug\Toolbar.php(533): include('C:\\xampp\\htdocs\\IM\\system\\Debug\\Toolbar\\Views\\toolbar.tpl.php')
 5 SYSTEMPATH\Debug\Toolbar.php(496): CodeIgniter\Debug\Toolbar->format([...], 'html')
 6 APPPATH\Config\Events.php(47): CodeIgniter\Debug\Toolbar->respond()
 7 SYSTEMPATH\Events\Events.php(152): CodeIgniter\Events\Events::Config\{closure}()
 8 SYSTEMPATH\CodeIgniter.php(339): CodeIgniter\Events\Events::trigger('pre_system')
 9 SYSTEMPATH\Boot.php(363): CodeIgniter\CodeIgniter->run()
10 SYSTEMPATH\Boot.php(68): CodeIgniter\Boot::runCodeIgniter(Object(CodeIgniter\CodeIgniter))
11 FCPATH\index.php(59): CodeIgniter\Boot::bootWeb(Object(Config\Paths))
DEBUG - 2026-02-25 16:57:10 --> Session: Class initialized using 'CodeIgniter\Session\Handlers\FileHandler' driver.
CRITICAL - 2026-02-25 16:57:11 --> ErrorException: Trying to access array offset on value of type null
[Method: GET, Route: /]
in SYSTEMPATH\Debug\Toolbar.php on line 217.
 1 SYSTEMPATH\Debug\Toolbar.php(217): CodeIgniter\Debug\Exceptions->errorHandler(2, 'Trying to access array offset on value of type null', 'C:\\xampp\\htdocs\\IM\\system\\Debug\\Toolbar.php', 217)
 2 SYSTEMPATH\Debug\Toolbar.php(200): CodeIgniter\Debug\Toolbar->renderTimelineRecursive([...], 1772009830.72798, 6, 15, [], 0)
 3 SYSTEMPATH\Debug\Toolbar\Views\toolbar.tpl.php(105): CodeIgniter\Debug\Toolbar->renderTimeline([...], 1772009830.72798, 6, 15, [])
 4 SYSTEMPATH\Debug\Toolbar.php(533): include('C:\\xampp\\htdocs\\IM\\system\\Debug\\Toolbar\\Views\\toolbar.tpl.php')
 5 SYSTEMPATH\Debug\Toolbar.php(496): CodeIgniter\Debug\Toolbar->format([...], 'html')
 6 APPPATH\Config\Events.php(47): CodeIgniter\Debug\Toolbar->respond()
 7 SYSTEMPATH\Events\Events.php(152): CodeIgniter\Events\Events::Config\{closure}()
 8 SYSTEMPATH\CodeIgniter.php(339): CodeIgniter\Events\Events::trigger('pre_system')
 9 SYSTEMPATH\Boot.php(363): CodeIgniter\CodeIgniter->run()
10 SYSTEMPATH\Boot.php(68): CodeIgniter\Boot::runCodeIgniter(Object(CodeIgniter\CodeIgniter))
11 FCPATH\index.php(59): CodeIgniter\Boot::bootWeb(Object(Config\Paths))
DEBUG - 2026-02-25 16:57:11 --> Session: Class initialized using 'CodeIgniter\Session\Handlers\FileHandler' driver.
CRITICAL - 2026-02-25 16:57:12 --> ErrorException: Trying to access array offset on value of type null
[Method: GET, Route: /]
in SYSTEMPATH\Debug\Toolbar.php on line 217.
 1 SYSTEMPATH\Debug\Toolbar.php(217): CodeIgniter\Debug\Exceptions->errorHandler(2, 'Trying to access array offset on value of type null', 'C:\\xampp\\htdocs\\IM\\system\\Debug\\Toolbar.php', 217)
 2 SYSTEMPATH\Debug\Toolbar.php(200): CodeIgniter\Debug\Toolbar->renderTimelineRecursive([...], 1772009831.710848, 7, 10, [], 0)
 3 SYSTEMPATH\Debug\Toolbar\Views\toolbar.tpl.php(105): CodeIgniter\Debug\Toolbar->renderTimeline([...], 1772009831.710848, 7, 10, [])
 4 SYSTEMPATH\Debug\Toolbar.php(533): include('C:\\xampp\\htdocs\\IM\\system\\Debug\\Toolbar\\Views\\toolbar.tpl.php')
 5 SYSTEMPATH\Debug\Toolbar.php(496): CodeIgniter\Debug\Toolbar->format([...], 'html')
 6 APPPATH\Config\Events.php(47): CodeIgniter\Debug\Toolbar->respond()
 7 SYSTEMPATH\Events\Events.php(152): CodeIgniter\Events\Events::Config\{closure}()
 8 SYSTEMPATH\CodeIgniter.php(339): CodeIgniter\Events\Events::trigger('pre_system')
 9 SYSTEMPATH\Boot.php(363): CodeIgniter\CodeIgniter->run()
10 SYSTEMPATH\Boot.php(68): CodeIgniter\Boot::runCodeIgniter(Object(CodeIgniter\CodeIgniter))
11 FCPATH\index.php(59): CodeIgniter\Boot::bootWeb(Object(Config\Paths))
DEBUG - 2026-02-25 16:57:13 --> Session: Class initialized using 'CodeIgniter\Session\Handlers\FileHandler' driver.
CRITICAL - 2026-02-25 16:57:13 --> ErrorException: Trying to access array offset on value of type null
[Method: GET, Route: /]
in SYSTEMPATH\Debug\Toolbar.php on line 217.
 1 SYSTEMPATH\Debug\Toolbar.php(217): CodeIgniter\Debug\Exceptions->errorHandler(2, 'Trying to access array offset on value of type null', 'C:\\xampp\\htdocs\\IM\\system\\Debug\\Toolbar.php', 217)
 2 SYSTEMPATH\Debug\Toolbar.php(200): CodeIgniter\Debug\Toolbar->renderTimelineRecursive([...], 1772009833.594828, 5, 15, [], 0)
 3 SYSTEMPATH\Debug\Toolbar\Views\toolbar.tpl.php(105): CodeIgniter\Debug\Toolbar->renderTimeline([...], 1772009833.594828, 5, 15, [])
 4 SYSTEMPATH\Debug\Toolbar.php(533): include('C:\\xampp\\htdocs\\IM\\system\\Debug\\Toolbar\\Views\\toolbar.tpl.php')
 5 SYSTEMPATH\Debug\Toolbar.php(496): CodeIgniter\Debug\Toolbar->format([...], 'html')
 6 APPPATH\Config\Events.php(47): CodeIgniter\Debug\Toolbar->respond()
 7 SYSTEMPATH\Events\Events.php(152): CodeIgniter\Events\Events::Config\{closure}()
 8 SYSTEMPATH\CodeIgniter.php(339): CodeIgniter\Events\Events::trigger('pre_system')
 9 SYSTEMPATH\Boot.php(363): CodeIgniter\CodeIgniter->run()
10 SYSTEMPATH\Boot.php(68): CodeIgniter\Boot::runCodeIgniter(Object(CodeIgniter\CodeIgniter))
11 FCPATH\index.php(59): CodeIgniter\Boot::bootWeb(Object(Config\Paths))
DEBUG - 2026-02-25 16:57:14 --> Session: Class initialized using 'CodeIgniter\Session\Handlers\FileHandler' driver.
CRITICAL - 2026-02-25 16:57:14 --> ErrorException: Trying to access array offset on value of type null
[Method: GET, Route: /]
in SYSTEMPATH\Debug\Toolbar.php on line 217.
 1 SYSTEMPATH\Debug\Toolbar.php(217): CodeIgniter\Debug\Exceptions->errorHandler(2, 'Trying to access array offset on value of type null', 'C:\\xampp\\htdocs\\IM\\system\\Debug\\Toolbar.php', 217)
 2 SYSTEMPATH\Debug\Toolbar.php(200): CodeIgniter\Debug\Toolbar->renderTimelineRecursive([...], 1772009834.436395, 6, 15, [], 0)
 3 SYSTEMPATH\Debug\Toolbar\Views\toolbar.tpl.php(105): CodeIgniter\Debug\Toolbar->renderTimeline([...], 1772009834.436395, 6, 15, [])
 4 SYSTEMPATH\Debug\Toolbar.php(533): include('C:\\xampp\\htdocs\\IM\\system\\Debug\\Toolbar\\Views\\toolbar.tpl.php')
 5 SYSTEMPATH\Debug\Toolbar.php(496): CodeIgniter\Debug\Toolbar->format([...], 'html')
 6 APPPATH\Config\Events.php(47): CodeIgniter\Debug\Toolbar->respond()
 7 SYSTEMPATH\Events\Events.php(152): CodeIgniter\Events\Events::Config\{closure}()
 8 SYSTEMPATH\CodeIgniter.php(339): CodeIgniter\Events\Events::trigger('pre_system')
 9 SYSTEMPATH\Boot.php(363): CodeIgniter\CodeIgniter->run()
10 SYSTEMPATH\Boot.php(68): CodeIgniter\Boot::runCodeIgniter(Object(CodeIgniter\CodeIgniter))
11 FCPATH\index.php(59): CodeIgniter\Boot::bootWeb(Object(Config\Paths))
DEBUG - 2026-02-25 16:57:16 --> Session: Class initialized using 'CodeIgniter\Session\Handlers\FileHandler' driver.
CRITICAL - 2026-02-25 16:57:17 --> ErrorException: Trying to access array offset on value of type null
[Method: GET, Route: /]
in SYSTEMPATH\Debug\Toolbar.php on line 217.
 1 SYSTEMPATH\Debug\Toolbar.php(217): CodeIgniter\Debug\Exceptions->errorHandler(2, 'Trying to access array offset on value of type null', 'C:\\xampp\\htdocs\\IM\\system\\Debug\\Toolbar.php', 217)
 2 SYSTEMPATH\Debug\Toolbar.php(200): CodeIgniter\Debug\Toolbar->renderTimelineRecursive([...], 1772009836.824793, 5, 15, [], 0)
 3 SYSTEMPATH\Debug\Toolbar\Views\toolbar.tpl.php(105): CodeIgniter\Debug\Toolbar->renderTimeline([...], 1772009836.824793, 5, 15, [])
 4 SYSTEMPATH\Debug\Toolbar.php(533): include('C:\\xampp\\htdocs\\IM\\system\\Debug\\Toolbar\\Views\\toolbar.tpl.php')
 5 SYSTEMPATH\Debug\Toolbar.php(496): CodeIgniter\Debug\Toolbar->format([...], 'html')
 6 APPPATH\Config\Events.php(47): CodeIgniter\Debug\Toolbar->respond()
 7 SYSTEMPATH\Events\Events.php(152): CodeIgniter\Events\Events::Config\{closure}()
 8 SYSTEMPATH\CodeIgniter.php(339): CodeIgniter\Events\Events::trigger('pre_system')
 9 SYSTEMPATH\Boot.php(363): CodeIgniter\CodeIgniter->run()
10 SYSTEMPATH\Boot.php(68): CodeIgniter\Boot::runCodeIgniter(Object(CodeIgniter\CodeIgniter))
11 FCPATH\index.php(59): CodeIgniter\Boot::bootWeb(Object(Config\Paths))
DEBUG - 2026-02-25 16:57:17 --> Session: Class initialized using 'CodeIgniter\Session\Handlers\FileHandler' driver.
CRITICAL - 2026-02-25 16:57:18 --> ErrorException: Trying to access array offset on value of type null
[Method: GET, Route: /]
in SYSTEMPATH\Debug\Toolbar.php on line 217.
 1 SYSTEMPATH\Debug\Toolbar.php(217): CodeIgniter\Debug\Exceptions->errorHandler(2, 'Trying to access array offset on value of type null', 'C:\\xampp\\htdocs\\IM\\system\\Debug\\Toolbar.php', 217)
 2 SYSTEMPATH\Debug\Toolbar.php(200): CodeIgniter\Debug\Toolbar->renderTimelineRecursive([...], 1772009837.8267, 7, 10, [], 0)
 3 SYSTEMPATH\Debug\Toolbar\Views\toolbar.tpl.php(105): CodeIgniter\Debug\Toolbar->renderTimeline([...], 1772009837.8267, 7, 10, [])
 4 SYSTEMPATH\Debug\Toolbar.php(533): include('C:\\xampp\\htdocs\\IM\\system\\Debug\\Toolbar\\Views\\toolbar.tpl.php')
 5 SYSTEMPATH\Debug\Toolbar.php(496): CodeIgniter\Debug\Toolbar->format([...], 'html')
 6 APPPATH\Config\Events.php(47): CodeIgniter\Debug\Toolbar->respond()
 7 SYSTEMPATH\Events\Events.php(152): CodeIgniter\Events\Events::Config\{closure}()
 8 SYSTEMPATH\CodeIgniter.php(339): CodeIgniter\Events\Events::trigger('pre_system')
 9 SYSTEMPATH\Boot.php(363): CodeIgniter\CodeIgniter->run()
10 SYSTEMPATH\Boot.php(68): CodeIgniter\Boot::runCodeIgniter(Object(CodeIgniter\CodeIgniter))
11 FCPATH\index.php(59): CodeIgniter\Boot::bootWeb(Object(Config\Paths))
DEBUG - 2026-02-25 16:57:18 --> Session: Class initialized using 'CodeIgniter\Session\Handlers\FileHandler' driver.
CRITICAL - 2026-02-25 16:57:19 --> ErrorException: Trying to access array offset on value of type null
[Method: GET, Route: /]
in SYSTEMPATH\Debug\Toolbar.php on line 217.
 1 SYSTEMPATH\Debug\Toolbar.php(217): CodeIgniter\Debug\Exceptions->errorHandler(2, 'Trying to access array offset on value of type null', 'C:\\xampp\\htdocs\\IM\\system\\Debug\\Toolbar.php', 217)
 2 SYSTEMPATH\Debug\Toolbar.php(200): CodeIgniter\Debug\Toolbar->renderTimelineRecursive([...], 1772009838.819191, 6, 15, [], 0)
 3 SYSTEMPATH\Debug\Toolbar\Views\toolbar.tpl.php(105): CodeIgniter\Debug\Toolbar->renderTimeline([...], 1772009838.819191, 6, 15, [])
 4 SYSTEMPATH\Debug\Toolbar.php(533): include('C:\\xampp\\htdocs\\IM\\system\\Debug\\Toolbar\\Views\\toolbar.tpl.php')
 5 SYSTEMPATH\Debug\Toolbar.php(496): CodeIgniter\Debug\Toolbar->format([...], 'html')
 6 APPPATH\Config\Events.php(47): CodeIgniter\Debug\Toolbar->respond()
 7 SYSTEMPATH\Events\Events.php(152): CodeIgniter\Events\Events::Config\{closure}()
 8 SYSTEMPATH\CodeIgniter.php(339): CodeIgniter\Events\Events::trigger('pre_system')
 9 SYSTEMPATH\Boot.php(363): CodeIgniter\CodeIgniter->run()
10 SYSTEMPATH\Boot.php(68): CodeIgniter\Boot::runCodeIgniter(Object(CodeIgniter\CodeIgniter))
11 FCPATH\index.php(59): CodeIgniter\Boot::bootWeb(Object(Config\Paths))
DEBUG - 2026-02-25 16:57:19 --> Session: Class initialized using 'CodeIgniter\Session\Handlers\FileHandler' driver.
CRITICAL - 2026-02-25 16:57:19 --> ErrorException: Trying to access array offset on value of type null
[Method: GET, Route: /]
in SYSTEMPATH\Debug\Toolbar.php on line 217.
 1 SYSTEMPATH\Debug\Toolbar.php(217): CodeIgniter\Debug\Exceptions->errorHandler(2, 'Trying to access array offset on value of type null', 'C:\\xampp\\htdocs\\IM\\system\\Debug\\Toolbar.php', 217)
 2 SYSTEMPATH\Debug\Toolbar.php(200): CodeIgniter\Debug\Toolbar->renderTimelineRecursive([...], 1772009839.497729, 5, 15, [], 0)
 3 SYSTEMPATH\Debug\Toolbar\Views\toolbar.tpl.php(105): CodeIgniter\Debug\Toolbar->renderTimeline([...], 1772009839.497729, 5, 15, [])
 4 SYSTEMPATH\Debug\Toolbar.php(533): include('C:\\xampp\\htdocs\\IM\\system\\Debug\\Toolbar\\Views\\toolbar.tpl.php')
 5 SYSTEMPATH\Debug\Toolbar.php(496): CodeIgniter\Debug\Toolbar->format([...], 'html')
 6 APPPATH\Config\Events.php(47): CodeIgniter\Debug\Toolbar->respond()
 7 SYSTEMPATH\Events\Events.php(152): CodeIgniter\Events\Events::Config\{closure}()
 8 SYSTEMPATH\CodeIgniter.php(339): CodeIgniter\Events\Events::trigger('pre_system')
 9 SYSTEMPATH\Boot.php(363): CodeIgniter\CodeIgniter->run()
10 SYSTEMPATH\Boot.php(68): CodeIgniter\Boot::runCodeIgniter(Object(CodeIgniter\CodeIgniter))
11 FCPATH\index.php(59): CodeIgniter\Boot::bootWeb(Object(Config\Paths))
DEBUG - 2026-02-25 16:57:21 --> Session: Class initialized using 'CodeIgniter\Session\Handlers\FileHandler' driver.
CRITICAL - 2026-02-25 16:57:21 --> ErrorException: Trying to access array offset on value of type null
[Method: GET, Route: /]
in SYSTEMPATH\Debug\Toolbar.php on line 217.
 1 SYSTEMPATH\Debug\Toolbar.php(217): CodeIgniter\Debug\Exceptions->errorHandler(2, 'Trying to access array offset on value of type null', 'C:\\xampp\\htdocs\\IM\\system\\Debug\\Toolbar.php', 217)
 2 SYSTEMPATH\Debug\Toolbar.php(200): CodeIgniter\Debug\Toolbar->renderTimelineRecursive([...], 1772009841.265322, 6, 15, [], 0)
 3 SYSTEMPATH\Debug\Toolbar\Views\toolbar.tpl.php(105): CodeIgniter\Debug\Toolbar->renderTimeline([...], 1772009841.265322, 6, 15, [])
 4 SYSTEMPATH\Debug\Toolbar.php(533): include('C:\\xampp\\htdocs\\IM\\system\\Debug\\Toolbar\\Views\\toolbar.tpl.php')
 5 SYSTEMPATH\Debug\Toolbar.php(496): CodeIgniter\Debug\Toolbar->format([...], 'html')
 6 APPPATH\Config\Events.php(47): CodeIgniter\Debug\Toolbar->respond()
 7 SYSTEMPATH\Events\Events.php(152): CodeIgniter\Events\Events::Config\{closure}()
 8 SYSTEMPATH\CodeIgniter.php(339): CodeIgniter\Events\Events::trigger('pre_system')
 9 SYSTEMPATH\Boot.php(363): CodeIgniter\CodeIgniter->run()
10 SYSTEMPATH\Boot.php(68): CodeIgniter\Boot::runCodeIgniter(Object(CodeIgniter\CodeIgniter))
11 FCPATH\index.php(59): CodeIgniter\Boot::bootWeb(Object(Config\Paths))
DEBUG - 2026-02-25 16:57:22 --> Session: Class initialized using 'CodeIgniter\Session\Handlers\FileHandler' driver.
CRITICAL - 2026-02-25 16:57:22 --> ErrorException: Trying to access array offset on value of type null
[Method: GET, Route: /]
in SYSTEMPATH\Debug\Toolbar.php on line 217.
 1 SYSTEMPATH\Debug\Toolbar.php(217): CodeIgniter\Debug\Exceptions->errorHandler(2, 'Trying to access array offset on value of type null', 'C:\\xampp\\htdocs\\IM\\system\\Debug\\Toolbar.php', 217)
 2 SYSTEMPATH\Debug\Toolbar.php(200): CodeIgniter\Debug\Toolbar->renderTimelineRecursive([...], 1772009842.055657, 7, 10, [], 0)
 3 SYSTEMPATH\Debug\Toolbar\Views\toolbar.tpl.php(105): CodeIgniter\Debug\Toolbar->renderTimeline([...], 1772009842.055657, 7, 10, [])
 4 SYSTEMPATH\Debug\Toolbar.php(533): include('C:\\xampp\\htdocs\\IM\\system\\Debug\\Toolbar\\Views\\toolbar.tpl.php')
 5 SYSTEMPATH\Debug\Toolbar.php(496): CodeIgniter\Debug\Toolbar->format([...], 'html')
 6 APPPATH\Config\Events.php(47): CodeIgniter\Debug\Toolbar->respond()
 7 SYSTEMPATH\Events\Events.php(152): CodeIgniter\Events\Events::Config\{closure}()
 8 SYSTEMPATH\CodeIgniter.php(339): CodeIgniter\Events\Events::trigger('pre_system')
 9 SYSTEMPATH\Boot.php(363): CodeIgniter\CodeIgniter->run()
10 SYSTEMPATH\Boot.php(68): CodeIgniter\Boot::runCodeIgniter(Object(CodeIgniter\CodeIgniter))
11 FCPATH\index.php(59): CodeIgniter\Boot::bootWeb(Object(Config\Paths))
DEBUG - 2026-02-25 16:57:24 --> Session: Class initialized using 'CodeIgniter\Session\Handlers\FileHandler' driver.
CRITICAL - 2026-02-25 16:57:24 --> ErrorException: Trying to access array offset on value of type null
[Method: GET, Route: /]
in SYSTEMPATH\Debug\Toolbar.php on line 217.
 1 SYSTEMPATH\Debug\Toolbar.php(217): CodeIgniter\Debug\Exceptions->errorHandler(2, 'Trying to access array offset on value of type null', 'C:\\xampp\\htdocs\\IM\\system\\Debug\\Toolbar.php', 217)
 2 SYSTEMPATH\Debug\Toolbar.php(200): CodeIgniter\Debug\Toolbar->renderTimelineRecursive([...], 1772009843.969284, 5, 15, [], 0)
 3 SYSTEMPATH\Debug\Toolbar\Views\toolbar.tpl.php(105): CodeIgniter\Debug\Toolbar->renderTimeline([...], 1772009843.969284, 5, 15, [])
 4 SYSTEMPATH\Debug\Toolbar.php(533): include('C:\\xampp\\htdocs\\IM\\system\\Debug\\Toolbar\\Views\\toolbar.tpl.php')
 5 SYSTEMPATH\Debug\Toolbar.php(496): CodeIgniter\Debug\Toolbar->format([...], 'html')
 6 APPPATH\Config\Events.php(47): CodeIgniter\Debug\Toolbar->respond()
 7 SYSTEMPATH\Events\Events.php(152): CodeIgniter\Events\Events::Config\{closure}()
 8 SYSTEMPATH\CodeIgniter.php(339): CodeIgniter\Events\Events::trigger('pre_system')
 9 SYSTEMPATH\Boot.php(363): CodeIgniter\CodeIgniter->run()
10 SYSTEMPATH\Boot.php(68): CodeIgniter\Boot::runCodeIgniter(Object(CodeIgniter\CodeIgniter))
11 FCPATH\index.php(59): CodeIgniter\Boot::bootWeb(Object(Config\Paths))
DEBUG - 2026-02-25 16:57:25 --> Session: Class initialized using 'CodeIgniter\Session\Handlers\FileHandler' driver.
CRITICAL - 2026-02-25 16:57:25 --> ErrorException: Trying to access array offset on value of type null
[Method: GET, Route: /]
in SYSTEMPATH\Debug\Toolbar.php on line 217.
 1 SYSTEMPATH\Debug\Toolbar.php(217): CodeIgniter\Debug\Exceptions->errorHandler(2, 'Trying to access array offset on value of type null', 'C:\\xampp\\htdocs\\IM\\system\\Debug\\Toolbar.php', 217)
 2 SYSTEMPATH\Debug\Toolbar.php(200): CodeIgniter\Debug\Toolbar->renderTimelineRecursive([...], 1772009845.407043, 6, 15, [], 0)
 3 SYSTEMPATH\Debug\Toolbar\Views\toolbar.tpl.php(105): CodeIgniter\Debug\Toolbar->renderTimeline([...], 1772009845.407043, 6, 15, [])
 4 SYSTEMPATH\Debug\Toolbar.php(533): include('C:\\xampp\\htdocs\\IM\\system\\Debug\\Toolbar\\Views\\toolbar.tpl.php')
 5 SYSTEMPATH\Debug\Toolbar.php(496): CodeIgniter\Debug\Toolbar->format([...], 'html')
 6 APPPATH\Config\Events.php(47): CodeIgniter\Debug\Toolbar->respond()
 7 SYSTEMPATH\Events\Events.php(152): CodeIgniter\Events\Events::Config\{closure}()
 8 SYSTEMPATH\CodeIgniter.php(339): CodeIgniter\Events\Events::trigger('pre_system')
 9 SYSTEMPATH\Boot.php(363): CodeIgniter\CodeIgniter->run()
10 SYSTEMPATH\Boot.php(68): CodeIgniter\Boot::runCodeIgniter(Object(CodeIgniter\CodeIgniter))
11 FCPATH\index.php(59): CodeIgniter\Boot::bootWeb(Object(Config\Paths))
DEBUG - 2026-02-25 16:57:26 --> Session: Class initialized using 'CodeIgniter\Session\Handlers\FileHandler' driver.
CRITICAL - 2026-02-25 16:57:26 --> ErrorException: Trying to access array offset on value of type null
[Method: GET, Route: /]
in SYSTEMPATH\Debug\Toolbar.php on line 217.
 1 SYSTEMPATH\Debug\Toolbar.php(217): CodeIgniter\Debug\Exceptions->errorHandler(2, 'Trying to access array offset on value of type null', 'C:\\xampp\\htdocs\\IM\\system\\Debug\\Toolbar.php', 217)
 2 SYSTEMPATH\Debug\Toolbar.php(200): CodeIgniter\Debug\Toolbar->renderTimelineRecursive([...], 1772009846.073423, 5, 15, [], 0)
 3 SYSTEMPATH\Debug\Toolbar\Views\toolbar.tpl.php(105): CodeIgniter\Debug\Toolbar->renderTimeline([...], 1772009846.073423, 5, 15, [])
 4 SYSTEMPATH\Debug\Toolbar.php(533): include('C:\\xampp\\htdocs\\IM\\system\\Debug\\Toolbar\\Views\\toolbar.tpl.php')
 5 SYSTEMPATH\Debug\Toolbar.php(496): CodeIgniter\Debug\Toolbar->format([...], 'html')
 6 APPPATH\Config\Events.php(47): CodeIgniter\Debug\Toolbar->respond()
 7 SYSTEMPATH\Events\Events.php(152): CodeIgniter\Events\Events::Config\{closure}()
 8 SYSTEMPATH\CodeIgniter.php(339): CodeIgniter\Events\Events::trigger('pre_system')
 9 SYSTEMPATH\Boot.php(363): CodeIgniter\CodeIgniter->run()
10 SYSTEMPATH\Boot.php(68): CodeIgniter\Boot::runCodeIgniter(Object(CodeIgniter\CodeIgniter))
11 FCPATH\index.php(59): CodeIgniter\Boot::bootWeb(Object(Config\Paths))
DEBUG - 2026-02-25 16:57:27 --> Session: Class initialized using 'CodeIgniter\Session\Handlers\FileHandler' driver.
CRITICAL - 2026-02-25 16:57:27 --> ErrorException: Trying to access array offset on value of type null
[Method: GET, Route: /]
in SYSTEMPATH\Debug\Toolbar.php on line 217.
 1 SYSTEMPATH\Debug\Toolbar.php(217): CodeIgniter\Debug\Exceptions->errorHandler(2, 'Trying to access array offset on value of type null', 'C:\\xampp\\htdocs\\IM\\system\\Debug\\Toolbar.php', 217)
 2 SYSTEMPATH\Debug\Toolbar.php(200): CodeIgniter\Debug\Toolbar->renderTimelineRecursive([...], 1772009847.101405, 6, 15, [], 0)
 3 SYSTEMPATH\Debug\Toolbar\Views\toolbar.tpl.php(105): CodeIgniter\Debug\Toolbar->renderTimeline([...], 1772009847.101405, 6, 15, [])
 4 SYSTEMPATH\Debug\Toolbar.php(533): include('C:\\xampp\\htdocs\\IM\\system\\Debug\\Toolbar\\Views\\toolbar.tpl.php')
 5 SYSTEMPATH\Debug\Toolbar.php(496): CodeIgniter\Debug\Toolbar->format([...], 'html')
 6 APPPATH\Config\Events.php(47): CodeIgniter\Debug\Toolbar->respond()
 7 SYSTEMPATH\Events\Events.php(152): CodeIgniter\Events\Events::Config\{closure}()
 8 SYSTEMPATH\CodeIgniter.php(339): CodeIgniter\Events\Events::trigger('pre_system')
 9 SYSTEMPATH\Boot.php(363): CodeIgniter\CodeIgniter->run()
10 SYSTEMPATH\Boot.php(68): CodeIgniter\Boot::runCodeIgniter(Object(CodeIgniter\CodeIgniter))
11 FCPATH\index.php(59): CodeIgniter\Boot::bootWeb(Object(Config\Paths))
DEBUG - 2026-02-25 16:57:28 --> Session: Class initialized using 'CodeIgniter\Session\Handlers\FileHandler' driver.
CRITICAL - 2026-02-25 16:57:28 --> ErrorException: Trying to access array offset on value of type null
[Method: GET, Route: /]
in SYSTEMPATH\Debug\Toolbar.php on line 217.
 1 SYSTEMPATH\Debug\Toolbar.php(217): CodeIgniter\Debug\Exceptions->errorHandler(2, 'Trying to access array offset on value of type null', 'C:\\xampp\\htdocs\\IM\\system\\Debug\\Toolbar.php', 217)
 2 SYSTEMPATH\Debug\Toolbar.php(200): CodeIgniter\Debug\Toolbar->renderTimelineRecursive([...], 1772009848.04507, 5, 15, [], 0)
 3 SYSTEMPATH\Debug\Toolbar\Views\toolbar.tpl.php(105): CodeIgniter\Debug\Toolbar->renderTimeline([...], 1772009848.04507, 5, 15, [])
 4 SYSTEMPATH\Debug\Toolbar.php(533): include('C:\\xampp\\htdocs\\IM\\system\\Debug\\Toolbar\\Views\\toolbar.tpl.php')
 5 SYSTEMPATH\Debug\Toolbar.php(496): CodeIgniter\Debug\Toolbar->format([...], 'html')
 6 APPPATH\Config\Events.php(47): CodeIgniter\Debug\Toolbar->respond()
 7 SYSTEMPATH\Events\Events.php(152): CodeIgniter\Events\Events::Config\{closure}()
 8 SYSTEMPATH\CodeIgniter.php(339): CodeIgniter\Events\Events::trigger('pre_system')
 9 SYSTEMPATH\Boot.php(363): CodeIgniter\CodeIgniter->run()
10 SYSTEMPATH\Boot.php(68): CodeIgniter\Boot::runCodeIgniter(Object(CodeIgniter\CodeIgniter))
11 FCPATH\index.php(59): CodeIgniter\Boot::bootWeb(Object(Config\Paths))
DEBUG - 2026-02-25 16:57:54 --> Session: Class initialized using 'CodeIgniter\Session\Handlers\FileHandler' driver.
CRITICAL - 2026-02-25 16:57:54 --> ErrorException: Trying to access array offset on value of type null
[Method: GET, Route: /]
in SYSTEMPATH\Debug\Toolbar.php on line 217.
 1 SYSTEMPATH\Debug\Toolbar.php(217): CodeIgniter\Debug\Exceptions->errorHandler(2, 'Trying to access array offset on value of type null', 'C:\\xampp\\htdocs\\IM\\system\\Debug\\Toolbar.php', 217)
 2 SYSTEMPATH\Debug\Toolbar.php(200): CodeIgniter\Debug\Toolbar->renderTimelineRecursive([...], 1772009874.233812, 5, 15, [], 0)
 3 SYSTEMPATH\Debug\Toolbar\Views\toolbar.tpl.php(105): CodeIgniter\Debug\Toolbar->renderTimeline([...], 1772009874.233812, 5, 15, [])
 4 SYSTEMPATH\Debug\Toolbar.php(533): include('C:\\xampp\\htdocs\\IM\\system\\Debug\\Toolbar\\Views\\toolbar.tpl.php')
 5 SYSTEMPATH\Debug\Toolbar.php(496): CodeIgniter\Debug\Toolbar->format([...], 'html')
 6 APPPATH\Config\Events.php(47): CodeIgniter\Debug\Toolbar->respond()
 7 SYSTEMPATH\Events\Events.php(152): CodeIgniter\Events\Events::Config\{closure}()
 8 SYSTEMPATH\CodeIgniter.php(339): CodeIgniter\Events\Events::trigger('pre_system')
 9 SYSTEMPATH\Boot.php(363): CodeIgniter\CodeIgniter->run()
10 SYSTEMPATH\Boot.php(68): CodeIgniter\Boot::runCodeIgniter(Object(CodeIgniter\CodeIgniter))
11 FCPATH\index.php(59): CodeIgniter\Boot::bootWeb(Object(Config\Paths))
DEBUG - 2026-02-25 16:58:00 --> Session: Class initialized using 'CodeIgniter\Session\Handlers\FileHandler' driver.
CRITICAL - 2026-02-25 16:58:00 --> ErrorException: Trying to access array offset on value of type null
[Method: GET, Route: /]
in SYSTEMPATH\Debug\Toolbar.php on line 217.
 1 SYSTEMPATH\Debug\Toolbar.php(217): CodeIgniter\Debug\Exceptions->errorHandler(2, 'Trying to access array offset on value of type null', 'C:\\xampp\\htdocs\\IM\\system\\Debug\\Toolbar.php', 217)
 2 SYSTEMPATH\Debug\Toolbar.php(200): CodeIgniter\Debug\Toolbar->renderTimelineRecursive([...], 1772009880.266302, 5, 15, [], 0)
 3 SYSTEMPATH\Debug\Toolbar\Views\toolbar.tpl.php(105): CodeIgniter\Debug\Toolbar->renderTimeline([...], 1772009880.266302, 5, 15, [])
 4 SYSTEMPATH\Debug\Toolbar.php(533): include('C:\\xampp\\htdocs\\IM\\system\\Debug\\Toolbar\\Views\\toolbar.tpl.php')
 5 SYSTEMPATH\Debug\Toolbar.php(496): CodeIgniter\Debug\Toolbar->format([...], 'html')
 6 APPPATH\Config\Events.php(47): CodeIgniter\Debug\Toolbar->respond()
 7 SYSTEMPATH\Events\Events.php(152): CodeIgniter\Events\Events::Config\{closure}()
 8 SYSTEMPATH\CodeIgniter.php(339): CodeIgniter\Events\Events::trigger('pre_system')
 9 SYSTEMPATH\Boot.php(363): CodeIgniter\CodeIgniter->run()
10 SYSTEMPATH\Boot.php(68): CodeIgniter\Boot::runCodeIgniter(Object(CodeIgniter\CodeIgniter))
11 FCPATH\index.php(59): CodeIgniter\Boot::bootWeb(Object(Config\Paths))
DEBUG - 2026-02-25 16:58:01 --> Session: Class initialized using 'CodeIgniter\Session\Handlers\FileHandler' driver.
CRITICAL - 2026-02-25 16:58:01 --> ErrorException: Trying to access array offset on value of type null
[Method: GET, Route: /]
in SYSTEMPATH\Debug\Toolbar.php on line 217.
 1 SYSTEMPATH\Debug\Toolbar.php(217): CodeIgniter\Debug\Exceptions->errorHandler(2, 'Trying to access array offset on value of type null', 'C:\\xampp\\htdocs\\IM\\system\\Debug\\Toolbar.php', 217)
 2 SYSTEMPATH\Debug\Toolbar.php(200): CodeIgniter\Debug\Toolbar->renderTimelineRecursive([...], 1772009881.562229, 7, 10, [], 0)
 3 SYSTEMPATH\Debug\Toolbar\Views\toolbar.tpl.php(105): CodeIgniter\Debug\Toolbar->renderTimeline([...], 1772009881.562229, 7, 10, [])
 4 SYSTEMPATH\Debug\Toolbar.php(533): include('C:\\xampp\\htdocs\\IM\\system\\Debug\\Toolbar\\Views\\toolbar.tpl.php')
 5 SYSTEMPATH\Debug\Toolbar.php(496): CodeIgniter\Debug\Toolbar->format([...], 'html')
 6 APPPATH\Config\Events.php(47): CodeIgniter\Debug\Toolbar->respond()
 7 SYSTEMPATH\Events\Events.php(152): CodeIgniter\Events\Events::Config\{closure}()
 8 SYSTEMPATH\CodeIgniter.php(339): CodeIgniter\Events\Events::trigger('pre_system')
 9 SYSTEMPATH\Boot.php(363): CodeIgniter\CodeIgniter->run()
10 SYSTEMPATH\Boot.php(68): CodeIgniter\Boot::runCodeIgniter(Object(CodeIgniter\CodeIgniter))
11 FCPATH\index.php(59): CodeIgniter\Boot::bootWeb(Object(Config\Paths))
DEBUG - 2026-02-25 16:58:07 --> Session: Class initialized using 'CodeIgniter\Session\Handlers\FileHandler' driver.
CRITICAL - 2026-02-25 16:58:07 --> ErrorException: Trying to access array offset on value of type null
[Method: GET, Route: /]
in SYSTEMPATH\Debug\Toolbar.php on line 217.
 1 SYSTEMPATH\Debug\Toolbar.php(217): CodeIgniter\Debug\Exceptions->errorHandler(2, 'Trying to access array offset on value of type null', 'C:\\xampp\\htdocs\\IM\\system\\Debug\\Toolbar.php', 217)
 2 SYSTEMPATH\Debug\Toolbar.php(200): CodeIgniter\Debug\Toolbar->renderTimelineRecursive([...], 1772009887.051268, 6, 15, [], 0)
 3 SYSTEMPATH\Debug\Toolbar\Views\toolbar.tpl.php(105): CodeIgniter\Debug\Toolbar->renderTimeline([...], 1772009887.051268, 6, 15, [])
 4 SYSTEMPATH\Debug\Toolbar.php(533): include('C:\\xampp\\htdocs\\IM\\system\\Debug\\Toolbar\\Views\\toolbar.tpl.php')
 5 SYSTEMPATH\Debug\Toolbar.php(496): CodeIgniter\Debug\Toolbar->format([...], 'html')
 6 APPPATH\Config\Events.php(47): CodeIgniter\Debug\Toolbar->respond()
 7 SYSTEMPATH\Events\Events.php(152): CodeIgniter\Events\Events::Config\{closure}()
 8 SYSTEMPATH\CodeIgniter.php(339): CodeIgniter\Events\Events::trigger('pre_system')
 9 SYSTEMPATH\Boot.php(363): CodeIgniter\CodeIgniter->run()
10 SYSTEMPATH\Boot.php(68): CodeIgniter\Boot::runCodeIgniter(Object(CodeIgniter\CodeIgniter))
11 FCPATH\index.php(59): CodeIgniter\Boot::bootWeb(Object(Config\Paths))
DEBUG - 2026-02-25 16:58:09 --> Session: Class initialized using 'CodeIgniter\Session\Handlers\FileHandler' driver.
CRITICAL - 2026-02-25 16:58:09 --> ErrorException: Trying to access array offset on value of type null
[Method: GET, Route: /]
in SYSTEMPATH\Debug\Toolbar.php on line 217.
 1 SYSTEMPATH\Debug\Toolbar.php(217): CodeIgniter\Debug\Exceptions->errorHandler(2, 'Trying to access array offset on value of type null', 'C:\\xampp\\htdocs\\IM\\system\\Debug\\Toolbar.php', 217)
 2 SYSTEMPATH\Debug\Toolbar.php(200): CodeIgniter\Debug\Toolbar->renderTimelineRecursive([...], 1772009888.956384, 6, 15, [], 0)
 3 SYSTEMPATH\Debug\Toolbar\Views\toolbar.tpl.php(105): CodeIgniter\Debug\Toolbar->renderTimeline([...], 1772009888.956384, 6, 15, [])
 4 SYSTEMPATH\Debug\Toolbar.php(533): include('C:\\xampp\\htdocs\\IM\\system\\Debug\\Toolbar\\Views\\toolbar.tpl.php')
 5 SYSTEMPATH\Debug\Toolbar.php(496): CodeIgniter\Debug\Toolbar->format([...], 'html')
 6 APPPATH\Config\Events.php(47): CodeIgniter\Debug\Toolbar->respond()
 7 SYSTEMPATH\Events\Events.php(152): CodeIgniter\Events\Events::Config\{closure}()
 8 SYSTEMPATH\CodeIgniter.php(339): CodeIgniter\Events\Events::trigger('pre_system')
 9 SYSTEMPATH\Boot.php(363): CodeIgniter\CodeIgniter->run()
10 SYSTEMPATH\Boot.php(68): CodeIgniter\Boot::runCodeIgniter(Object(CodeIgniter\CodeIgniter))
11 FCPATH\index.php(59): CodeIgniter\Boot::bootWeb(Object(Config\Paths))
DEBUG - 2026-02-25 16:58:10 --> Session: Class initialized using 'CodeIgniter\Session\Handlers\FileHandler' driver.
CRITICAL - 2026-02-25 16:58:10 --> ErrorException: Trying to access array offset on value of type null
[Method: GET, Route: /]
in SYSTEMPATH\Debug\Toolbar.php on line 217.
 1 SYSTEMPATH\Debug\Toolbar.php(217): CodeIgniter\Debug\Exceptions->errorHandler(2, 'Trying to access array offset on value of type null', 'C:\\xampp\\htdocs\\IM\\system\\Debug\\Toolbar.php', 217)
 2 SYSTEMPATH\Debug\Toolbar.php(200): CodeIgniter\Debug\Toolbar->renderTimelineRecursive([...], 1772009889.997134, 6, 15, [], 0)
 3 SYSTEMPATH\Debug\Toolbar\Views\toolbar.tpl.php(105): CodeIgniter\Debug\Toolbar->renderTimeline([...], 1772009889.997134, 6, 15, [])
 4 SYSTEMPATH\Debug\Toolbar.php(533): include('C:\\xampp\\htdocs\\IM\\system\\Debug\\Toolbar\\Views\\toolbar.tpl.php')
 5 SYSTEMPATH\Debug\Toolbar.php(496): CodeIgniter\Debug\Toolbar->format([...], 'html')
 6 APPPATH\Config\Events.php(47): CodeIgniter\Debug\Toolbar->respond()
 7 SYSTEMPATH\Events\Events.php(152): CodeIgniter\Events\Events::Config\{closure}()
 8 SYSTEMPATH\CodeIgniter.php(339): CodeIgniter\Events\Events::trigger('pre_system')
 9 SYSTEMPATH\Boot.php(363): CodeIgniter\CodeIgniter->run()
10 SYSTEMPATH\Boot.php(68): CodeIgniter\Boot::runCodeIgniter(Object(CodeIgniter\CodeIgniter))
11 FCPATH\index.php(59): CodeIgniter\Boot::bootWeb(Object(Config\Paths))
DEBUG - 2026-02-25 16:58:10 --> Session: Class initialized using 'CodeIgniter\Session\Handlers\FileHandler' driver.
CRITICAL - 2026-02-25 16:58:11 --> ErrorException: Trying to access array offset on value of type null
[Method: GET, Route: /]
in SYSTEMPATH\Debug\Toolbar.php on line 217.
 1 SYSTEMPATH\Debug\Toolbar.php(217): CodeIgniter\Debug\Exceptions->errorHandler(2, 'Trying to access array offset on value of type null', 'C:\\xampp\\htdocs\\IM\\system\\Debug\\Toolbar.php', 217)
 2 SYSTEMPATH\Debug\Toolbar.php(200): CodeIgniter\Debug\Toolbar->renderTimelineRecursive([...], 1772009890.933649, 5, 15, [], 0)
 3 SYSTEMPATH\Debug\Toolbar\Views\toolbar.tpl.php(105): CodeIgniter\Debug\Toolbar->renderTimeline([...], 1772009890.933649, 5, 15, [])
 4 SYSTEMPATH\Debug\Toolbar.php(533): include('C:\\xampp\\htdocs\\IM\\system\\Debug\\Toolbar\\Views\\toolbar.tpl.php')
 5 SYSTEMPATH\Debug\Toolbar.php(496): CodeIgniter\Debug\Toolbar->format([...], 'html')
 6 APPPATH\Config\Events.php(47): CodeIgniter\Debug\Toolbar->respond()
 7 SYSTEMPATH\Events\Events.php(152): CodeIgniter\Events\Events::Config\{closure}()
 8 SYSTEMPATH\CodeIgniter.php(339): CodeIgniter\Events\Events::trigger('pre_system')
 9 SYSTEMPATH\Boot.php(363): CodeIgniter\CodeIgniter->run()
10 SYSTEMPATH\Boot.php(68): CodeIgniter\Boot::runCodeIgniter(Object(CodeIgniter\CodeIgniter))
11 FCPATH\index.php(59): CodeIgniter\Boot::bootWeb(Object(Config\Paths))
WARNING - 2026-02-25 16:58:13 --> [DEPRECATED] Creation of dynamic property App\Controllers\ApplicationController::$contactsModel is deprecated in APPPATH\Controllers\ApplicationController.php on line 41.
 1 SYSTEMPATH\CodeIgniter.php(903): App\Controllers\ApplicationController->__construct()
 2 SYSTEMPATH\CodeIgniter.php(498): CodeIgniter\CodeIgniter->createController()
 3 SYSTEMPATH\CodeIgniter.php(354): CodeIgniter\CodeIgniter->handleRequest(null, Object(Config\Cache), false)
 4 SYSTEMPATH\Boot.php(363): CodeIgniter\CodeIgniter->run()
 5 SYSTEMPATH\Boot.php(68): CodeIgniter\Boot::runCodeIgniter(Object(CodeIgniter\CodeIgniter))
 6 FCPATH\index.php(59): CodeIgniter\Boot::bootWeb(Object(Config\Paths))
WARNING - 2026-02-25 16:58:13 --> [DEPRECATED] Creation of dynamic property App\Controllers\ApplicationController::$environmentsModel is deprecated in APPPATH\Controllers\ApplicationController.php on line 42.
 1 SYSTEMPATH\CodeIgniter.php(903): App\Controllers\ApplicationController->__construct()
 2 SYSTEMPATH\CodeIgniter.php(498): CodeIgniter\CodeIgniter->createController()
 3 SYSTEMPATH\CodeIgniter.php(354): CodeIgniter\CodeIgniter->handleRequest(null, Object(Config\Cache), false)
 4 SYSTEMPATH\Boot.php(363): CodeIgniter\CodeIgniter->run()
 5 SYSTEMPATH\Boot.php(68): CodeIgniter\Boot::runCodeIgniter(Object(CodeIgniter\CodeIgniter))
 6 FCPATH\index.php(59): CodeIgniter\Boot::bootWeb(Object(Config\Paths))
WARNING - 2026-02-25 16:58:13 --> [DEPRECATED] Creation of dynamic property App\Controllers\ApplicationController::$infrastructureModel is deprecated in APPPATH\Controllers\ApplicationController.php on line 43.
 1 SYSTEMPATH\CodeIgniter.php(903): App\Controllers\ApplicationController->__construct()
 2 SYSTEMPATH\CodeIgniter.php(498): CodeIgniter\CodeIgniter->createController()
 3 SYSTEMPATH\CodeIgniter.php(354): CodeIgniter\CodeIgniter->handleRequest(null, Object(Config\Cache), false)
 4 SYSTEMPATH\Boot.php(363): CodeIgniter\CodeIgniter->run()
 5 SYSTEMPATH\Boot.php(68): CodeIgniter\Boot::runCodeIgniter(Object(CodeIgniter\CodeIgniter))
 6 FCPATH\index.php(59): CodeIgniter\Boot::bootWeb(Object(Config\Paths))
WARNING - 2026-02-25 16:58:13 --> [DEPRECATED] Creation of dynamic property App\Controllers\ApplicationController::$complianceModel is deprecated in APPPATH\Controllers\ApplicationController.php on line 44.
 1 SYSTEMPATH\CodeIgniter.php(903): App\Controllers\ApplicationController->__construct()
 2 SYSTEMPATH\CodeIgniter.php(498): CodeIgniter\CodeIgniter->createController()
 3 SYSTEMPATH\CodeIgniter.php(354): CodeIgniter\CodeIgniter->handleRequest(null, Object(Config\Cache), false)
 4 SYSTEMPATH\Boot.php(363): CodeIgniter\CodeIgniter->run()
 5 SYSTEMPATH\Boot.php(68): CodeIgniter\Boot::runCodeIgniter(Object(CodeIgniter\CodeIgniter))
 6 FCPATH\index.php(59): CodeIgniter\Boot::bootWeb(Object(Config\Paths))
WARNING - 2026-02-25 16:58:13 --> [DEPRECATED] Creation of dynamic property App\Controllers\ApplicationController::$dependenciesModel is deprecated in APPPATH\Controllers\ApplicationController.php on line 45.
 1 SYSTEMPATH\CodeIgniter.php(903): App\Controllers\ApplicationController->__construct()
 2 SYSTEMPATH\CodeIgniter.php(498): CodeIgniter\CodeIgniter->createController()
 3 SYSTEMPATH\CodeIgniter.php(354): CodeIgniter\CodeIgniter->handleRequest(null, Object(Config\Cache), false)
 4 SYSTEMPATH\Boot.php(363): CodeIgniter\CodeIgniter->run()
 5 SYSTEMPATH\Boot.php(68): CodeIgniter\Boot::runCodeIgniter(Object(CodeIgniter\CodeIgniter))
 6 FCPATH\index.php(59): CodeIgniter\Boot::bootWeb(Object(Config\Paths))
WARNING - 2026-02-25 16:58:13 --> [DEPRECATED] Creation of dynamic property App\Controllers\ApplicationController::$vendorsModel is deprecated in APPPATH\Controllers\ApplicationController.php on line 46.
 1 SYSTEMPATH\CodeIgniter.php(903): App\Controllers\ApplicationController->__construct()
 2 SYSTEMPATH\CodeIgniter.php(498): CodeIgniter\CodeIgniter->createController()
 3 SYSTEMPATH\CodeIgniter.php(354): CodeIgniter\CodeIgniter->handleRequest(null, Object(Config\Cache), false)
 4 SYSTEMPATH\Boot.php(363): CodeIgniter\CodeIgniter->run()
 5 SYSTEMPATH\Boot.php(68): CodeIgniter\Boot::runCodeIgniter(Object(CodeIgniter\CodeIgniter))
 6 FCPATH\index.php(59): CodeIgniter\Boot::bootWeb(Object(Config\Paths))
WARNING - 2026-02-25 16:58:13 --> [DEPRECATED] Creation of dynamic property App\Controllers\ApplicationController::$batchModel is deprecated in APPPATH\Controllers\ApplicationController.php on line 47.
 1 SYSTEMPATH\CodeIgniter.php(903): App\Controllers\ApplicationController->__construct()
 2 SYSTEMPATH\CodeIgniter.php(498): CodeIgniter\CodeIgniter->createController()
 3 SYSTEMPATH\CodeIgniter.php(354): CodeIgniter\CodeIgniter->handleRequest(null, Object(Config\Cache), false)
 4 SYSTEMPATH\Boot.php(363): CodeIgniter\CodeIgniter->run()
 5 SYSTEMPATH\Boot.php(68): CodeIgniter\Boot::runCodeIgniter(Object(CodeIgniter\CodeIgniter))
 6 FCPATH\index.php(59): CodeIgniter\Boot::bootWeb(Object(Config\Paths))
WARNING - 2026-02-25 16:58:13 --> [DEPRECATED] Creation of dynamic property App\Controllers\ApplicationController::$licensingModel is deprecated in APPPATH\Controllers\ApplicationController.php on line 48.
 1 SYSTEMPATH\CodeIgniter.php(903): App\Controllers\ApplicationController->__construct()
 2 SYSTEMPATH\CodeIgniter.php(498): CodeIgniter\CodeIgniter->createController()
 3 SYSTEMPATH\CodeIgniter.php(354): CodeIgniter\CodeIgniter->handleRequest(null, Object(Config\Cache), false)
 4 SYSTEMPATH\Boot.php(363): CodeIgniter\CodeIgniter->run()
 5 SYSTEMPATH\Boot.php(68): CodeIgniter\Boot::runCodeIgniter(Object(CodeIgniter\CodeIgniter))
 6 FCPATH\index.php(59): CodeIgniter\Boot::bootWeb(Object(Config\Paths))
WARNING - 2026-02-25 16:58:13 --> [DEPRECATED] Creation of dynamic property App\Controllers\ApplicationController::$metricsModel is deprecated in APPPATH\Controllers\ApplicationController.php on line 49.
 1 SYSTEMPATH\CodeIgniter.php(903): App\Controllers\ApplicationController->__construct()
 2 SYSTEMPATH\CodeIgniter.php(498): CodeIgniter\CodeIgniter->createController()
 3 SYSTEMPATH\CodeIgniter.php(354): CodeIgniter\CodeIgniter->handleRequest(null, Object(Config\Cache), false)
 4 SYSTEMPATH\Boot.php(363): CodeIgniter\CodeIgniter->run()
 5 SYSTEMPATH\Boot.php(68): CodeIgniter\Boot::runCodeIgniter(Object(CodeIgniter\CodeIgniter))
 6 FCPATH\index.php(59): CodeIgniter\Boot::bootWeb(Object(Config\Paths))
WARNING - 2026-02-25 16:58:13 --> [DEPRECATED] Creation of dynamic property App\Controllers\ApplicationController::$techModel is deprecated in APPPATH\Controllers\ApplicationController.php on line 50.
 1 SYSTEMPATH\CodeIgniter.php(903): App\Controllers\ApplicationController->__construct()
 2 SYSTEMPATH\CodeIgniter.php(498): CodeIgniter\CodeIgniter->createController()
 3 SYSTEMPATH\CodeIgniter.php(354): CodeIgniter\CodeIgniter->handleRequest(null, Object(Config\Cache), false)
 4 SYSTEMPATH\Boot.php(363): CodeIgniter\CodeIgniter->run()
 5 SYSTEMPATH\Boot.php(68): CodeIgniter\Boot::runCodeIgniter(Object(CodeIgniter\CodeIgniter))
 6 FCPATH\index.php(59): CodeIgniter\Boot::bootWeb(Object(Config\Paths))
DEBUG - 2026-02-25 16:58:13 --> Session: Class initialized using 'CodeIgniter\Session\Handlers\FileHandler' driver.
CRITICAL - 2026-02-25 16:58:13 --> ErrorException: Trying to access array offset on value of type null
[Method: GET, Route: /]
in SYSTEMPATH\Debug\Toolbar.php on line 217.
 1 SYSTEMPATH\Debug\Toolbar.php(217): CodeIgniter\Debug\Exceptions->errorHandler(2, 'Trying to access array offset on value of type null', 'C:\\xampp\\htdocs\\IM\\system\\Debug\\Toolbar.php', 217)
 2 SYSTEMPATH\Debug\Toolbar.php(200): CodeIgniter\Debug\Toolbar->renderTimelineRecursive([...], 1772009893.217173, 6, 15, [], 0)
 3 SYSTEMPATH\Debug\Toolbar\Views\toolbar.tpl.php(105): CodeIgniter\Debug\Toolbar->renderTimeline([...], 1772009893.217173, 6, 15, [])
 4 SYSTEMPATH\Debug\Toolbar.php(533): include('C:\\xampp\\htdocs\\IM\\system\\Debug\\Toolbar\\Views\\toolbar.tpl.php')
 5 SYSTEMPATH\Debug\Toolbar.php(496): CodeIgniter\Debug\Toolbar->format([...], 'html')
 6 APPPATH\Config\Events.php(47): CodeIgniter\Debug\Toolbar->respond()
 7 SYSTEMPATH\Events\Events.php(152): CodeIgniter\Events\Events::Config\{closure}()
 8 SYSTEMPATH\CodeIgniter.php(339): CodeIgniter\Events\Events::trigger('pre_system')
 9 SYSTEMPATH\Boot.php(363): CodeIgniter\CodeIgniter->run()
10 SYSTEMPATH\Boot.php(68): CodeIgniter\Boot::runCodeIgniter(Object(CodeIgniter\CodeIgniter))
11 FCPATH\index.php(59): CodeIgniter\Boot::bootWeb(Object(Config\Paths))
WARNING - 2026-02-25 16:58:14 --> [DEPRECATED] Creation of dynamic property App\Controllers\ApplicationController::$contactsModel is deprecated in APPPATH\Controllers\ApplicationController.php on line 41.
 1 SYSTEMPATH\CodeIgniter.php(903): App\Controllers\ApplicationController->__construct()
 2 SYSTEMPATH\CodeIgniter.php(498): CodeIgniter\CodeIgniter->createController()
 3 SYSTEMPATH\CodeIgniter.php(354): CodeIgniter\CodeIgniter->handleRequest(null, Object(Config\Cache), false)
 4 SYSTEMPATH\Boot.php(363): CodeIgniter\CodeIgniter->run()
 5 SYSTEMPATH\Boot.php(68): CodeIgniter\Boot::runCodeIgniter(Object(CodeIgniter\CodeIgniter))
 6 FCPATH\index.php(59): CodeIgniter\Boot::bootWeb(Object(Config\Paths))
WARNING - 2026-02-25 16:58:14 --> [DEPRECATED] Creation of dynamic property App\Controllers\ApplicationController::$environmentsModel is deprecated in APPPATH\Controllers\ApplicationController.php on line 42.
 1 SYSTEMPATH\CodeIgniter.php(903): App\Controllers\ApplicationController->__construct()
 2 SYSTEMPATH\CodeIgniter.php(498): CodeIgniter\CodeIgniter->createController()
 3 SYSTEMPATH\CodeIgniter.php(354): CodeIgniter\CodeIgniter->handleRequest(null, Object(Config\Cache), false)
 4 SYSTEMPATH\Boot.php(363): CodeIgniter\CodeIgniter->run()
 5 SYSTEMPATH\Boot.php(68): CodeIgniter\Boot::runCodeIgniter(Object(CodeIgniter\CodeIgniter))
 6 FCPATH\index.php(59): CodeIgniter\Boot::bootWeb(Object(Config\Paths))
WARNING - 2026-02-25 16:58:14 --> [DEPRECATED] Creation of dynamic property App\Controllers\ApplicationController::$infrastructureModel is deprecated in APPPATH\Controllers\ApplicationController.php on line 43.
 1 SYSTEMPATH\CodeIgniter.php(903): App\Controllers\ApplicationController->__construct()
 2 SYSTEMPATH\CodeIgniter.php(498): CodeIgniter\CodeIgniter->createController()
 3 SYSTEMPATH\CodeIgniter.php(354): CodeIgniter\CodeIgniter->handleRequest(null, Object(Config\Cache), false)
 4 SYSTEMPATH\Boot.php(363): CodeIgniter\CodeIgniter->run()
 5 SYSTEMPATH\Boot.php(68): CodeIgniter\Boot::runCodeIgniter(Object(CodeIgniter\CodeIgniter))
 6 FCPATH\index.php(59): CodeIgniter\Boot::bootWeb(Object(Config\Paths))
WARNING - 2026-02-25 16:58:14 --> [DEPRECATED] Creation of dynamic property App\Controllers\ApplicationController::$complianceModel is deprecated in APPPATH\Controllers\ApplicationController.php on line 44.
 1 SYSTEMPATH\CodeIgniter.php(903): App\Controllers\ApplicationController->__construct()
 2 SYSTEMPATH\CodeIgniter.php(498): CodeIgniter\CodeIgniter->createController()
 3 SYSTEMPATH\CodeIgniter.php(354): CodeIgniter\CodeIgniter->handleRequest(null, Object(Config\Cache), false)
 4 SYSTEMPATH\Boot.php(363): CodeIgniter\CodeIgniter->run()
 5 SYSTEMPATH\Boot.php(68): CodeIgniter\Boot::runCodeIgniter(Object(CodeIgniter\CodeIgniter))
 6 FCPATH\index.php(59): CodeIgniter\Boot::bootWeb(Object(Config\Paths))
WARNING - 2026-02-25 16:58:14 --> [DEPRECATED] Creation of dynamic property App\Controllers\ApplicationController::$dependenciesModel is deprecated in APPPATH\Controllers\ApplicationController.php on line 45.
 1 SYSTEMPATH\CodeIgniter.php(903): App\Controllers\ApplicationController->__construct()
 2 SYSTEMPATH\CodeIgniter.php(498): CodeIgniter\CodeIgniter->createController()
 3 SYSTEMPATH\CodeIgniter.php(354): CodeIgniter\CodeIgniter->handleRequest(null, Object(Config\Cache), false)
 4 SYSTEMPATH\Boot.php(363): CodeIgniter\CodeIgniter->run()
 5 SYSTEMPATH\Boot.php(68): CodeIgniter\Boot::runCodeIgniter(Object(CodeIgniter\CodeIgniter))
 6 FCPATH\index.php(59): CodeIgniter\Boot::bootWeb(Object(Config\Paths))
WARNING - 2026-02-25 16:58:14 --> [DEPRECATED] Creation of dynamic property App\Controllers\ApplicationController::$vendorsModel is deprecated in APPPATH\Controllers\ApplicationController.php on line 46.
 1 SYSTEMPATH\CodeIgniter.php(903): App\Controllers\ApplicationController->__construct()
 2 SYSTEMPATH\CodeIgniter.php(498): CodeIgniter\CodeIgniter->createController()
 3 SYSTEMPATH\CodeIgniter.php(354): CodeIgniter\CodeIgniter->handleRequest(null, Object(Config\Cache), false)
 4 SYSTEMPATH\Boot.php(363): CodeIgniter\CodeIgniter->run()
 5 SYSTEMPATH\Boot.php(68): CodeIgniter\Boot::runCodeIgniter(Object(CodeIgniter\CodeIgniter))
 6 FCPATH\index.php(59): CodeIgniter\Boot::bootWeb(Object(Config\Paths))
WARNING - 2026-02-25 16:58:14 --> [DEPRECATED] Creation of dynamic property App\Controllers\ApplicationController::$batchModel is deprecated in APPPATH\Controllers\ApplicationController.php on line 47.
 1 SYSTEMPATH\CodeIgniter.php(903): App\Controllers\ApplicationController->__construct()
 2 SYSTEMPATH\CodeIgniter.php(498): CodeIgniter\CodeIgniter->createController()
 3 SYSTEMPATH\CodeIgniter.php(354): CodeIgniter\CodeIgniter->handleRequest(null, Object(Config\Cache), false)
 4 SYSTEMPATH\Boot.php(363): CodeIgniter\CodeIgniter->run()
 5 SYSTEMPATH\Boot.php(68): CodeIgniter\Boot::runCodeIgniter(Object(CodeIgniter\CodeIgniter))
 6 FCPATH\index.php(59): CodeIgniter\Boot::bootWeb(Object(Config\Paths))
WARNING - 2026-02-25 16:58:14 --> [DEPRECATED] Creation of dynamic property App\Controllers\ApplicationController::$licensingModel is deprecated in APPPATH\Controllers\ApplicationController.php on line 48.
 1 SYSTEMPATH\CodeIgniter.php(903): App\Controllers\ApplicationController->__construct()
 2 SYSTEMPATH\CodeIgniter.php(498): CodeIgniter\CodeIgniter->createController()
 3 SYSTEMPATH\CodeIgniter.php(354): CodeIgniter\CodeIgniter->handleRequest(null, Object(Config\Cache), false)
 4 SYSTEMPATH\Boot.php(363): CodeIgniter\CodeIgniter->run()
 5 SYSTEMPATH\Boot.php(68): CodeIgniter\Boot::runCodeIgniter(Object(CodeIgniter\CodeIgniter))
 6 FCPATH\index.php(59): CodeIgniter\Boot::bootWeb(Object(Config\Paths))
WARNING - 2026-02-25 16:58:14 --> [DEPRECATED] Creation of dynamic property App\Controllers\ApplicationController::$metricsModel is deprecated in APPPATH\Controllers\ApplicationController.php on line 49.
 1 SYSTEMPATH\CodeIgniter.php(903): App\Controllers\ApplicationController->__construct()
 2 SYSTEMPATH\CodeIgniter.php(498): CodeIgniter\CodeIgniter->createController()
 3 SYSTEMPATH\CodeIgniter.php(354): CodeIgniter\CodeIgniter->handleRequest(null, Object(Config\Cache), false)
 4 SYSTEMPATH\Boot.php(363): CodeIgniter\CodeIgniter->run()
 5 SYSTEMPATH\Boot.php(68): CodeIgniter\Boot::runCodeIgniter(Object(CodeIgniter\CodeIgniter))
 6 FCPATH\index.php(59): CodeIgniter\Boot::bootWeb(Object(Config\Paths))
WARNING - 2026-02-25 16:58:14 --> [DEPRECATED] Creation of dynamic property App\Controllers\ApplicationController::$techModel is deprecated in APPPATH\Controllers\ApplicationController.php on line 50.
 1 SYSTEMPATH\CodeIgniter.php(903): App\Controllers\ApplicationController->__construct()
 2 SYSTEMPATH\CodeIgniter.php(498): CodeIgniter\CodeIgniter->createController()
 3 SYSTEMPATH\CodeIgniter.php(354): CodeIgniter\CodeIgniter->handleRequest(null, Object(Config\Cache), false)
 4 SYSTEMPATH\Boot.php(363): CodeIgniter\CodeIgniter->run()
 5 SYSTEMPATH\Boot.php(68): CodeIgniter\Boot::runCodeIgniter(Object(CodeIgniter\CodeIgniter))
 6 FCPATH\index.php(59): CodeIgniter\Boot::bootWeb(Object(Config\Paths))
DEBUG - 2026-02-25 16:58:14 --> Session: Class initialized using 'CodeIgniter\Session\Handlers\FileHandler' driver.
CRITICAL - 2026-02-25 16:58:14 --> ErrorException: Trying to access array offset on value of type null
[Method: GET, Route: /]
in SYSTEMPATH\Debug\Toolbar.php on line 217.
 1 SYSTEMPATH\Debug\Toolbar.php(217): CodeIgniter\Debug\Exceptions->errorHandler(2, 'Trying to access array offset on value of type null', 'C:\\xampp\\htdocs\\IM\\system\\Debug\\Toolbar.php', 217)
 2 SYSTEMPATH\Debug\Toolbar.php(200): CodeIgniter\Debug\Toolbar->renderTimelineRecursive([...], 1772009894.524044, 6, 15, [], 0)
 3 SYSTEMPATH\Debug\Toolbar\Views\toolbar.tpl.php(105): CodeIgniter\Debug\Toolbar->renderTimeline([...], 1772009894.524044, 6, 15, [])
 4 SYSTEMPATH\Debug\Toolbar.php(533): include('C:\\xampp\\htdocs\\IM\\system\\Debug\\Toolbar\\Views\\toolbar.tpl.php')
 5 SYSTEMPATH\Debug\Toolbar.php(496): CodeIgniter\Debug\Toolbar->format([...], 'html')
 6 APPPATH\Config\Events.php(47): CodeIgniter\Debug\Toolbar->respond()
 7 SYSTEMPATH\Events\Events.php(152): CodeIgniter\Events\Events::Config\{closure}()
 8 SYSTEMPATH\CodeIgniter.php(339): CodeIgniter\Events\Events::trigger('pre_system')
 9 SYSTEMPATH\Boot.php(363): CodeIgniter\CodeIgniter->run()
10 SYSTEMPATH\Boot.php(68): CodeIgniter\Boot::runCodeIgniter(Object(CodeIgniter\CodeIgniter))
11 FCPATH\index.php(59): CodeIgniter\Boot::bootWeb(Object(Config\Paths))
DEBUG - 2026-02-25 16:58:22 --> Session: Class initialized using 'CodeIgniter\Session\Handlers\FileHandler' driver.
CRITICAL - 2026-02-25 16:58:22 --> ErrorException: Trying to access array offset on value of type null
[Method: GET, Route: /]
in SYSTEMPATH\Debug\Toolbar.php on line 217.
 1 SYSTEMPATH\Debug\Toolbar.php(217): CodeIgniter\Debug\Exceptions->errorHandler(2, 'Trying to access array offset on value of type null', 'C:\\xampp\\htdocs\\IM\\system\\Debug\\Toolbar.php', 217)
 2 SYSTEMPATH\Debug\Toolbar.php(200): CodeIgniter\Debug\Toolbar->renderTimelineRecursive([...], 1772009902.34327, 7, 15, [], 0)
 3 SYSTEMPATH\Debug\Toolbar\Views\toolbar.tpl.php(105): CodeIgniter\Debug\Toolbar->renderTimeline([...], 1772009902.34327, 7, 15, [])
 4 SYSTEMPATH\Debug\Toolbar.php(533): include('C:\\xampp\\htdocs\\IM\\system\\Debug\\Toolbar\\Views\\toolbar.tpl.php')
 5 SYSTEMPATH\Debug\Toolbar.php(496): CodeIgniter\Debug\Toolbar->format([...], 'html')
 6 APPPATH\Config\Events.php(47): CodeIgniter\Debug\Toolbar->respond()
 7 SYSTEMPATH\Events\Events.php(152): CodeIgniter\Events\Events::Config\{closure}()
 8 SYSTEMPATH\CodeIgniter.php(339): CodeIgniter\Events\Events::trigger('pre_system')
 9 SYSTEMPATH\Boot.php(363): CodeIgniter\CodeIgniter->run()
10 SYSTEMPATH\Boot.php(68): CodeIgniter\Boot::runCodeIgniter(Object(CodeIgniter\CodeIgniter))
11 FCPATH\index.php(59): CodeIgniter\Boot::bootWeb(Object(Config\Paths))
DEBUG - 2026-02-25 16:59:59 --> Session: Class initialized using 'CodeIgniter\Session\Handlers\FileHandler' driver.
CRITICAL - 2026-02-25 16:59:59 --> ErrorException: Trying to access array offset on value of type null
[Method: GET, Route: /]
in SYSTEMPATH\Debug\Toolbar.php on line 217.
 1 SYSTEMPATH\Debug\Toolbar.php(217): CodeIgniter\Debug\Exceptions->errorHandler(2, 'Trying to access array offset on value of type null', 'C:\\xampp\\htdocs\\IM\\system\\Debug\\Toolbar.php', 217)
 2 SYSTEMPATH\Debug\Toolbar.php(200): CodeIgniter\Debug\Toolbar->renderTimelineRecursive([...], 1772009999.098572, 7, 20, [], 0)
 3 SYSTEMPATH\Debug\Toolbar\Views\toolbar.tpl.php(105): CodeIgniter\Debug\Toolbar->renderTimeline([...], 1772009999.098572, 7, 20, [])
 4 SYSTEMPATH\Debug\Toolbar.php(533): include('C:\\xampp\\htdocs\\IM\\system\\Debug\\Toolbar\\Views\\toolbar.tpl.php')
 5 SYSTEMPATH\Debug\Toolbar.php(496): CodeIgniter\Debug\Toolbar->format([...], 'html')
 6 APPPATH\Config\Events.php(47): CodeIgniter\Debug\Toolbar->respond()
 7 SYSTEMPATH\Events\Events.php(152): CodeIgniter\Events\Events::Config\{closure}()
 8 SYSTEMPATH\CodeIgniter.php(339): CodeIgniter\Events\Events::trigger('pre_system')
 9 SYSTEMPATH\Boot.php(363): CodeIgniter\CodeIgniter->run()
10 SYSTEMPATH\Boot.php(68): CodeIgniter\Boot::runCodeIgniter(Object(CodeIgniter\CodeIgniter))
11 FCPATH\index.php(59): CodeIgniter\Boot::bootWeb(Object(Config\Paths))
DEBUG - 2026-02-25 17:01:54 --> Session: Class initialized using 'CodeIgniter\Session\Handlers\FileHandler' driver.
CRITICAL - 2026-02-25 17:01:55 --> ErrorException: Trying to access array offset on value of type null
[Method: GET, Route: /]
in SYSTEMPATH\Debug\Toolbar.php on line 217.
 1 SYSTEMPATH\Debug\Toolbar.php(217): CodeIgniter\Debug\Exceptions->errorHandler(2, 'Trying to access array offset on value of type null', 'C:\\xampp\\htdocs\\IM\\system\\Debug\\Toolbar.php', 217)
 2 SYSTEMPATH\Debug\Toolbar.php(200): CodeIgniter\Debug\Toolbar->renderTimelineRecursive([...], 1772010114.716491, 6, 15, [], 0)
 3 SYSTEMPATH\Debug\Toolbar\Views\toolbar.tpl.php(105): CodeIgniter\Debug\Toolbar->renderTimeline([...], 1772010114.716491, 6, 15, [])
 4 SYSTEMPATH\Debug\Toolbar.php(533): include('C:\\xampp\\htdocs\\IM\\system\\Debug\\Toolbar\\Views\\toolbar.tpl.php')
 5 SYSTEMPATH\Debug\Toolbar.php(496): CodeIgniter\Debug\Toolbar->format([...], 'html')
 6 APPPATH\Config\Events.php(47): CodeIgniter\Debug\Toolbar->respond()
 7 SYSTEMPATH\Events\Events.php(152): CodeIgniter\Events\Events::Config\{closure}()
 8 SYSTEMPATH\CodeIgniter.php(339): CodeIgniter\Events\Events::trigger('pre_system')
 9 SYSTEMPATH\Boot.php(363): CodeIgniter\CodeIgniter->run()
10 SYSTEMPATH\Boot.php(68): CodeIgniter\Boot::runCodeIgniter(Object(CodeIgniter\CodeIgniter))
11 FCPATH\index.php(59): CodeIgniter\Boot::bootWeb(Object(Config\Paths))
DEBUG - 2026-02-25 17:04:54 --> Session: Class initialized using 'CodeIgniter\Session\Handlers\FileHandler' driver.
CRITICAL - 2026-02-25 17:04:54 --> ErrorException: Trying to access array offset on value of type null
[Method: GET, Route: /]
in SYSTEMPATH\Debug\Toolbar.php on line 217.
 1 SYSTEMPATH\Debug\Toolbar.php(217): CodeIgniter\Debug\Exceptions->errorHandler(2, 'Trying to access array offset on value of type null', 'C:\\xampp\\htdocs\\IM\\system\\Debug\\Toolbar.php', 217)
 2 SYSTEMPATH\Debug\Toolbar.php(200): CodeIgniter\Debug\Toolbar->renderTimelineRecursive([...], 1772010294.121408, 6, 20, [], 0)
 3 SYSTEMPATH\Debug\Toolbar\Views\toolbar.tpl.php(105): CodeIgniter\Debug\Toolbar->renderTimeline([...], 1772010294.121408, 6, 20, [])
 4 SYSTEMPATH\Debug\Toolbar.php(533): include('C:\\xampp\\htdocs\\IM\\system\\Debug\\Toolbar\\Views\\toolbar.tpl.php')
 5 SYSTEMPATH\Debug\Toolbar.php(496): CodeIgniter\Debug\Toolbar->format([...], 'html')
 6 APPPATH\Config\Events.php(47): CodeIgniter\Debug\Toolbar->respond()
 7 SYSTEMPATH\Events\Events.php(152): CodeIgniter\Events\Events::Config\{closure}()
 8 SYSTEMPATH\CodeIgniter.php(339): CodeIgniter\Events\Events::trigger('pre_system')
 9 SYSTEMPATH\Boot.php(363): CodeIgniter\CodeIgniter->run()
10 SYSTEMPATH\Boot.php(68): CodeIgniter\Boot::runCodeIgniter(Object(CodeIgniter\CodeIgniter))
11 FCPATH\index.php(59): CodeIgniter\Boot::bootWeb(Object(Config\Paths))
DEBUG - 2026-02-25 17:09:37 --> Session: Class initialized using 'CodeIgniter\Session\Handlers\FileHandler' driver.
CRITICAL - 2026-02-25 17:09:39 --> ErrorException: Trying to access array offset on value of type null
[Method: GET, Route: /]
in SYSTEMPATH\Debug\Toolbar.php on line 217.
 1 SYSTEMPATH\Debug\Toolbar.php(217): CodeIgniter\Debug\Exceptions->errorHandler(2, 'Trying to access array offset on value of type null', 'C:\\xampp\\htdocs\\IM\\system\\Debug\\Toolbar.php', 217)
 2 SYSTEMPATH\Debug\Toolbar.php(200): CodeIgniter\Debug\Toolbar->renderTimelineRecursive([...], 1772010577.610308, 7, 155, [], 0)
 3 SYSTEMPATH\Debug\Toolbar\Views\toolbar.tpl.php(105): CodeIgniter\Debug\Toolbar->renderTimeline([...], 1772010577.610308, 7, 155, [])
 4 SYSTEMPATH\Debug\Toolbar.php(533): include('C:\\xampp\\htdocs\\IM\\system\\Debug\\Toolbar\\Views\\toolbar.tpl.php')
 5 SYSTEMPATH\Debug\Toolbar.php(496): CodeIgniter\Debug\Toolbar->format([...], 'html')
 6 APPPATH\Config\Events.php(47): CodeIgniter\Debug\Toolbar->respond()
 7 SYSTEMPATH\Events\Events.php(152): CodeIgniter\Events\Events::Config\{closure}()
 8 SYSTEMPATH\CodeIgniter.php(339): CodeIgniter\Events\Events::trigger('pre_system')
 9 SYSTEMPATH\Boot.php(363): CodeIgniter\CodeIgniter->run()
10 SYSTEMPATH\Boot.php(68): CodeIgniter\Boot::runCodeIgniter(Object(CodeIgniter\CodeIgniter))
11 FCPATH\index.php(59): CodeIgniter\Boot::bootWeb(Object(Config\Paths))
DEBUG - 2026-02-25 17:21:50 --> Session: Class initialized using 'CodeIgniter\Session\Handlers\FileHandler' driver.
CRITICAL - 2026-02-25 17:21:51 --> ErrorException: Trying to access array offset on value of type null
[Method: GET, Route: /]
in SYSTEMPATH\Debug\Toolbar.php on line 217.
 1 SYSTEMPATH\Debug\Toolbar.php(217): CodeIgniter\Debug\Exceptions->errorHandler(2, 'Trying to access array offset on value of type null', 'C:\\xampp\\htdocs\\IM\\system\\Debug\\Toolbar.php', 217)
 2 SYSTEMPATH\Debug\Toolbar.php(200): CodeIgniter\Debug\Toolbar->renderTimelineRecursive([...], 1772011310.749693, 7, 15, [], 0)
 3 SYSTEMPATH\Debug\Toolbar\Views\toolbar.tpl.php(105): CodeIgniter\Debug\Toolbar->renderTimeline([...], 1772011310.749693, 7, 15, [])
 4 SYSTEMPATH\Debug\Toolbar.php(533): include('C:\\xampp\\htdocs\\IM\\system\\Debug\\Toolbar\\Views\\toolbar.tpl.php')
 5 SYSTEMPATH\Debug\Toolbar.php(496): CodeIgniter\Debug\Toolbar->format([...], 'html')
 6 APPPATH\Config\Events.php(47): CodeIgniter\Debug\Toolbar->respond()
 7 SYSTEMPATH\Events\Events.php(152): CodeIgniter\Events\Events::Config\{closure}()
 8 SYSTEMPATH\CodeIgniter.php(339): CodeIgniter\Events\Events::trigger('pre_system')
 9 SYSTEMPATH\Boot.php(363): CodeIgniter\CodeIgniter->run()
10 SYSTEMPATH\Boot.php(68): CodeIgniter\Boot::runCodeIgniter(Object(CodeIgniter\CodeIgniter))
11 FCPATH\index.php(59): CodeIgniter\Boot::bootWeb(Object(Config\Paths))
