DEBUG - 2026-03-30 10:28:02 --> Session: Class initialized using 'CodeIgniter\Session\Handlers\FileHandler' driver.
DEBUG - 2026-03-30 10:28:27 --> Session: Class initialized using 'CodeIgniter\Session\Handlers\FileHandler' driver.
CRITICAL - 2026-03-30 10:28:37 --> ErrorException: Trying to access array offset on value of type null
[Method: GET, Route: /]
in SYSTEMPATH\Debug\Toolbar.php on line 217.
 1 SYSTEMPATH\Debug\Toolbar.php(217): CodeIgniter\Debug\Exceptions->errorHandler(2, 'Trying to access array offset on value of type null', 'C:\\xampp\\htdocs\\IM\\system\\Debug\\Toolbar.php', 217)
 2 SYSTEMPATH\Debug\Toolbar.php(200): CodeIgniter\Debug\Toolbar->renderTimelineRecursive([...], 1774837703.733512, 7, 640, [], 0)
 3 SYSTEMPATH\Debug\Toolbar\Views\toolbar.tpl.php(105): CodeIgniter\Debug\Toolbar->renderTimeline([...], 1774837703.733512, 7, 640, [])
 4 SYSTEMPATH\Debug\Toolbar.php(533): include('C:\\xampp\\htdocs\\IM\\system\\Debug\\Toolbar\\Views\\toolbar.tpl.php')
 5 SYSTEMPATH\Debug\Toolbar.php(496): CodeIgniter\Debug\Toolbar->format([...], 'html')
 6 APPPATH\Config\Events.php(47): CodeIgniter\Debug\Toolbar->respond()
 7 SYSTEMPATH\Events\Events.php(152): CodeIgniter\Events\Events::Config\{closure}()
 8 SYSTEMPATH\CodeIgniter.php(339): CodeIgniter\Events\Events::trigger('pre_system')
 9 SYSTEMPATH\Boot.php(363): CodeIgniter\CodeIgniter->run()
10 SYSTEMPATH\Boot.php(68): CodeIgniter\Boot::runCodeIgniter(Object(CodeIgniter\CodeIgniter))
11 FCPATH\index.php(59): CodeIgniter\Boot::bootWeb(Object(Config\Paths))
DEBUG - 2026-03-30 10:32:39 --> Session: Class initialized using 'CodeIgniter\Session\Handlers\FileHandler' driver.
DEBUG - 2026-03-30 10:32:40 --> Session: Class initialized using 'CodeIgniter\Session\Handlers\FileHandler' driver.
CRITICAL - 2026-03-30 10:32:42 --> ErrorException: Trying to access array offset on value of type null
[Method: GET, Route: /]
in SYSTEMPATH\Debug\Toolbar.php on line 217.
 1 SYSTEMPATH\Debug\Toolbar.php(217): CodeIgniter\Debug\Exceptions->errorHandler(2, 'Trying to access array offset on value of type null', 'C:\\xampp\\htdocs\\IM\\system\\Debug\\Toolbar.php', 217)
 2 SYSTEMPATH\Debug\Toolbar.php(200): CodeIgniter\Debug\Toolbar->renderTimelineRecursive([...], 1774837960.012863, 7, 210, [], 0)
 3 SYSTEMPATH\Debug\Toolbar\Views\toolbar.tpl.php(105): CodeIgniter\Debug\Toolbar->renderTimeline([...], 1774837960.012863, 7, 210, [])
 4 SYSTEMPATH\Debug\Toolbar.php(533): include('C:\\xampp\\htdocs\\IM\\system\\Debug\\Toolbar\\Views\\toolbar.tpl.php')
 5 SYSTEMPATH\Debug\Toolbar.php(496): CodeIgniter\Debug\Toolbar->format([...], 'html')
 6 APPPATH\Config\Events.php(47): CodeIgniter\Debug\Toolbar->respond()
 7 SYSTEMPATH\Events\Events.php(152): CodeIgniter\Events\Events::Config\{closure}()
 8 SYSTEMPATH\CodeIgniter.php(339): CodeIgniter\Events\Events::trigger('pre_system')
 9 SYSTEMPATH\Boot.php(363): CodeIgniter\CodeIgniter->run()
10 SYSTEMPATH\Boot.php(68): CodeIgniter\Boot::runCodeIgniter(Object(CodeIgniter\CodeIgniter))
11 FCPATH\index.php(59): CodeIgniter\Boot::bootWeb(Object(Config\Paths))
DEBUG - 2026-03-30 10:37:45 --> Session: Class initialized using 'CodeIgniter\Session\Handlers\FileHandler' driver.
CRITICAL - 2026-03-30 10:37:47 --> ErrorException: Trying to access array offset on value of type null
[Method: GET, Route: /]
in SYSTEMPATH\Debug\Toolbar.php on line 217.
 1 SYSTEMPATH\Debug\Toolbar.php(217): CodeIgniter\Debug\Exceptions->errorHandler(2, 'Trying to access array offset on value of type null', 'C:\\xampp\\htdocs\\IM\\system\\Debug\\Toolbar.php', 217)
 2 SYSTEMPATH\Debug\Toolbar.php(200): CodeIgniter\Debug\Toolbar->renderTimelineRecursive([...], 1774838265.477092, 7, 130, [], 0)
 3 SYSTEMPATH\Debug\Toolbar\Views\toolbar.tpl.php(105): CodeIgniter\Debug\Toolbar->renderTimeline([...], 1774838265.477092, 7, 130, [])
 4 SYSTEMPATH\Debug\Toolbar.php(533): include('C:\\xampp\\htdocs\\IM\\system\\Debug\\Toolbar\\Views\\toolbar.tpl.php')
 5 SYSTEMPATH\Debug\Toolbar.php(496): CodeIgniter\Debug\Toolbar->format([...], 'html')
 6 APPPATH\Config\Events.php(47): CodeIgniter\Debug\Toolbar->respond()
 7 SYSTEMPATH\Events\Events.php(152): CodeIgniter\Events\Events::Config\{closure}()
 8 SYSTEMPATH\CodeIgniter.php(339): CodeIgniter\Events\Events::trigger('pre_system')
 9 SYSTEMPATH\Boot.php(363): CodeIgniter\CodeIgniter->run()
10 SYSTEMPATH\Boot.php(68): CodeIgniter\Boot::runCodeIgniter(Object(CodeIgniter\CodeIgniter))
11 FCPATH\index.php(59): CodeIgniter\Boot::bootWeb(Object(Config\Paths))
DEBUG - 2026-03-30 10:39:45 --> Session: Class initialized using 'CodeIgniter\Session\Handlers\FileHandler' driver.
CRITICAL - 2026-03-30 10:39:46 --> ErrorException: Trying to access array offset on value of type null
[Method: GET, Route: /]
in SYSTEMPATH\Debug\Toolbar.php on line 217.
 1 SYSTEMPATH\Debug\Toolbar.php(217): CodeIgniter\Debug\Exceptions->errorHandler(2, 'Trying to access array offset on value of type null', 'C:\\xampp\\htdocs\\IM\\system\\Debug\\Toolbar.php', 217)
 2 SYSTEMPATH\Debug\Toolbar.php(200): CodeIgniter\Debug\Toolbar->renderTimelineRecursive([...], 1774838385.46195, 7, 70, [], 0)
 3 SYSTEMPATH\Debug\Toolbar\Views\toolbar.tpl.php(105): CodeIgniter\Debug\Toolbar->renderTimeline([...], 1774838385.46195, 7, 70, [])
 4 SYSTEMPATH\Debug\Toolbar.php(533): include('C:\\xampp\\htdocs\\IM\\system\\Debug\\Toolbar\\Views\\toolbar.tpl.php')
 5 SYSTEMPATH\Debug\Toolbar.php(496): CodeIgniter\Debug\Toolbar->format([...], 'html')
 6 APPPATH\Config\Events.php(47): CodeIgniter\Debug\Toolbar->respond()
 7 SYSTEMPATH\Events\Events.php(152): CodeIgniter\Events\Events::Config\{closure}()
 8 SYSTEMPATH\CodeIgniter.php(339): CodeIgniter\Events\Events::trigger('pre_system')
 9 SYSTEMPATH\Boot.php(363): CodeIgniter\CodeIgniter->run()
10 SYSTEMPATH\Boot.php(68): CodeIgniter\Boot::runCodeIgniter(Object(CodeIgniter\CodeIgniter))
11 FCPATH\index.php(59): CodeIgniter\Boot::bootWeb(Object(Config\Paths))
DEBUG - 2026-03-30 10:39:58 --> Session: Class initialized using 'CodeIgniter\Session\Handlers\FileHandler' driver.
CRITICAL - 2026-03-30 10:40:00 --> ErrorException: Trying to access array offset on value of type null
[Method: GET, Route: /]
in SYSTEMPATH\Debug\Toolbar.php on line 217.
 1 SYSTEMPATH\Debug\Toolbar.php(217): CodeIgniter\Debug\Exceptions->errorHandler(2, 'Trying to access array offset on value of type null', 'C:\\xampp\\htdocs\\IM\\system\\Debug\\Toolbar.php', 217)
 2 SYSTEMPATH\Debug\Toolbar.php(200): CodeIgniter\Debug\Toolbar->renderTimelineRecursive([...], 1774838398.534422, 7, 180, [], 0)
 3 SYSTEMPATH\Debug\Toolbar\Views\toolbar.tpl.php(105): CodeIgniter\Debug\Toolbar->renderTimeline([...], 1774838398.534422, 7, 180, [])
 4 SYSTEMPATH\Debug\Toolbar.php(533): include('C:\\xampp\\htdocs\\IM\\system\\Debug\\Toolbar\\Views\\toolbar.tpl.php')
 5 SYSTEMPATH\Debug\Toolbar.php(496): CodeIgniter\Debug\Toolbar->format([...], 'html')
 6 APPPATH\Config\Events.php(47): CodeIgniter\Debug\Toolbar->respond()
 7 SYSTEMPATH\Events\Events.php(152): CodeIgniter\Events\Events::Config\{closure}()
 8 SYSTEMPATH\CodeIgniter.php(339): CodeIgniter\Events\Events::trigger('pre_system')
 9 SYSTEMPATH\Boot.php(363): CodeIgniter\CodeIgniter->run()
10 SYSTEMPATH\Boot.php(68): CodeIgniter\Boot::runCodeIgniter(Object(CodeIgniter\CodeIgniter))
11 FCPATH\index.php(59): CodeIgniter\Boot::bootWeb(Object(Config\Paths))
DEBUG - 2026-03-30 10:40:03 --> Session: Class initialized using 'CodeIgniter\Session\Handlers\FileHandler' driver.
CRITICAL - 2026-03-30 10:40:05 --> ErrorException: Trying to access array offset on value of type null
[Method: GET, Route: /]
in SYSTEMPATH\Debug\Toolbar.php on line 217.
 1 SYSTEMPATH\Debug\Toolbar.php(217): CodeIgniter\Debug\Exceptions->errorHandler(2, 'Trying to access array offset on value of type null', 'C:\\xampp\\htdocs\\IM\\system\\Debug\\Toolbar.php', 217)
 2 SYSTEMPATH\Debug\Toolbar.php(200): CodeIgniter\Debug\Toolbar->renderTimelineRecursive([...], 1774838403.302963, 7, 90, [], 0)
 3 SYSTEMPATH\Debug\Toolbar\Views\toolbar.tpl.php(105): CodeIgniter\Debug\Toolbar->renderTimeline([...], 1774838403.302963, 7, 90, [])
 4 SYSTEMPATH\Debug\Toolbar.php(533): include('C:\\xampp\\htdocs\\IM\\system\\Debug\\Toolbar\\Views\\toolbar.tpl.php')
 5 SYSTEMPATH\Debug\Toolbar.php(496): CodeIgniter\Debug\Toolbar->format([...], 'html')
 6 APPPATH\Config\Events.php(47): CodeIgniter\Debug\Toolbar->respond()
 7 SYSTEMPATH\Events\Events.php(152): CodeIgniter\Events\Events::Config\{closure}()
 8 SYSTEMPATH\CodeIgniter.php(339): CodeIgniter\Events\Events::trigger('pre_system')
 9 SYSTEMPATH\Boot.php(363): CodeIgniter\CodeIgniter->run()
10 SYSTEMPATH\Boot.php(68): CodeIgniter\Boot::runCodeIgniter(Object(CodeIgniter\CodeIgniter))
11 FCPATH\index.php(59): CodeIgniter\Boot::bootWeb(Object(Config\Paths))
DEBUG - 2026-03-30 10:40:13 --> Session: Class initialized using 'CodeIgniter\Session\Handlers\FileHandler' driver.
CRITICAL - 2026-03-30 10:40:30 --> ErrorException: Trying to access array offset on value of type null
[Method: GET, Route: /]
in SYSTEMPATH\Debug\Toolbar.php on line 217.
 1 SYSTEMPATH\Debug\Toolbar.php(217): CodeIgniter\Debug\Exceptions->errorHandler(2, 'Trying to access array offset on value of type null', 'C:\\xampp\\htdocs\\IM\\system\\Debug\\Toolbar.php', 217)
 2 SYSTEMPATH\Debug\Toolbar.php(200): CodeIgniter\Debug\Toolbar->renderTimelineRecursive([...], 1774838413.895781, 7, 200, [], 0)
 3 SYSTEMPATH\Debug\Toolbar\Views\toolbar.tpl.php(105): CodeIgniter\Debug\Toolbar->renderTimeline([...], 1774838413.895781, 7, 200, [])
 4 SYSTEMPATH\Debug\Toolbar.php(533): include('C:\\xampp\\htdocs\\IM\\system\\Debug\\Toolbar\\Views\\toolbar.tpl.php')
 5 SYSTEMPATH\Debug\Toolbar.php(496): CodeIgniter\Debug\Toolbar->format([...], 'html')
 6 APPPATH\Config\Events.php(47): CodeIgniter\Debug\Toolbar->respond()
 7 SYSTEMPATH\Events\Events.php(152): CodeIgniter\Events\Events::Config\{closure}()
 8 SYSTEMPATH\CodeIgniter.php(339): CodeIgniter\Events\Events::trigger('pre_system')
 9 SYSTEMPATH\Boot.php(363): CodeIgniter\CodeIgniter->run()
10 SYSTEMPATH\Boot.php(68): CodeIgniter\Boot::runCodeIgniter(Object(CodeIgniter\CodeIgniter))
11 FCPATH\index.php(59): CodeIgniter\Boot::bootWeb(Object(Config\Paths))
DEBUG - 2026-03-30 10:40:41 --> Session: Class initialized using 'CodeIgniter\Session\Handlers\FileHandler' driver.
CRITICAL - 2026-03-30 10:40:42 --> ErrorException: Trying to access array offset on value of type null
[Method: GET, Route: /]
in SYSTEMPATH\Debug\Toolbar.php on line 217.
 1 SYSTEMPATH\Debug\Toolbar.php(217): CodeIgniter\Debug\Exceptions->errorHandler(2, 'Trying to access array offset on value of type null', 'C:\\xampp\\htdocs\\IM\\system\\Debug\\Toolbar.php', 217)
 2 SYSTEMPATH\Debug\Toolbar.php(200): CodeIgniter\Debug\Toolbar->renderTimelineRecursive([...], 1774838440.772038, 7, 195, [], 0)
 3 SYSTEMPATH\Debug\Toolbar\Views\toolbar.tpl.php(105): CodeIgniter\Debug\Toolbar->renderTimeline([...], 1774838440.772038, 7, 195, [])
 4 SYSTEMPATH\Debug\Toolbar.php(533): include('C:\\xampp\\htdocs\\IM\\system\\Debug\\Toolbar\\Views\\toolbar.tpl.php')
 5 SYSTEMPATH\Debug\Toolbar.php(496): CodeIgniter\Debug\Toolbar->format([...], 'html')
 6 APPPATH\Config\Events.php(47): CodeIgniter\Debug\Toolbar->respond()
 7 SYSTEMPATH\Events\Events.php(152): CodeIgniter\Events\Events::Config\{closure}()
 8 SYSTEMPATH\CodeIgniter.php(339): CodeIgniter\Events\Events::trigger('pre_system')
 9 SYSTEMPATH\Boot.php(363): CodeIgniter\CodeIgniter->run()
10 SYSTEMPATH\Boot.php(68): CodeIgniter\Boot::runCodeIgniter(Object(CodeIgniter\CodeIgniter))
11 FCPATH\index.php(59): CodeIgniter\Boot::bootWeb(Object(Config\Paths))
DEBUG - 2026-03-30 10:40:52 --> Session: Class initialized using 'CodeIgniter\Session\Handlers\FileHandler' driver.
CRITICAL - 2026-03-30 10:41:07 --> ErrorException: Trying to access array offset on value of type null
[Method: GET, Route: /]
in SYSTEMPATH\Debug\Toolbar.php on line 217.
 1 SYSTEMPATH\Debug\Toolbar.php(217): CodeIgniter\Debug\Exceptions->errorHandler(2, 'Trying to access array offset on value of type null', 'C:\\xampp\\htdocs\\IM\\system\\Debug\\Toolbar.php', 217)
 2 SYSTEMPATH\Debug\Toolbar.php(200): CodeIgniter\Debug\Toolbar->renderTimelineRecursive([...], 1774838452.054661, 7, 170, [], 0)
 3 SYSTEMPATH\Debug\Toolbar\Views\toolbar.tpl.php(105): CodeIgniter\Debug\Toolbar->renderTimeline([...], 1774838452.054661, 7, 170, [])
 4 SYSTEMPATH\Debug\Toolbar.php(533): include('C:\\xampp\\htdocs\\IM\\system\\Debug\\Toolbar\\Views\\toolbar.tpl.php')
 5 SYSTEMPATH\Debug\Toolbar.php(496): CodeIgniter\Debug\Toolbar->format([...], 'html')
 6 APPPATH\Config\Events.php(47): CodeIgniter\Debug\Toolbar->respond()
 7 SYSTEMPATH\Events\Events.php(152): CodeIgniter\Events\Events::Config\{closure}()
 8 SYSTEMPATH\CodeIgniter.php(339): CodeIgniter\Events\Events::trigger('pre_system')
 9 SYSTEMPATH\Boot.php(363): CodeIgniter\CodeIgniter->run()
10 SYSTEMPATH\Boot.php(68): CodeIgniter\Boot::runCodeIgniter(Object(CodeIgniter\CodeIgniter))
11 FCPATH\index.php(59): CodeIgniter\Boot::bootWeb(Object(Config\Paths))
DEBUG - 2026-03-30 10:41:15 --> Session: Class initialized using 'CodeIgniter\Session\Handlers\FileHandler' driver.
CRITICAL - 2026-03-30 10:41:16 --> ErrorException: Trying to access array offset on value of type null
[Method: GET, Route: /]
in SYSTEMPATH\Debug\Toolbar.php on line 217.
 1 SYSTEMPATH\Debug\Toolbar.php(217): CodeIgniter\Debug\Exceptions->errorHandler(2, 'Trying to access array offset on value of type null', 'C:\\xampp\\htdocs\\IM\\system\\Debug\\Toolbar.php', 217)
 2 SYSTEMPATH\Debug\Toolbar.php(200): CodeIgniter\Debug\Toolbar->renderTimelineRecursive([...], 1774838475.022492, 7, 45, [], 0)
 3 SYSTEMPATH\Debug\Toolbar\Views\toolbar.tpl.php(105): CodeIgniter\Debug\Toolbar->renderTimeline([...], 1774838475.022492, 7, 45, [])
 4 SYSTEMPATH\Debug\Toolbar.php(533): include('C:\\xampp\\htdocs\\IM\\system\\Debug\\Toolbar\\Views\\toolbar.tpl.php')
 5 SYSTEMPATH\Debug\Toolbar.php(496): CodeIgniter\Debug\Toolbar->format([...], 'html')
 6 APPPATH\Config\Events.php(47): CodeIgniter\Debug\Toolbar->respond()
 7 SYSTEMPATH\Events\Events.php(152): CodeIgniter\Events\Events::Config\{closure}()
 8 SYSTEMPATH\CodeIgniter.php(339): CodeIgniter\Events\Events::trigger('pre_system')
 9 SYSTEMPATH\Boot.php(363): CodeIgniter\CodeIgniter->run()
10 SYSTEMPATH\Boot.php(68): CodeIgniter\Boot::runCodeIgniter(Object(CodeIgniter\CodeIgniter))
11 FCPATH\index.php(59): CodeIgniter\Boot::bootWeb(Object(Config\Paths))
DEBUG - 2026-03-30 10:42:22 --> Session: Class initialized using 'CodeIgniter\Session\Handlers\FileHandler' driver.
DEBUG - 2026-03-30 10:42:22 --> DCF Store - Title: test dcf 101
DEBUG - 2026-03-30 10:42:22 --> DCF Store - Raw Parts: [{"title":"test 101","description":"test 101","role_key":"all","questions":[{"question_text":"test 101","answer_type":"short_answer","role_key":"","rate_min":"1","rate_max":"10","grid_columns":["Column 1"],"grid_rows":["Row 1"],"options":[""]}]},{"title":"test 102","description":"test 102","role_key":"manager"}]
DEBUG - 2026-03-30 10:42:22 --> Normalized parts count: 2
DEBUG - 2026-03-30 10:42:22 --> About to insert DCF with data: {"title":"test dcf 101","name":"test_dcf_101_1774838542","description":"qwe","due_date":"2026-04-04","department_id":9,"respondents_needed":10}
DEBUG - 2026-03-30 10:42:24 --> DCF created with ID: 22
INFO - 2026-03-30 10:42:25 --> DCF created successfully with ID: 22
DEBUG - 2026-03-30 10:42:25 --> Session: Class initialized using 'CodeIgniter\Session\Handlers\FileHandler' driver.
CRITICAL - 2026-03-30 10:42:25 --> ErrorException: Trying to access array offset on value of type null
[Method: GET, Route: /]
in SYSTEMPATH\Debug\Toolbar.php on line 217.
 1 SYSTEMPATH\Debug\Toolbar.php(217): CodeIgniter\Debug\Exceptions->errorHandler(2, 'Trying to access array offset on value of type null', 'C:\\xampp\\htdocs\\IM\\system\\Debug\\Toolbar.php', 217)
 2 SYSTEMPATH\Debug\Toolbar.php(200): CodeIgniter\Debug\Toolbar->renderTimelineRecursive([...], 1774838545.256384, 7, 15, [], 0)
 3 SYSTEMPATH\Debug\Toolbar\Views\toolbar.tpl.php(105): CodeIgniter\Debug\Toolbar->renderTimeline([...], 1774838545.256384, 7, 15, [])
 4 SYSTEMPATH\Debug\Toolbar.php(533): include('C:\\xampp\\htdocs\\IM\\system\\Debug\\Toolbar\\Views\\toolbar.tpl.php')
 5 SYSTEMPATH\Debug\Toolbar.php(496): CodeIgniter\Debug\Toolbar->format([...], 'html')
 6 APPPATH\Config\Events.php(47): CodeIgniter\Debug\Toolbar->respond()
 7 SYSTEMPATH\Events\Events.php(152): CodeIgniter\Events\Events::Config\{closure}()
 8 SYSTEMPATH\CodeIgniter.php(339): CodeIgniter\Events\Events::trigger('pre_system')
 9 SYSTEMPATH\Boot.php(363): CodeIgniter\CodeIgniter->run()
10 SYSTEMPATH\Boot.php(68): CodeIgniter\Boot::runCodeIgniter(Object(CodeIgniter\CodeIgniter))
11 FCPATH\index.php(59): CodeIgniter\Boot::bootWeb(Object(Config\Paths))
DEBUG - 2026-03-30 10:42:40 --> Session: Class initialized using 'CodeIgniter\Session\Handlers\FileHandler' driver.
CRITICAL - 2026-03-30 10:42:41 --> ErrorException: Trying to access array offset on value of type null
[Method: GET, Route: /]
in SYSTEMPATH\Debug\Toolbar.php on line 217.
 1 SYSTEMPATH\Debug\Toolbar.php(217): CodeIgniter\Debug\Exceptions->errorHandler(2, 'Trying to access array offset on value of type null', 'C:\\xampp\\htdocs\\IM\\system\\Debug\\Toolbar.php', 217)
 2 SYSTEMPATH\Debug\Toolbar.php(200): CodeIgniter\Debug\Toolbar->renderTimelineRecursive([...], 1774838560.904859, 6, 30, [], 0)
 3 SYSTEMPATH\Debug\Toolbar\Views\toolbar.tpl.php(105): CodeIgniter\Debug\Toolbar->renderTimeline([...], 1774838560.904859, 6, 30, [])
 4 SYSTEMPATH\Debug\Toolbar.php(533): include('C:\\xampp\\htdocs\\IM\\system\\Debug\\Toolbar\\Views\\toolbar.tpl.php')
 5 SYSTEMPATH\Debug\Toolbar.php(496): CodeIgniter\Debug\Toolbar->format([...], 'html')
 6 APPPATH\Config\Events.php(47): CodeIgniter\Debug\Toolbar->respond()
 7 SYSTEMPATH\Events\Events.php(152): CodeIgniter\Events\Events::Config\{closure}()
 8 SYSTEMPATH\CodeIgniter.php(339): CodeIgniter\Events\Events::trigger('pre_system')
 9 SYSTEMPATH\Boot.php(363): CodeIgniter\CodeIgniter->run()
10 SYSTEMPATH\Boot.php(68): CodeIgniter\Boot::runCodeIgniter(Object(CodeIgniter\CodeIgniter))
11 FCPATH\index.php(59): CodeIgniter\Boot::bootWeb(Object(Config\Paths))
DEBUG - 2026-03-30 10:42:43 --> Session: Class initialized using 'CodeIgniter\Session\Handlers\FileHandler' driver.
CRITICAL - 2026-03-30 10:42:44 --> ErrorException: Trying to access array offset on value of type null
[Method: GET, Route: /]
in SYSTEMPATH\Debug\Toolbar.php on line 217.
 1 SYSTEMPATH\Debug\Toolbar.php(217): CodeIgniter\Debug\Exceptions->errorHandler(2, 'Trying to access array offset on value of type null', 'C:\\xampp\\htdocs\\IM\\system\\Debug\\Toolbar.php', 217)
 2 SYSTEMPATH\Debug\Toolbar.php(200): CodeIgniter\Debug\Toolbar->renderTimelineRecursive([...], 1774838563.018716, 7, 40, [], 0)
 3 SYSTEMPATH\Debug\Toolbar\Views\toolbar.tpl.php(105): CodeIgniter\Debug\Toolbar->renderTimeline([...], 1774838563.018716, 7, 40, [])
 4 SYSTEMPATH\Debug\Toolbar.php(533): include('C:\\xampp\\htdocs\\IM\\system\\Debug\\Toolbar\\Views\\toolbar.tpl.php')
 5 SYSTEMPATH\Debug\Toolbar.php(496): CodeIgniter\Debug\Toolbar->format([...], 'html')
 6 APPPATH\Config\Events.php(47): CodeIgniter\Debug\Toolbar->respond()
 7 SYSTEMPATH\Events\Events.php(152): CodeIgniter\Events\Events::Config\{closure}()
 8 SYSTEMPATH\CodeIgniter.php(339): CodeIgniter\Events\Events::trigger('pre_system')
 9 SYSTEMPATH\Boot.php(363): CodeIgniter\CodeIgniter->run()
10 SYSTEMPATH\Boot.php(68): CodeIgniter\Boot::runCodeIgniter(Object(CodeIgniter\CodeIgniter))
11 FCPATH\index.php(59): CodeIgniter\Boot::bootWeb(Object(Config\Paths))
DEBUG - 2026-03-30 10:42:48 --> Session: Class initialized using 'CodeIgniter\Session\Handlers\FileHandler' driver.
DEBUG - 2026-03-30 10:43:09 --> Session: Class initialized using 'CodeIgniter\Session\Handlers\FileHandler' driver.
DEBUG - 2026-03-30 10:43:21 --> Session: Class initialized using 'CodeIgniter\Session\Handlers\FileHandler' driver.
DEBUG - 2026-03-30 10:44:39 --> Session: Class initialized using 'CodeIgniter\Session\Handlers\FileHandler' driver.
CRITICAL - 2026-03-30 10:44:54 --> ErrorException: Trying to access array offset on value of type null
[Method: GET, Route: /]
in SYSTEMPATH\Debug\Toolbar.php on line 217.
 1 SYSTEMPATH\Debug\Toolbar.php(217): CodeIgniter\Debug\Exceptions->errorHandler(2, 'Trying to access array offset on value of type null', 'C:\\xampp\\htdocs\\IM\\system\\Debug\\Toolbar.php', 217)
 2 SYSTEMPATH\Debug\Toolbar.php(200): CodeIgniter\Debug\Toolbar->renderTimelineRecursive([...], 1774838679.726869, 7, 165, [], 0)
 3 SYSTEMPATH\Debug\Toolbar\Views\toolbar.tpl.php(105): CodeIgniter\Debug\Toolbar->renderTimeline([...], 1774838679.726869, 7, 165, [])
 4 SYSTEMPATH\Debug\Toolbar.php(533): include('C:\\xampp\\htdocs\\IM\\system\\Debug\\Toolbar\\Views\\toolbar.tpl.php')
 5 SYSTEMPATH\Debug\Toolbar.php(496): CodeIgniter\Debug\Toolbar->format([...], 'html')
 6 APPPATH\Config\Events.php(47): CodeIgniter\Debug\Toolbar->respond()
 7 SYSTEMPATH\Events\Events.php(152): CodeIgniter\Events\Events::Config\{closure}()
 8 SYSTEMPATH\CodeIgniter.php(339): CodeIgniter\Events\Events::trigger('pre_system')
 9 SYSTEMPATH\Boot.php(363): CodeIgniter\CodeIgniter->run()
10 SYSTEMPATH\Boot.php(68): CodeIgniter\Boot::runCodeIgniter(Object(CodeIgniter\CodeIgniter))
11 FCPATH\index.php(59): CodeIgniter\Boot::bootWeb(Object(Config\Paths))
DEBUG - 2026-03-30 10:48:11 --> Session: Class initialized using 'CodeIgniter\Session\Handlers\FileHandler' driver.
CRITICAL - 2026-03-30 10:48:12 --> ErrorException: Trying to access array offset on value of type null
[Method: GET, Route: /]
in SYSTEMPATH\Debug\Toolbar.php on line 217.
 1 SYSTEMPATH\Debug\Toolbar.php(217): CodeIgniter\Debug\Exceptions->errorHandler(2, 'Trying to access array offset on value of type null', 'C:\\xampp\\htdocs\\IM\\system\\Debug\\Toolbar.php', 217)
 2 SYSTEMPATH\Debug\Toolbar.php(200): CodeIgniter\Debug\Toolbar->renderTimelineRecursive([...], 1774838891.622595, 7, 20, [], 0)
 3 SYSTEMPATH\Debug\Toolbar\Views\toolbar.tpl.php(105): CodeIgniter\Debug\Toolbar->renderTimeline([...], 1774838891.622595, 7, 20, [])
 4 SYSTEMPATH\Debug\Toolbar.php(533): include('C:\\xampp\\htdocs\\IM\\system\\Debug\\Toolbar\\Views\\toolbar.tpl.php')
 5 SYSTEMPATH\Debug\Toolbar.php(496): CodeIgniter\Debug\Toolbar->format([...], 'html')
 6 APPPATH\Config\Events.php(47): CodeIgniter\Debug\Toolbar->respond()
 7 SYSTEMPATH\Events\Events.php(152): CodeIgniter\Events\Events::Config\{closure}()
 8 SYSTEMPATH\CodeIgniter.php(339): CodeIgniter\Events\Events::trigger('pre_system')
 9 SYSTEMPATH\Boot.php(363): CodeIgniter\CodeIgniter->run()
10 SYSTEMPATH\Boot.php(68): CodeIgniter\Boot::runCodeIgniter(Object(CodeIgniter\CodeIgniter))
11 FCPATH\index.php(59): CodeIgniter\Boot::bootWeb(Object(Config\Paths))
DEBUG - 2026-03-30 10:48:14 --> Session: Class initialized using 'CodeIgniter\Session\Handlers\FileHandler' driver.
DEBUG - 2026-03-30 10:48:35 --> Session: Class initialized using 'CodeIgniter\Session\Handlers\FileHandler' driver.
DEBUG - 2026-03-30 10:48:51 --> Session: Class initialized using 'CodeIgniter\Session\Handlers\FileHandler' driver.
DEBUG - 2026-03-30 10:49:07 --> Session: Class initialized using 'CodeIgniter\Session\Handlers\FileHandler' driver.
CRITICAL - 2026-03-30 10:49:07 --> ErrorException: Trying to access array offset on value of type null
[Method: GET, Route: /]
in SYSTEMPATH\Debug\Toolbar.php on line 217.
 1 SYSTEMPATH\Debug\Toolbar.php(217): CodeIgniter\Debug\Exceptions->errorHandler(2, 'Trying to access array offset on value of type null', 'C:\\xampp\\htdocs\\IM\\system\\Debug\\Toolbar.php', 217)
 2 SYSTEMPATH\Debug\Toolbar.php(200): CodeIgniter\Debug\Toolbar->renderTimelineRecursive([...], 1774838946.940253, 7, 15, [], 0)
 3 SYSTEMPATH\Debug\Toolbar\Views\toolbar.tpl.php(105): CodeIgniter\Debug\Toolbar->renderTimeline([...], 1774838946.940253, 7, 15, [])
 4 SYSTEMPATH\Debug\Toolbar.php(533): include('C:\\xampp\\htdocs\\IM\\system\\Debug\\Toolbar\\Views\\toolbar.tpl.php')
 5 SYSTEMPATH\Debug\Toolbar.php(496): CodeIgniter\Debug\Toolbar->format([...], 'html')
 6 APPPATH\Config\Events.php(47): CodeIgniter\Debug\Toolbar->respond()
 7 SYSTEMPATH\Events\Events.php(152): CodeIgniter\Events\Events::Config\{closure}()
 8 SYSTEMPATH\CodeIgniter.php(339): CodeIgniter\Events\Events::trigger('pre_system')
 9 SYSTEMPATH\Boot.php(363): CodeIgniter\CodeIgniter->run()
10 SYSTEMPATH\Boot.php(68): CodeIgniter\Boot::runCodeIgniter(Object(CodeIgniter\CodeIgniter))
11 FCPATH\index.php(59): CodeIgniter\Boot::bootWeb(Object(Config\Paths))
DEBUG - 2026-03-30 10:49:15 --> Session: Class initialized using 'CodeIgniter\Session\Handlers\FileHandler' driver.
CRITICAL - 2026-03-30 10:49:15 --> ErrorException: Trying to access array offset on value of type null
[Method: GET, Route: /]
in SYSTEMPATH\Debug\Toolbar.php on line 217.
 1 SYSTEMPATH\Debug\Toolbar.php(217): CodeIgniter\Debug\Exceptions->errorHandler(2, 'Trying to access array offset on value of type null', 'C:\\xampp\\htdocs\\IM\\system\\Debug\\Toolbar.php', 217)
 2 SYSTEMPATH\Debug\Toolbar.php(200): CodeIgniter\Debug\Toolbar->renderTimelineRecursive([...], 1774838955.492666, 7, 15, [], 0)
 3 SYSTEMPATH\Debug\Toolbar\Views\toolbar.tpl.php(105): CodeIgniter\Debug\Toolbar->renderTimeline([...], 1774838955.492666, 7, 15, [])
 4 SYSTEMPATH\Debug\Toolbar.php(533): include('C:\\xampp\\htdocs\\IM\\system\\Debug\\Toolbar\\Views\\toolbar.tpl.php')
 5 SYSTEMPATH\Debug\Toolbar.php(496): CodeIgniter\Debug\Toolbar->format([...], 'html')
 6 APPPATH\Config\Events.php(47): CodeIgniter\Debug\Toolbar->respond()
 7 SYSTEMPATH\Events\Events.php(152): CodeIgniter\Events\Events::Config\{closure}()
 8 SYSTEMPATH\CodeIgniter.php(339): CodeIgniter\Events\Events::trigger('pre_system')
 9 SYSTEMPATH\Boot.php(363): CodeIgniter\CodeIgniter->run()
10 SYSTEMPATH\Boot.php(68): CodeIgniter\Boot::runCodeIgniter(Object(CodeIgniter\CodeIgniter))
11 FCPATH\index.php(59): CodeIgniter\Boot::bootWeb(Object(Config\Paths))
DEBUG - 2026-03-30 10:49:26 --> Session: Class initialized using 'CodeIgniter\Session\Handlers\FileHandler' driver.
CRITICAL - 2026-03-30 10:49:26 --> ErrorException: Trying to access array offset on value of type null
[Method: GET, Route: /]
in SYSTEMPATH\Debug\Toolbar.php on line 217.
 1 SYSTEMPATH\Debug\Toolbar.php(217): CodeIgniter\Debug\Exceptions->errorHandler(2, 'Trying to access array offset on value of type null', 'C:\\xampp\\htdocs\\IM\\system\\Debug\\Toolbar.php', 217)
 2 SYSTEMPATH\Debug\Toolbar.php(200): CodeIgniter\Debug\Toolbar->renderTimelineRecursive([...], 1774838965.993142, 7, 15, [], 0)
 3 SYSTEMPATH\Debug\Toolbar\Views\toolbar.tpl.php(105): CodeIgniter\Debug\Toolbar->renderTimeline([...], 1774838965.993142, 7, 15, [])
 4 SYSTEMPATH\Debug\Toolbar.php(533): include('C:\\xampp\\htdocs\\IM\\system\\Debug\\Toolbar\\Views\\toolbar.tpl.php')
 5 SYSTEMPATH\Debug\Toolbar.php(496): CodeIgniter\Debug\Toolbar->format([...], 'html')
 6 APPPATH\Config\Events.php(47): CodeIgniter\Debug\Toolbar->respond()
 7 SYSTEMPATH\Events\Events.php(152): CodeIgniter\Events\Events::Config\{closure}()
 8 SYSTEMPATH\CodeIgniter.php(339): CodeIgniter\Events\Events::trigger('pre_system')
 9 SYSTEMPATH\Boot.php(363): CodeIgniter\CodeIgniter->run()
10 SYSTEMPATH\Boot.php(68): CodeIgniter\Boot::runCodeIgniter(Object(CodeIgniter\CodeIgniter))
11 FCPATH\index.php(59): CodeIgniter\Boot::bootWeb(Object(Config\Paths))
DEBUG - 2026-03-30 10:51:05 --> Session: Class initialized using 'CodeIgniter\Session\Handlers\FileHandler' driver.
DEBUG - 2026-03-30 10:51:05 --> DCF Store - Title: test 102
DEBUG - 2026-03-30 10:51:05 --> DCF Store - Raw Parts: [{"title":"test 102 q1","description":"q1","role_key":"all","questions":[{"question_text":"q1","answer_type":"short_answer","role_key":"","rate_min":"1","rate_max":"10","grid_columns":["Column 1"],"grid_rows":["Row 1"],"options":[""]}]},{"title":"q2","description":"q2","role_key":"SYSTEM CASHIER","questions":[{"question_text":"q2","answer_type":"short_answer","role_key":"","rate_min":"1","rate_max":"10","grid_columns":["Column 1"],"grid_rows":["Row 1"],"options":[""]}]},{"title":"q3","description":"q3","role_key":".NET DEVELOPER","questions":[{"question_text":"q3","answer_type":"short_answer","role_key":"","rate_min":"1","rate_max":"10","grid_columns":["Column 1"],"grid_rows":["Row 1"],"options":[""]}]}]
DEBUG - 2026-03-30 10:51:05 --> Normalized parts count: 3
DEBUG - 2026-03-30 10:51:05 --> About to insert DCF with data: {"title":"test 102","name":"test_102_1774839065","description":"test 102","due_date":"2026-04-11","department_id":9,"respondents_needed":10}
DEBUG - 2026-03-30 10:51:05 --> DCF created with ID: 23
INFO - 2026-03-30 10:51:06 --> DCF created successfully with ID: 23
DEBUG - 2026-03-30 10:51:06 --> Session: Class initialized using 'CodeIgniter\Session\Handlers\FileHandler' driver.
CRITICAL - 2026-03-30 10:51:07 --> ErrorException: Trying to access array offset on value of type null
[Method: GET, Route: /]
in SYSTEMPATH\Debug\Toolbar.php on line 217.
 1 SYSTEMPATH\Debug\Toolbar.php(217): CodeIgniter\Debug\Exceptions->errorHandler(2, 'Trying to access array offset on value of type null', 'C:\\xampp\\htdocs\\IM\\system\\Debug\\Toolbar.php', 217)
 2 SYSTEMPATH\Debug\Toolbar.php(200): CodeIgniter\Debug\Toolbar->renderTimelineRecursive([...], 1774839066.525064, 5, 15, [], 0)
 3 SYSTEMPATH\Debug\Toolbar\Views\toolbar.tpl.php(105): CodeIgniter\Debug\Toolbar->renderTimeline([...], 1774839066.525064, 5, 15, [])
 4 SYSTEMPATH\Debug\Toolbar.php(533): include('C:\\xampp\\htdocs\\IM\\system\\Debug\\Toolbar\\Views\\toolbar.tpl.php')
 5 SYSTEMPATH\Debug\Toolbar.php(496): CodeIgniter\Debug\Toolbar->format([...], 'html')
 6 APPPATH\Config\Events.php(47): CodeIgniter\Debug\Toolbar->respond()
 7 SYSTEMPATH\Events\Events.php(152): CodeIgniter\Events\Events::Config\{closure}()
 8 SYSTEMPATH\CodeIgniter.php(339): CodeIgniter\Events\Events::trigger('pre_system')
 9 SYSTEMPATH\Boot.php(363): CodeIgniter\CodeIgniter->run()
10 SYSTEMPATH\Boot.php(68): CodeIgniter\Boot::runCodeIgniter(Object(CodeIgniter\CodeIgniter))
11 FCPATH\index.php(59): CodeIgniter\Boot::bootWeb(Object(Config\Paths))
DEBUG - 2026-03-30 10:51:11 --> Session: Class initialized using 'CodeIgniter\Session\Handlers\FileHandler' driver.
CRITICAL - 2026-03-30 10:51:12 --> ErrorException: Trying to access array offset on value of type null
[Method: GET, Route: /]
in SYSTEMPATH\Debug\Toolbar.php on line 217.
 1 SYSTEMPATH\Debug\Toolbar.php(217): CodeIgniter\Debug\Exceptions->errorHandler(2, 'Trying to access array offset on value of type null', 'C:\\xampp\\htdocs\\IM\\system\\Debug\\Toolbar.php', 217)
 2 SYSTEMPATH\Debug\Toolbar.php(200): CodeIgniter\Debug\Toolbar->renderTimelineRecursive([...], 1774839071.807454, 7, 35, [], 0)
 3 SYSTEMPATH\Debug\Toolbar\Views\toolbar.tpl.php(105): CodeIgniter\Debug\Toolbar->renderTimeline([...], 1774839071.807454, 7, 35, [])
 4 SYSTEMPATH\Debug\Toolbar.php(533): include('C:\\xampp\\htdocs\\IM\\system\\Debug\\Toolbar\\Views\\toolbar.tpl.php')
 5 SYSTEMPATH\Debug\Toolbar.php(496): CodeIgniter\Debug\Toolbar->format([...], 'html')
 6 APPPATH\Config\Events.php(47): CodeIgniter\Debug\Toolbar->respond()
 7 SYSTEMPATH\Events\Events.php(152): CodeIgniter\Events\Events::Config\{closure}()
 8 SYSTEMPATH\CodeIgniter.php(339): CodeIgniter\Events\Events::trigger('pre_system')
 9 SYSTEMPATH\Boot.php(363): CodeIgniter\CodeIgniter->run()
10 SYSTEMPATH\Boot.php(68): CodeIgniter\Boot::runCodeIgniter(Object(CodeIgniter\CodeIgniter))
11 FCPATH\index.php(59): CodeIgniter\Boot::bootWeb(Object(Config\Paths))
DEBUG - 2026-03-30 10:51:14 --> Session: Class initialized using 'CodeIgniter\Session\Handlers\FileHandler' driver.
CRITICAL - 2026-03-30 10:51:15 --> ErrorException: Trying to access array offset on value of type null
[Method: GET, Route: /]
in SYSTEMPATH\Debug\Toolbar.php on line 217.
 1 SYSTEMPATH\Debug\Toolbar.php(217): CodeIgniter\Debug\Exceptions->errorHandler(2, 'Trying to access array offset on value of type null', 'C:\\xampp\\htdocs\\IM\\system\\Debug\\Toolbar.php', 217)
 2 SYSTEMPATH\Debug\Toolbar.php(200): CodeIgniter\Debug\Toolbar->renderTimelineRecursive([...], 1774839074.314521, 7, 30, [], 0)
 3 SYSTEMPATH\Debug\Toolbar\Views\toolbar.tpl.php(105): CodeIgniter\Debug\Toolbar->renderTimeline([...], 1774839074.314521, 7, 30, [])
 4 SYSTEMPATH\Debug\Toolbar.php(533): include('C:\\xampp\\htdocs\\IM\\system\\Debug\\Toolbar\\Views\\toolbar.tpl.php')
 5 SYSTEMPATH\Debug\Toolbar.php(496): CodeIgniter\Debug\Toolbar->format([...], 'html')
 6 APPPATH\Config\Events.php(47): CodeIgniter\Debug\Toolbar->respond()
 7 SYSTEMPATH\Events\Events.php(152): CodeIgniter\Events\Events::Config\{closure}()
 8 SYSTEMPATH\CodeIgniter.php(339): CodeIgniter\Events\Events::trigger('pre_system')
 9 SYSTEMPATH\Boot.php(363): CodeIgniter\CodeIgniter->run()
10 SYSTEMPATH\Boot.php(68): CodeIgniter\Boot::runCodeIgniter(Object(CodeIgniter\CodeIgniter))
11 FCPATH\index.php(59): CodeIgniter\Boot::bootWeb(Object(Config\Paths))
DEBUG - 2026-03-30 10:51:16 --> Session: Class initialized using 'CodeIgniter\Session\Handlers\FileHandler' driver.
DEBUG - 2026-03-30 10:51:16 --> Session: Class initialized using 'CodeIgniter\Session\Handlers\FileHandler' driver.
CRITICAL - 2026-03-30 10:51:23 --> ErrorException: Trying to access array offset on value of type null
[Method: GET, Route: /]
in SYSTEMPATH\Debug\Toolbar.php on line 217.
 1 SYSTEMPATH\Debug\Toolbar.php(217): CodeIgniter\Debug\Exceptions->errorHandler(2, 'Trying to access array offset on value of type null', 'C:\\xampp\\htdocs\\IM\\system\\Debug\\Toolbar.php', 217)
 2 SYSTEMPATH\Debug\Toolbar.php(200): CodeIgniter\Debug\Toolbar->renderTimelineRecursive([...], 1774839076.448498, 7, 240, [], 0)
 3 SYSTEMPATH\Debug\Toolbar\Views\toolbar.tpl.php(105): CodeIgniter\Debug\Toolbar->renderTimeline([...], 1774839076.448498, 7, 240, [])
 4 SYSTEMPATH\Debug\Toolbar.php(533): include('C:\\xampp\\htdocs\\IM\\system\\Debug\\Toolbar\\Views\\toolbar.tpl.php')
 5 SYSTEMPATH\Debug\Toolbar.php(496): CodeIgniter\Debug\Toolbar->format([...], 'html')
 6 APPPATH\Config\Events.php(47): CodeIgniter\Debug\Toolbar->respond()
 7 SYSTEMPATH\Events\Events.php(152): CodeIgniter\Events\Events::Config\{closure}()
 8 SYSTEMPATH\CodeIgniter.php(339): CodeIgniter\Events\Events::trigger('pre_system')
 9 SYSTEMPATH\Boot.php(363): CodeIgniter\CodeIgniter->run()
10 SYSTEMPATH\Boot.php(68): CodeIgniter\Boot::runCodeIgniter(Object(CodeIgniter\CodeIgniter))
11 FCPATH\index.php(59): CodeIgniter\Boot::bootWeb(Object(Config\Paths))
DEBUG - 2026-03-30 10:51:33 --> Session: Class initialized using 'CodeIgniter\Session\Handlers\FileHandler' driver.
DEBUG - 2026-03-30 10:51:37 --> Session: Class initialized using 'CodeIgniter\Session\Handlers\FileHandler' driver.
DEBUG - 2026-03-30 10:52:15 --> Session: Class initialized using 'CodeIgniter\Session\Handlers\FileHandler' driver.
DEBUG - 2026-03-30 10:52:22 --> Session: Class initialized using 'CodeIgniter\Session\Handlers\FileHandler' driver.
CRITICAL - 2026-03-30 10:52:23 --> ErrorException: Trying to access array offset on value of type null
[Method: GET, Route: /]
in SYSTEMPATH\Debug\Toolbar.php on line 217.
 1 SYSTEMPATH\Debug\Toolbar.php(217): CodeIgniter\Debug\Exceptions->errorHandler(2, 'Trying to access array offset on value of type null', 'C:\\xampp\\htdocs\\IM\\system\\Debug\\Toolbar.php', 217)
 2 SYSTEMPATH\Debug\Toolbar.php(200): CodeIgniter\Debug\Toolbar->renderTimelineRecursive([...], 1774839142.721468, 7, 45, [], 0)
 3 SYSTEMPATH\Debug\Toolbar\Views\toolbar.tpl.php(105): CodeIgniter\Debug\Toolbar->renderTimeline([...], 1774839142.721468, 7, 45, [])
 4 SYSTEMPATH\Debug\Toolbar.php(533): include('C:\\xampp\\htdocs\\IM\\system\\Debug\\Toolbar\\Views\\toolbar.tpl.php')
 5 SYSTEMPATH\Debug\Toolbar.php(496): CodeIgniter\Debug\Toolbar->format([...], 'html')
 6 APPPATH\Config\Events.php(47): CodeIgniter\Debug\Toolbar->respond()
 7 SYSTEMPATH\Events\Events.php(152): CodeIgniter\Events\Events::Config\{closure}()
 8 SYSTEMPATH\CodeIgniter.php(339): CodeIgniter\Events\Events::trigger('pre_system')
 9 SYSTEMPATH\Boot.php(363): CodeIgniter\CodeIgniter->run()
10 SYSTEMPATH\Boot.php(68): CodeIgniter\Boot::runCodeIgniter(Object(CodeIgniter\CodeIgniter))
11 FCPATH\index.php(59): CodeIgniter\Boot::bootWeb(Object(Config\Paths))
DEBUG - 2026-03-30 10:52:25 --> Session: Class initialized using 'CodeIgniter\Session\Handlers\FileHandler' driver.
DEBUG - 2026-03-30 10:54:50 --> Session: Class initialized using 'CodeIgniter\Session\Handlers\FileHandler' driver.
CRITICAL - 2026-03-30 10:54:51 --> ErrorException: Trying to access array offset on value of type null
[Method: GET, Route: /]
in SYSTEMPATH\Debug\Toolbar.php on line 217.
 1 SYSTEMPATH\Debug\Toolbar.php(217): CodeIgniter\Debug\Exceptions->errorHandler(2, 'Trying to access array offset on value of type null', 'C:\\xampp\\htdocs\\IM\\system\\Debug\\Toolbar.php', 217)
 2 SYSTEMPATH\Debug\Toolbar.php(200): CodeIgniter\Debug\Toolbar->renderTimelineRecursive([...], 1774839290.316427, 7, 55, [], 0)
 3 SYSTEMPATH\Debug\Toolbar\Views\toolbar.tpl.php(105): CodeIgniter\Debug\Toolbar->renderTimeline([...], 1774839290.316427, 7, 55, [])
 4 SYSTEMPATH\Debug\Toolbar.php(533): include('C:\\xampp\\htdocs\\IM\\system\\Debug\\Toolbar\\Views\\toolbar.tpl.php')
 5 SYSTEMPATH\Debug\Toolbar.php(496): CodeIgniter\Debug\Toolbar->format([...], 'html')
 6 APPPATH\Config\Events.php(47): CodeIgniter\Debug\Toolbar->respond()
 7 SYSTEMPATH\Events\Events.php(152): CodeIgniter\Events\Events::Config\{closure}()
 8 SYSTEMPATH\CodeIgniter.php(339): CodeIgniter\Events\Events::trigger('pre_system')
 9 SYSTEMPATH\Boot.php(363): CodeIgniter\CodeIgniter->run()
10 SYSTEMPATH\Boot.php(68): CodeIgniter\Boot::runCodeIgniter(Object(CodeIgniter\CodeIgniter))
11 FCPATH\index.php(59): CodeIgniter\Boot::bootWeb(Object(Config\Paths))
DEBUG - 2026-03-30 10:54:54 --> Session: Class initialized using 'CodeIgniter\Session\Handlers\FileHandler' driver.
DEBUG - 2026-03-30 10:55:16 --> Session: Class initialized using 'CodeIgniter\Session\Handlers\FileHandler' driver.
CRITICAL - 2026-03-30 10:55:17 --> ErrorException: Trying to access array offset on value of type null
[Method: GET, Route: /]
in SYSTEMPATH\Debug\Toolbar.php on line 217.
 1 SYSTEMPATH\Debug\Toolbar.php(217): CodeIgniter\Debug\Exceptions->errorHandler(2, 'Trying to access array offset on value of type null', 'C:\\xampp\\htdocs\\IM\\system\\Debug\\Toolbar.php', 217)
 2 SYSTEMPATH\Debug\Toolbar.php(200): CodeIgniter\Debug\Toolbar->renderTimelineRecursive([...], 1774839316.298348, 6, 15, [], 0)
 3 SYSTEMPATH\Debug\Toolbar\Views\toolbar.tpl.php(105): CodeIgniter\Debug\Toolbar->renderTimeline([...], 1774839316.298348, 6, 15, [])
 4 SYSTEMPATH\Debug\Toolbar.php(533): include('C:\\xampp\\htdocs\\IM\\system\\Debug\\Toolbar\\Views\\toolbar.tpl.php')
 5 SYSTEMPATH\Debug\Toolbar.php(496): CodeIgniter\Debug\Toolbar->format([...], 'html')
 6 APPPATH\Config\Events.php(47): CodeIgniter\Debug\Toolbar->respond()
 7 SYSTEMPATH\Events\Events.php(152): CodeIgniter\Events\Events::Config\{closure}()
 8 SYSTEMPATH\CodeIgniter.php(339): CodeIgniter\Events\Events::trigger('pre_system')
 9 SYSTEMPATH\Boot.php(363): CodeIgniter\CodeIgniter->run()
10 SYSTEMPATH\Boot.php(68): CodeIgniter\Boot::runCodeIgniter(Object(CodeIgniter\CodeIgniter))
11 FCPATH\index.php(59): CodeIgniter\Boot::bootWeb(Object(Config\Paths))
DEBUG - 2026-03-30 10:55:18 --> Session: Class initialized using 'CodeIgniter\Session\Handlers\FileHandler' driver.
CRITICAL - 2026-03-30 10:55:19 --> ErrorException: Trying to access array offset on value of type null
[Method: GET, Route: /]
in SYSTEMPATH\Debug\Toolbar.php on line 217.
 1 SYSTEMPATH\Debug\Toolbar.php(217): CodeIgniter\Debug\Exceptions->errorHandler(2, 'Trying to access array offset on value of type null', 'C:\\xampp\\htdocs\\IM\\system\\Debug\\Toolbar.php', 217)
 2 SYSTEMPATH\Debug\Toolbar.php(200): CodeIgniter\Debug\Toolbar->renderTimelineRecursive([...], 1774839318.935006, 7, 20, [], 0)
 3 SYSTEMPATH\Debug\Toolbar\Views\toolbar.tpl.php(105): CodeIgniter\Debug\Toolbar->renderTimeline([...], 1774839318.935006, 7, 20, [])
 4 SYSTEMPATH\Debug\Toolbar.php(533): include('C:\\xampp\\htdocs\\IM\\system\\Debug\\Toolbar\\Views\\toolbar.tpl.php')
 5 SYSTEMPATH\Debug\Toolbar.php(496): CodeIgniter\Debug\Toolbar->format([...], 'html')
 6 APPPATH\Config\Events.php(47): CodeIgniter\Debug\Toolbar->respond()
 7 SYSTEMPATH\Events\Events.php(152): CodeIgniter\Events\Events::Config\{closure}()
 8 SYSTEMPATH\CodeIgniter.php(339): CodeIgniter\Events\Events::trigger('pre_system')
 9 SYSTEMPATH\Boot.php(363): CodeIgniter\CodeIgniter->run()
10 SYSTEMPATH\Boot.php(68): CodeIgniter\Boot::runCodeIgniter(Object(CodeIgniter\CodeIgniter))
11 FCPATH\index.php(59): CodeIgniter\Boot::bootWeb(Object(Config\Paths))
DEBUG - 2026-03-30 10:57:46 --> Session: Class initialized using 'CodeIgniter\Session\Handlers\FileHandler' driver.
CRITICAL - 2026-03-30 10:57:47 --> ErrorException: Trying to access array offset on value of type null
[Method: GET, Route: /]
in SYSTEMPATH\Debug\Toolbar.php on line 217.
 1 SYSTEMPATH\Debug\Toolbar.php(217): CodeIgniter\Debug\Exceptions->errorHandler(2, 'Trying to access array offset on value of type null', 'C:\\xampp\\htdocs\\IM\\system\\Debug\\Toolbar.php', 217)
 2 SYSTEMPATH\Debug\Toolbar.php(200): CodeIgniter\Debug\Toolbar->renderTimelineRecursive([...], 1774839466.497335, 7, 20, [], 0)
 3 SYSTEMPATH\Debug\Toolbar\Views\toolbar.tpl.php(105): CodeIgniter\Debug\Toolbar->renderTimeline([...], 1774839466.497335, 7, 20, [])
 4 SYSTEMPATH\Debug\Toolbar.php(533): include('C:\\xampp\\htdocs\\IM\\system\\Debug\\Toolbar\\Views\\toolbar.tpl.php')
 5 SYSTEMPATH\Debug\Toolbar.php(496): CodeIgniter\Debug\Toolbar->format([...], 'html')
 6 APPPATH\Config\Events.php(47): CodeIgniter\Debug\Toolbar->respond()
 7 SYSTEMPATH\Events\Events.php(152): CodeIgniter\Events\Events::Config\{closure}()
 8 SYSTEMPATH\CodeIgniter.php(339): CodeIgniter\Events\Events::trigger('pre_system')
 9 SYSTEMPATH\Boot.php(363): CodeIgniter\CodeIgniter->run()
10 SYSTEMPATH\Boot.php(68): CodeIgniter\Boot::runCodeIgniter(Object(CodeIgniter\CodeIgniter))
11 FCPATH\index.php(59): CodeIgniter\Boot::bootWeb(Object(Config\Paths))
DEBUG - 2026-03-30 10:59:57 --> Session: Class initialized using 'CodeIgniter\Session\Handlers\FileHandler' driver.
DEBUG - 2026-03-30 10:59:58 --> Session: Class initialized using 'CodeIgniter\Session\Handlers\FileHandler' driver.
DEBUG - 2026-03-30 10:59:58 --> Session: Class initialized using 'CodeIgniter\Session\Handlers\FileHandler' driver.
DEBUG - 2026-03-30 10:59:58 --> Session: Class initialized using 'CodeIgniter\Session\Handlers\FileHandler' driver.
DEBUG - 2026-03-30 10:59:58 --> Session: Class initialized using 'CodeIgniter\Session\Handlers\FileHandler' driver.
DEBUG - 2026-03-30 10:59:58 --> Session: Class initialized using 'CodeIgniter\Session\Handlers\FileHandler' driver.
CRITICAL - 2026-03-30 10:59:58 --> ErrorException: Trying to access array offset on value of type null
[Method: GET, Route: /]
in SYSTEMPATH\Debug\Toolbar.php on line 217.
 1 SYSTEMPATH\Debug\Toolbar.php(217): CodeIgniter\Debug\Exceptions->errorHandler(2, 'Trying to access array offset on value of type null', 'C:\\xampp\\htdocs\\IM\\system\\Debug\\Toolbar.php', 217)
 2 SYSTEMPATH\Debug\Toolbar.php(200): CodeIgniter\Debug\Toolbar->renderTimelineRecursive([...], 1774839598.528199, 7, 15, [], 0)
 3 SYSTEMPATH\Debug\Toolbar\Views\toolbar.tpl.php(105): CodeIgniter\Debug\Toolbar->renderTimeline([...], 1774839598.528199, 7, 15, [])
 4 SYSTEMPATH\Debug\Toolbar.php(533): include('C:\\xampp\\htdocs\\IM\\system\\Debug\\Toolbar\\Views\\toolbar.tpl.php')
 5 SYSTEMPATH\Debug\Toolbar.php(496): CodeIgniter\Debug\Toolbar->format([...], 'html')
 6 APPPATH\Config\Events.php(47): CodeIgniter\Debug\Toolbar->respond()
 7 SYSTEMPATH\Events\Events.php(152): CodeIgniter\Events\Events::Config\{closure}()
 8 SYSTEMPATH\CodeIgniter.php(339): CodeIgniter\Events\Events::trigger('pre_system')
 9 SYSTEMPATH\Boot.php(363): CodeIgniter\CodeIgniter->run()
10 SYSTEMPATH\Boot.php(68): CodeIgniter\Boot::runCodeIgniter(Object(CodeIgniter\CodeIgniter))
11 FCPATH\index.php(59): CodeIgniter\Boot::bootWeb(Object(Config\Paths))
CRITICAL - 2026-03-30 10:59:59 --> ErrorException: Trying to access array offset on value of type null
[Method: GET, Route: /]
in SYSTEMPATH\Debug\Toolbar.php on line 217.
 1 SYSTEMPATH\Debug\Toolbar.php(217): CodeIgniter\Debug\Exceptions->errorHandler(2, 'Trying to access array offset on value of type null', 'C:\\xampp\\htdocs\\IM\\system\\Debug\\Toolbar.php', 217)
 2 SYSTEMPATH\Debug\Toolbar.php(200): CodeIgniter\Debug\Toolbar->renderTimelineRecursive([...], 1774839598.750196, 7, 30, [], 0)
 3 SYSTEMPATH\Debug\Toolbar\Views\toolbar.tpl.php(105): CodeIgniter\Debug\Toolbar->renderTimeline([...], 1774839598.750196, 7, 30, [])
 4 SYSTEMPATH\Debug\Toolbar.php(533): include('C:\\xampp\\htdocs\\IM\\system\\Debug\\Toolbar\\Views\\toolbar.tpl.php')
 5 SYSTEMPATH\Debug\Toolbar.php(496): CodeIgniter\Debug\Toolbar->format([...], 'html')
 6 APPPATH\Config\Events.php(47): CodeIgniter\Debug\Toolbar->respond()
 7 SYSTEMPATH\Events\Events.php(152): CodeIgniter\Events\Events::Config\{closure}()
 8 SYSTEMPATH\CodeIgniter.php(339): CodeIgniter\Events\Events::trigger('pre_system')
 9 SYSTEMPATH\Boot.php(363): CodeIgniter\CodeIgniter->run()
10 SYSTEMPATH\Boot.php(68): CodeIgniter\Boot::runCodeIgniter(Object(CodeIgniter\CodeIgniter))
11 FCPATH\index.php(59): CodeIgniter\Boot::bootWeb(Object(Config\Paths))
DEBUG - 2026-03-30 11:00:02 --> Session: Class initialized using 'CodeIgniter\Session\Handlers\FileHandler' driver.
DEBUG - 2026-03-30 11:00:19 --> Session: Class initialized using 'CodeIgniter\Session\Handlers\FileHandler' driver.
CRITICAL - 2026-03-30 11:00:20 --> ErrorException: Trying to access array offset on value of type null
[Method: GET, Route: /]
in SYSTEMPATH\Debug\Toolbar.php on line 217.
 1 SYSTEMPATH\Debug\Toolbar.php(217): CodeIgniter\Debug\Exceptions->errorHandler(2, 'Trying to access array offset on value of type null', 'C:\\xampp\\htdocs\\IM\\system\\Debug\\Toolbar.php', 217)
 2 SYSTEMPATH\Debug\Toolbar.php(200): CodeIgniter\Debug\Toolbar->renderTimelineRecursive([...], 1774839619.686505, 6, 30, [], 0)
 3 SYSTEMPATH\Debug\Toolbar\Views\toolbar.tpl.php(105): CodeIgniter\Debug\Toolbar->renderTimeline([...], 1774839619.686505, 6, 30, [])
 4 SYSTEMPATH\Debug\Toolbar.php(533): include('C:\\xampp\\htdocs\\IM\\system\\Debug\\Toolbar\\Views\\toolbar.tpl.php')
 5 SYSTEMPATH\Debug\Toolbar.php(496): CodeIgniter\Debug\Toolbar->format([...], 'html')
 6 APPPATH\Config\Events.php(47): CodeIgniter\Debug\Toolbar->respond()
 7 SYSTEMPATH\Events\Events.php(152): CodeIgniter\Events\Events::Config\{closure}()
 8 SYSTEMPATH\CodeIgniter.php(339): CodeIgniter\Events\Events::trigger('pre_system')
 9 SYSTEMPATH\Boot.php(363): CodeIgniter\CodeIgniter->run()
10 SYSTEMPATH\Boot.php(68): CodeIgniter\Boot::runCodeIgniter(Object(CodeIgniter\CodeIgniter))
11 FCPATH\index.php(59): CodeIgniter\Boot::bootWeb(Object(Config\Paths))
DEBUG - 2026-03-30 11:01:53 --> Session: Class initialized using 'CodeIgniter\Session\Handlers\FileHandler' driver.
DEBUG - 2026-03-30 11:01:53 --> DCF Store - Title: test ad job title
DEBUG - 2026-03-30 11:01:53 --> DCF Store - Raw Parts: [{"title":"asd","description":"asd","role_key":"SYSTEM CASHIER","questions":[{"question_text":"test","answer_type":"short_answer","role_key":"","rate_min":"1","rate_max":"10","grid_columns":["Column 1"],"grid_rows":["Row 1"],"options":[""]},{"question_text":"q2","answer_type":"short_answer","role_key":"all","rate_min":"1","rate_max":"10","grid_columns":["Column 1"],"grid_rows":["Row 1"],"options":[""]},{"question_text":"q3","answer_type":"short_answer","role_key":"manager","rate_min":"1","rate_max":"10","grid_columns":["Column 1"],"grid_rows":["Row 1"],"options":[""]},{"question_text":"q4","answer_type":"short_answer","role_key":"ACCEPTANCE ASSOCIATE","rate_min":"1","rate_max":"10","grid_columns":["Column 1"],"grid_rows":["Row 1"],"options":[""]}]}]
DEBUG - 2026-03-30 11:01:53 --> Normalized parts count: 1
DEBUG - 2026-03-30 11:01:53 --> About to insert DCF with data: {"title":"test ad job title","name":"test_ad_job_title_1774839713","description":"asd","due_date":"2026-04-11","department_id":9,"respondents_needed":10}
DEBUG - 2026-03-30 11:01:53 --> DCF created with ID: 24
INFO - 2026-03-30 11:01:53 --> DCF created successfully with ID: 24
DEBUG - 2026-03-30 11:01:53 --> Session: Class initialized using 'CodeIgniter\Session\Handlers\FileHandler' driver.
CRITICAL - 2026-03-30 11:01:54 --> ErrorException: Trying to access array offset on value of type null
[Method: GET, Route: /]
in SYSTEMPATH\Debug\Toolbar.php on line 217.
 1 SYSTEMPATH\Debug\Toolbar.php(217): CodeIgniter\Debug\Exceptions->errorHandler(2, 'Trying to access array offset on value of type null', 'C:\\xampp\\htdocs\\IM\\system\\Debug\\Toolbar.php', 217)
 2 SYSTEMPATH\Debug\Toolbar.php(200): CodeIgniter\Debug\Toolbar->renderTimelineRecursive([...], 1774839713.537861, 6, 15, [], 0)
 3 SYSTEMPATH\Debug\Toolbar\Views\toolbar.tpl.php(105): CodeIgniter\Debug\Toolbar->renderTimeline([...], 1774839713.537861, 6, 15, [])
 4 SYSTEMPATH\Debug\Toolbar.php(533): include('C:\\xampp\\htdocs\\IM\\system\\Debug\\Toolbar\\Views\\toolbar.tpl.php')
 5 SYSTEMPATH\Debug\Toolbar.php(496): CodeIgniter\Debug\Toolbar->format([...], 'html')
 6 APPPATH\Config\Events.php(47): CodeIgniter\Debug\Toolbar->respond()
 7 SYSTEMPATH\Events\Events.php(152): CodeIgniter\Events\Events::Config\{closure}()
 8 SYSTEMPATH\CodeIgniter.php(339): CodeIgniter\Events\Events::trigger('pre_system')
 9 SYSTEMPATH\Boot.php(363): CodeIgniter\CodeIgniter->run()
10 SYSTEMPATH\Boot.php(68): CodeIgniter\Boot::runCodeIgniter(Object(CodeIgniter\CodeIgniter))
11 FCPATH\index.php(59): CodeIgniter\Boot::bootWeb(Object(Config\Paths))
DEBUG - 2026-03-30 11:01:58 --> Session: Class initialized using 'CodeIgniter\Session\Handlers\FileHandler' driver.
CRITICAL - 2026-03-30 11:01:58 --> ErrorException: Trying to access array offset on value of type null
[Method: GET, Route: /]
in SYSTEMPATH\Debug\Toolbar.php on line 217.
 1 SYSTEMPATH\Debug\Toolbar.php(217): CodeIgniter\Debug\Exceptions->errorHandler(2, 'Trying to access array offset on value of type null', 'C:\\xampp\\htdocs\\IM\\system\\Debug\\Toolbar.php', 217)
 2 SYSTEMPATH\Debug\Toolbar.php(200): CodeIgniter\Debug\Toolbar->renderTimelineRecursive([...], 1774839718.450345, 7, 25, [], 0)
 3 SYSTEMPATH\Debug\Toolbar\Views\toolbar.tpl.php(105): CodeIgniter\Debug\Toolbar->renderTimeline([...], 1774839718.450345, 7, 25, [])
 4 SYSTEMPATH\Debug\Toolbar.php(533): include('C:\\xampp\\htdocs\\IM\\system\\Debug\\Toolbar\\Views\\toolbar.tpl.php')
 5 SYSTEMPATH\Debug\Toolbar.php(496): CodeIgniter\Debug\Toolbar->format([...], 'html')
 6 APPPATH\Config\Events.php(47): CodeIgniter\Debug\Toolbar->respond()
 7 SYSTEMPATH\Events\Events.php(152): CodeIgniter\Events\Events::Config\{closure}()
 8 SYSTEMPATH\CodeIgniter.php(339): CodeIgniter\Events\Events::trigger('pre_system')
 9 SYSTEMPATH\Boot.php(363): CodeIgniter\CodeIgniter->run()
10 SYSTEMPATH\Boot.php(68): CodeIgniter\Boot::runCodeIgniter(Object(CodeIgniter\CodeIgniter))
11 FCPATH\index.php(59): CodeIgniter\Boot::bootWeb(Object(Config\Paths))
DEBUG - 2026-03-30 11:02:00 --> Session: Class initialized using 'CodeIgniter\Session\Handlers\FileHandler' driver.
CRITICAL - 2026-03-30 11:02:01 --> ErrorException: Trying to access array offset on value of type null
[Method: GET, Route: /]
in SYSTEMPATH\Debug\Toolbar.php on line 217.
 1 SYSTEMPATH\Debug\Toolbar.php(217): CodeIgniter\Debug\Exceptions->errorHandler(2, 'Trying to access array offset on value of type null', 'C:\\xampp\\htdocs\\IM\\system\\Debug\\Toolbar.php', 217)
 2 SYSTEMPATH\Debug\Toolbar.php(200): CodeIgniter\Debug\Toolbar->renderTimelineRecursive([...], 1774839720.618683, 7, 35, [], 0)
 3 SYSTEMPATH\Debug\Toolbar\Views\toolbar.tpl.php(105): CodeIgniter\Debug\Toolbar->renderTimeline([...], 1774839720.618683, 7, 35, [])
 4 SYSTEMPATH\Debug\Toolbar.php(533): include('C:\\xampp\\htdocs\\IM\\system\\Debug\\Toolbar\\Views\\toolbar.tpl.php')
 5 SYSTEMPATH\Debug\Toolbar.php(496): CodeIgniter\Debug\Toolbar->format([...], 'html')
 6 APPPATH\Config\Events.php(47): CodeIgniter\Debug\Toolbar->respond()
 7 SYSTEMPATH\Events\Events.php(152): CodeIgniter\Events\Events::Config\{closure}()
 8 SYSTEMPATH\CodeIgniter.php(339): CodeIgniter\Events\Events::trigger('pre_system')
 9 SYSTEMPATH\Boot.php(363): CodeIgniter\CodeIgniter->run()
10 SYSTEMPATH\Boot.php(68): CodeIgniter\Boot::runCodeIgniter(Object(CodeIgniter\CodeIgniter))
11 FCPATH\index.php(59): CodeIgniter\Boot::bootWeb(Object(Config\Paths))
DEBUG - 2026-03-30 11:02:15 --> Session: Class initialized using 'CodeIgniter\Session\Handlers\FileHandler' driver.
DEBUG - 2026-03-30 11:02:32 --> Session: Class initialized using 'CodeIgniter\Session\Handlers\FileHandler' driver.
DEBUG - 2026-03-30 11:02:54 --> Session: Class initialized using 'CodeIgniter\Session\Handlers\FileHandler' driver.
DEBUG - 2026-03-30 11:02:54 --> Session: Class initialized using 'CodeIgniter\Session\Handlers\FileHandler' driver.
DEBUG - 2026-03-30 11:02:55 --> Session: Class initialized using 'CodeIgniter\Session\Handlers\FileHandler' driver.
CRITICAL - 2026-03-30 11:02:55 --> ErrorException: Trying to access array offset on value of type null
[Method: GET, Route: /]
in SYSTEMPATH\Debug\Toolbar.php on line 217.
 1 SYSTEMPATH\Debug\Toolbar.php(217): CodeIgniter\Debug\Exceptions->errorHandler(2, 'Trying to access array offset on value of type null', 'C:\\xampp\\htdocs\\IM\\system\\Debug\\Toolbar.php', 217)
 2 SYSTEMPATH\Debug\Toolbar.php(200): CodeIgniter\Debug\Toolbar->renderTimelineRecursive([...], 1774839774.838957, 6, 15, [], 0)
 3 SYSTEMPATH\Debug\Toolbar\Views\toolbar.tpl.php(105): CodeIgniter\Debug\Toolbar->renderTimeline([...], 1774839774.838957, 6, 15, [])
 4 SYSTEMPATH\Debug\Toolbar.php(533): include('C:\\xampp\\htdocs\\IM\\system\\Debug\\Toolbar\\Views\\toolbar.tpl.php')
 5 SYSTEMPATH\Debug\Toolbar.php(496): CodeIgniter\Debug\Toolbar->format([...], 'html')
 6 APPPATH\Config\Events.php(47): CodeIgniter\Debug\Toolbar->respond()
 7 SYSTEMPATH\Events\Events.php(152): CodeIgniter\Events\Events::Config\{closure}()
 8 SYSTEMPATH\CodeIgniter.php(339): CodeIgniter\Events\Events::trigger('pre_system')
 9 SYSTEMPATH\Boot.php(363): CodeIgniter\CodeIgniter->run()
10 SYSTEMPATH\Boot.php(68): CodeIgniter\Boot::runCodeIgniter(Object(CodeIgniter\CodeIgniter))
11 FCPATH\index.php(59): CodeIgniter\Boot::bootWeb(Object(Config\Paths))
CRITICAL - 2026-03-30 11:02:55 --> ErrorException: Trying to access array offset on value of type null
[Method: GET, Route: /]
in SYSTEMPATH\Debug\Toolbar.php on line 217.
 1 SYSTEMPATH\Debug\Toolbar.php(217): CodeIgniter\Debug\Exceptions->errorHandler(2, 'Trying to access array offset on value of type null', 'C:\\xampp\\htdocs\\IM\\system\\Debug\\Toolbar.php', 217)
 2 SYSTEMPATH\Debug\Toolbar.php(200): CodeIgniter\Debug\Toolbar->renderTimelineRecursive([...], 1774839775.181552, 6, 20, [], 0)
 3 SYSTEMPATH\Debug\Toolbar\Views\toolbar.tpl.php(105): CodeIgniter\Debug\Toolbar->renderTimeline([...], 1774839775.181552, 6, 20, [])
 4 SYSTEMPATH\Debug\Toolbar.php(533): include('C:\\xampp\\htdocs\\IM\\system\\Debug\\Toolbar\\Views\\toolbar.tpl.php')
 5 SYSTEMPATH\Debug\Toolbar.php(496): CodeIgniter\Debug\Toolbar->format([...], 'html')
 6 APPPATH\Config\Events.php(47): CodeIgniter\Debug\Toolbar->respond()
 7 SYSTEMPATH\Events\Events.php(152): CodeIgniter\Events\Events::Config\{closure}()
 8 SYSTEMPATH\CodeIgniter.php(339): CodeIgniter\Events\Events::trigger('pre_system')
 9 SYSTEMPATH\Boot.php(363): CodeIgniter\CodeIgniter->run()
10 SYSTEMPATH\Boot.php(68): CodeIgniter\Boot::runCodeIgniter(Object(CodeIgniter\CodeIgniter))
11 FCPATH\index.php(59): CodeIgniter\Boot::bootWeb(Object(Config\Paths))
DEBUG - 2026-03-30 11:02:57 --> Session: Class initialized using 'CodeIgniter\Session\Handlers\FileHandler' driver.
DEBUG - 2026-03-30 11:09:07 --> Session: Class initialized using 'CodeIgniter\Session\Handlers\FileHandler' driver.
CRITICAL - 2026-03-30 11:09:07 --> ErrorException: Trying to access array offset on value of type null
[Method: GET, Route: /]
in SYSTEMPATH\Debug\Toolbar.php on line 217.
 1 SYSTEMPATH\Debug\Toolbar.php(217): CodeIgniter\Debug\Exceptions->errorHandler(2, 'Trying to access array offset on value of type null', 'C:\\xampp\\htdocs\\IM\\system\\Debug\\Toolbar.php', 217)
 2 SYSTEMPATH\Debug\Toolbar.php(200): CodeIgniter\Debug\Toolbar->renderTimelineRecursive([...], 1774840147.151104, 7, 55, [], 0)
 3 SYSTEMPATH\Debug\Toolbar\Views\toolbar.tpl.php(105): CodeIgniter\Debug\Toolbar->renderTimeline([...], 1774840147.151104, 7, 55, [])
 4 SYSTEMPATH\Debug\Toolbar.php(533): include('C:\\xampp\\htdocs\\IM\\system\\Debug\\Toolbar\\Views\\toolbar.tpl.php')
 5 SYSTEMPATH\Debug\Toolbar.php(496): CodeIgniter\Debug\Toolbar->format([...], 'html')
 6 APPPATH\Config\Events.php(47): CodeIgniter\Debug\Toolbar->respond()
 7 SYSTEMPATH\Events\Events.php(152): CodeIgniter\Events\Events::Config\{closure}()
 8 SYSTEMPATH\CodeIgniter.php(339): CodeIgniter\Events\Events::trigger('pre_system')
 9 SYSTEMPATH\Boot.php(363): CodeIgniter\CodeIgniter->run()
10 SYSTEMPATH\Boot.php(68): CodeIgniter\Boot::runCodeIgniter(Object(CodeIgniter\CodeIgniter))
11 FCPATH\index.php(59): CodeIgniter\Boot::bootWeb(Object(Config\Paths))
DEBUG - 2026-03-30 11:09:09 --> Session: Class initialized using 'CodeIgniter\Session\Handlers\FileHandler' driver.
DEBUG - 2026-03-30 11:09:09 --> Session: Class initialized using 'CodeIgniter\Session\Handlers\FileHandler' driver.
DEBUG - 2026-03-30 11:09:09 --> Session: Class initialized using 'CodeIgniter\Session\Handlers\FileHandler' driver.
DEBUG - 2026-03-30 11:09:09 --> Session: Class initialized using 'CodeIgniter\Session\Handlers\FileHandler' driver.
CRITICAL - 2026-03-30 11:09:09 --> ErrorException: Trying to access array offset on value of type null
[Method: GET, Route: /]
in SYSTEMPATH\Debug\Toolbar.php on line 217.
 1 SYSTEMPATH\Debug\Toolbar.php(217): CodeIgniter\Debug\Exceptions->errorHandler(2, 'Trying to access array offset on value of type null', 'C:\\xampp\\htdocs\\IM\\system\\Debug\\Toolbar.php', 217)
 2 SYSTEMPATH\Debug\Toolbar.php(200): CodeIgniter\Debug\Toolbar->renderTimelineRecursive([...], 1774840149.303241, 6, 15, [], 0)
 3 SYSTEMPATH\Debug\Toolbar\Views\toolbar.tpl.php(105): CodeIgniter\Debug\Toolbar->renderTimeline([...], 1774840149.303241, 6, 15, [])
 4 SYSTEMPATH\Debug\Toolbar.php(533): include('C:\\xampp\\htdocs\\IM\\system\\Debug\\Toolbar\\Views\\toolbar.tpl.php')
 5 SYSTEMPATH\Debug\Toolbar.php(496): CodeIgniter\Debug\Toolbar->format([...], 'html')
 6 APPPATH\Config\Events.php(47): CodeIgniter\Debug\Toolbar->respond()
 7 SYSTEMPATH\Events\Events.php(152): CodeIgniter\Events\Events::Config\{closure}()
 8 SYSTEMPATH\CodeIgniter.php(339): CodeIgniter\Events\Events::trigger('pre_system')
 9 SYSTEMPATH\Boot.php(363): CodeIgniter\CodeIgniter->run()
10 SYSTEMPATH\Boot.php(68): CodeIgniter\Boot::runCodeIgniter(Object(CodeIgniter\CodeIgniter))
11 FCPATH\index.php(59): CodeIgniter\Boot::bootWeb(Object(Config\Paths))
CRITICAL - 2026-03-30 11:09:10 --> ErrorException: Trying to access array offset on value of type null
[Method: GET, Route: /]
in SYSTEMPATH\Debug\Toolbar.php on line 217.
 1 SYSTEMPATH\Debug\Toolbar.php(217): CodeIgniter\Debug\Exceptions->errorHandler(2, 'Trying to access array offset on value of type null', 'C:\\xampp\\htdocs\\IM\\system\\Debug\\Toolbar.php', 217)
 2 SYSTEMPATH\Debug\Toolbar.php(200): CodeIgniter\Debug\Toolbar->renderTimelineRecursive([...], 1774840149.681532, 7, 25, [], 0)
 3 SYSTEMPATH\Debug\Toolbar\Views\toolbar.tpl.php(105): CodeIgniter\Debug\Toolbar->renderTimeline([...], 1774840149.681532, 7, 25, [])
 4 SYSTEMPATH\Debug\Toolbar.php(533): include('C:\\xampp\\htdocs\\IM\\system\\Debug\\Toolbar\\Views\\toolbar.tpl.php')
 5 SYSTEMPATH\Debug\Toolbar.php(496): CodeIgniter\Debug\Toolbar->format([...], 'html')
 6 APPPATH\Config\Events.php(47): CodeIgniter\Debug\Toolbar->respond()
 7 SYSTEMPATH\Events\Events.php(152): CodeIgniter\Events\Events::Config\{closure}()
 8 SYSTEMPATH\CodeIgniter.php(339): CodeIgniter\Events\Events::trigger('pre_system')
 9 SYSTEMPATH\Boot.php(363): CodeIgniter\CodeIgniter->run()
10 SYSTEMPATH\Boot.php(68): CodeIgniter\Boot::runCodeIgniter(Object(CodeIgniter\CodeIgniter))
11 FCPATH\index.php(59): CodeIgniter\Boot::bootWeb(Object(Config\Paths))
DEBUG - 2026-03-30 11:09:14 --> Session: Class initialized using 'CodeIgniter\Session\Handlers\FileHandler' driver.
CRITICAL - 2026-03-30 11:09:15 --> ErrorException: Trying to access array offset on value of type null
[Method: GET, Route: /]
in SYSTEMPATH\Debug\Toolbar.php on line 217.
 1 SYSTEMPATH\Debug\Toolbar.php(217): CodeIgniter\Debug\Exceptions->errorHandler(2, 'Trying to access array offset on value of type null', 'C:\\xampp\\htdocs\\IM\\system\\Debug\\Toolbar.php', 217)
 2 SYSTEMPATH\Debug\Toolbar.php(200): CodeIgniter\Debug\Toolbar->renderTimelineRecursive([...], 1774840154.735334, 7, 25, [], 0)
 3 SYSTEMPATH\Debug\Toolbar\Views\toolbar.tpl.php(105): CodeIgniter\Debug\Toolbar->renderTimeline([...], 1774840154.735334, 7, 25, [])
 4 SYSTEMPATH\Debug\Toolbar.php(533): include('C:\\xampp\\htdocs\\IM\\system\\Debug\\Toolbar\\Views\\toolbar.tpl.php')
 5 SYSTEMPATH\Debug\Toolbar.php(496): CodeIgniter\Debug\Toolbar->format([...], 'html')
 6 APPPATH\Config\Events.php(47): CodeIgniter\Debug\Toolbar->respond()
 7 SYSTEMPATH\Events\Events.php(152): CodeIgniter\Events\Events::Config\{closure}()
 8 SYSTEMPATH\CodeIgniter.php(339): CodeIgniter\Events\Events::trigger('pre_system')
 9 SYSTEMPATH\Boot.php(363): CodeIgniter\CodeIgniter->run()
10 SYSTEMPATH\Boot.php(68): CodeIgniter\Boot::runCodeIgniter(Object(CodeIgniter\CodeIgniter))
11 FCPATH\index.php(59): CodeIgniter\Boot::bootWeb(Object(Config\Paths))
DEBUG - 2026-03-30 11:09:18 --> Session: Class initialized using 'CodeIgniter\Session\Handlers\FileHandler' driver.
DEBUG - 2026-03-30 11:10:02 --> Session: Class initialized using 'CodeIgniter\Session\Handlers\FileHandler' driver.
CRITICAL - 2026-03-30 11:10:03 --> ErrorException: Trying to access array offset on value of type null
[Method: GET, Route: /]
in SYSTEMPATH\Debug\Toolbar.php on line 217.
 1 SYSTEMPATH\Debug\Toolbar.php(217): CodeIgniter\Debug\Exceptions->errorHandler(2, 'Trying to access array offset on value of type null', 'C:\\xampp\\htdocs\\IM\\system\\Debug\\Toolbar.php', 217)
 2 SYSTEMPATH\Debug\Toolbar.php(200): CodeIgniter\Debug\Toolbar->renderTimelineRecursive([...], 1774840202.585136, 7, 15, [], 0)
 3 SYSTEMPATH\Debug\Toolbar\Views\toolbar.tpl.php(105): CodeIgniter\Debug\Toolbar->renderTimeline([...], 1774840202.585136, 7, 15, [])
 4 SYSTEMPATH\Debug\Toolbar.php(533): include('C:\\xampp\\htdocs\\IM\\system\\Debug\\Toolbar\\Views\\toolbar.tpl.php')
 5 SYSTEMPATH\Debug\Toolbar.php(496): CodeIgniter\Debug\Toolbar->format([...], 'html')
 6 APPPATH\Config\Events.php(47): CodeIgniter\Debug\Toolbar->respond()
 7 SYSTEMPATH\Events\Events.php(152): CodeIgniter\Events\Events::Config\{closure}()
 8 SYSTEMPATH\CodeIgniter.php(339): CodeIgniter\Events\Events::trigger('pre_system')
 9 SYSTEMPATH\Boot.php(363): CodeIgniter\CodeIgniter->run()
10 SYSTEMPATH\Boot.php(68): CodeIgniter\Boot::runCodeIgniter(Object(CodeIgniter\CodeIgniter))
11 FCPATH\index.php(59): CodeIgniter\Boot::bootWeb(Object(Config\Paths))
DEBUG - 2026-03-30 11:10:19 --> Session: Class initialized using 'CodeIgniter\Session\Handlers\FileHandler' driver.
DEBUG - 2026-03-30 11:10:19 --> Session: Class initialized using 'CodeIgniter\Session\Handlers\FileHandler' driver.
CRITICAL - 2026-03-30 11:10:20 --> ErrorException: Trying to access array offset on value of type null
[Method: GET, Route: /]
in SYSTEMPATH\Debug\Toolbar.php on line 217.
 1 SYSTEMPATH\Debug\Toolbar.php(217): CodeIgniter\Debug\Exceptions->errorHandler(2, 'Trying to access array offset on value of type null', 'C:\\xampp\\htdocs\\IM\\system\\Debug\\Toolbar.php', 217)
 2 SYSTEMPATH\Debug\Toolbar.php(200): CodeIgniter\Debug\Toolbar->renderTimelineRecursive([...], 1774840219.745881, 7, 15, [], 0)
 3 SYSTEMPATH\Debug\Toolbar\Views\toolbar.tpl.php(105): CodeIgniter\Debug\Toolbar->renderTimeline([...], 1774840219.745881, 7, 15, [])
 4 SYSTEMPATH\Debug\Toolbar.php(533): include('C:\\xampp\\htdocs\\IM\\system\\Debug\\Toolbar\\Views\\toolbar.tpl.php')
 5 SYSTEMPATH\Debug\Toolbar.php(496): CodeIgniter\Debug\Toolbar->format([...], 'html')
 6 APPPATH\Config\Events.php(47): CodeIgniter\Debug\Toolbar->respond()
 7 SYSTEMPATH\Events\Events.php(152): CodeIgniter\Events\Events::Config\{closure}()
 8 SYSTEMPATH\CodeIgniter.php(339): CodeIgniter\Events\Events::trigger('pre_system')
 9 SYSTEMPATH\Boot.php(363): CodeIgniter\CodeIgniter->run()
10 SYSTEMPATH\Boot.php(68): CodeIgniter\Boot::runCodeIgniter(Object(CodeIgniter\CodeIgniter))
11 FCPATH\index.php(59): CodeIgniter\Boot::bootWeb(Object(Config\Paths))
DEBUG - 2026-03-30 11:10:24 --> Session: Class initialized using 'CodeIgniter\Session\Handlers\FileHandler' driver.
CRITICAL - 2026-03-30 11:10:24 --> ErrorException: Trying to access array offset on value of type null
[Method: GET, Route: /]
in SYSTEMPATH\Debug\Toolbar.php on line 217.
 1 SYSTEMPATH\Debug\Toolbar.php(217): CodeIgniter\Debug\Exceptions->errorHandler(2, 'Trying to access array offset on value of type null', 'C:\\xampp\\htdocs\\IM\\system\\Debug\\Toolbar.php', 217)
 2 SYSTEMPATH\Debug\Toolbar.php(200): CodeIgniter\Debug\Toolbar->renderTimelineRecursive([...], 1774840224.269534, 7, 20, [], 0)
 3 SYSTEMPATH\Debug\Toolbar\Views\toolbar.tpl.php(105): CodeIgniter\Debug\Toolbar->renderTimeline([...], 1774840224.269534, 7, 20, [])
 4 SYSTEMPATH\Debug\Toolbar.php(533): include('C:\\xampp\\htdocs\\IM\\system\\Debug\\Toolbar\\Views\\toolbar.tpl.php')
 5 SYSTEMPATH\Debug\Toolbar.php(496): CodeIgniter\Debug\Toolbar->format([...], 'html')
 6 APPPATH\Config\Events.php(47): CodeIgniter\Debug\Toolbar->respond()
 7 SYSTEMPATH\Events\Events.php(152): CodeIgniter\Events\Events::Config\{closure}()
 8 SYSTEMPATH\CodeIgniter.php(339): CodeIgniter\Events\Events::trigger('pre_system')
 9 SYSTEMPATH\Boot.php(363): CodeIgniter\CodeIgniter->run()
10 SYSTEMPATH\Boot.php(68): CodeIgniter\Boot::runCodeIgniter(Object(CodeIgniter\CodeIgniter))
11 FCPATH\index.php(59): CodeIgniter\Boot::bootWeb(Object(Config\Paths))
DEBUG - 2026-03-30 11:10:26 --> Session: Class initialized using 'CodeIgniter\Session\Handlers\FileHandler' driver.
CRITICAL - 2026-03-30 11:10:27 --> ErrorException: Trying to access array offset on value of type null
[Method: GET, Route: /]
in SYSTEMPATH\Debug\Toolbar.php on line 217.
 1 SYSTEMPATH\Debug\Toolbar.php(217): CodeIgniter\Debug\Exceptions->errorHandler(2, 'Trying to access array offset on value of type null', 'C:\\xampp\\htdocs\\IM\\system\\Debug\\Toolbar.php', 217)
 2 SYSTEMPATH\Debug\Toolbar.php(200): CodeIgniter\Debug\Toolbar->renderTimelineRecursive([...], 1774840226.112099, 7, 30, [], 0)
 3 SYSTEMPATH\Debug\Toolbar\Views\toolbar.tpl.php(105): CodeIgniter\Debug\Toolbar->renderTimeline([...], 1774840226.112099, 7, 30, [])
 4 SYSTEMPATH\Debug\Toolbar.php(533): include('C:\\xampp\\htdocs\\IM\\system\\Debug\\Toolbar\\Views\\toolbar.tpl.php')
 5 SYSTEMPATH\Debug\Toolbar.php(496): CodeIgniter\Debug\Toolbar->format([...], 'html')
 6 APPPATH\Config\Events.php(47): CodeIgniter\Debug\Toolbar->respond()
 7 SYSTEMPATH\Events\Events.php(152): CodeIgniter\Events\Events::Config\{closure}()
 8 SYSTEMPATH\CodeIgniter.php(339): CodeIgniter\Events\Events::trigger('pre_system')
 9 SYSTEMPATH\Boot.php(363): CodeIgniter\CodeIgniter->run()
10 SYSTEMPATH\Boot.php(68): CodeIgniter\Boot::runCodeIgniter(Object(CodeIgniter\CodeIgniter))
11 FCPATH\index.php(59): CodeIgniter\Boot::bootWeb(Object(Config\Paths))
DEBUG - 2026-03-30 11:10:29 --> Session: Class initialized using 'CodeIgniter\Session\Handlers\FileHandler' driver.
DEBUG - 2026-03-30 13:23:00 --> Session: Class initialized using 'CodeIgniter\Session\Handlers\FileHandler' driver.
CRITICAL - 2026-03-30 13:23:19 --> ErrorException: Trying to access array offset on value of type null
[Method: GET, Route: /]
in SYSTEMPATH\Debug\Toolbar.php on line 217.
 1 SYSTEMPATH\Debug\Toolbar.php(217): CodeIgniter\Debug\Exceptions->errorHandler(2, 'Trying to access array offset on value of type null', 'C:\\xampp\\htdocs\\IM\\system\\Debug\\Toolbar.php', 217)
 2 SYSTEMPATH\Debug\Toolbar.php(200): CodeIgniter\Debug\Toolbar->renderTimelineRecursive([...], 1774848175.705068, 7, 1160, [], 0)
 3 SYSTEMPATH\Debug\Toolbar\Views\toolbar.tpl.php(105): CodeIgniter\Debug\Toolbar->renderTimeline([...], 1774848175.705068, 7, 1160, [])
 4 SYSTEMPATH\Debug\Toolbar.php(533): include('C:\\xampp\\htdocs\\IM\\system\\Debug\\Toolbar\\Views\\toolbar.tpl.php')
 5 SYSTEMPATH\Debug\Toolbar.php(496): CodeIgniter\Debug\Toolbar->format([...], 'html')
 6 APPPATH\Config\Events.php(47): CodeIgniter\Debug\Toolbar->respond()
 7 SYSTEMPATH\Events\Events.php(152): CodeIgniter\Events\Events::Config\{closure}()
 8 SYSTEMPATH\CodeIgniter.php(339): CodeIgniter\Events\Events::trigger('pre_system')
 9 SYSTEMPATH\Boot.php(363): CodeIgniter\CodeIgniter->run()
10 SYSTEMPATH\Boot.php(68): CodeIgniter\Boot::runCodeIgniter(Object(CodeIgniter\CodeIgniter))
11 FCPATH\index.php(59): CodeIgniter\Boot::bootWeb(Object(Config\Paths))
DEBUG - 2026-03-30 13:23:42 --> Session: Class initialized using 'CodeIgniter\Session\Handlers\FileHandler' driver.
DEBUG - 2026-03-30 13:23:43 --> Session: Class initialized using 'CodeIgniter\Session\Handlers\FileHandler' driver.
CRITICAL - 2026-03-30 13:23:44 --> ErrorException: Trying to access array offset on value of type null
[Method: GET, Route: /]
in SYSTEMPATH\Debug\Toolbar.php on line 217.
 1 SYSTEMPATH\Debug\Toolbar.php(217): CodeIgniter\Debug\Exceptions->errorHandler(2, 'Trying to access array offset on value of type null', 'C:\\xampp\\htdocs\\IM\\system\\Debug\\Toolbar.php', 217)
 2 SYSTEMPATH\Debug\Toolbar.php(200): CodeIgniter\Debug\Toolbar->renderTimelineRecursive([...], 1774848223.006775, 5, 15, [], 0)
 3 SYSTEMPATH\Debug\Toolbar\Views\toolbar.tpl.php(105): CodeIgniter\Debug\Toolbar->renderTimeline([...], 1774848223.006775, 5, 15, [])
 4 SYSTEMPATH\Debug\Toolbar.php(533): include('C:\\xampp\\htdocs\\IM\\system\\Debug\\Toolbar\\Views\\toolbar.tpl.php')
 5 SYSTEMPATH\Debug\Toolbar.php(496): CodeIgniter\Debug\Toolbar->format([...], 'html')
 6 APPPATH\Config\Events.php(47): CodeIgniter\Debug\Toolbar->respond()
 7 SYSTEMPATH\Events\Events.php(152): CodeIgniter\Events\Events::Config\{closure}()
 8 SYSTEMPATH\CodeIgniter.php(339): CodeIgniter\Events\Events::trigger('pre_system')
 9 SYSTEMPATH\Boot.php(363): CodeIgniter\CodeIgniter->run()
10 SYSTEMPATH\Boot.php(68): CodeIgniter\Boot::runCodeIgniter(Object(CodeIgniter\CodeIgniter))
11 FCPATH\index.php(59): CodeIgniter\Boot::bootWeb(Object(Config\Paths))
DEBUG - 2026-03-30 13:23:55 --> Session: Class initialized using 'CodeIgniter\Session\Handlers\FileHandler' driver.
DEBUG - 2026-03-30 13:23:55 --> Session: Class initialized using 'CodeIgniter\Session\Handlers\FileHandler' driver.
CRITICAL - 2026-03-30 13:23:56 --> ErrorException: Trying to access array offset on value of type null
[Method: GET, Route: /]
in SYSTEMPATH\Debug\Toolbar.php on line 217.
 1 SYSTEMPATH\Debug\Toolbar.php(217): CodeIgniter\Debug\Exceptions->errorHandler(2, 'Trying to access array offset on value of type null', 'C:\\xampp\\htdocs\\IM\\system\\Debug\\Toolbar.php', 217)
 2 SYSTEMPATH\Debug\Toolbar.php(200): CodeIgniter\Debug\Toolbar->renderTimelineRecursive([...], 1774848235.140411, 7, 70, [], 0)
 3 SYSTEMPATH\Debug\Toolbar\Views\toolbar.tpl.php(105): CodeIgniter\Debug\Toolbar->renderTimeline([...], 1774848235.140411, 7, 70, [])
 4 SYSTEMPATH\Debug\Toolbar.php(533): include('C:\\xampp\\htdocs\\IM\\system\\Debug\\Toolbar\\Views\\toolbar.tpl.php')
 5 SYSTEMPATH\Debug\Toolbar.php(496): CodeIgniter\Debug\Toolbar->format([...], 'html')
 6 APPPATH\Config\Events.php(47): CodeIgniter\Debug\Toolbar->respond()
 7 SYSTEMPATH\Events\Events.php(152): CodeIgniter\Events\Events::Config\{closure}()
 8 SYSTEMPATH\CodeIgniter.php(339): CodeIgniter\Events\Events::trigger('pre_system')
 9 SYSTEMPATH\Boot.php(363): CodeIgniter\CodeIgniter->run()
10 SYSTEMPATH\Boot.php(68): CodeIgniter\Boot::runCodeIgniter(Object(CodeIgniter\CodeIgniter))
11 FCPATH\index.php(59): CodeIgniter\Boot::bootWeb(Object(Config\Paths))
DEBUG - 2026-03-30 13:23:58 --> Session: Class initialized using 'CodeIgniter\Session\Handlers\FileHandler' driver.
CRITICAL - 2026-03-30 13:24:30 --> ErrorException: Trying to access array offset on value of type null
[Method: GET, Route: /]
in SYSTEMPATH\Debug\Toolbar.php on line 217.
 1 SYSTEMPATH\Debug\Toolbar.php(217): CodeIgniter\Debug\Exceptions->errorHandler(2, 'Trying to access array offset on value of type null', 'C:\\xampp\\htdocs\\IM\\system\\Debug\\Toolbar.php', 217)
 2 SYSTEMPATH\Debug\Toolbar.php(200): CodeIgniter\Debug\Toolbar->renderTimelineRecursive([...], 1774848238.042683, 7, 245, [], 0)
 3 SYSTEMPATH\Debug\Toolbar\Views\toolbar.tpl.php(105): CodeIgniter\Debug\Toolbar->renderTimeline([...], 1774848238.042683, 7, 245, [])
 4 SYSTEMPATH\Debug\Toolbar.php(533): include('C:\\xampp\\htdocs\\IM\\system\\Debug\\Toolbar\\Views\\toolbar.tpl.php')
 5 SYSTEMPATH\Debug\Toolbar.php(496): CodeIgniter\Debug\Toolbar->format([...], 'html')
 6 APPPATH\Config\Events.php(47): CodeIgniter\Debug\Toolbar->respond()
 7 SYSTEMPATH\Events\Events.php(152): CodeIgniter\Events\Events::Config\{closure}()
 8 SYSTEMPATH\CodeIgniter.php(339): CodeIgniter\Events\Events::trigger('pre_system')
 9 SYSTEMPATH\Boot.php(363): CodeIgniter\CodeIgniter->run()
10 SYSTEMPATH\Boot.php(68): CodeIgniter\Boot::runCodeIgniter(Object(CodeIgniter\CodeIgniter))
11 FCPATH\index.php(59): CodeIgniter\Boot::bootWeb(Object(Config\Paths))
DEBUG - 2026-03-30 13:24:40 --> Session: Class initialized using 'CodeIgniter\Session\Handlers\FileHandler' driver.
CRITICAL - 2026-03-30 13:24:41 --> ErrorException: Trying to access array offset on value of type null
[Method: GET, Route: /]
in SYSTEMPATH\Debug\Toolbar.php on line 217.
 1 SYSTEMPATH\Debug\Toolbar.php(217): CodeIgniter\Debug\Exceptions->errorHandler(2, 'Trying to access array offset on value of type null', 'C:\\xampp\\htdocs\\IM\\system\\Debug\\Toolbar.php', 217)
 2 SYSTEMPATH\Debug\Toolbar.php(200): CodeIgniter\Debug\Toolbar->renderTimelineRecursive([...], 1774848280.176133, 7, 85, [], 0)
 3 SYSTEMPATH\Debug\Toolbar\Views\toolbar.tpl.php(105): CodeIgniter\Debug\Toolbar->renderTimeline([...], 1774848280.176133, 7, 85, [])
 4 SYSTEMPATH\Debug\Toolbar.php(533): include('C:\\xampp\\htdocs\\IM\\system\\Debug\\Toolbar\\Views\\toolbar.tpl.php')
 5 SYSTEMPATH\Debug\Toolbar.php(496): CodeIgniter\Debug\Toolbar->format([...], 'html')
 6 APPPATH\Config\Events.php(47): CodeIgniter\Debug\Toolbar->respond()
 7 SYSTEMPATH\Events\Events.php(152): CodeIgniter\Events\Events::Config\{closure}()
 8 SYSTEMPATH\CodeIgniter.php(339): CodeIgniter\Events\Events::trigger('pre_system')
 9 SYSTEMPATH\Boot.php(363): CodeIgniter\CodeIgniter->run()
10 SYSTEMPATH\Boot.php(68): CodeIgniter\Boot::runCodeIgniter(Object(CodeIgniter\CodeIgniter))
11 FCPATH\index.php(59): CodeIgniter\Boot::bootWeb(Object(Config\Paths))
DEBUG - 2026-03-30 13:24:43 --> Session: Class initialized using 'CodeIgniter\Session\Handlers\FileHandler' driver.
DEBUG - 2026-03-30 13:25:11 --> Session: Class initialized using 'CodeIgniter\Session\Handlers\FileHandler' driver.
CRITICAL - 2026-03-30 13:25:12 --> ErrorException: Trying to access array offset on value of type null
[Method: GET, Route: /]
in SYSTEMPATH\Debug\Toolbar.php on line 217.
 1 SYSTEMPATH\Debug\Toolbar.php(217): CodeIgniter\Debug\Exceptions->errorHandler(2, 'Trying to access array offset on value of type null', 'C:\\xampp\\htdocs\\IM\\system\\Debug\\Toolbar.php', 217)
 2 SYSTEMPATH\Debug\Toolbar.php(200): CodeIgniter\Debug\Toolbar->renderTimelineRecursive([...], 1774848311.719516, 6, 15, [], 0)
 3 SYSTEMPATH\Debug\Toolbar\Views\toolbar.tpl.php(105): CodeIgniter\Debug\Toolbar->renderTimeline([...], 1774848311.719516, 6, 15, [])
 4 SYSTEMPATH\Debug\Toolbar.php(533): include('C:\\xampp\\htdocs\\IM\\system\\Debug\\Toolbar\\Views\\toolbar.tpl.php')
 5 SYSTEMPATH\Debug\Toolbar.php(496): CodeIgniter\Debug\Toolbar->format([...], 'html')
 6 APPPATH\Config\Events.php(47): CodeIgniter\Debug\Toolbar->respond()
 7 SYSTEMPATH\Events\Events.php(152): CodeIgniter\Events\Events::Config\{closure}()
 8 SYSTEMPATH\CodeIgniter.php(339): CodeIgniter\Events\Events::trigger('pre_system')
 9 SYSTEMPATH\Boot.php(363): CodeIgniter\CodeIgniter->run()
10 SYSTEMPATH\Boot.php(68): CodeIgniter\Boot::runCodeIgniter(Object(CodeIgniter\CodeIgniter))
11 FCPATH\index.php(59): CodeIgniter\Boot::bootWeb(Object(Config\Paths))
DEBUG - 2026-03-30 13:25:12 --> Session: Class initialized using 'CodeIgniter\Session\Handlers\FileHandler' driver.
DEBUG - 2026-03-30 13:25:13 --> Session: Class initialized using 'CodeIgniter\Session\Handlers\FileHandler' driver.
DEBUG - 2026-03-30 13:25:14 --> Session: Class initialized using 'CodeIgniter\Session\Handlers\FileHandler' driver.
CRITICAL - 2026-03-30 13:25:15 --> ErrorException: Trying to access array offset on value of type null
[Method: GET, Route: /]
in SYSTEMPATH\Debug\Toolbar.php on line 217.
 1 SYSTEMPATH\Debug\Toolbar.php(217): CodeIgniter\Debug\Exceptions->errorHandler(2, 'Trying to access array offset on value of type null', 'C:\\xampp\\htdocs\\IM\\system\\Debug\\Toolbar.php', 217)
 2 SYSTEMPATH\Debug\Toolbar.php(200): CodeIgniter\Debug\Toolbar->renderTimelineRecursive([...], 1774848312.368256, 7, 15, [], 0)
 3 SYSTEMPATH\Debug\Toolbar\Views\toolbar.tpl.php(105): CodeIgniter\Debug\Toolbar->renderTimeline([...], 1774848312.368256, 7, 15, [])
 4 SYSTEMPATH\Debug\Toolbar.php(533): include('C:\\xampp\\htdocs\\IM\\system\\Debug\\Toolbar\\Views\\toolbar.tpl.php')
 5 SYSTEMPATH\Debug\Toolbar.php(496): CodeIgniter\Debug\Toolbar->format([...], 'html')
 6 APPPATH\Config\Events.php(47): CodeIgniter\Debug\Toolbar->respond()
 7 SYSTEMPATH\Events\Events.php(152): CodeIgniter\Events\Events::Config\{closure}()
 8 SYSTEMPATH\CodeIgniter.php(339): CodeIgniter\Events\Events::trigger('pre_system')
 9 SYSTEMPATH\Boot.php(363): CodeIgniter\CodeIgniter->run()
10 SYSTEMPATH\Boot.php(68): CodeIgniter\Boot::runCodeIgniter(Object(CodeIgniter\CodeIgniter))
11 FCPATH\index.php(59): CodeIgniter\Boot::bootWeb(Object(Config\Paths))
CRITICAL - 2026-03-30 13:25:15 --> ErrorException: Trying to access array offset on value of type null
[Method: GET, Route: /]
in SYSTEMPATH\Debug\Toolbar.php on line 217.
 1 SYSTEMPATH\Debug\Toolbar.php(217): CodeIgniter\Debug\Exceptions->errorHandler(2, 'Trying to access array offset on value of type null', 'C:\\xampp\\htdocs\\IM\\system\\Debug\\Toolbar.php', 217)
 2 SYSTEMPATH\Debug\Toolbar.php(200): CodeIgniter\Debug\Toolbar->renderTimelineRecursive([...], 1774848314.362894, 7, 105, [], 0)
 3 SYSTEMPATH\Debug\Toolbar\Views\toolbar.tpl.php(105): CodeIgniter\Debug\Toolbar->renderTimeline([...], 1774848314.362894, 7, 105, [])
 4 SYSTEMPATH\Debug\Toolbar.php(533): include('C:\\xampp\\htdocs\\IM\\system\\Debug\\Toolbar\\Views\\toolbar.tpl.php')
 5 SYSTEMPATH\Debug\Toolbar.php(496): CodeIgniter\Debug\Toolbar->format([...], 'html')
 6 APPPATH\Config\Events.php(47): CodeIgniter\Debug\Toolbar->respond()
 7 SYSTEMPATH\Events\Events.php(152): CodeIgniter\Events\Events::Config\{closure}()
 8 SYSTEMPATH\CodeIgniter.php(339): CodeIgniter\Events\Events::trigger('pre_system')
 9 SYSTEMPATH\Boot.php(363): CodeIgniter\CodeIgniter->run()
10 SYSTEMPATH\Boot.php(68): CodeIgniter\Boot::runCodeIgniter(Object(CodeIgniter\CodeIgniter))
11 FCPATH\index.php(59): CodeIgniter\Boot::bootWeb(Object(Config\Paths))
DEBUG - 2026-03-30 13:25:18 --> Session: Class initialized using 'CodeIgniter\Session\Handlers\FileHandler' driver.
DEBUG - 2026-03-30 13:25:32 --> Session: Class initialized using 'CodeIgniter\Session\Handlers\FileHandler' driver.
CRITICAL - 2026-03-30 13:25:33 --> ErrorException: Trying to access array offset on value of type null
[Method: GET, Route: /]
in SYSTEMPATH\Debug\Toolbar.php on line 217.
 1 SYSTEMPATH\Debug\Toolbar.php(217): CodeIgniter\Debug\Exceptions->errorHandler(2, 'Trying to access array offset on value of type null', 'C:\\xampp\\htdocs\\IM\\system\\Debug\\Toolbar.php', 217)
 2 SYSTEMPATH\Debug\Toolbar.php(200): CodeIgniter\Debug\Toolbar->renderTimelineRecursive([...], 1774848332.114096, 6, 30, [], 0)
 3 SYSTEMPATH\Debug\Toolbar\Views\toolbar.tpl.php(105): CodeIgniter\Debug\Toolbar->renderTimeline([...], 1774848332.114096, 6, 30, [])
 4 SYSTEMPATH\Debug\Toolbar.php(533): include('C:\\xampp\\htdocs\\IM\\system\\Debug\\Toolbar\\Views\\toolbar.tpl.php')
 5 SYSTEMPATH\Debug\Toolbar.php(496): CodeIgniter\Debug\Toolbar->format([...], 'html')
 6 APPPATH\Config\Events.php(47): CodeIgniter\Debug\Toolbar->respond()
 7 SYSTEMPATH\Events\Events.php(152): CodeIgniter\Events\Events::Config\{closure}()
 8 SYSTEMPATH\CodeIgniter.php(339): CodeIgniter\Events\Events::trigger('pre_system')
 9 SYSTEMPATH\Boot.php(363): CodeIgniter\CodeIgniter->run()
10 SYSTEMPATH\Boot.php(68): CodeIgniter\Boot::runCodeIgniter(Object(CodeIgniter\CodeIgniter))
11 FCPATH\index.php(59): CodeIgniter\Boot::bootWeb(Object(Config\Paths))
DEBUG - 2026-03-30 13:25:37 --> Session: Class initialized using 'CodeIgniter\Session\Handlers\FileHandler' driver.
CRITICAL - 2026-03-30 13:25:38 --> ErrorException: Trying to access array offset on value of type null
[Method: GET, Route: /]
in SYSTEMPATH\Debug\Toolbar.php on line 217.
 1 SYSTEMPATH\Debug\Toolbar.php(217): CodeIgniter\Debug\Exceptions->errorHandler(2, 'Trying to access array offset on value of type null', 'C:\\xampp\\htdocs\\IM\\system\\Debug\\Toolbar.php', 217)
 2 SYSTEMPATH\Debug\Toolbar.php(200): CodeIgniter\Debug\Toolbar->renderTimelineRecursive([...], 1774848337.516866, 7, 15, [], 0)
 3 SYSTEMPATH\Debug\Toolbar\Views\toolbar.tpl.php(105): CodeIgniter\Debug\Toolbar->renderTimeline([...], 1774848337.516866, 7, 15, [])
 4 SYSTEMPATH\Debug\Toolbar.php(533): include('C:\\xampp\\htdocs\\IM\\system\\Debug\\Toolbar\\Views\\toolbar.tpl.php')
 5 SYSTEMPATH\Debug\Toolbar.php(496): CodeIgniter\Debug\Toolbar->format([...], 'html')
 6 APPPATH\Config\Events.php(47): CodeIgniter\Debug\Toolbar->respond()
 7 SYSTEMPATH\Events\Events.php(152): CodeIgniter\Events\Events::Config\{closure}()
 8 SYSTEMPATH\CodeIgniter.php(339): CodeIgniter\Events\Events::trigger('pre_system')
 9 SYSTEMPATH\Boot.php(363): CodeIgniter\CodeIgniter->run()
10 SYSTEMPATH\Boot.php(68): CodeIgniter\Boot::runCodeIgniter(Object(CodeIgniter\CodeIgniter))
11 FCPATH\index.php(59): CodeIgniter\Boot::bootWeb(Object(Config\Paths))
DEBUG - 2026-03-30 13:25:40 --> Session: Class initialized using 'CodeIgniter\Session\Handlers\FileHandler' driver.
CRITICAL - 2026-03-30 13:25:42 --> ErrorException: Trying to access array offset on value of type null
[Method: GET, Route: /]
in SYSTEMPATH\Debug\Toolbar.php on line 217.
 1 SYSTEMPATH\Debug\Toolbar.php(217): CodeIgniter\Debug\Exceptions->errorHandler(2, 'Trying to access array offset on value of type null', 'C:\\xampp\\htdocs\\IM\\system\\Debug\\Toolbar.php', 217)
 2 SYSTEMPATH\Debug\Toolbar.php(200): CodeIgniter\Debug\Toolbar->renderTimelineRecursive([...], 1774848340.74999, 7, 110, [], 0)
 3 SYSTEMPATH\Debug\Toolbar\Views\toolbar.tpl.php(105): CodeIgniter\Debug\Toolbar->renderTimeline([...], 1774848340.74999, 7, 110, [])
 4 SYSTEMPATH\Debug\Toolbar.php(533): include('C:\\xampp\\htdocs\\IM\\system\\Debug\\Toolbar\\Views\\toolbar.tpl.php')
 5 SYSTEMPATH\Debug\Toolbar.php(496): CodeIgniter\Debug\Toolbar->format([...], 'html')
 6 APPPATH\Config\Events.php(47): CodeIgniter\Debug\Toolbar->respond()
 7 SYSTEMPATH\Events\Events.php(152): CodeIgniter\Events\Events::Config\{closure}()
 8 SYSTEMPATH\CodeIgniter.php(339): CodeIgniter\Events\Events::trigger('pre_system')
 9 SYSTEMPATH\Boot.php(363): CodeIgniter\CodeIgniter->run()
10 SYSTEMPATH\Boot.php(68): CodeIgniter\Boot::runCodeIgniter(Object(CodeIgniter\CodeIgniter))
11 FCPATH\index.php(59): CodeIgniter\Boot::bootWeb(Object(Config\Paths))
DEBUG - 2026-03-30 13:25:44 --> Session: Class initialized using 'CodeIgniter\Session\Handlers\FileHandler' driver.
CRITICAL - 2026-03-30 13:25:45 --> ErrorException: Trying to access array offset on value of type null
[Method: GET, Route: /]
in SYSTEMPATH\Debug\Toolbar.php on line 217.
 1 SYSTEMPATH\Debug\Toolbar.php(217): CodeIgniter\Debug\Exceptions->errorHandler(2, 'Trying to access array offset on value of type null', 'C:\\xampp\\htdocs\\IM\\system\\Debug\\Toolbar.php', 217)
 2 SYSTEMPATH\Debug\Toolbar.php(200): CodeIgniter\Debug\Toolbar->renderTimelineRecursive([...], 1774848344.876978, 7, 20, [], 0)
 3 SYSTEMPATH\Debug\Toolbar\Views\toolbar.tpl.php(105): CodeIgniter\Debug\Toolbar->renderTimeline([...], 1774848344.876978, 7, 20, [])
 4 SYSTEMPATH\Debug\Toolbar.php(533): include('C:\\xampp\\htdocs\\IM\\system\\Debug\\Toolbar\\Views\\toolbar.tpl.php')
 5 SYSTEMPATH\Debug\Toolbar.php(496): CodeIgniter\Debug\Toolbar->format([...], 'html')
 6 APPPATH\Config\Events.php(47): CodeIgniter\Debug\Toolbar->respond()
 7 SYSTEMPATH\Events\Events.php(152): CodeIgniter\Events\Events::Config\{closure}()
 8 SYSTEMPATH\CodeIgniter.php(339): CodeIgniter\Events\Events::trigger('pre_system')
 9 SYSTEMPATH\Boot.php(363): CodeIgniter\CodeIgniter->run()
10 SYSTEMPATH\Boot.php(68): CodeIgniter\Boot::runCodeIgniter(Object(CodeIgniter\CodeIgniter))
11 FCPATH\index.php(59): CodeIgniter\Boot::bootWeb(Object(Config\Paths))
DEBUG - 2026-03-30 13:25:49 --> Session: Class initialized using 'CodeIgniter\Session\Handlers\FileHandler' driver.
CRITICAL - 2026-03-30 13:25:50 --> ErrorException: Trying to access array offset on value of type null
[Method: GET, Route: /]
in SYSTEMPATH\Debug\Toolbar.php on line 217.
 1 SYSTEMPATH\Debug\Toolbar.php(217): CodeIgniter\Debug\Exceptions->errorHandler(2, 'Trying to access array offset on value of type null', 'C:\\xampp\\htdocs\\IM\\system\\Debug\\Toolbar.php', 217)
 2 SYSTEMPATH\Debug\Toolbar.php(200): CodeIgniter\Debug\Toolbar->renderTimelineRecursive([...], 1774848349.857866, 7, 20, [], 0)
 3 SYSTEMPATH\Debug\Toolbar\Views\toolbar.tpl.php(105): CodeIgniter\Debug\Toolbar->renderTimeline([...], 1774848349.857866, 7, 20, [])
 4 SYSTEMPATH\Debug\Toolbar.php(533): include('C:\\xampp\\htdocs\\IM\\system\\Debug\\Toolbar\\Views\\toolbar.tpl.php')
 5 SYSTEMPATH\Debug\Toolbar.php(496): CodeIgniter\Debug\Toolbar->format([...], 'html')
 6 APPPATH\Config\Events.php(47): CodeIgniter\Debug\Toolbar->respond()
 7 SYSTEMPATH\Events\Events.php(152): CodeIgniter\Events\Events::Config\{closure}()
 8 SYSTEMPATH\CodeIgniter.php(339): CodeIgniter\Events\Events::trigger('pre_system')
 9 SYSTEMPATH\Boot.php(363): CodeIgniter\CodeIgniter->run()
10 SYSTEMPATH\Boot.php(68): CodeIgniter\Boot::runCodeIgniter(Object(CodeIgniter\CodeIgniter))
11 FCPATH\index.php(59): CodeIgniter\Boot::bootWeb(Object(Config\Paths))
DEBUG - 2026-03-30 13:26:07 --> Session: Class initialized using 'CodeIgniter\Session\Handlers\FileHandler' driver.
DEBUG - 2026-03-30 13:26:08 --> Session: Class initialized using 'CodeIgniter\Session\Handlers\FileHandler' driver.
CRITICAL - 2026-03-30 13:26:09 --> ErrorException: Trying to access array offset on value of type null
[Method: GET, Route: /]
in SYSTEMPATH\Debug\Toolbar.php on line 217.
 1 SYSTEMPATH\Debug\Toolbar.php(217): CodeIgniter\Debug\Exceptions->errorHandler(2, 'Trying to access array offset on value of type null', 'C:\\xampp\\htdocs\\IM\\system\\Debug\\Toolbar.php', 217)
 2 SYSTEMPATH\Debug\Toolbar.php(200): CodeIgniter\Debug\Toolbar->renderTimelineRecursive([...], 1774848368.735512, 6, 25, [], 0)
 3 SYSTEMPATH\Debug\Toolbar\Views\toolbar.tpl.php(105): CodeIgniter\Debug\Toolbar->renderTimeline([...], 1774848368.735512, 6, 25, [])
 4 SYSTEMPATH\Debug\Toolbar.php(533): include('C:\\xampp\\htdocs\\IM\\system\\Debug\\Toolbar\\Views\\toolbar.tpl.php')
 5 SYSTEMPATH\Debug\Toolbar.php(496): CodeIgniter\Debug\Toolbar->format([...], 'html')
 6 APPPATH\Config\Events.php(47): CodeIgniter\Debug\Toolbar->respond()
 7 SYSTEMPATH\Events\Events.php(152): CodeIgniter\Events\Events::Config\{closure}()
 8 SYSTEMPATH\CodeIgniter.php(339): CodeIgniter\Events\Events::trigger('pre_system')
 9 SYSTEMPATH\Boot.php(363): CodeIgniter\CodeIgniter->run()
10 SYSTEMPATH\Boot.php(68): CodeIgniter\Boot::runCodeIgniter(Object(CodeIgniter\CodeIgniter))
11 FCPATH\index.php(59): CodeIgniter\Boot::bootWeb(Object(Config\Paths))
DEBUG - 2026-03-30 13:26:12 --> Session: Class initialized using 'CodeIgniter\Session\Handlers\FileHandler' driver.
CRITICAL - 2026-03-30 13:26:12 --> ErrorException: Trying to access array offset on value of type null
[Method: GET, Route: /]
in SYSTEMPATH\Debug\Toolbar.php on line 217.
 1 SYSTEMPATH\Debug\Toolbar.php(217): CodeIgniter\Debug\Exceptions->errorHandler(2, 'Trying to access array offset on value of type null', 'C:\\xampp\\htdocs\\IM\\system\\Debug\\Toolbar.php', 217)
 2 SYSTEMPATH\Debug\Toolbar.php(200): CodeIgniter\Debug\Toolbar->renderTimelineRecursive([...], 1774848372.141018, 7, 25, [], 0)
 3 SYSTEMPATH\Debug\Toolbar\Views\toolbar.tpl.php(105): CodeIgniter\Debug\Toolbar->renderTimeline([...], 1774848372.141018, 7, 25, [])
 4 SYSTEMPATH\Debug\Toolbar.php(533): include('C:\\xampp\\htdocs\\IM\\system\\Debug\\Toolbar\\Views\\toolbar.tpl.php')
 5 SYSTEMPATH\Debug\Toolbar.php(496): CodeIgniter\Debug\Toolbar->format([...], 'html')
 6 APPPATH\Config\Events.php(47): CodeIgniter\Debug\Toolbar->respond()
 7 SYSTEMPATH\Events\Events.php(152): CodeIgniter\Events\Events::Config\{closure}()
 8 SYSTEMPATH\CodeIgniter.php(339): CodeIgniter\Events\Events::trigger('pre_system')
 9 SYSTEMPATH\Boot.php(363): CodeIgniter\CodeIgniter->run()
10 SYSTEMPATH\Boot.php(68): CodeIgniter\Boot::runCodeIgniter(Object(CodeIgniter\CodeIgniter))
11 FCPATH\index.php(59): CodeIgniter\Boot::bootWeb(Object(Config\Paths))
DEBUG - 2026-03-30 13:26:16 --> Session: Class initialized using 'CodeIgniter\Session\Handlers\FileHandler' driver.
CRITICAL - 2026-03-30 13:26:17 --> ErrorException: Trying to access array offset on value of type null
[Method: GET, Route: /]
in SYSTEMPATH\Debug\Toolbar.php on line 217.
 1 SYSTEMPATH\Debug\Toolbar.php(217): CodeIgniter\Debug\Exceptions->errorHandler(2, 'Trying to access array offset on value of type null', 'C:\\xampp\\htdocs\\IM\\system\\Debug\\Toolbar.php', 217)
 2 SYSTEMPATH\Debug\Toolbar.php(200): CodeIgniter\Debug\Toolbar->renderTimelineRecursive([...], 1774848376.66269, 7, 35, [], 0)
 3 SYSTEMPATH\Debug\Toolbar\Views\toolbar.tpl.php(105): CodeIgniter\Debug\Toolbar->renderTimeline([...], 1774848376.66269, 7, 35, [])
 4 SYSTEMPATH\Debug\Toolbar.php(533): include('C:\\xampp\\htdocs\\IM\\system\\Debug\\Toolbar\\Views\\toolbar.tpl.php')
 5 SYSTEMPATH\Debug\Toolbar.php(496): CodeIgniter\Debug\Toolbar->format([...], 'html')
 6 APPPATH\Config\Events.php(47): CodeIgniter\Debug\Toolbar->respond()
 7 SYSTEMPATH\Events\Events.php(152): CodeIgniter\Events\Events::Config\{closure}()
 8 SYSTEMPATH\CodeIgniter.php(339): CodeIgniter\Events\Events::trigger('pre_system')
 9 SYSTEMPATH\Boot.php(363): CodeIgniter\CodeIgniter->run()
10 SYSTEMPATH\Boot.php(68): CodeIgniter\Boot::runCodeIgniter(Object(CodeIgniter\CodeIgniter))
11 FCPATH\index.php(59): CodeIgniter\Boot::bootWeb(Object(Config\Paths))
DEBUG - 2026-03-30 13:26:19 --> Session: Class initialized using 'CodeIgniter\Session\Handlers\FileHandler' driver.
ERROR - 2026-03-30 13:30:56 --> mysqli_sql_exception: Table 'users' already exists in C:\xampp\htdocs\IM\system\Database\MySQLi\Connection.php:327
Stack trace:
#0 C:\xampp\htdocs\IM\system\Database\MySQLi\Connection.php(327): mysqli->query('CREATE TABLE `u...', 0)
#1 C:\xampp\htdocs\IM\system\Database\BaseConnection.php(729): CodeIgniter\Database\MySQLi\Connection->execute('CREATE TABLE `u...')
#2 C:\xampp\htdocs\IM\system\Database\BaseConnection.php(646): CodeIgniter\Database\BaseConnection->simpleQuery('CREATE TABLE `u...')
#3 C:\xampp\htdocs\IM\system\Database\Forge.php(570): CodeIgniter\Database\BaseConnection->query('CREATE TABLE `u...')
#4 C:\xampp\htdocs\IM\app\Database\Migrations\2026-01-19-201010_CreateUserTable.php(48): CodeIgniter\Database\Forge->createTable('users')
#5 C:\xampp\htdocs\IM\system\Database\MigrationRunner.php(874): App\Database\Migrations\CreateUserTable->up()
#6 C:\xampp\htdocs\IM\system\Database\MigrationRunner.php(180): CodeIgniter\Database\MigrationRunner->migrate('up', Object(stdClass))
#7 C:\xampp\htdocs\IM\system\Commands\Database\Migrate.php(85): CodeIgniter\Database\MigrationRunner->latest(NULL)
#8 C:\xampp\htdocs\IM\system\CLI\Commands.php(74): CodeIgniter\Commands\Database\Migrate->run(Array)
#9 C:\xampp\htdocs\IM\system\CLI\Console.php(47): CodeIgniter\CLI\Commands->run('migrate', Array)
#10 C:\xampp\htdocs\IM\system\Boot.php(388): CodeIgniter\CLI\Console->run()
#11 C:\xampp\htdocs\IM\system\Boot.php(133): CodeIgniter\Boot::runCommand(Object(CodeIgniter\CLI\Console))
#12 C:\xampp\htdocs\IM\spark(87): CodeIgniter\Boot::bootSpark(Object(Config\Paths))
#13 {main}
DEBUG - 2026-03-30 13:33:03 --> Session: Class initialized using 'CodeIgniter\Session\Handlers\FileHandler' driver.
CRITICAL - 2026-03-30 13:33:06 --> ErrorException: Trying to access array offset on value of type null
[Method: GET, Route: /]
in SYSTEMPATH\Debug\Toolbar.php on line 217.
 1 SYSTEMPATH\Debug\Toolbar.php(217): CodeIgniter\Debug\Exceptions->errorHandler(2, 'Trying to access array offset on value of type null', 'C:\\xampp\\htdocs\\IM\\system\\Debug\\Toolbar.php', 217)
 2 SYSTEMPATH\Debug\Toolbar.php(200): CodeIgniter\Debug\Toolbar->renderTimelineRecursive([...], 1774848783.786202, 7, 90, [], 0)
 3 SYSTEMPATH\Debug\Toolbar\Views\toolbar.tpl.php(105): CodeIgniter\Debug\Toolbar->renderTimeline([...], 1774848783.786202, 7, 90, [])
 4 SYSTEMPATH\Debug\Toolbar.php(533): include('C:\\xampp\\htdocs\\IM\\system\\Debug\\Toolbar\\Views\\toolbar.tpl.php')
 5 SYSTEMPATH\Debug\Toolbar.php(496): CodeIgniter\Debug\Toolbar->format([...], 'html')
 6 APPPATH\Config\Events.php(47): CodeIgniter\Debug\Toolbar->respond()
 7 SYSTEMPATH\Events\Events.php(152): CodeIgniter\Events\Events::Config\{closure}()
 8 SYSTEMPATH\CodeIgniter.php(339): CodeIgniter\Events\Events::trigger('pre_system')
 9 SYSTEMPATH\Boot.php(363): CodeIgniter\CodeIgniter->run()
10 SYSTEMPATH\Boot.php(68): CodeIgniter\Boot::runCodeIgniter(Object(CodeIgniter\CodeIgniter))
11 FCPATH\index.php(59): CodeIgniter\Boot::bootWeb(Object(Config\Paths))
DEBUG - 2026-03-30 13:33:08 --> Session: Class initialized using 'CodeIgniter\Session\Handlers\FileHandler' driver.
CRITICAL - 2026-03-30 13:33:12 --> ErrorException: Trying to access array offset on value of type null
[Method: GET, Route: /]
in SYSTEMPATH\Debug\Toolbar.php on line 217.
 1 SYSTEMPATH\Debug\Toolbar.php(217): CodeIgniter\Debug\Exceptions->errorHandler(2, 'Trying to access array offset on value of type null', 'C:\\xampp\\htdocs\\IM\\system\\Debug\\Toolbar.php', 217)
 2 SYSTEMPATH\Debug\Toolbar.php(200): CodeIgniter\Debug\Toolbar->renderTimelineRecursive([...], 1774848788.38725, 7, 395, [], 0)
 3 SYSTEMPATH\Debug\Toolbar\Views\toolbar.tpl.php(105): CodeIgniter\Debug\Toolbar->renderTimeline([...], 1774848788.38725, 7, 395, [])
 4 SYSTEMPATH\Debug\Toolbar.php(533): include('C:\\xampp\\htdocs\\IM\\system\\Debug\\Toolbar\\Views\\toolbar.tpl.php')
 5 SYSTEMPATH\Debug\Toolbar.php(496): CodeIgniter\Debug\Toolbar->format([...], 'html')
 6 APPPATH\Config\Events.php(47): CodeIgniter\Debug\Toolbar->respond()
 7 SYSTEMPATH\Events\Events.php(152): CodeIgniter\Events\Events::Config\{closure}()
 8 SYSTEMPATH\CodeIgniter.php(339): CodeIgniter\Events\Events::trigger('pre_system')
 9 SYSTEMPATH\Boot.php(363): CodeIgniter\CodeIgniter->run()
10 SYSTEMPATH\Boot.php(68): CodeIgniter\Boot::runCodeIgniter(Object(CodeIgniter\CodeIgniter))
11 FCPATH\index.php(59): CodeIgniter\Boot::bootWeb(Object(Config\Paths))
DEBUG - 2026-03-30 13:33:16 --> Session: Class initialized using 'CodeIgniter\Session\Handlers\FileHandler' driver.
DEBUG - 2026-03-30 13:33:28 --> Session: Class initialized using 'CodeIgniter\Session\Handlers\FileHandler' driver.
CRITICAL - 2026-03-30 13:33:28 --> ErrorException: Trying to access array offset on value of type null
[Method: GET, Route: /]
in SYSTEMPATH\Debug\Toolbar.php on line 217.
 1 SYSTEMPATH\Debug\Toolbar.php(217): CodeIgniter\Debug\Exceptions->errorHandler(2, 'Trying to access array offset on value of type null', 'C:\\xampp\\htdocs\\IM\\system\\Debug\\Toolbar.php', 217)
 2 SYSTEMPATH\Debug\Toolbar.php(200): CodeIgniter\Debug\Toolbar->renderTimelineRecursive([...], 1774848807.943191, 6, 25, [], 0)
 3 SYSTEMPATH\Debug\Toolbar\Views\toolbar.tpl.php(105): CodeIgniter\Debug\Toolbar->renderTimeline([...], 1774848807.943191, 6, 25, [])
 4 SYSTEMPATH\Debug\Toolbar.php(533): include('C:\\xampp\\htdocs\\IM\\system\\Debug\\Toolbar\\Views\\toolbar.tpl.php')
 5 SYSTEMPATH\Debug\Toolbar.php(496): CodeIgniter\Debug\Toolbar->format([...], 'html')
 6 APPPATH\Config\Events.php(47): CodeIgniter\Debug\Toolbar->respond()
 7 SYSTEMPATH\Events\Events.php(152): CodeIgniter\Events\Events::Config\{closure}()
 8 SYSTEMPATH\CodeIgniter.php(339): CodeIgniter\Events\Events::trigger('pre_system')
 9 SYSTEMPATH\Boot.php(363): CodeIgniter\CodeIgniter->run()
10 SYSTEMPATH\Boot.php(68): CodeIgniter\Boot::runCodeIgniter(Object(CodeIgniter\CodeIgniter))
11 FCPATH\index.php(59): CodeIgniter\Boot::bootWeb(Object(Config\Paths))
DEBUG - 2026-03-30 13:34:17 --> Session: Class initialized using 'CodeIgniter\Session\Handlers\FileHandler' driver.
DEBUG - 2026-03-30 13:34:17 --> DCF Store - Title: qqqqqqqq
DEBUG - 2026-03-30 13:34:17 --> DCF Store - Raw Parts: [{"title":"qqqq","description":"qqqq","role_key":"SYSTEM CASHIER","questions":[{"question_text":"qqqq","answer_type":"short_answer","role_key":"SYSTEMS CASHIER","rate_min":"1","rate_max":"10","grid_columns":["Column 1"],"grid_rows":["Row 1"],"options":[""]}]}]
DEBUG - 2026-03-30 13:34:17 --> Normalized parts count: 1
DEBUG - 2026-03-30 13:34:17 --> About to insert DCF with data: {"title":"qqqqqqqq","name":"qqqqqqqq_1774848857","description":"qqqq","due_date":"2026-04-10","department_id":9,"respondents_needed":12}
DEBUG - 2026-03-30 13:34:17 --> DCF created with ID: 25
INFO - 2026-03-30 13:34:17 --> DCF created successfully with ID: 25
DEBUG - 2026-03-30 13:34:17 --> Session: Class initialized using 'CodeIgniter\Session\Handlers\FileHandler' driver.
CRITICAL - 2026-03-30 13:34:19 --> ErrorException: Trying to access array offset on value of type null
[Method: GET, Route: /]
in SYSTEMPATH\Debug\Toolbar.php on line 217.
 1 SYSTEMPATH\Debug\Toolbar.php(217): CodeIgniter\Debug\Exceptions->errorHandler(2, 'Trying to access array offset on value of type null', 'C:\\xampp\\htdocs\\IM\\system\\Debug\\Toolbar.php', 217)
 2 SYSTEMPATH\Debug\Toolbar.php(200): CodeIgniter\Debug\Toolbar->renderTimelineRecursive([...], 1774848857.86062, 7, 65, [], 0)
 3 SYSTEMPATH\Debug\Toolbar\Views\toolbar.tpl.php(105): CodeIgniter\Debug\Toolbar->renderTimeline([...], 1774848857.86062, 7, 65, [])
 4 SYSTEMPATH\Debug\Toolbar.php(533): include('C:\\xampp\\htdocs\\IM\\system\\Debug\\Toolbar\\Views\\toolbar.tpl.php')
 5 SYSTEMPATH\Debug\Toolbar.php(496): CodeIgniter\Debug\Toolbar->format([...], 'html')
 6 APPPATH\Config\Events.php(47): CodeIgniter\Debug\Toolbar->respond()
 7 SYSTEMPATH\Events\Events.php(152): CodeIgniter\Events\Events::Config\{closure}()
 8 SYSTEMPATH\CodeIgniter.php(339): CodeIgniter\Events\Events::trigger('pre_system')
 9 SYSTEMPATH\Boot.php(363): CodeIgniter\CodeIgniter->run()
10 SYSTEMPATH\Boot.php(68): CodeIgniter\Boot::runCodeIgniter(Object(CodeIgniter\CodeIgniter))
11 FCPATH\index.php(59): CodeIgniter\Boot::bootWeb(Object(Config\Paths))
DEBUG - 2026-03-30 13:34:20 --> Session: Class initialized using 'CodeIgniter\Session\Handlers\FileHandler' driver.
CRITICAL - 2026-03-30 13:34:21 --> ErrorException: Trying to access array offset on value of type null
[Method: GET, Route: /]
in SYSTEMPATH\Debug\Toolbar.php on line 217.
 1 SYSTEMPATH\Debug\Toolbar.php(217): CodeIgniter\Debug\Exceptions->errorHandler(2, 'Trying to access array offset on value of type null', 'C:\\xampp\\htdocs\\IM\\system\\Debug\\Toolbar.php', 217)
 2 SYSTEMPATH\Debug\Toolbar.php(200): CodeIgniter\Debug\Toolbar->renderTimelineRecursive([...], 1774848860.745575, 7, 30, [], 0)
 3 SYSTEMPATH\Debug\Toolbar\Views\toolbar.tpl.php(105): CodeIgniter\Debug\Toolbar->renderTimeline([...], 1774848860.745575, 7, 30, [])
 4 SYSTEMPATH\Debug\Toolbar.php(533): include('C:\\xampp\\htdocs\\IM\\system\\Debug\\Toolbar\\Views\\toolbar.tpl.php')
 5 SYSTEMPATH\Debug\Toolbar.php(496): CodeIgniter\Debug\Toolbar->format([...], 'html')
 6 APPPATH\Config\Events.php(47): CodeIgniter\Debug\Toolbar->respond()
 7 SYSTEMPATH\Events\Events.php(152): CodeIgniter\Events\Events::Config\{closure}()
 8 SYSTEMPATH\CodeIgniter.php(339): CodeIgniter\Events\Events::trigger('pre_system')
 9 SYSTEMPATH\Boot.php(363): CodeIgniter\CodeIgniter->run()
10 SYSTEMPATH\Boot.php(68): CodeIgniter\Boot::runCodeIgniter(Object(CodeIgniter\CodeIgniter))
11 FCPATH\index.php(59): CodeIgniter\Boot::bootWeb(Object(Config\Paths))
DEBUG - 2026-03-30 13:34:22 --> Session: Class initialized using 'CodeIgniter\Session\Handlers\FileHandler' driver.
CRITICAL - 2026-03-30 13:34:23 --> ErrorException: Trying to access array offset on value of type null
[Method: GET, Route: /]
in SYSTEMPATH\Debug\Toolbar.php on line 217.
 1 SYSTEMPATH\Debug\Toolbar.php(217): CodeIgniter\Debug\Exceptions->errorHandler(2, 'Trying to access array offset on value of type null', 'C:\\xampp\\htdocs\\IM\\system\\Debug\\Toolbar.php', 217)
 2 SYSTEMPATH\Debug\Toolbar.php(200): CodeIgniter\Debug\Toolbar->renderTimelineRecursive([...], 1774848862.803649, 7, 25, [], 0)
 3 SYSTEMPATH\Debug\Toolbar\Views\toolbar.tpl.php(105): CodeIgniter\Debug\Toolbar->renderTimeline([...], 1774848862.803649, 7, 25, [])
 4 SYSTEMPATH\Debug\Toolbar.php(533): include('C:\\xampp\\htdocs\\IM\\system\\Debug\\Toolbar\\Views\\toolbar.tpl.php')
 5 SYSTEMPATH\Debug\Toolbar.php(496): CodeIgniter\Debug\Toolbar->format([...], 'html')
 6 APPPATH\Config\Events.php(47): CodeIgniter\Debug\Toolbar->respond()
 7 SYSTEMPATH\Events\Events.php(152): CodeIgniter\Events\Events::Config\{closure}()
 8 SYSTEMPATH\CodeIgniter.php(339): CodeIgniter\Events\Events::trigger('pre_system')
 9 SYSTEMPATH\Boot.php(363): CodeIgniter\CodeIgniter->run()
10 SYSTEMPATH\Boot.php(68): CodeIgniter\Boot::runCodeIgniter(Object(CodeIgniter\CodeIgniter))
11 FCPATH\index.php(59): CodeIgniter\Boot::bootWeb(Object(Config\Paths))
DEBUG - 2026-03-30 13:34:26 --> Session: Class initialized using 'CodeIgniter\Session\Handlers\FileHandler' driver.
DEBUG - 2026-03-30 13:34:39 --> Session: Class initialized using 'CodeIgniter\Session\Handlers\FileHandler' driver.
CRITICAL - 2026-03-30 13:34:39 --> ErrorException: Trying to access array offset on value of type null
[Method: GET, Route: /]
in SYSTEMPATH\Debug\Toolbar.php on line 217.
 1 SYSTEMPATH\Debug\Toolbar.php(217): CodeIgniter\Debug\Exceptions->errorHandler(2, 'Trying to access array offset on value of type null', 'C:\\xampp\\htdocs\\IM\\system\\Debug\\Toolbar.php', 217)
 2 SYSTEMPATH\Debug\Toolbar.php(200): CodeIgniter\Debug\Toolbar->renderTimelineRecursive([...], 1774848879.246638, 7, 15, [], 0)
 3 SYSTEMPATH\Debug\Toolbar\Views\toolbar.tpl.php(105): CodeIgniter\Debug\Toolbar->renderTimeline([...], 1774848879.246638, 7, 15, [])
 4 SYSTEMPATH\Debug\Toolbar.php(533): include('C:\\xampp\\htdocs\\IM\\system\\Debug\\Toolbar\\Views\\toolbar.tpl.php')
 5 SYSTEMPATH\Debug\Toolbar.php(496): CodeIgniter\Debug\Toolbar->format([...], 'html')
 6 APPPATH\Config\Events.php(47): CodeIgniter\Debug\Toolbar->respond()
 7 SYSTEMPATH\Events\Events.php(152): CodeIgniter\Events\Events::Config\{closure}()
 8 SYSTEMPATH\CodeIgniter.php(339): CodeIgniter\Events\Events::trigger('pre_system')
 9 SYSTEMPATH\Boot.php(363): CodeIgniter\CodeIgniter->run()
10 SYSTEMPATH\Boot.php(68): CodeIgniter\Boot::runCodeIgniter(Object(CodeIgniter\CodeIgniter))
11 FCPATH\index.php(59): CodeIgniter\Boot::bootWeb(Object(Config\Paths))
DEBUG - 2026-03-30 13:34:51 --> Session: Class initialized using 'CodeIgniter\Session\Handlers\FileHandler' driver.
DEBUG - 2026-03-30 13:34:51 --> Session: Class initialized using 'CodeIgniter\Session\Handlers\FileHandler' driver.
CRITICAL - 2026-03-30 13:34:52 --> ErrorException: Trying to access array offset on value of type null
[Method: GET, Route: /]
in SYSTEMPATH\Debug\Toolbar.php on line 217.
 1 SYSTEMPATH\Debug\Toolbar.php(217): CodeIgniter\Debug\Exceptions->errorHandler(2, 'Trying to access array offset on value of type null', 'C:\\xampp\\htdocs\\IM\\system\\Debug\\Toolbar.php', 217)
 2 SYSTEMPATH\Debug\Toolbar.php(200): CodeIgniter\Debug\Toolbar->renderTimelineRecursive([...], 1774848891.546227, 7, 25, [], 0)
 3 SYSTEMPATH\Debug\Toolbar\Views\toolbar.tpl.php(105): CodeIgniter\Debug\Toolbar->renderTimeline([...], 1774848891.546227, 7, 25, [])
 4 SYSTEMPATH\Debug\Toolbar.php(533): include('C:\\xampp\\htdocs\\IM\\system\\Debug\\Toolbar\\Views\\toolbar.tpl.php')
 5 SYSTEMPATH\Debug\Toolbar.php(496): CodeIgniter\Debug\Toolbar->format([...], 'html')
 6 APPPATH\Config\Events.php(47): CodeIgniter\Debug\Toolbar->respond()
 7 SYSTEMPATH\Events\Events.php(152): CodeIgniter\Events\Events::Config\{closure}()
 8 SYSTEMPATH\CodeIgniter.php(339): CodeIgniter\Events\Events::trigger('pre_system')
 9 SYSTEMPATH\Boot.php(363): CodeIgniter\CodeIgniter->run()
10 SYSTEMPATH\Boot.php(68): CodeIgniter\Boot::runCodeIgniter(Object(CodeIgniter\CodeIgniter))
11 FCPATH\index.php(59): CodeIgniter\Boot::bootWeb(Object(Config\Paths))
DEBUG - 2026-03-30 13:34:54 --> Session: Class initialized using 'CodeIgniter\Session\Handlers\FileHandler' driver.
CRITICAL - 2026-03-30 13:34:54 --> ErrorException: Trying to access array offset on value of type null
[Method: GET, Route: /]
in SYSTEMPATH\Debug\Toolbar.php on line 217.
 1 SYSTEMPATH\Debug\Toolbar.php(217): CodeIgniter\Debug\Exceptions->errorHandler(2, 'Trying to access array offset on value of type null', 'C:\\xampp\\htdocs\\IM\\system\\Debug\\Toolbar.php', 217)
 2 SYSTEMPATH\Debug\Toolbar.php(200): CodeIgniter\Debug\Toolbar->renderTimelineRecursive([...], 1774848894.058897, 7, 75, [], 0)
 3 SYSTEMPATH\Debug\Toolbar\Views\toolbar.tpl.php(105): CodeIgniter\Debug\Toolbar->renderTimeline([...], 1774848894.058897, 7, 75, [])
 4 SYSTEMPATH\Debug\Toolbar.php(533): include('C:\\xampp\\htdocs\\IM\\system\\Debug\\Toolbar\\Views\\toolbar.tpl.php')
 5 SYSTEMPATH\Debug\Toolbar.php(496): CodeIgniter\Debug\Toolbar->format([...], 'html')
 6 APPPATH\Config\Events.php(47): CodeIgniter\Debug\Toolbar->respond()
 7 SYSTEMPATH\Events\Events.php(152): CodeIgniter\Events\Events::Config\{closure}()
 8 SYSTEMPATH\CodeIgniter.php(339): CodeIgniter\Events\Events::trigger('pre_system')
 9 SYSTEMPATH\Boot.php(363): CodeIgniter\CodeIgniter->run()
10 SYSTEMPATH\Boot.php(68): CodeIgniter\Boot::runCodeIgniter(Object(CodeIgniter\CodeIgniter))
11 FCPATH\index.php(59): CodeIgniter\Boot::bootWeb(Object(Config\Paths))
DEBUG - 2026-03-30 13:34:57 --> Session: Class initialized using 'CodeIgniter\Session\Handlers\FileHandler' driver.
CRITICAL - 2026-03-30 13:34:58 --> ErrorException: Trying to access array offset on value of type null
[Method: GET, Route: /]
in SYSTEMPATH\Debug\Toolbar.php on line 217.
 1 SYSTEMPATH\Debug\Toolbar.php(217): CodeIgniter\Debug\Exceptions->errorHandler(2, 'Trying to access array offset on value of type null', 'C:\\xampp\\htdocs\\IM\\system\\Debug\\Toolbar.php', 217)
 2 SYSTEMPATH\Debug\Toolbar.php(200): CodeIgniter\Debug\Toolbar->renderTimelineRecursive([...], 1774848897.132456, 7, 70, [], 0)
 3 SYSTEMPATH\Debug\Toolbar\Views\toolbar.tpl.php(105): CodeIgniter\Debug\Toolbar->renderTimeline([...], 1774848897.132456, 7, 70, [])
 4 SYSTEMPATH\Debug\Toolbar.php(533): include('C:\\xampp\\htdocs\\IM\\system\\Debug\\Toolbar\\Views\\toolbar.tpl.php')
 5 SYSTEMPATH\Debug\Toolbar.php(496): CodeIgniter\Debug\Toolbar->format([...], 'html')
 6 APPPATH\Config\Events.php(47): CodeIgniter\Debug\Toolbar->respond()
 7 SYSTEMPATH\Events\Events.php(152): CodeIgniter\Events\Events::Config\{closure}()
 8 SYSTEMPATH\CodeIgniter.php(339): CodeIgniter\Events\Events::trigger('pre_system')
 9 SYSTEMPATH\Boot.php(363): CodeIgniter\CodeIgniter->run()
10 SYSTEMPATH\Boot.php(68): CodeIgniter\Boot::runCodeIgniter(Object(CodeIgniter\CodeIgniter))
11 FCPATH\index.php(59): CodeIgniter\Boot::bootWeb(Object(Config\Paths))
DEBUG - 2026-03-30 13:35:01 --> Session: Class initialized using 'CodeIgniter\Session\Handlers\FileHandler' driver.
DEBUG - 2026-03-30 13:37:59 --> Session: Class initialized using 'CodeIgniter\Session\Handlers\FileHandler' driver.
CRITICAL - 2026-03-30 13:38:00 --> ErrorException: Trying to access array offset on value of type null
[Method: GET, Route: /]
in SYSTEMPATH\Debug\Toolbar.php on line 217.
 1 SYSTEMPATH\Debug\Toolbar.php(217): CodeIgniter\Debug\Exceptions->errorHandler(2, 'Trying to access array offset on value of type null', 'C:\\xampp\\htdocs\\IM\\system\\Debug\\Toolbar.php', 217)
 2 SYSTEMPATH\Debug\Toolbar.php(200): CodeIgniter\Debug\Toolbar->renderTimelineRecursive([...], 1774849079.490476, 6, 30, [], 0)
 3 SYSTEMPATH\Debug\Toolbar\Views\toolbar.tpl.php(105): CodeIgniter\Debug\Toolbar->renderTimeline([...], 1774849079.490476, 6, 30, [])
 4 SYSTEMPATH\Debug\Toolbar.php(533): include('C:\\xampp\\htdocs\\IM\\system\\Debug\\Toolbar\\Views\\toolbar.tpl.php')
 5 SYSTEMPATH\Debug\Toolbar.php(496): CodeIgniter\Debug\Toolbar->format([...], 'html')
 6 APPPATH\Config\Events.php(47): CodeIgniter\Debug\Toolbar->respond()
 7 SYSTEMPATH\Events\Events.php(152): CodeIgniter\Events\Events::Config\{closure}()
 8 SYSTEMPATH\CodeIgniter.php(339): CodeIgniter\Events\Events::trigger('pre_system')
 9 SYSTEMPATH\Boot.php(363): CodeIgniter\CodeIgniter->run()
10 SYSTEMPATH\Boot.php(68): CodeIgniter\Boot::runCodeIgniter(Object(CodeIgniter\CodeIgniter))
11 FCPATH\index.php(59): CodeIgniter\Boot::bootWeb(Object(Config\Paths))
DEBUG - 2026-03-30 13:38:01 --> Session: Class initialized using 'CodeIgniter\Session\Handlers\FileHandler' driver.
CRITICAL - 2026-03-30 13:38:01 --> ErrorException: Trying to access array offset on value of type null
[Method: GET, Route: /]
in SYSTEMPATH\Debug\Toolbar.php on line 217.
 1 SYSTEMPATH\Debug\Toolbar.php(217): CodeIgniter\Debug\Exceptions->errorHandler(2, 'Trying to access array offset on value of type null', 'C:\\xampp\\htdocs\\IM\\system\\Debug\\Toolbar.php', 217)
 2 SYSTEMPATH\Debug\Toolbar.php(200): CodeIgniter\Debug\Toolbar->renderTimelineRecursive([...], 1774849081.068917, 7, 35, [], 0)
 3 SYSTEMPATH\Debug\Toolbar\Views\toolbar.tpl.php(105): CodeIgniter\Debug\Toolbar->renderTimeline([...], 1774849081.068917, 7, 35, [])
 4 SYSTEMPATH\Debug\Toolbar.php(533): include('C:\\xampp\\htdocs\\IM\\system\\Debug\\Toolbar\\Views\\toolbar.tpl.php')
 5 SYSTEMPATH\Debug\Toolbar.php(496): CodeIgniter\Debug\Toolbar->format([...], 'html')
 6 APPPATH\Config\Events.php(47): CodeIgniter\Debug\Toolbar->respond()
 7 SYSTEMPATH\Events\Events.php(152): CodeIgniter\Events\Events::Config\{closure}()
 8 SYSTEMPATH\CodeIgniter.php(339): CodeIgniter\Events\Events::trigger('pre_system')
 9 SYSTEMPATH\Boot.php(363): CodeIgniter\CodeIgniter->run()
10 SYSTEMPATH\Boot.php(68): CodeIgniter\Boot::runCodeIgniter(Object(CodeIgniter\CodeIgniter))
11 FCPATH\index.php(59): CodeIgniter\Boot::bootWeb(Object(Config\Paths))
DEBUG - 2026-03-30 13:38:04 --> Session: Class initialized using 'CodeIgniter\Session\Handlers\FileHandler' driver.
DEBUG - 2026-03-30 13:38:05 --> Session: Class initialized using 'CodeIgniter\Session\Handlers\FileHandler' driver.
CRITICAL - 2026-03-30 13:38:05 --> ErrorException: Trying to access array offset on value of type null
[Method: GET, Route: /]
in SYSTEMPATH\Debug\Toolbar.php on line 217.
 1 SYSTEMPATH\Debug\Toolbar.php(217): CodeIgniter\Debug\Exceptions->errorHandler(2, 'Trying to access array offset on value of type null', 'C:\\xampp\\htdocs\\IM\\system\\Debug\\Toolbar.php', 217)
 2 SYSTEMPATH\Debug\Toolbar.php(200): CodeIgniter\Debug\Toolbar->renderTimelineRecursive([...], 1774849085.058933, 7, 10, [], 0)
 3 SYSTEMPATH\Debug\Toolbar\Views\toolbar.tpl.php(105): CodeIgniter\Debug\Toolbar->renderTimeline([...], 1774849085.058933, 7, 10, [])
 4 SYSTEMPATH\Debug\Toolbar.php(533): include('C:\\xampp\\htdocs\\IM\\system\\Debug\\Toolbar\\Views\\toolbar.tpl.php')
 5 SYSTEMPATH\Debug\Toolbar.php(496): CodeIgniter\Debug\Toolbar->format([...], 'html')
 6 APPPATH\Config\Events.php(47): CodeIgniter\Debug\Toolbar->respond()
 7 SYSTEMPATH\Events\Events.php(152): CodeIgniter\Events\Events::Config\{closure}()
 8 SYSTEMPATH\CodeIgniter.php(339): CodeIgniter\Events\Events::trigger('pre_system')
 9 SYSTEMPATH\Boot.php(363): CodeIgniter\CodeIgniter->run()
10 SYSTEMPATH\Boot.php(68): CodeIgniter\Boot::runCodeIgniter(Object(CodeIgniter\CodeIgniter))
11 FCPATH\index.php(59): CodeIgniter\Boot::bootWeb(Object(Config\Paths))
DEBUG - 2026-03-30 13:38:07 --> Session: Class initialized using 'CodeIgniter\Session\Handlers\FileHandler' driver.
CRITICAL - 2026-03-30 13:38:08 --> ErrorException: Trying to access array offset on value of type null
[Method: GET, Route: /]
in SYSTEMPATH\Debug\Toolbar.php on line 217.
 1 SYSTEMPATH\Debug\Toolbar.php(217): CodeIgniter\Debug\Exceptions->errorHandler(2, 'Trying to access array offset on value of type null', 'C:\\xampp\\htdocs\\IM\\system\\Debug\\Toolbar.php', 217)
 2 SYSTEMPATH\Debug\Toolbar.php(200): CodeIgniter\Debug\Toolbar->renderTimelineRecursive([...], 1774849087.247049, 7, 65, [], 0)
 3 SYSTEMPATH\Debug\Toolbar\Views\toolbar.tpl.php(105): CodeIgniter\Debug\Toolbar->renderTimeline([...], 1774849087.247049, 7, 65, [])
 4 SYSTEMPATH\Debug\Toolbar.php(533): include('C:\\xampp\\htdocs\\IM\\system\\Debug\\Toolbar\\Views\\toolbar.tpl.php')
 5 SYSTEMPATH\Debug\Toolbar.php(496): CodeIgniter\Debug\Toolbar->format([...], 'html')
 6 APPPATH\Config\Events.php(47): CodeIgniter\Debug\Toolbar->respond()
 7 SYSTEMPATH\Events\Events.php(152): CodeIgniter\Events\Events::Config\{closure}()
 8 SYSTEMPATH\CodeIgniter.php(339): CodeIgniter\Events\Events::trigger('pre_system')
 9 SYSTEMPATH\Boot.php(363): CodeIgniter\CodeIgniter->run()
10 SYSTEMPATH\Boot.php(68): CodeIgniter\Boot::runCodeIgniter(Object(CodeIgniter\CodeIgniter))
11 FCPATH\index.php(59): CodeIgniter\Boot::bootWeb(Object(Config\Paths))
DEBUG - 2026-03-30 13:38:09 --> Session: Class initialized using 'CodeIgniter\Session\Handlers\FileHandler' driver.
CRITICAL - 2026-03-30 13:38:11 --> ErrorException: Trying to access array offset on value of type null
[Method: GET, Route: /]
in SYSTEMPATH\Debug\Toolbar.php on line 217.
 1 SYSTEMPATH\Debug\Toolbar.php(217): CodeIgniter\Debug\Exceptions->errorHandler(2, 'Trying to access array offset on value of type null', 'C:\\xampp\\htdocs\\IM\\system\\Debug\\Toolbar.php', 217)
 2 SYSTEMPATH\Debug\Toolbar.php(200): CodeIgniter\Debug\Toolbar->renderTimelineRecursive([...], 1774849089.362344, 7, 130, [], 0)
 3 SYSTEMPATH\Debug\Toolbar\Views\toolbar.tpl.php(105): CodeIgniter\Debug\Toolbar->renderTimeline([...], 1774849089.362344, 7, 130, [])
 4 SYSTEMPATH\Debug\Toolbar.php(533): include('C:\\xampp\\htdocs\\IM\\system\\Debug\\Toolbar\\Views\\toolbar.tpl.php')
 5 SYSTEMPATH\Debug\Toolbar.php(496): CodeIgniter\Debug\Toolbar->format([...], 'html')
 6 APPPATH\Config\Events.php(47): CodeIgniter\Debug\Toolbar->respond()
 7 SYSTEMPATH\Events\Events.php(152): CodeIgniter\Events\Events::Config\{closure}()
 8 SYSTEMPATH\CodeIgniter.php(339): CodeIgniter\Events\Events::trigger('pre_system')
 9 SYSTEMPATH\Boot.php(363): CodeIgniter\CodeIgniter->run()
10 SYSTEMPATH\Boot.php(68): CodeIgniter\Boot::runCodeIgniter(Object(CodeIgniter\CodeIgniter))
11 FCPATH\index.php(59): CodeIgniter\Boot::bootWeb(Object(Config\Paths))
DEBUG - 2026-03-30 13:38:14 --> Session: Class initialized using 'CodeIgniter\Session\Handlers\FileHandler' driver.
DEBUG - 2026-03-30 13:38:27 --> Session: Class initialized using 'CodeIgniter\Session\Handlers\FileHandler' driver.
CRITICAL - 2026-03-30 13:38:28 --> ErrorException: Trying to access array offset on value of type null
[Method: GET, Route: /]
in SYSTEMPATH\Debug\Toolbar.php on line 217.
 1 SYSTEMPATH\Debug\Toolbar.php(217): CodeIgniter\Debug\Exceptions->errorHandler(2, 'Trying to access array offset on value of type null', 'C:\\xampp\\htdocs\\IM\\system\\Debug\\Toolbar.php', 217)
 2 SYSTEMPATH\Debug\Toolbar.php(200): CodeIgniter\Debug\Toolbar->renderTimelineRecursive([...], 1774849107.297874, 7, 65, [], 0)
 3 SYSTEMPATH\Debug\Toolbar\Views\toolbar.tpl.php(105): CodeIgniter\Debug\Toolbar->renderTimeline([...], 1774849107.297874, 7, 65, [])
 4 SYSTEMPATH\Debug\Toolbar.php(533): include('C:\\xampp\\htdocs\\IM\\system\\Debug\\Toolbar\\Views\\toolbar.tpl.php')
 5 SYSTEMPATH\Debug\Toolbar.php(496): CodeIgniter\Debug\Toolbar->format([...], 'html')
 6 APPPATH\Config\Events.php(47): CodeIgniter\Debug\Toolbar->respond()
 7 SYSTEMPATH\Events\Events.php(152): CodeIgniter\Events\Events::Config\{closure}()
 8 SYSTEMPATH\CodeIgniter.php(339): CodeIgniter\Events\Events::trigger('pre_system')
 9 SYSTEMPATH\Boot.php(363): CodeIgniter\CodeIgniter->run()
10 SYSTEMPATH\Boot.php(68): CodeIgniter\Boot::runCodeIgniter(Object(CodeIgniter\CodeIgniter))
11 FCPATH\index.php(59): CodeIgniter\Boot::bootWeb(Object(Config\Paths))
DEBUG - 2026-03-30 13:39:07 --> Session: Class initialized using 'CodeIgniter\Session\Handlers\FileHandler' driver.
DEBUG - 2026-03-30 13:39:07 --> DCF Store - Title: wwwwww
DEBUG - 2026-03-30 13:39:07 --> DCF Store - Raw Parts: [{"title":"asd","description":"asd","role_key":"SYSTEM CASHIER","questions":[{"question_text":"asd","answer_type":"short_answer","role_key":"__inherit__","rate_min":"1","rate_max":"10","grid_columns":["Column 1"],"grid_rows":["Row 1"],"options":[""]}]}]
DEBUG - 2026-03-30 13:39:07 --> Normalized parts count: 1
DEBUG - 2026-03-30 13:39:07 --> About to insert DCF with data: {"title":"wwwwww","name":"wwwwww_1774849147","description":"qwe","due_date":"2026-04-03","department_id":9,"respondents_needed":12}
DEBUG - 2026-03-30 13:39:07 --> DCF created with ID: 26
INFO - 2026-03-30 13:39:07 --> DCF created successfully with ID: 26
DEBUG - 2026-03-30 13:39:07 --> Session: Class initialized using 'CodeIgniter\Session\Handlers\FileHandler' driver.
CRITICAL - 2026-03-30 13:39:07 --> ErrorException: Trying to access array offset on value of type null
[Method: GET, Route: /]
in SYSTEMPATH\Debug\Toolbar.php on line 217.
 1 SYSTEMPATH\Debug\Toolbar.php(217): CodeIgniter\Debug\Exceptions->errorHandler(2, 'Trying to access array offset on value of type null', 'C:\\xampp\\htdocs\\IM\\system\\Debug\\Toolbar.php', 217)
 2 SYSTEMPATH\Debug\Toolbar.php(200): CodeIgniter\Debug\Toolbar->renderTimelineRecursive([...], 1774849147.380031, 5, 15, [], 0)
 3 SYSTEMPATH\Debug\Toolbar\Views\toolbar.tpl.php(105): CodeIgniter\Debug\Toolbar->renderTimeline([...], 1774849147.380031, 5, 15, [])
 4 SYSTEMPATH\Debug\Toolbar.php(533): include('C:\\xampp\\htdocs\\IM\\system\\Debug\\Toolbar\\Views\\toolbar.tpl.php')
 5 SYSTEMPATH\Debug\Toolbar.php(496): CodeIgniter\Debug\Toolbar->format([...], 'html')
 6 APPPATH\Config\Events.php(47): CodeIgniter\Debug\Toolbar->respond()
 7 SYSTEMPATH\Events\Events.php(152): CodeIgniter\Events\Events::Config\{closure}()
 8 SYSTEMPATH\CodeIgniter.php(339): CodeIgniter\Events\Events::trigger('pre_system')
 9 SYSTEMPATH\Boot.php(363): CodeIgniter\CodeIgniter->run()
10 SYSTEMPATH\Boot.php(68): CodeIgniter\Boot::runCodeIgniter(Object(CodeIgniter\CodeIgniter))
11 FCPATH\index.php(59): CodeIgniter\Boot::bootWeb(Object(Config\Paths))
DEBUG - 2026-03-30 13:39:11 --> Session: Class initialized using 'CodeIgniter\Session\Handlers\FileHandler' driver.
CRITICAL - 2026-03-30 13:39:12 --> ErrorException: Trying to access array offset on value of type null
[Method: GET, Route: /]
in SYSTEMPATH\Debug\Toolbar.php on line 217.
 1 SYSTEMPATH\Debug\Toolbar.php(217): CodeIgniter\Debug\Exceptions->errorHandler(2, 'Trying to access array offset on value of type null', 'C:\\xampp\\htdocs\\IM\\system\\Debug\\Toolbar.php', 217)
 2 SYSTEMPATH\Debug\Toolbar.php(200): CodeIgniter\Debug\Toolbar->renderTimelineRecursive([...], 1774849151.535383, 7, 35, [], 0)
 3 SYSTEMPATH\Debug\Toolbar\Views\toolbar.tpl.php(105): CodeIgniter\Debug\Toolbar->renderTimeline([...], 1774849151.535383, 7, 35, [])
 4 SYSTEMPATH\Debug\Toolbar.php(533): include('C:\\xampp\\htdocs\\IM\\system\\Debug\\Toolbar\\Views\\toolbar.tpl.php')
 5 SYSTEMPATH\Debug\Toolbar.php(496): CodeIgniter\Debug\Toolbar->format([...], 'html')
 6 APPPATH\Config\Events.php(47): CodeIgniter\Debug\Toolbar->respond()
 7 SYSTEMPATH\Events\Events.php(152): CodeIgniter\Events\Events::Config\{closure}()
 8 SYSTEMPATH\CodeIgniter.php(339): CodeIgniter\Events\Events::trigger('pre_system')
 9 SYSTEMPATH\Boot.php(363): CodeIgniter\CodeIgniter->run()
10 SYSTEMPATH\Boot.php(68): CodeIgniter\Boot::runCodeIgniter(Object(CodeIgniter\CodeIgniter))
11 FCPATH\index.php(59): CodeIgniter\Boot::bootWeb(Object(Config\Paths))
DEBUG - 2026-03-30 13:39:14 --> Session: Class initialized using 'CodeIgniter\Session\Handlers\FileHandler' driver.
CRITICAL - 2026-03-30 13:39:15 --> ErrorException: Trying to access array offset on value of type null
[Method: GET, Route: /]
in SYSTEMPATH\Debug\Toolbar.php on line 217.
 1 SYSTEMPATH\Debug\Toolbar.php(217): CodeIgniter\Debug\Exceptions->errorHandler(2, 'Trying to access array offset on value of type null', 'C:\\xampp\\htdocs\\IM\\system\\Debug\\Toolbar.php', 217)
 2 SYSTEMPATH\Debug\Toolbar.php(200): CodeIgniter\Debug\Toolbar->renderTimelineRecursive([...], 1774849154.181052, 7, 25, [], 0)
 3 SYSTEMPATH\Debug\Toolbar\Views\toolbar.tpl.php(105): CodeIgniter\Debug\Toolbar->renderTimeline([...], 1774849154.181052, 7, 25, [])
 4 SYSTEMPATH\Debug\Toolbar.php(533): include('C:\\xampp\\htdocs\\IM\\system\\Debug\\Toolbar\\Views\\toolbar.tpl.php')
 5 SYSTEMPATH\Debug\Toolbar.php(496): CodeIgniter\Debug\Toolbar->format([...], 'html')
 6 APPPATH\Config\Events.php(47): CodeIgniter\Debug\Toolbar->respond()
 7 SYSTEMPATH\Events\Events.php(152): CodeIgniter\Events\Events::Config\{closure}()
 8 SYSTEMPATH\CodeIgniter.php(339): CodeIgniter\Events\Events::trigger('pre_system')
 9 SYSTEMPATH\Boot.php(363): CodeIgniter\CodeIgniter->run()
10 SYSTEMPATH\Boot.php(68): CodeIgniter\Boot::runCodeIgniter(Object(CodeIgniter\CodeIgniter))
11 FCPATH\index.php(59): CodeIgniter\Boot::bootWeb(Object(Config\Paths))
DEBUG - 2026-03-30 13:39:17 --> Session: Class initialized using 'CodeIgniter\Session\Handlers\FileHandler' driver.
DEBUG - 2026-03-30 13:42:38 --> Session: Class initialized using 'CodeIgniter\Session\Handlers\FileHandler' driver.
CRITICAL - 2026-03-30 13:42:39 --> ErrorException: Trying to access array offset on value of type null
[Method: GET, Route: /]
in SYSTEMPATH\Debug\Toolbar.php on line 217.
 1 SYSTEMPATH\Debug\Toolbar.php(217): CodeIgniter\Debug\Exceptions->errorHandler(2, 'Trying to access array offset on value of type null', 'C:\\xampp\\htdocs\\IM\\system\\Debug\\Toolbar.php', 217)
 2 SYSTEMPATH\Debug\Toolbar.php(200): CodeIgniter\Debug\Toolbar->renderTimelineRecursive([...], 1774849358.849425, 6, 15, [], 0)
 3 SYSTEMPATH\Debug\Toolbar\Views\toolbar.tpl.php(105): CodeIgniter\Debug\Toolbar->renderTimeline([...], 1774849358.849425, 6, 15, [])
 4 SYSTEMPATH\Debug\Toolbar.php(533): include('C:\\xampp\\htdocs\\IM\\system\\Debug\\Toolbar\\Views\\toolbar.tpl.php')
 5 SYSTEMPATH\Debug\Toolbar.php(496): CodeIgniter\Debug\Toolbar->format([...], 'html')
 6 APPPATH\Config\Events.php(47): CodeIgniter\Debug\Toolbar->respond()
 7 SYSTEMPATH\Events\Events.php(152): CodeIgniter\Events\Events::Config\{closure}()
 8 SYSTEMPATH\CodeIgniter.php(339): CodeIgniter\Events\Events::trigger('pre_system')
 9 SYSTEMPATH\Boot.php(363): CodeIgniter\CodeIgniter->run()
10 SYSTEMPATH\Boot.php(68): CodeIgniter\Boot::runCodeIgniter(Object(CodeIgniter\CodeIgniter))
11 FCPATH\index.php(59): CodeIgniter\Boot::bootWeb(Object(Config\Paths))
DEBUG - 2026-03-30 13:42:47 --> Session: Class initialized using 'CodeIgniter\Session\Handlers\FileHandler' driver.
DEBUG - 2026-03-30 13:42:47 --> Session: Class initialized using 'CodeIgniter\Session\Handlers\FileHandler' driver.
CRITICAL - 2026-03-30 13:42:48 --> ErrorException: Trying to access array offset on value of type null
[Method: GET, Route: /]
in SYSTEMPATH\Debug\Toolbar.php on line 217.
 1 SYSTEMPATH\Debug\Toolbar.php(217): CodeIgniter\Debug\Exceptions->errorHandler(2, 'Trying to access array offset on value of type null', 'C:\\xampp\\htdocs\\IM\\system\\Debug\\Toolbar.php', 217)
 2 SYSTEMPATH\Debug\Toolbar.php(200): CodeIgniter\Debug\Toolbar->renderTimelineRecursive([...], 1774849367.821178, 7, 10, [], 0)
 3 SYSTEMPATH\Debug\Toolbar\Views\toolbar.tpl.php(105): CodeIgniter\Debug\Toolbar->renderTimeline([...], 1774849367.821178, 7, 10, [])
 4 SYSTEMPATH\Debug\Toolbar.php(533): include('C:\\xampp\\htdocs\\IM\\system\\Debug\\Toolbar\\Views\\toolbar.tpl.php')
 5 SYSTEMPATH\Debug\Toolbar.php(496): CodeIgniter\Debug\Toolbar->format([...], 'html')
 6 APPPATH\Config\Events.php(47): CodeIgniter\Debug\Toolbar->respond()
 7 SYSTEMPATH\Events\Events.php(152): CodeIgniter\Events\Events::Config\{closure}()
 8 SYSTEMPATH\CodeIgniter.php(339): CodeIgniter\Events\Events::trigger('pre_system')
 9 SYSTEMPATH\Boot.php(363): CodeIgniter\CodeIgniter->run()
10 SYSTEMPATH\Boot.php(68): CodeIgniter\Boot::runCodeIgniter(Object(CodeIgniter\CodeIgniter))
11 FCPATH\index.php(59): CodeIgniter\Boot::bootWeb(Object(Config\Paths))
DEBUG - 2026-03-30 13:42:50 --> Session: Class initialized using 'CodeIgniter\Session\Handlers\FileHandler' driver.
DEBUG - 2026-03-30 13:42:51 --> Session: Class initialized using 'CodeIgniter\Session\Handlers\FileHandler' driver.
CRITICAL - 2026-03-30 13:42:51 --> ErrorException: Trying to access array offset on value of type null
[Method: GET, Route: /]
in SYSTEMPATH\Debug\Toolbar.php on line 217.
 1 SYSTEMPATH\Debug\Toolbar.php(217): CodeIgniter\Debug\Exceptions->errorHandler(2, 'Trying to access array offset on value of type null', 'C:\\xampp\\htdocs\\IM\\system\\Debug\\Toolbar.php', 217)
 2 SYSTEMPATH\Debug\Toolbar.php(200): CodeIgniter\Debug\Toolbar->renderTimelineRecursive([...], 1774849370.996572, 7, 15, [], 0)
 3 SYSTEMPATH\Debug\Toolbar\Views\toolbar.tpl.php(105): CodeIgniter\Debug\Toolbar->renderTimeline([...], 1774849370.996572, 7, 15, [])
 4 SYSTEMPATH\Debug\Toolbar.php(533): include('C:\\xampp\\htdocs\\IM\\system\\Debug\\Toolbar\\Views\\toolbar.tpl.php')
 5 SYSTEMPATH\Debug\Toolbar.php(496): CodeIgniter\Debug\Toolbar->format([...], 'html')
 6 APPPATH\Config\Events.php(47): CodeIgniter\Debug\Toolbar->respond()
 7 SYSTEMPATH\Events\Events.php(152): CodeIgniter\Events\Events::Config\{closure}()
 8 SYSTEMPATH\CodeIgniter.php(339): CodeIgniter\Events\Events::trigger('pre_system')
 9 SYSTEMPATH\Boot.php(363): CodeIgniter\CodeIgniter->run()
10 SYSTEMPATH\Boot.php(68): CodeIgniter\Boot::runCodeIgniter(Object(CodeIgniter\CodeIgniter))
11 FCPATH\index.php(59): CodeIgniter\Boot::bootWeb(Object(Config\Paths))
DEBUG - 2026-03-30 13:42:54 --> Session: Class initialized using 'CodeIgniter\Session\Handlers\FileHandler' driver.
DEBUG - 2026-03-30 13:42:54 --> Session: Class initialized using 'CodeIgniter\Session\Handlers\FileHandler' driver.
CRITICAL - 2026-03-30 13:42:54 --> ErrorException: Trying to access array offset on value of type null
[Method: GET, Route: /]
in SYSTEMPATH\Debug\Toolbar.php on line 217.
 1 SYSTEMPATH\Debug\Toolbar.php(217): CodeIgniter\Debug\Exceptions->errorHandler(2, 'Trying to access array offset on value of type null', 'C:\\xampp\\htdocs\\IM\\system\\Debug\\Toolbar.php', 217)
 2 SYSTEMPATH\Debug\Toolbar.php(200): CodeIgniter\Debug\Toolbar->renderTimelineRecursive([...], 1774849374.52044, 7, 10, [], 0)
 3 SYSTEMPATH\Debug\Toolbar\Views\toolbar.tpl.php(105): CodeIgniter\Debug\Toolbar->renderTimeline([...], 1774849374.52044, 7, 10, [])
 4 SYSTEMPATH\Debug\Toolbar.php(533): include('C:\\xampp\\htdocs\\IM\\system\\Debug\\Toolbar\\Views\\toolbar.tpl.php')
 5 SYSTEMPATH\Debug\Toolbar.php(496): CodeIgniter\Debug\Toolbar->format([...], 'html')
 6 APPPATH\Config\Events.php(47): CodeIgniter\Debug\Toolbar->respond()
 7 SYSTEMPATH\Events\Events.php(152): CodeIgniter\Events\Events::Config\{closure}()
 8 SYSTEMPATH\CodeIgniter.php(339): CodeIgniter\Events\Events::trigger('pre_system')
 9 SYSTEMPATH\Boot.php(363): CodeIgniter\CodeIgniter->run()
10 SYSTEMPATH\Boot.php(68): CodeIgniter\Boot::runCodeIgniter(Object(CodeIgniter\CodeIgniter))
11 FCPATH\index.php(59): CodeIgniter\Boot::bootWeb(Object(Config\Paths))
DEBUG - 2026-03-30 13:42:57 --> Session: Class initialized using 'CodeIgniter\Session\Handlers\FileHandler' driver.
DEBUG - 2026-03-30 13:42:57 --> Session: Class initialized using 'CodeIgniter\Session\Handlers\FileHandler' driver.
CRITICAL - 2026-03-30 13:42:57 --> ErrorException: Trying to access array offset on value of type null
[Method: GET, Route: /]
in SYSTEMPATH\Debug\Toolbar.php on line 217.
 1 SYSTEMPATH\Debug\Toolbar.php(217): CodeIgniter\Debug\Exceptions->errorHandler(2, 'Trying to access array offset on value of type null', 'C:\\xampp\\htdocs\\IM\\system\\Debug\\Toolbar.php', 217)
 2 SYSTEMPATH\Debug\Toolbar.php(200): CodeIgniter\Debug\Toolbar->renderTimelineRecursive([...], 1774849377.54459, 7, 10, [], 0)
 3 SYSTEMPATH\Debug\Toolbar\Views\toolbar.tpl.php(105): CodeIgniter\Debug\Toolbar->renderTimeline([...], 1774849377.54459, 7, 10, [])
 4 SYSTEMPATH\Debug\Toolbar.php(533): include('C:\\xampp\\htdocs\\IM\\system\\Debug\\Toolbar\\Views\\toolbar.tpl.php')
 5 SYSTEMPATH\Debug\Toolbar.php(496): CodeIgniter\Debug\Toolbar->format([...], 'html')
 6 APPPATH\Config\Events.php(47): CodeIgniter\Debug\Toolbar->respond()
 7 SYSTEMPATH\Events\Events.php(152): CodeIgniter\Events\Events::Config\{closure}()
 8 SYSTEMPATH\CodeIgniter.php(339): CodeIgniter\Events\Events::trigger('pre_system')
 9 SYSTEMPATH\Boot.php(363): CodeIgniter\CodeIgniter->run()
10 SYSTEMPATH\Boot.php(68): CodeIgniter\Boot::runCodeIgniter(Object(CodeIgniter\CodeIgniter))
11 FCPATH\index.php(59): CodeIgniter\Boot::bootWeb(Object(Config\Paths))
DEBUG - 2026-03-30 13:43:00 --> Session: Class initialized using 'CodeIgniter\Session\Handlers\FileHandler' driver.
DEBUG - 2026-03-30 13:43:01 --> Session: Class initialized using 'CodeIgniter\Session\Handlers\FileHandler' driver.
CRITICAL - 2026-03-30 13:43:01 --> ErrorException: Trying to access array offset on value of type null
[Method: GET, Route: /]
in SYSTEMPATH\Debug\Toolbar.php on line 217.
 1 SYSTEMPATH\Debug\Toolbar.php(217): CodeIgniter\Debug\Exceptions->errorHandler(2, 'Trying to access array offset on value of type null', 'C:\\xampp\\htdocs\\IM\\system\\Debug\\Toolbar.php', 217)
 2 SYSTEMPATH\Debug\Toolbar.php(200): CodeIgniter\Debug\Toolbar->renderTimelineRecursive([...], 1774849381.430543, 5, 15, [], 0)
 3 SYSTEMPATH\Debug\Toolbar\Views\toolbar.tpl.php(105): CodeIgniter\Debug\Toolbar->renderTimeline([...], 1774849381.430543, 5, 15, [])
 4 SYSTEMPATH\Debug\Toolbar.php(533): include('C:\\xampp\\htdocs\\IM\\system\\Debug\\Toolbar\\Views\\toolbar.tpl.php')
 5 SYSTEMPATH\Debug\Toolbar.php(496): CodeIgniter\Debug\Toolbar->format([...], 'html')
 6 APPPATH\Config\Events.php(47): CodeIgniter\Debug\Toolbar->respond()
 7 SYSTEMPATH\Events\Events.php(152): CodeIgniter\Events\Events::Config\{closure}()
 8 SYSTEMPATH\CodeIgniter.php(339): CodeIgniter\Events\Events::trigger('pre_system')
 9 SYSTEMPATH\Boot.php(363): CodeIgniter\CodeIgniter->run()
10 SYSTEMPATH\Boot.php(68): CodeIgniter\Boot::runCodeIgniter(Object(CodeIgniter\CodeIgniter))
11 FCPATH\index.php(59): CodeIgniter\Boot::bootWeb(Object(Config\Paths))
DEBUG - 2026-03-30 13:43:03 --> Session: Class initialized using 'CodeIgniter\Session\Handlers\FileHandler' driver.
DEBUG - 2026-03-30 13:43:04 --> Session: Class initialized using 'CodeIgniter\Session\Handlers\FileHandler' driver.
CRITICAL - 2026-03-30 13:43:05 --> ErrorException: Trying to access array offset on value of type null
[Method: GET, Route: /]
in SYSTEMPATH\Debug\Toolbar.php on line 217.
 1 SYSTEMPATH\Debug\Toolbar.php(217): CodeIgniter\Debug\Exceptions->errorHandler(2, 'Trying to access array offset on value of type null', 'C:\\xampp\\htdocs\\IM\\system\\Debug\\Toolbar.php', 217)
 2 SYSTEMPATH\Debug\Toolbar.php(200): CodeIgniter\Debug\Toolbar->renderTimelineRecursive([...], 1774849384.279317, 7, 100, [], 0)
 3 SYSTEMPATH\Debug\Toolbar\Views\toolbar.tpl.php(105): CodeIgniter\Debug\Toolbar->renderTimeline([...], 1774849384.279317, 7, 100, [])
 4 SYSTEMPATH\Debug\Toolbar.php(533): include('C:\\xampp\\htdocs\\IM\\system\\Debug\\Toolbar\\Views\\toolbar.tpl.php')
 5 SYSTEMPATH\Debug\Toolbar.php(496): CodeIgniter\Debug\Toolbar->format([...], 'html')
 6 APPPATH\Config\Events.php(47): CodeIgniter\Debug\Toolbar->respond()
 7 SYSTEMPATH\Events\Events.php(152): CodeIgniter\Events\Events::Config\{closure}()
 8 SYSTEMPATH\CodeIgniter.php(339): CodeIgniter\Events\Events::trigger('pre_system')
 9 SYSTEMPATH\Boot.php(363): CodeIgniter\CodeIgniter->run()
10 SYSTEMPATH\Boot.php(68): CodeIgniter\Boot::runCodeIgniter(Object(CodeIgniter\CodeIgniter))
11 FCPATH\index.php(59): CodeIgniter\Boot::bootWeb(Object(Config\Paths))
DEBUG - 2026-03-30 13:43:06 --> Session: Class initialized using 'CodeIgniter\Session\Handlers\FileHandler' driver.
DEBUG - 2026-03-30 13:43:07 --> Session: Class initialized using 'CodeIgniter\Session\Handlers\FileHandler' driver.
CRITICAL - 2026-03-30 13:43:07 --> ErrorException: Trying to access array offset on value of type null
[Method: GET, Route: /]
in SYSTEMPATH\Debug\Toolbar.php on line 217.
 1 SYSTEMPATH\Debug\Toolbar.php(217): CodeIgniter\Debug\Exceptions->errorHandler(2, 'Trying to access array offset on value of type null', 'C:\\xampp\\htdocs\\IM\\system\\Debug\\Toolbar.php', 217)
 2 SYSTEMPATH\Debug\Toolbar.php(200): CodeIgniter\Debug\Toolbar->renderTimelineRecursive([...], 1774849387.023286, 6, 15, [], 0)
 3 SYSTEMPATH\Debug\Toolbar\Views\toolbar.tpl.php(105): CodeIgniter\Debug\Toolbar->renderTimeline([...], 1774849387.023286, 6, 15, [])
 4 SYSTEMPATH\Debug\Toolbar.php(533): include('C:\\xampp\\htdocs\\IM\\system\\Debug\\Toolbar\\Views\\toolbar.tpl.php')
 5 SYSTEMPATH\Debug\Toolbar.php(496): CodeIgniter\Debug\Toolbar->format([...], 'html')
 6 APPPATH\Config\Events.php(47): CodeIgniter\Debug\Toolbar->respond()
 7 SYSTEMPATH\Events\Events.php(152): CodeIgniter\Events\Events::Config\{closure}()
 8 SYSTEMPATH\CodeIgniter.php(339): CodeIgniter\Events\Events::trigger('pre_system')
 9 SYSTEMPATH\Boot.php(363): CodeIgniter\CodeIgniter->run()
10 SYSTEMPATH\Boot.php(68): CodeIgniter\Boot::runCodeIgniter(Object(CodeIgniter\CodeIgniter))
11 FCPATH\index.php(59): CodeIgniter\Boot::bootWeb(Object(Config\Paths))
DEBUG - 2026-03-30 13:43:08 --> Session: Class initialized using 'CodeIgniter\Session\Handlers\FileHandler' driver.
DEBUG - 2026-03-30 13:43:09 --> Session: Class initialized using 'CodeIgniter\Session\Handlers\FileHandler' driver.
CRITICAL - 2026-03-30 13:43:09 --> ErrorException: Trying to access array offset on value of type null
[Method: GET, Route: /]
in SYSTEMPATH\Debug\Toolbar.php on line 217.
 1 SYSTEMPATH\Debug\Toolbar.php(217): CodeIgniter\Debug\Exceptions->errorHandler(2, 'Trying to access array offset on value of type null', 'C:\\xampp\\htdocs\\IM\\system\\Debug\\Toolbar.php', 217)
 2 SYSTEMPATH\Debug\Toolbar.php(200): CodeIgniter\Debug\Toolbar->renderTimelineRecursive([...], 1774849389.434618, 5, 15, [], 0)
 3 SYSTEMPATH\Debug\Toolbar\Views\toolbar.tpl.php(105): CodeIgniter\Debug\Toolbar->renderTimeline([...], 1774849389.434618, 5, 15, [])
 4 SYSTEMPATH\Debug\Toolbar.php(533): include('C:\\xampp\\htdocs\\IM\\system\\Debug\\Toolbar\\Views\\toolbar.tpl.php')
 5 SYSTEMPATH\Debug\Toolbar.php(496): CodeIgniter\Debug\Toolbar->format([...], 'html')
 6 APPPATH\Config\Events.php(47): CodeIgniter\Debug\Toolbar->respond()
 7 SYSTEMPATH\Events\Events.php(152): CodeIgniter\Events\Events::Config\{closure}()
 8 SYSTEMPATH\CodeIgniter.php(339): CodeIgniter\Events\Events::trigger('pre_system')
 9 SYSTEMPATH\Boot.php(363): CodeIgniter\CodeIgniter->run()
10 SYSTEMPATH\Boot.php(68): CodeIgniter\Boot::runCodeIgniter(Object(CodeIgniter\CodeIgniter))
11 FCPATH\index.php(59): CodeIgniter\Boot::bootWeb(Object(Config\Paths))
DEBUG - 2026-03-30 13:43:11 --> Session: Class initialized using 'CodeIgniter\Session\Handlers\FileHandler' driver.
DEBUG - 2026-03-30 13:43:11 --> Session: Class initialized using 'CodeIgniter\Session\Handlers\FileHandler' driver.
CRITICAL - 2026-03-30 13:43:12 --> ErrorException: Trying to access array offset on value of type null
[Method: GET, Route: /]
in SYSTEMPATH\Debug\Toolbar.php on line 217.
 1 SYSTEMPATH\Debug\Toolbar.php(217): CodeIgniter\Debug\Exceptions->errorHandler(2, 'Trying to access array offset on value of type null', 'C:\\xampp\\htdocs\\IM\\system\\Debug\\Toolbar.php', 217)
 2 SYSTEMPATH\Debug\Toolbar.php(200): CodeIgniter\Debug\Toolbar->renderTimelineRecursive([...], 1774849391.844643, 7, 10, [], 0)
 3 SYSTEMPATH\Debug\Toolbar\Views\toolbar.tpl.php(105): CodeIgniter\Debug\Toolbar->renderTimeline([...], 1774849391.844643, 7, 10, [])
 4 SYSTEMPATH\Debug\Toolbar.php(533): include('C:\\xampp\\htdocs\\IM\\system\\Debug\\Toolbar\\Views\\toolbar.tpl.php')
 5 SYSTEMPATH\Debug\Toolbar.php(496): CodeIgniter\Debug\Toolbar->format([...], 'html')
 6 APPPATH\Config\Events.php(47): CodeIgniter\Debug\Toolbar->respond()
 7 SYSTEMPATH\Events\Events.php(152): CodeIgniter\Events\Events::Config\{closure}()
 8 SYSTEMPATH\CodeIgniter.php(339): CodeIgniter\Events\Events::trigger('pre_system')
 9 SYSTEMPATH\Boot.php(363): CodeIgniter\CodeIgniter->run()
10 SYSTEMPATH\Boot.php(68): CodeIgniter\Boot::runCodeIgniter(Object(CodeIgniter\CodeIgniter))
11 FCPATH\index.php(59): CodeIgniter\Boot::bootWeb(Object(Config\Paths))
DEBUG - 2026-03-30 13:43:14 --> Session: Class initialized using 'CodeIgniter\Session\Handlers\FileHandler' driver.
DEBUG - 2026-03-30 13:43:14 --> Session: Class initialized using 'CodeIgniter\Session\Handlers\FileHandler' driver.
CRITICAL - 2026-03-30 13:43:14 --> ErrorException: Trying to access array offset on value of type null
[Method: GET, Route: /]
in SYSTEMPATH\Debug\Toolbar.php on line 217.
 1 SYSTEMPATH\Debug\Toolbar.php(217): CodeIgniter\Debug\Exceptions->errorHandler(2, 'Trying to access array offset on value of type null', 'C:\\xampp\\htdocs\\IM\\system\\Debug\\Toolbar.php', 217)
 2 SYSTEMPATH\Debug\Toolbar.php(200): CodeIgniter\Debug\Toolbar->renderTimelineRecursive([...], 1774849394.206721, 6, 15, [], 0)
 3 SYSTEMPATH\Debug\Toolbar\Views\toolbar.tpl.php(105): CodeIgniter\Debug\Toolbar->renderTimeline([...], 1774849394.206721, 6, 15, [])
 4 SYSTEMPATH\Debug\Toolbar.php(533): include('C:\\xampp\\htdocs\\IM\\system\\Debug\\Toolbar\\Views\\toolbar.tpl.php')
 5 SYSTEMPATH\Debug\Toolbar.php(496): CodeIgniter\Debug\Toolbar->format([...], 'html')
 6 APPPATH\Config\Events.php(47): CodeIgniter\Debug\Toolbar->respond()
 7 SYSTEMPATH\Events\Events.php(152): CodeIgniter\Events\Events::Config\{closure}()
 8 SYSTEMPATH\CodeIgniter.php(339): CodeIgniter\Events\Events::trigger('pre_system')
 9 SYSTEMPATH\Boot.php(363): CodeIgniter\CodeIgniter->run()
10 SYSTEMPATH\Boot.php(68): CodeIgniter\Boot::runCodeIgniter(Object(CodeIgniter\CodeIgniter))
11 FCPATH\index.php(59): CodeIgniter\Boot::bootWeb(Object(Config\Paths))
DEBUG - 2026-03-30 13:43:16 --> Session: Class initialized using 'CodeIgniter\Session\Handlers\FileHandler' driver.
DEBUG - 2026-03-30 13:43:16 --> Session: Class initialized using 'CodeIgniter\Session\Handlers\FileHandler' driver.
CRITICAL - 2026-03-30 13:43:17 --> ErrorException: Trying to access array offset on value of type null
[Method: GET, Route: /]
in SYSTEMPATH\Debug\Toolbar.php on line 217.
 1 SYSTEMPATH\Debug\Toolbar.php(217): CodeIgniter\Debug\Exceptions->errorHandler(2, 'Trying to access array offset on value of type null', 'C:\\xampp\\htdocs\\IM\\system\\Debug\\Toolbar.php', 217)
 2 SYSTEMPATH\Debug\Toolbar.php(200): CodeIgniter\Debug\Toolbar->renderTimelineRecursive([...], 1774849396.803214, 7, 10, [], 0)
 3 SYSTEMPATH\Debug\Toolbar\Views\toolbar.tpl.php(105): CodeIgniter\Debug\Toolbar->renderTimeline([...], 1774849396.803214, 7, 10, [])
 4 SYSTEMPATH\Debug\Toolbar.php(533): include('C:\\xampp\\htdocs\\IM\\system\\Debug\\Toolbar\\Views\\toolbar.tpl.php')
 5 SYSTEMPATH\Debug\Toolbar.php(496): CodeIgniter\Debug\Toolbar->format([...], 'html')
 6 APPPATH\Config\Events.php(47): CodeIgniter\Debug\Toolbar->respond()
 7 SYSTEMPATH\Events\Events.php(152): CodeIgniter\Events\Events::Config\{closure}()
 8 SYSTEMPATH\CodeIgniter.php(339): CodeIgniter\Events\Events::trigger('pre_system')
 9 SYSTEMPATH\Boot.php(363): CodeIgniter\CodeIgniter->run()
10 SYSTEMPATH\Boot.php(68): CodeIgniter\Boot::runCodeIgniter(Object(CodeIgniter\CodeIgniter))
11 FCPATH\index.php(59): CodeIgniter\Boot::bootWeb(Object(Config\Paths))
DEBUG - 2026-03-30 13:43:19 --> Session: Class initialized using 'CodeIgniter\Session\Handlers\FileHandler' driver.
CRITICAL - 2026-03-30 13:43:23 --> ErrorException: Trying to access array offset on value of type null
[Method: GET, Route: /]
in SYSTEMPATH\Debug\Toolbar.php on line 217.
 1 SYSTEMPATH\Debug\Toolbar.php(217): CodeIgniter\Debug\Exceptions->errorHandler(2, 'Trying to access array offset on value of type null', 'C:\\xampp\\htdocs\\IM\\system\\Debug\\Toolbar.php', 217)
 2 SYSTEMPATH\Debug\Toolbar.php(200): CodeIgniter\Debug\Toolbar->renderTimelineRecursive([...], 1774849399.287636, 7, 515, [], 0)
 3 SYSTEMPATH\Debug\Toolbar\Views\toolbar.tpl.php(105): CodeIgniter\Debug\Toolbar->renderTimeline([...], 1774849399.287636, 7, 515, [])
 4 SYSTEMPATH\Debug\Toolbar.php(533): include('C:\\xampp\\htdocs\\IM\\system\\Debug\\Toolbar\\Views\\toolbar.tpl.php')
 5 SYSTEMPATH\Debug\Toolbar.php(496): CodeIgniter\Debug\Toolbar->format([...], 'html')
 6 APPPATH\Config\Events.php(47): CodeIgniter\Debug\Toolbar->respond()
 7 SYSTEMPATH\Events\Events.php(152): CodeIgniter\Events\Events::Config\{closure}()
 8 SYSTEMPATH\CodeIgniter.php(339): CodeIgniter\Events\Events::trigger('pre_system')
 9 SYSTEMPATH\Boot.php(363): CodeIgniter\CodeIgniter->run()
10 SYSTEMPATH\Boot.php(68): CodeIgniter\Boot::runCodeIgniter(Object(CodeIgniter\CodeIgniter))
11 FCPATH\index.php(59): CodeIgniter\Boot::bootWeb(Object(Config\Paths))
DEBUG - 2026-03-30 13:44:29 --> Session: Class initialized using 'CodeIgniter\Session\Handlers\FileHandler' driver.
DEBUG - 2026-03-30 13:44:29 --> DCF Store - Title: test 101
DEBUG - 2026-03-30 13:44:29 --> DCF Store - Raw Parts: [{"title":"test 1","description":"1","role_key":"SYSTEM CASHIER","questions":[{"question_text":"1","answer_type":"short_answer","role_key":"SYSTEM CASHIER","rate_min":"1","rate_max":"10","grid_columns":["Column 1"],"grid_rows":["Row 1"],"options":[""]},{"question_text":"2","answer_type":"short_answer","role_key":"SYSTEM ANALYST","rate_min":"1","rate_max":"10","grid_columns":["Column 1"],"grid_rows":["Row 1"],"options":[""]},{"question_text":"3","answer_type":"short_answer","role_key":"all","rate_min":"1","rate_max":"10","grid_columns":["Column 1"],"grid_rows":["Row 1"],"options":[""]}]}]
DEBUG - 2026-03-30 13:44:29 --> Normalized parts count: 1
DEBUG - 2026-03-30 13:44:29 --> About to insert DCF with data: {"title":"test 101","name":"test_101_1774849469","description":"asd","due_date":"2026-04-11","department_id":9,"respondents_needed":12}
DEBUG - 2026-03-30 13:44:29 --> DCF created with ID: 27
INFO - 2026-03-30 13:44:29 --> DCF created successfully with ID: 27
DEBUG - 2026-03-30 13:44:29 --> Session: Class initialized using 'CodeIgniter\Session\Handlers\FileHandler' driver.
CRITICAL - 2026-03-30 13:44:30 --> ErrorException: Trying to access array offset on value of type null
[Method: GET, Route: /]
in SYSTEMPATH\Debug\Toolbar.php on line 217.
 1 SYSTEMPATH\Debug\Toolbar.php(217): CodeIgniter\Debug\Exceptions->errorHandler(2, 'Trying to access array offset on value of type null', 'C:\\xampp\\htdocs\\IM\\system\\Debug\\Toolbar.php', 217)
 2 SYSTEMPATH\Debug\Toolbar.php(200): CodeIgniter\Debug\Toolbar->renderTimelineRecursive([...], 1774849469.466659, 7, 10, [], 0)
 3 SYSTEMPATH\Debug\Toolbar\Views\toolbar.tpl.php(105): CodeIgniter\Debug\Toolbar->renderTimeline([...], 1774849469.466659, 7, 10, [])
 4 SYSTEMPATH\Debug\Toolbar.php(533): include('C:\\xampp\\htdocs\\IM\\system\\Debug\\Toolbar\\Views\\toolbar.tpl.php')
 5 SYSTEMPATH\Debug\Toolbar.php(496): CodeIgniter\Debug\Toolbar->format([...], 'html')
 6 APPPATH\Config\Events.php(47): CodeIgniter\Debug\Toolbar->respond()
 7 SYSTEMPATH\Events\Events.php(152): CodeIgniter\Events\Events::Config\{closure}()
 8 SYSTEMPATH\CodeIgniter.php(339): CodeIgniter\Events\Events::trigger('pre_system')
 9 SYSTEMPATH\Boot.php(363): CodeIgniter\CodeIgniter->run()
10 SYSTEMPATH\Boot.php(68): CodeIgniter\Boot::runCodeIgniter(Object(CodeIgniter\CodeIgniter))
11 FCPATH\index.php(59): CodeIgniter\Boot::bootWeb(Object(Config\Paths))
DEBUG - 2026-03-30 13:44:31 --> Session: Class initialized using 'CodeIgniter\Session\Handlers\FileHandler' driver.
CRITICAL - 2026-03-30 13:44:32 --> ErrorException: Trying to access array offset on value of type null
[Method: GET, Route: /]
in SYSTEMPATH\Debug\Toolbar.php on line 217.
 1 SYSTEMPATH\Debug\Toolbar.php(217): CodeIgniter\Debug\Exceptions->errorHandler(2, 'Trying to access array offset on value of type null', 'C:\\xampp\\htdocs\\IM\\system\\Debug\\Toolbar.php', 217)
 2 SYSTEMPATH\Debug\Toolbar.php(200): CodeIgniter\Debug\Toolbar->renderTimelineRecursive([...], 1774849471.573006, 7, 25, [], 0)
 3 SYSTEMPATH\Debug\Toolbar\Views\toolbar.tpl.php(105): CodeIgniter\Debug\Toolbar->renderTimeline([...], 1774849471.573006, 7, 25, [])
 4 SYSTEMPATH\Debug\Toolbar.php(533): include('C:\\xampp\\htdocs\\IM\\system\\Debug\\Toolbar\\Views\\toolbar.tpl.php')
 5 SYSTEMPATH\Debug\Toolbar.php(496): CodeIgniter\Debug\Toolbar->format([...], 'html')
 6 APPPATH\Config\Events.php(47): CodeIgniter\Debug\Toolbar->respond()
 7 SYSTEMPATH\Events\Events.php(152): CodeIgniter\Events\Events::Config\{closure}()
 8 SYSTEMPATH\CodeIgniter.php(339): CodeIgniter\Events\Events::trigger('pre_system')
 9 SYSTEMPATH\Boot.php(363): CodeIgniter\CodeIgniter->run()
10 SYSTEMPATH\Boot.php(68): CodeIgniter\Boot::runCodeIgniter(Object(CodeIgniter\CodeIgniter))
11 FCPATH\index.php(59): CodeIgniter\Boot::bootWeb(Object(Config\Paths))
DEBUG - 2026-03-30 13:44:33 --> Session: Class initialized using 'CodeIgniter\Session\Handlers\FileHandler' driver.
CRITICAL - 2026-03-30 13:44:34 --> ErrorException: Trying to access array offset on value of type null
[Method: GET, Route: /]
in SYSTEMPATH\Debug\Toolbar.php on line 217.
 1 SYSTEMPATH\Debug\Toolbar.php(217): CodeIgniter\Debug\Exceptions->errorHandler(2, 'Trying to access array offset on value of type null', 'C:\\xampp\\htdocs\\IM\\system\\Debug\\Toolbar.php', 217)
 2 SYSTEMPATH\Debug\Toolbar.php(200): CodeIgniter\Debug\Toolbar->renderTimelineRecursive([...], 1774849473.833039, 7, 50, [], 0)
 3 SYSTEMPATH\Debug\Toolbar\Views\toolbar.tpl.php(105): CodeIgniter\Debug\Toolbar->renderTimeline([...], 1774849473.833039, 7, 50, [])
 4 SYSTEMPATH\Debug\Toolbar.php(533): include('C:\\xampp\\htdocs\\IM\\system\\Debug\\Toolbar\\Views\\toolbar.tpl.php')
 5 SYSTEMPATH\Debug\Toolbar.php(496): CodeIgniter\Debug\Toolbar->format([...], 'html')
 6 APPPATH\Config\Events.php(47): CodeIgniter\Debug\Toolbar->respond()
 7 SYSTEMPATH\Events\Events.php(152): CodeIgniter\Events\Events::Config\{closure}()
 8 SYSTEMPATH\CodeIgniter.php(339): CodeIgniter\Events\Events::trigger('pre_system')
 9 SYSTEMPATH\Boot.php(363): CodeIgniter\CodeIgniter->run()
10 SYSTEMPATH\Boot.php(68): CodeIgniter\Boot::runCodeIgniter(Object(CodeIgniter\CodeIgniter))
11 FCPATH\index.php(59): CodeIgniter\Boot::bootWeb(Object(Config\Paths))
DEBUG - 2026-03-30 13:44:36 --> Session: Class initialized using 'CodeIgniter\Session\Handlers\FileHandler' driver.
DEBUG - 2026-03-30 13:44:59 --> Session: Class initialized using 'CodeIgniter\Session\Handlers\FileHandler' driver.
CRITICAL - 2026-03-30 13:45:00 --> ErrorException: Trying to access array offset on value of type null
[Method: GET, Route: /]
in SYSTEMPATH\Debug\Toolbar.php on line 217.
 1 SYSTEMPATH\Debug\Toolbar.php(217): CodeIgniter\Debug\Exceptions->errorHandler(2, 'Trying to access array offset on value of type null', 'C:\\xampp\\htdocs\\IM\\system\\Debug\\Toolbar.php', 217)
 2 SYSTEMPATH\Debug\Toolbar.php(200): CodeIgniter\Debug\Toolbar->renderTimelineRecursive([...], 1774849499.525457, 7, 30, [], 0)
 3 SYSTEMPATH\Debug\Toolbar\Views\toolbar.tpl.php(105): CodeIgniter\Debug\Toolbar->renderTimeline([...], 1774849499.525457, 7, 30, [])
 4 SYSTEMPATH\Debug\Toolbar.php(533): include('C:\\xampp\\htdocs\\IM\\system\\Debug\\Toolbar\\Views\\toolbar.tpl.php')
 5 SYSTEMPATH\Debug\Toolbar.php(496): CodeIgniter\Debug\Toolbar->format([...], 'html')
 6 APPPATH\Config\Events.php(47): CodeIgniter\Debug\Toolbar->respond()
 7 SYSTEMPATH\Events\Events.php(152): CodeIgniter\Events\Events::Config\{closure}()
 8 SYSTEMPATH\CodeIgniter.php(339): CodeIgniter\Events\Events::trigger('pre_system')
 9 SYSTEMPATH\Boot.php(363): CodeIgniter\CodeIgniter->run()
10 SYSTEMPATH\Boot.php(68): CodeIgniter\Boot::runCodeIgniter(Object(CodeIgniter\CodeIgniter))
11 FCPATH\index.php(59): CodeIgniter\Boot::bootWeb(Object(Config\Paths))
DEBUG - 2026-03-30 13:45:04 --> Session: Class initialized using 'CodeIgniter\Session\Handlers\FileHandler' driver.
DEBUG - 2026-03-30 13:45:04 --> Session: Class initialized using 'CodeIgniter\Session\Handlers\FileHandler' driver.
CRITICAL - 2026-03-30 13:45:05 --> ErrorException: Trying to access array offset on value of type null
[Method: GET, Route: /]
in SYSTEMPATH\Debug\Toolbar.php on line 217.
 1 SYSTEMPATH\Debug\Toolbar.php(217): CodeIgniter\Debug\Exceptions->errorHandler(2, 'Trying to access array offset on value of type null', 'C:\\xampp\\htdocs\\IM\\system\\Debug\\Toolbar.php', 217)
 2 SYSTEMPATH\Debug\Toolbar.php(200): CodeIgniter\Debug\Toolbar->renderTimelineRecursive([...], 1774849504.693232, 7, 10, [], 0)
 3 SYSTEMPATH\Debug\Toolbar\Views\toolbar.tpl.php(105): CodeIgniter\Debug\Toolbar->renderTimeline([...], 1774849504.693232, 7, 10, [])
 4 SYSTEMPATH\Debug\Toolbar.php(533): include('C:\\xampp\\htdocs\\IM\\system\\Debug\\Toolbar\\Views\\toolbar.tpl.php')
 5 SYSTEMPATH\Debug\Toolbar.php(496): CodeIgniter\Debug\Toolbar->format([...], 'html')
 6 APPPATH\Config\Events.php(47): CodeIgniter\Debug\Toolbar->respond()
 7 SYSTEMPATH\Events\Events.php(152): CodeIgniter\Events\Events::Config\{closure}()
 8 SYSTEMPATH\CodeIgniter.php(339): CodeIgniter\Events\Events::trigger('pre_system')
 9 SYSTEMPATH\Boot.php(363): CodeIgniter\CodeIgniter->run()
10 SYSTEMPATH\Boot.php(68): CodeIgniter\Boot::runCodeIgniter(Object(CodeIgniter\CodeIgniter))
11 FCPATH\index.php(59): CodeIgniter\Boot::bootWeb(Object(Config\Paths))
DEBUG - 2026-03-30 13:45:06 --> Session: Class initialized using 'CodeIgniter\Session\Handlers\FileHandler' driver.
CRITICAL - 2026-03-30 13:45:07 --> ErrorException: Trying to access array offset on value of type null
[Method: GET, Route: /]
in SYSTEMPATH\Debug\Toolbar.php on line 217.
 1 SYSTEMPATH\Debug\Toolbar.php(217): CodeIgniter\Debug\Exceptions->errorHandler(2, 'Trying to access array offset on value of type null', 'C:\\xampp\\htdocs\\IM\\system\\Debug\\Toolbar.php', 217)
 2 SYSTEMPATH\Debug\Toolbar.php(200): CodeIgniter\Debug\Toolbar->renderTimelineRecursive([...], 1774849506.941149, 7, 15, [], 0)
 3 SYSTEMPATH\Debug\Toolbar\Views\toolbar.tpl.php(105): CodeIgniter\Debug\Toolbar->renderTimeline([...], 1774849506.941149, 7, 15, [])
 4 SYSTEMPATH\Debug\Toolbar.php(533): include('C:\\xampp\\htdocs\\IM\\system\\Debug\\Toolbar\\Views\\toolbar.tpl.php')
 5 SYSTEMPATH\Debug\Toolbar.php(496): CodeIgniter\Debug\Toolbar->format([...], 'html')
 6 APPPATH\Config\Events.php(47): CodeIgniter\Debug\Toolbar->respond()
 7 SYSTEMPATH\Events\Events.php(152): CodeIgniter\Events\Events::Config\{closure}()
 8 SYSTEMPATH\CodeIgniter.php(339): CodeIgniter\Events\Events::trigger('pre_system')
 9 SYSTEMPATH\Boot.php(363): CodeIgniter\CodeIgniter->run()
10 SYSTEMPATH\Boot.php(68): CodeIgniter\Boot::runCodeIgniter(Object(CodeIgniter\CodeIgniter))
11 FCPATH\index.php(59): CodeIgniter\Boot::bootWeb(Object(Config\Paths))
DEBUG - 2026-03-30 13:45:08 --> Session: Class initialized using 'CodeIgniter\Session\Handlers\FileHandler' driver.
CRITICAL - 2026-03-30 13:45:09 --> ErrorException: Trying to access array offset on value of type null
[Method: GET, Route: /]
in SYSTEMPATH\Debug\Toolbar.php on line 217.
 1 SYSTEMPATH\Debug\Toolbar.php(217): CodeIgniter\Debug\Exceptions->errorHandler(2, 'Trying to access array offset on value of type null', 'C:\\xampp\\htdocs\\IM\\system\\Debug\\Toolbar.php', 217)
 2 SYSTEMPATH\Debug\Toolbar.php(200): CodeIgniter\Debug\Toolbar->renderTimelineRecursive([...], 1774849508.710484, 6, 25, [], 0)
 3 SYSTEMPATH\Debug\Toolbar\Views\toolbar.tpl.php(105): CodeIgniter\Debug\Toolbar->renderTimeline([...], 1774849508.710484, 6, 25, [])
 4 SYSTEMPATH\Debug\Toolbar.php(533): include('C:\\xampp\\htdocs\\IM\\system\\Debug\\Toolbar\\Views\\toolbar.tpl.php')
 5 SYSTEMPATH\Debug\Toolbar.php(496): CodeIgniter\Debug\Toolbar->format([...], 'html')
 6 APPPATH\Config\Events.php(47): CodeIgniter\Debug\Toolbar->respond()
 7 SYSTEMPATH\Events\Events.php(152): CodeIgniter\Events\Events::Config\{closure}()
 8 SYSTEMPATH\CodeIgniter.php(339): CodeIgniter\Events\Events::trigger('pre_system')
 9 SYSTEMPATH\Boot.php(363): CodeIgniter\CodeIgniter->run()
10 SYSTEMPATH\Boot.php(68): CodeIgniter\Boot::runCodeIgniter(Object(CodeIgniter\CodeIgniter))
11 FCPATH\index.php(59): CodeIgniter\Boot::bootWeb(Object(Config\Paths))
DEBUG - 2026-03-30 13:45:11 --> Session: Class initialized using 'CodeIgniter\Session\Handlers\FileHandler' driver.
DEBUG - 2026-03-30 13:45:28 --> Session: Class initialized using 'CodeIgniter\Session\Handlers\FileHandler' driver.
CRITICAL - 2026-03-30 13:45:28 --> ErrorException: Trying to access array offset on value of type null
[Method: GET, Route: /]
in SYSTEMPATH\Debug\Toolbar.php on line 217.
 1 SYSTEMPATH\Debug\Toolbar.php(217): CodeIgniter\Debug\Exceptions->errorHandler(2, 'Trying to access array offset on value of type null', 'C:\\xampp\\htdocs\\IM\\system\\Debug\\Toolbar.php', 217)
 2 SYSTEMPATH\Debug\Toolbar.php(200): CodeIgniter\Debug\Toolbar->renderTimelineRecursive([...], 1774849528.24375, 7, 30, [], 0)
 3 SYSTEMPATH\Debug\Toolbar\Views\toolbar.tpl.php(105): CodeIgniter\Debug\Toolbar->renderTimeline([...], 1774849528.24375, 7, 30, [])
 4 SYSTEMPATH\Debug\Toolbar.php(533): include('C:\\xampp\\htdocs\\IM\\system\\Debug\\Toolbar\\Views\\toolbar.tpl.php')
 5 SYSTEMPATH\Debug\Toolbar.php(496): CodeIgniter\Debug\Toolbar->format([...], 'html')
 6 APPPATH\Config\Events.php(47): CodeIgniter\Debug\Toolbar->respond()
 7 SYSTEMPATH\Events\Events.php(152): CodeIgniter\Events\Events::Config\{closure}()
 8 SYSTEMPATH\CodeIgniter.php(339): CodeIgniter\Events\Events::trigger('pre_system')
 9 SYSTEMPATH\Boot.php(363): CodeIgniter\CodeIgniter->run()
10 SYSTEMPATH\Boot.php(68): CodeIgniter\Boot::runCodeIgniter(Object(CodeIgniter\CodeIgniter))
11 FCPATH\index.php(59): CodeIgniter\Boot::bootWeb(Object(Config\Paths))
DEBUG - 2026-03-30 13:46:05 --> Session: Class initialized using 'CodeIgniter\Session\Handlers\FileHandler' driver.
DEBUG - 2026-03-30 13:46:06 --> Session: Class initialized using 'CodeIgniter\Session\Handlers\FileHandler' driver.
CRITICAL - 2026-03-30 13:46:06 --> ErrorException: Trying to access array offset on value of type null
[Method: GET, Route: /]
in SYSTEMPATH\Debug\Toolbar.php on line 217.
 1 SYSTEMPATH\Debug\Toolbar.php(217): CodeIgniter\Debug\Exceptions->errorHandler(2, 'Trying to access array offset on value of type null', 'C:\\xampp\\htdocs\\IM\\system\\Debug\\Toolbar.php', 217)
 2 SYSTEMPATH\Debug\Toolbar.php(200): CodeIgniter\Debug\Toolbar->renderTimelineRecursive([...], 1774849566.160263, 6, 15, [], 0)
 3 SYSTEMPATH\Debug\Toolbar\Views\toolbar.tpl.php(105): CodeIgniter\Debug\Toolbar->renderTimeline([...], 1774849566.160263, 6, 15, [])
 4 SYSTEMPATH\Debug\Toolbar.php(533): include('C:\\xampp\\htdocs\\IM\\system\\Debug\\Toolbar\\Views\\toolbar.tpl.php')
 5 SYSTEMPATH\Debug\Toolbar.php(496): CodeIgniter\Debug\Toolbar->format([...], 'html')
 6 APPPATH\Config\Events.php(47): CodeIgniter\Debug\Toolbar->respond()
 7 SYSTEMPATH\Events\Events.php(152): CodeIgniter\Events\Events::Config\{closure}()
 8 SYSTEMPATH\CodeIgniter.php(339): CodeIgniter\Events\Events::trigger('pre_system')
 9 SYSTEMPATH\Boot.php(363): CodeIgniter\CodeIgniter->run()
10 SYSTEMPATH\Boot.php(68): CodeIgniter\Boot::runCodeIgniter(Object(CodeIgniter\CodeIgniter))
11 FCPATH\index.php(59): CodeIgniter\Boot::bootWeb(Object(Config\Paths))
DEBUG - 2026-03-30 13:46:08 --> Session: Class initialized using 'CodeIgniter\Session\Handlers\FileHandler' driver.
CRITICAL - 2026-03-30 13:46:09 --> ErrorException: Trying to access array offset on value of type null
[Method: GET, Route: /]
in SYSTEMPATH\Debug\Toolbar.php on line 217.
 1 SYSTEMPATH\Debug\Toolbar.php(217): CodeIgniter\Debug\Exceptions->errorHandler(2, 'Trying to access array offset on value of type null', 'C:\\xampp\\htdocs\\IM\\system\\Debug\\Toolbar.php', 217)
 2 SYSTEMPATH\Debug\Toolbar.php(200): CodeIgniter\Debug\Toolbar->renderTimelineRecursive([...], 1774849568.870737, 7, 40, [], 0)
 3 SYSTEMPATH\Debug\Toolbar\Views\toolbar.tpl.php(105): CodeIgniter\Debug\Toolbar->renderTimeline([...], 1774849568.870737, 7, 40, [])
 4 SYSTEMPATH\Debug\Toolbar.php(533): include('C:\\xampp\\htdocs\\IM\\system\\Debug\\Toolbar\\Views\\toolbar.tpl.php')
 5 SYSTEMPATH\Debug\Toolbar.php(496): CodeIgniter\Debug\Toolbar->format([...], 'html')
 6 APPPATH\Config\Events.php(47): CodeIgniter\Debug\Toolbar->respond()
 7 SYSTEMPATH\Events\Events.php(152): CodeIgniter\Events\Events::Config\{closure}()
 8 SYSTEMPATH\CodeIgniter.php(339): CodeIgniter\Events\Events::trigger('pre_system')
 9 SYSTEMPATH\Boot.php(363): CodeIgniter\CodeIgniter->run()
10 SYSTEMPATH\Boot.php(68): CodeIgniter\Boot::runCodeIgniter(Object(CodeIgniter\CodeIgniter))
11 FCPATH\index.php(59): CodeIgniter\Boot::bootWeb(Object(Config\Paths))
DEBUG - 2026-03-30 13:46:10 --> Session: Class initialized using 'CodeIgniter\Session\Handlers\FileHandler' driver.
CRITICAL - 2026-03-30 13:46:11 --> ErrorException: Trying to access array offset on value of type null
[Method: GET, Route: /]
in SYSTEMPATH\Debug\Toolbar.php on line 217.
 1 SYSTEMPATH\Debug\Toolbar.php(217): CodeIgniter\Debug\Exceptions->errorHandler(2, 'Trying to access array offset on value of type null', 'C:\\xampp\\htdocs\\IM\\system\\Debug\\Toolbar.php', 217)
 2 SYSTEMPATH\Debug\Toolbar.php(200): CodeIgniter\Debug\Toolbar->renderTimelineRecursive([...], 1774849570.89595, 7, 25, [], 0)
 3 SYSTEMPATH\Debug\Toolbar\Views\toolbar.tpl.php(105): CodeIgniter\Debug\Toolbar->renderTimeline([...], 1774849570.89595, 7, 25, [])
 4 SYSTEMPATH\Debug\Toolbar.php(533): include('C:\\xampp\\htdocs\\IM\\system\\Debug\\Toolbar\\Views\\toolbar.tpl.php')
 5 SYSTEMPATH\Debug\Toolbar.php(496): CodeIgniter\Debug\Toolbar->format([...], 'html')
 6 APPPATH\Config\Events.php(47): CodeIgniter\Debug\Toolbar->respond()
 7 SYSTEMPATH\Events\Events.php(152): CodeIgniter\Events\Events::Config\{closure}()
 8 SYSTEMPATH\CodeIgniter.php(339): CodeIgniter\Events\Events::trigger('pre_system')
 9 SYSTEMPATH\Boot.php(363): CodeIgniter\CodeIgniter->run()
10 SYSTEMPATH\Boot.php(68): CodeIgniter\Boot::runCodeIgniter(Object(CodeIgniter\CodeIgniter))
11 FCPATH\index.php(59): CodeIgniter\Boot::bootWeb(Object(Config\Paths))
DEBUG - 2026-03-30 13:46:13 --> Session: Class initialized using 'CodeIgniter\Session\Handlers\FileHandler' driver.
CRITICAL - 2026-03-30 13:46:13 --> ErrorException: Trying to access array offset on value of type null
[Method: GET, Route: /]
in SYSTEMPATH\Debug\Toolbar.php on line 217.
 1 SYSTEMPATH\Debug\Toolbar.php(217): CodeIgniter\Debug\Exceptions->errorHandler(2, 'Trying to access array offset on value of type null', 'C:\\xampp\\htdocs\\IM\\system\\Debug\\Toolbar.php', 217)
 2 SYSTEMPATH\Debug\Toolbar.php(200): CodeIgniter\Debug\Toolbar->renderTimelineRecursive([...], 1774849573.035946, 6, 15, [], 0)
 3 SYSTEMPATH\Debug\Toolbar\Views\toolbar.tpl.php(105): CodeIgniter\Debug\Toolbar->renderTimeline([...], 1774849573.035946, 6, 15, [])
 4 SYSTEMPATH\Debug\Toolbar.php(533): include('C:\\xampp\\htdocs\\IM\\system\\Debug\\Toolbar\\Views\\toolbar.tpl.php')
 5 SYSTEMPATH\Debug\Toolbar.php(496): CodeIgniter\Debug\Toolbar->format([...], 'html')
 6 APPPATH\Config\Events.php(47): CodeIgniter\Debug\Toolbar->respond()
 7 SYSTEMPATH\Events\Events.php(152): CodeIgniter\Events\Events::Config\{closure}()
 8 SYSTEMPATH\CodeIgniter.php(339): CodeIgniter\Events\Events::trigger('pre_system')
 9 SYSTEMPATH\Boot.php(363): CodeIgniter\CodeIgniter->run()
10 SYSTEMPATH\Boot.php(68): CodeIgniter\Boot::runCodeIgniter(Object(CodeIgniter\CodeIgniter))
11 FCPATH\index.php(59): CodeIgniter\Boot::bootWeb(Object(Config\Paths))
DEBUG - 2026-03-30 13:46:20 --> Session: Class initialized using 'CodeIgniter\Session\Handlers\FileHandler' driver.
CRITICAL - 2026-03-30 13:46:33 --> ErrorException: Trying to access array offset on value of type null
[Method: GET, Route: /]
in SYSTEMPATH\Debug\Toolbar.php on line 217.
 1 SYSTEMPATH\Debug\Toolbar.php(217): CodeIgniter\Debug\Exceptions->errorHandler(2, 'Trying to access array offset on value of type null', 'C:\\xampp\\htdocs\\IM\\system\\Debug\\Toolbar.php', 217)
 2 SYSTEMPATH\Debug\Toolbar.php(200): CodeIgniter\Debug\Toolbar->renderTimelineRecursive([...], 1774849580.743824, 7, 190, [], 0)
 3 SYSTEMPATH\Debug\Toolbar\Views\toolbar.tpl.php(105): CodeIgniter\Debug\Toolbar->renderTimeline([...], 1774849580.743824, 7, 190, [])
 4 SYSTEMPATH\Debug\Toolbar.php(533): include('C:\\xampp\\htdocs\\IM\\system\\Debug\\Toolbar\\Views\\toolbar.tpl.php')
 5 SYSTEMPATH\Debug\Toolbar.php(496): CodeIgniter\Debug\Toolbar->format([...], 'html')
 6 APPPATH\Config\Events.php(47): CodeIgniter\Debug\Toolbar->respond()
 7 SYSTEMPATH\Events\Events.php(152): CodeIgniter\Events\Events::Config\{closure}()
 8 SYSTEMPATH\CodeIgniter.php(339): CodeIgniter\Events\Events::trigger('pre_system')
 9 SYSTEMPATH\Boot.php(363): CodeIgniter\CodeIgniter->run()
10 SYSTEMPATH\Boot.php(68): CodeIgniter\Boot::runCodeIgniter(Object(CodeIgniter\CodeIgniter))
11 FCPATH\index.php(59): CodeIgniter\Boot::bootWeb(Object(Config\Paths))
DEBUG - 2026-03-30 13:46:41 --> Session: Class initialized using 'CodeIgniter\Session\Handlers\FileHandler' driver.
DEBUG - 2026-03-30 13:49:10 --> Session: Class initialized using 'CodeIgniter\Session\Handlers\FileHandler' driver.
DEBUG - 2026-03-30 13:49:49 --> Session: Class initialized using 'CodeIgniter\Session\Handlers\FileHandler' driver.
CRITICAL - 2026-03-30 13:49:50 --> ErrorException: Trying to access array offset on value of type null
[Method: GET, Route: /]
in SYSTEMPATH\Debug\Toolbar.php on line 217.
 1 SYSTEMPATH\Debug\Toolbar.php(217): CodeIgniter\Debug\Exceptions->errorHandler(2, 'Trying to access array offset on value of type null', 'C:\\xampp\\htdocs\\IM\\system\\Debug\\Toolbar.php', 217)
 2 SYSTEMPATH\Debug\Toolbar.php(200): CodeIgniter\Debug\Toolbar->renderTimelineRecursive([...], 1774849789.436585, 7, 50, [], 0)
 3 SYSTEMPATH\Debug\Toolbar\Views\toolbar.tpl.php(105): CodeIgniter\Debug\Toolbar->renderTimeline([...], 1774849789.436585, 7, 50, [])
 4 SYSTEMPATH\Debug\Toolbar.php(533): include('C:\\xampp\\htdocs\\IM\\system\\Debug\\Toolbar\\Views\\toolbar.tpl.php')
 5 SYSTEMPATH\Debug\Toolbar.php(496): CodeIgniter\Debug\Toolbar->format([...], 'html')
 6 APPPATH\Config\Events.php(47): CodeIgniter\Debug\Toolbar->respond()
 7 SYSTEMPATH\Events\Events.php(152): CodeIgniter\Events\Events::Config\{closure}()
 8 SYSTEMPATH\CodeIgniter.php(339): CodeIgniter\Events\Events::trigger('pre_system')
 9 SYSTEMPATH\Boot.php(363): CodeIgniter\CodeIgniter->run()
10 SYSTEMPATH\Boot.php(68): CodeIgniter\Boot::runCodeIgniter(Object(CodeIgniter\CodeIgniter))
11 FCPATH\index.php(59): CodeIgniter\Boot::bootWeb(Object(Config\Paths))
DEBUG - 2026-03-30 13:50:01 --> Session: Class initialized using 'CodeIgniter\Session\Handlers\FileHandler' driver.
DEBUG - 2026-03-30 13:50:17 --> Session: Class initialized using 'CodeIgniter\Session\Handlers\FileHandler' driver.
