DEBUG - 2026-03-03 10:29:19 --> Session: Class initialized using 'CodeIgniter\Session\Handlers\FileHandler' driver.
DEBUG - 2026-03-03 10:29:23 --> Session: Class initialized using 'CodeIgniter\Session\Handlers\FileHandler' driver.
CRITICAL - 2026-03-03 10:29:28 --> ErrorException: Trying to access array offset on value of type null
[Method: GET, Route: /]
in SYSTEMPATH\Debug\Toolbar.php on line 217.
 1 SYSTEMPATH\Debug\Toolbar.php(217): CodeIgniter\Debug\Exceptions->errorHandler(2, 'Trying to access array offset on value of type null', 'C:\\xampp\\htdocs\\IM\\system\\Debug\\Toolbar.php', 217)
 2 SYSTEMPATH\Debug\Toolbar.php(200): CodeIgniter\Debug\Toolbar->renderTimelineRecursive([...], 1772504963.032446, 7, 130, [], 0)
 3 SYSTEMPATH\Debug\Toolbar\Views\toolbar.tpl.php(105): CodeIgniter\Debug\Toolbar->renderTimeline([...], 1772504963.032446, 7, 130, [])
 4 SYSTEMPATH\Debug\Toolbar.php(533): include('C:\\xampp\\htdocs\\IM\\system\\Debug\\Toolbar\\Views\\toolbar.tpl.php')
 5 SYSTEMPATH\Debug\Toolbar.php(496): CodeIgniter\Debug\Toolbar->format([...], 'html')
 6 APPPATH\Config\Events.php(47): CodeIgniter\Debug\Toolbar->respond()
 7 SYSTEMPATH\Events\Events.php(152): CodeIgniter\Events\Events::Config\{closure}()
 8 SYSTEMPATH\CodeIgniter.php(339): CodeIgniter\Events\Events::trigger('pre_system')
 9 SYSTEMPATH\Boot.php(363): CodeIgniter\CodeIgniter->run()
10 SYSTEMPATH\Boot.php(68): CodeIgniter\Boot::runCodeIgniter(Object(CodeIgniter\CodeIgniter))
11 FCPATH\index.php(59): CodeIgniter\Boot::bootWeb(Object(Config\Paths))
DEBUG - 2026-03-03 11:10:33 --> Session: Class initialized using 'CodeIgniter\Session\Handlers\FileHandler' driver.
DEBUG - 2026-03-03 11:10:33 --> Session: Class initialized using 'CodeIgniter\Session\Handlers\FileHandler' driver.
DEBUG - 2026-03-03 11:10:36 --> Session: Class initialized using 'CodeIgniter\Session\Handlers\FileHandler' driver.
CRITICAL - 2026-03-03 11:10:38 --> ErrorException: Trying to access array offset on value of type null
[Method: GET, Route: /]
in SYSTEMPATH\Debug\Toolbar.php on line 217.
 1 SYSTEMPATH\Debug\Toolbar.php(217): CodeIgniter\Debug\Exceptions->errorHandler(2, 'Trying to access array offset on value of type null', 'C:\\xampp\\htdocs\\IM\\system\\Debug\\Toolbar.php', 217)
 2 SYSTEMPATH\Debug\Toolbar.php(200): CodeIgniter\Debug\Toolbar->renderTimelineRecursive([...], 1772507436.059447, 7, 45, [], 0)
 3 SYSTEMPATH\Debug\Toolbar\Views\toolbar.tpl.php(105): CodeIgniter\Debug\Toolbar->renderTimeline([...], 1772507436.059447, 7, 45, [])
 4 SYSTEMPATH\Debug\Toolbar.php(533): include('C:\\xampp\\htdocs\\IM\\system\\Debug\\Toolbar\\Views\\toolbar.tpl.php')
 5 SYSTEMPATH\Debug\Toolbar.php(496): CodeIgniter\Debug\Toolbar->format([...], 'html')
 6 APPPATH\Config\Events.php(47): CodeIgniter\Debug\Toolbar->respond()
 7 SYSTEMPATH\Events\Events.php(152): CodeIgniter\Events\Events::Config\{closure}()
 8 SYSTEMPATH\CodeIgniter.php(339): CodeIgniter\Events\Events::trigger('pre_system')
 9 SYSTEMPATH\Boot.php(363): CodeIgniter\CodeIgniter->run()
10 SYSTEMPATH\Boot.php(68): CodeIgniter\Boot::runCodeIgniter(Object(CodeIgniter\CodeIgniter))
11 FCPATH\index.php(59): CodeIgniter\Boot::bootWeb(Object(Config\Paths))
DEBUG - 2026-03-03 11:13:24 --> Session: Class initialized using 'CodeIgniter\Session\Handlers\FileHandler' driver.
CRITICAL - 2026-03-03 11:13:24 --> ErrorException: Trying to access array offset on value of type null
[Method: GET, Route: /]
in SYSTEMPATH\Debug\Toolbar.php on line 217.
 1 SYSTEMPATH\Debug\Toolbar.php(217): CodeIgniter\Debug\Exceptions->errorHandler(2, 'Trying to access array offset on value of type null', 'C:\\xampp\\htdocs\\IM\\system\\Debug\\Toolbar.php', 217)
 2 SYSTEMPATH\Debug\Toolbar.php(200): CodeIgniter\Debug\Toolbar->renderTimelineRecursive([...], 1772507604.379383, 6, 10, [], 0)
 3 SYSTEMPATH\Debug\Toolbar\Views\toolbar.tpl.php(105): CodeIgniter\Debug\Toolbar->renderTimeline([...], 1772507604.379383, 6, 10, [])
 4 SYSTEMPATH\Debug\Toolbar.php(533): include('C:\\xampp\\htdocs\\IM\\system\\Debug\\Toolbar\\Views\\toolbar.tpl.php')
 5 SYSTEMPATH\Debug\Toolbar.php(496): CodeIgniter\Debug\Toolbar->format([...], 'html')
 6 APPPATH\Config\Events.php(47): CodeIgniter\Debug\Toolbar->respond()
 7 SYSTEMPATH\Events\Events.php(152): CodeIgniter\Events\Events::Config\{closure}()
 8 SYSTEMPATH\CodeIgniter.php(339): CodeIgniter\Events\Events::trigger('pre_system')
 9 SYSTEMPATH\Boot.php(363): CodeIgniter\CodeIgniter->run()
10 SYSTEMPATH\Boot.php(68): CodeIgniter\Boot::runCodeIgniter(Object(CodeIgniter\CodeIgniter))
11 FCPATH\index.php(59): CodeIgniter\Boot::bootWeb(Object(Config\Paths))
DEBUG - 2026-03-03 11:13:25 --> Session: Class initialized using 'CodeIgniter\Session\Handlers\FileHandler' driver.
CRITICAL - 2026-03-03 11:13:26 --> ErrorException: Trying to access array offset on value of type null
[Method: GET, Route: /]
in SYSTEMPATH\Debug\Toolbar.php on line 217.
 1 SYSTEMPATH\Debug\Toolbar.php(217): CodeIgniter\Debug\Exceptions->errorHandler(2, 'Trying to access array offset on value of type null', 'C:\\xampp\\htdocs\\IM\\system\\Debug\\Toolbar.php', 217)
 2 SYSTEMPATH\Debug\Toolbar.php(200): CodeIgniter\Debug\Toolbar->renderTimelineRecursive([...], 1772507605.418055, 7, 50, [], 0)
 3 SYSTEMPATH\Debug\Toolbar\Views\toolbar.tpl.php(105): CodeIgniter\Debug\Toolbar->renderTimeline([...], 1772507605.418055, 7, 50, [])
 4 SYSTEMPATH\Debug\Toolbar.php(533): include('C:\\xampp\\htdocs\\IM\\system\\Debug\\Toolbar\\Views\\toolbar.tpl.php')
 5 SYSTEMPATH\Debug\Toolbar.php(496): CodeIgniter\Debug\Toolbar->format([...], 'html')
 6 APPPATH\Config\Events.php(47): CodeIgniter\Debug\Toolbar->respond()
 7 SYSTEMPATH\Events\Events.php(152): CodeIgniter\Events\Events::Config\{closure}()
 8 SYSTEMPATH\CodeIgniter.php(339): CodeIgniter\Events\Events::trigger('pre_system')
 9 SYSTEMPATH\Boot.php(363): CodeIgniter\CodeIgniter->run()
10 SYSTEMPATH\Boot.php(68): CodeIgniter\Boot::runCodeIgniter(Object(CodeIgniter\CodeIgniter))
11 FCPATH\index.php(59): CodeIgniter\Boot::bootWeb(Object(Config\Paths))
DEBUG - 2026-03-03 11:13:26 --> Session: Class initialized using 'CodeIgniter\Session\Handlers\FileHandler' driver.
CRITICAL - 2026-03-03 11:13:27 --> ErrorException: Trying to access array offset on value of type null
[Method: GET, Route: /]
in SYSTEMPATH\Debug\Toolbar.php on line 217.
 1 SYSTEMPATH\Debug\Toolbar.php(217): CodeIgniter\Debug\Exceptions->errorHandler(2, 'Trying to access array offset on value of type null', 'C:\\xampp\\htdocs\\IM\\system\\Debug\\Toolbar.php', 217)
 2 SYSTEMPATH\Debug\Toolbar.php(200): CodeIgniter\Debug\Toolbar->renderTimelineRecursive([...], 1772507606.691911, 7, 65, [], 0)
 3 SYSTEMPATH\Debug\Toolbar\Views\toolbar.tpl.php(105): CodeIgniter\Debug\Toolbar->renderTimeline([...], 1772507606.691911, 7, 65, [])
 4 SYSTEMPATH\Debug\Toolbar.php(533): include('C:\\xampp\\htdocs\\IM\\system\\Debug\\Toolbar\\Views\\toolbar.tpl.php')
 5 SYSTEMPATH\Debug\Toolbar.php(496): CodeIgniter\Debug\Toolbar->format([...], 'html')
 6 APPPATH\Config\Events.php(47): CodeIgniter\Debug\Toolbar->respond()
 7 SYSTEMPATH\Events\Events.php(152): CodeIgniter\Events\Events::Config\{closure}()
 8 SYSTEMPATH\CodeIgniter.php(339): CodeIgniter\Events\Events::trigger('pre_system')
 9 SYSTEMPATH\Boot.php(363): CodeIgniter\CodeIgniter->run()
10 SYSTEMPATH\Boot.php(68): CodeIgniter\Boot::runCodeIgniter(Object(CodeIgniter\CodeIgniter))
11 FCPATH\index.php(59): CodeIgniter\Boot::bootWeb(Object(Config\Paths))
DEBUG - 2026-03-03 11:13:28 --> Session: Class initialized using 'CodeIgniter\Session\Handlers\FileHandler' driver.
CRITICAL - 2026-03-03 11:13:29 --> ErrorException: Trying to access array offset on value of type null
[Method: GET, Route: /]
in SYSTEMPATH\Debug\Toolbar.php on line 217.
 1 SYSTEMPATH\Debug\Toolbar.php(217): CodeIgniter\Debug\Exceptions->errorHandler(2, 'Trying to access array offset on value of type null', 'C:\\xampp\\htdocs\\IM\\system\\Debug\\Toolbar.php', 217)
 2 SYSTEMPATH\Debug\Toolbar.php(200): CodeIgniter\Debug\Toolbar->renderTimelineRecursive([...], 1772507608.020206, 7, 45, [], 0)
 3 SYSTEMPATH\Debug\Toolbar\Views\toolbar.tpl.php(105): CodeIgniter\Debug\Toolbar->renderTimeline([...], 1772507608.020206, 7, 45, [])
 4 SYSTEMPATH\Debug\Toolbar.php(533): include('C:\\xampp\\htdocs\\IM\\system\\Debug\\Toolbar\\Views\\toolbar.tpl.php')
 5 SYSTEMPATH\Debug\Toolbar.php(496): CodeIgniter\Debug\Toolbar->format([...], 'html')
 6 APPPATH\Config\Events.php(47): CodeIgniter\Debug\Toolbar->respond()
 7 SYSTEMPATH\Events\Events.php(152): CodeIgniter\Events\Events::Config\{closure}()
 8 SYSTEMPATH\CodeIgniter.php(339): CodeIgniter\Events\Events::trigger('pre_system')
 9 SYSTEMPATH\Boot.php(363): CodeIgniter\CodeIgniter->run()
10 SYSTEMPATH\Boot.php(68): CodeIgniter\Boot::runCodeIgniter(Object(CodeIgniter\CodeIgniter))
11 FCPATH\index.php(59): CodeIgniter\Boot::bootWeb(Object(Config\Paths))
DEBUG - 2026-03-03 11:13:30 --> Session: Class initialized using 'CodeIgniter\Session\Handlers\FileHandler' driver.
CRITICAL - 2026-03-03 11:13:30 --> ErrorException: Trying to access array offset on value of type null
[Method: GET, Route: /]
in SYSTEMPATH\Debug\Toolbar.php on line 217.
 1 SYSTEMPATH\Debug\Toolbar.php(217): CodeIgniter\Debug\Exceptions->errorHandler(2, 'Trying to access array offset on value of type null', 'C:\\xampp\\htdocs\\IM\\system\\Debug\\Toolbar.php', 217)
 2 SYSTEMPATH\Debug\Toolbar.php(200): CodeIgniter\Debug\Toolbar->renderTimelineRecursive([...], 1772507610.041001, 7, 80, [], 0)
 3 SYSTEMPATH\Debug\Toolbar\Views\toolbar.tpl.php(105): CodeIgniter\Debug\Toolbar->renderTimeline([...], 1772507610.041001, 7, 80, [])
 4 SYSTEMPATH\Debug\Toolbar.php(533): include('C:\\xampp\\htdocs\\IM\\system\\Debug\\Toolbar\\Views\\toolbar.tpl.php')
 5 SYSTEMPATH\Debug\Toolbar.php(496): CodeIgniter\Debug\Toolbar->format([...], 'html')
 6 APPPATH\Config\Events.php(47): CodeIgniter\Debug\Toolbar->respond()
 7 SYSTEMPATH\Events\Events.php(152): CodeIgniter\Events\Events::Config\{closure}()
 8 SYSTEMPATH\CodeIgniter.php(339): CodeIgniter\Events\Events::trigger('pre_system')
 9 SYSTEMPATH\Boot.php(363): CodeIgniter\CodeIgniter->run()
10 SYSTEMPATH\Boot.php(68): CodeIgniter\Boot::runCodeIgniter(Object(CodeIgniter\CodeIgniter))
11 FCPATH\index.php(59): CodeIgniter\Boot::bootWeb(Object(Config\Paths))
WARNING - 2026-03-03 11:13:33 --> [DEPRECATED] Creation of dynamic property App\Controllers\ApplicationController::$contactsModel is deprecated in APPPATH\Controllers\ApplicationController.php on line 41.
 1 SYSTEMPATH\CodeIgniter.php(903): App\Controllers\ApplicationController->__construct()
 2 SYSTEMPATH\CodeIgniter.php(498): CodeIgniter\CodeIgniter->createController()
 3 SYSTEMPATH\CodeIgniter.php(354): CodeIgniter\CodeIgniter->handleRequest(null, Object(Config\Cache), false)
 4 SYSTEMPATH\Boot.php(363): CodeIgniter\CodeIgniter->run()
 5 SYSTEMPATH\Boot.php(68): CodeIgniter\Boot::runCodeIgniter(Object(CodeIgniter\CodeIgniter))
 6 FCPATH\index.php(59): CodeIgniter\Boot::bootWeb(Object(Config\Paths))
WARNING - 2026-03-03 11:13:33 --> [DEPRECATED] Creation of dynamic property App\Controllers\ApplicationController::$environmentsModel is deprecated in APPPATH\Controllers\ApplicationController.php on line 42.
 1 SYSTEMPATH\CodeIgniter.php(903): App\Controllers\ApplicationController->__construct()
 2 SYSTEMPATH\CodeIgniter.php(498): CodeIgniter\CodeIgniter->createController()
 3 SYSTEMPATH\CodeIgniter.php(354): CodeIgniter\CodeIgniter->handleRequest(null, Object(Config\Cache), false)
 4 SYSTEMPATH\Boot.php(363): CodeIgniter\CodeIgniter->run()
 5 SYSTEMPATH\Boot.php(68): CodeIgniter\Boot::runCodeIgniter(Object(CodeIgniter\CodeIgniter))
 6 FCPATH\index.php(59): CodeIgniter\Boot::bootWeb(Object(Config\Paths))
WARNING - 2026-03-03 11:13:33 --> [DEPRECATED] Creation of dynamic property App\Controllers\ApplicationController::$infrastructureModel is deprecated in APPPATH\Controllers\ApplicationController.php on line 43.
 1 SYSTEMPATH\CodeIgniter.php(903): App\Controllers\ApplicationController->__construct()
 2 SYSTEMPATH\CodeIgniter.php(498): CodeIgniter\CodeIgniter->createController()
 3 SYSTEMPATH\CodeIgniter.php(354): CodeIgniter\CodeIgniter->handleRequest(null, Object(Config\Cache), false)
 4 SYSTEMPATH\Boot.php(363): CodeIgniter\CodeIgniter->run()
 5 SYSTEMPATH\Boot.php(68): CodeIgniter\Boot::runCodeIgniter(Object(CodeIgniter\CodeIgniter))
 6 FCPATH\index.php(59): CodeIgniter\Boot::bootWeb(Object(Config\Paths))
WARNING - 2026-03-03 11:13:33 --> [DEPRECATED] Creation of dynamic property App\Controllers\ApplicationController::$complianceModel is deprecated in APPPATH\Controllers\ApplicationController.php on line 44.
 1 SYSTEMPATH\CodeIgniter.php(903): App\Controllers\ApplicationController->__construct()
 2 SYSTEMPATH\CodeIgniter.php(498): CodeIgniter\CodeIgniter->createController()
 3 SYSTEMPATH\CodeIgniter.php(354): CodeIgniter\CodeIgniter->handleRequest(null, Object(Config\Cache), false)
 4 SYSTEMPATH\Boot.php(363): CodeIgniter\CodeIgniter->run()
 5 SYSTEMPATH\Boot.php(68): CodeIgniter\Boot::runCodeIgniter(Object(CodeIgniter\CodeIgniter))
 6 FCPATH\index.php(59): CodeIgniter\Boot::bootWeb(Object(Config\Paths))
WARNING - 2026-03-03 11:13:33 --> [DEPRECATED] Creation of dynamic property App\Controllers\ApplicationController::$dependenciesModel is deprecated in APPPATH\Controllers\ApplicationController.php on line 45.
 1 SYSTEMPATH\CodeIgniter.php(903): App\Controllers\ApplicationController->__construct()
 2 SYSTEMPATH\CodeIgniter.php(498): CodeIgniter\CodeIgniter->createController()
 3 SYSTEMPATH\CodeIgniter.php(354): CodeIgniter\CodeIgniter->handleRequest(null, Object(Config\Cache), false)
 4 SYSTEMPATH\Boot.php(363): CodeIgniter\CodeIgniter->run()
 5 SYSTEMPATH\Boot.php(68): CodeIgniter\Boot::runCodeIgniter(Object(CodeIgniter\CodeIgniter))
 6 FCPATH\index.php(59): CodeIgniter\Boot::bootWeb(Object(Config\Paths))
WARNING - 2026-03-03 11:13:33 --> [DEPRECATED] Creation of dynamic property App\Controllers\ApplicationController::$vendorsModel is deprecated in APPPATH\Controllers\ApplicationController.php on line 46.
 1 SYSTEMPATH\CodeIgniter.php(903): App\Controllers\ApplicationController->__construct()
 2 SYSTEMPATH\CodeIgniter.php(498): CodeIgniter\CodeIgniter->createController()
 3 SYSTEMPATH\CodeIgniter.php(354): CodeIgniter\CodeIgniter->handleRequest(null, Object(Config\Cache), false)
 4 SYSTEMPATH\Boot.php(363): CodeIgniter\CodeIgniter->run()
 5 SYSTEMPATH\Boot.php(68): CodeIgniter\Boot::runCodeIgniter(Object(CodeIgniter\CodeIgniter))
 6 FCPATH\index.php(59): CodeIgniter\Boot::bootWeb(Object(Config\Paths))
WARNING - 2026-03-03 11:13:33 --> [DEPRECATED] Creation of dynamic property App\Controllers\ApplicationController::$batchModel is deprecated in APPPATH\Controllers\ApplicationController.php on line 47.
 1 SYSTEMPATH\CodeIgniter.php(903): App\Controllers\ApplicationController->__construct()
 2 SYSTEMPATH\CodeIgniter.php(498): CodeIgniter\CodeIgniter->createController()
 3 SYSTEMPATH\CodeIgniter.php(354): CodeIgniter\CodeIgniter->handleRequest(null, Object(Config\Cache), false)
 4 SYSTEMPATH\Boot.php(363): CodeIgniter\CodeIgniter->run()
 5 SYSTEMPATH\Boot.php(68): CodeIgniter\Boot::runCodeIgniter(Object(CodeIgniter\CodeIgniter))
 6 FCPATH\index.php(59): CodeIgniter\Boot::bootWeb(Object(Config\Paths))
WARNING - 2026-03-03 11:13:33 --> [DEPRECATED] Creation of dynamic property App\Controllers\ApplicationController::$licensingModel is deprecated in APPPATH\Controllers\ApplicationController.php on line 48.
 1 SYSTEMPATH\CodeIgniter.php(903): App\Controllers\ApplicationController->__construct()
 2 SYSTEMPATH\CodeIgniter.php(498): CodeIgniter\CodeIgniter->createController()
 3 SYSTEMPATH\CodeIgniter.php(354): CodeIgniter\CodeIgniter->handleRequest(null, Object(Config\Cache), false)
 4 SYSTEMPATH\Boot.php(363): CodeIgniter\CodeIgniter->run()
 5 SYSTEMPATH\Boot.php(68): CodeIgniter\Boot::runCodeIgniter(Object(CodeIgniter\CodeIgniter))
 6 FCPATH\index.php(59): CodeIgniter\Boot::bootWeb(Object(Config\Paths))
WARNING - 2026-03-03 11:13:33 --> [DEPRECATED] Creation of dynamic property App\Controllers\ApplicationController::$metricsModel is deprecated in APPPATH\Controllers\ApplicationController.php on line 49.
 1 SYSTEMPATH\CodeIgniter.php(903): App\Controllers\ApplicationController->__construct()
 2 SYSTEMPATH\CodeIgniter.php(498): CodeIgniter\CodeIgniter->createController()
 3 SYSTEMPATH\CodeIgniter.php(354): CodeIgniter\CodeIgniter->handleRequest(null, Object(Config\Cache), false)
 4 SYSTEMPATH\Boot.php(363): CodeIgniter\CodeIgniter->run()
 5 SYSTEMPATH\Boot.php(68): CodeIgniter\Boot::runCodeIgniter(Object(CodeIgniter\CodeIgniter))
 6 FCPATH\index.php(59): CodeIgniter\Boot::bootWeb(Object(Config\Paths))
WARNING - 2026-03-03 11:13:33 --> [DEPRECATED] Creation of dynamic property App\Controllers\ApplicationController::$techModel is deprecated in APPPATH\Controllers\ApplicationController.php on line 50.
 1 SYSTEMPATH\CodeIgniter.php(903): App\Controllers\ApplicationController->__construct()
 2 SYSTEMPATH\CodeIgniter.php(498): CodeIgniter\CodeIgniter->createController()
 3 SYSTEMPATH\CodeIgniter.php(354): CodeIgniter\CodeIgniter->handleRequest(null, Object(Config\Cache), false)
 4 SYSTEMPATH\Boot.php(363): CodeIgniter\CodeIgniter->run()
 5 SYSTEMPATH\Boot.php(68): CodeIgniter\Boot::runCodeIgniter(Object(CodeIgniter\CodeIgniter))
 6 FCPATH\index.php(59): CodeIgniter\Boot::bootWeb(Object(Config\Paths))
DEBUG - 2026-03-03 11:13:33 --> Session: Class initialized using 'CodeIgniter\Session\Handlers\FileHandler' driver.
CRITICAL - 2026-03-03 11:13:33 --> ErrorException: Trying to access array offset on value of type null
[Method: GET, Route: /]
in SYSTEMPATH\Debug\Toolbar.php on line 217.
 1 SYSTEMPATH\Debug\Toolbar.php(217): CodeIgniter\Debug\Exceptions->errorHandler(2, 'Trying to access array offset on value of type null', 'C:\\xampp\\htdocs\\IM\\system\\Debug\\Toolbar.php', 217)
 2 SYSTEMPATH\Debug\Toolbar.php(200): CodeIgniter\Debug\Toolbar->renderTimelineRecursive([...], 1772507612.71401, 7, 145, [], 0)
 3 SYSTEMPATH\Debug\Toolbar\Views\toolbar.tpl.php(105): CodeIgniter\Debug\Toolbar->renderTimeline([...], 1772507612.71401, 7, 145, [])
 4 SYSTEMPATH\Debug\Toolbar.php(533): include('C:\\xampp\\htdocs\\IM\\system\\Debug\\Toolbar\\Views\\toolbar.tpl.php')
 5 SYSTEMPATH\Debug\Toolbar.php(496): CodeIgniter\Debug\Toolbar->format([...], 'html')
 6 APPPATH\Config\Events.php(47): CodeIgniter\Debug\Toolbar->respond()
 7 SYSTEMPATH\Events\Events.php(152): CodeIgniter\Events\Events::Config\{closure}()
 8 SYSTEMPATH\CodeIgniter.php(339): CodeIgniter\Events\Events::trigger('pre_system')
 9 SYSTEMPATH\Boot.php(363): CodeIgniter\CodeIgniter->run()
10 SYSTEMPATH\Boot.php(68): CodeIgniter\Boot::runCodeIgniter(Object(CodeIgniter\CodeIgniter))
11 FCPATH\index.php(59): CodeIgniter\Boot::bootWeb(Object(Config\Paths))
DEBUG - 2026-03-03 11:13:36 --> Session: Class initialized using 'CodeIgniter\Session\Handlers\FileHandler' driver.
CRITICAL - 2026-03-03 11:13:36 --> ErrorException: Trying to access array offset on value of type null
[Method: GET, Route: /]
in SYSTEMPATH\Debug\Toolbar.php on line 217.
 1 SYSTEMPATH\Debug\Toolbar.php(217): CodeIgniter\Debug\Exceptions->errorHandler(2, 'Trying to access array offset on value of type null', 'C:\\xampp\\htdocs\\IM\\system\\Debug\\Toolbar.php', 217)
 2 SYSTEMPATH\Debug\Toolbar.php(200): CodeIgniter\Debug\Toolbar->renderTimelineRecursive([...], 1772507615.959794, 7, 110, [], 0)
 3 SYSTEMPATH\Debug\Toolbar\Views\toolbar.tpl.php(105): CodeIgniter\Debug\Toolbar->renderTimeline([...], 1772507615.959794, 7, 110, [])
 4 SYSTEMPATH\Debug\Toolbar.php(533): include('C:\\xampp\\htdocs\\IM\\system\\Debug\\Toolbar\\Views\\toolbar.tpl.php')
 5 SYSTEMPATH\Debug\Toolbar.php(496): CodeIgniter\Debug\Toolbar->format([...], 'html')
 6 APPPATH\Config\Events.php(47): CodeIgniter\Debug\Toolbar->respond()
 7 SYSTEMPATH\Events\Events.php(152): CodeIgniter\Events\Events::Config\{closure}()
 8 SYSTEMPATH\CodeIgniter.php(339): CodeIgniter\Events\Events::trigger('pre_system')
 9 SYSTEMPATH\Boot.php(363): CodeIgniter\CodeIgniter->run()
10 SYSTEMPATH\Boot.php(68): CodeIgniter\Boot::runCodeIgniter(Object(CodeIgniter\CodeIgniter))
11 FCPATH\index.php(59): CodeIgniter\Boot::bootWeb(Object(Config\Paths))
DEBUG - 2026-03-03 11:13:38 --> Session: Class initialized using 'CodeIgniter\Session\Handlers\FileHandler' driver.
CRITICAL - 2026-03-03 11:13:38 --> ErrorException: Trying to access array offset on value of type null
[Method: GET, Route: /]
in SYSTEMPATH\Debug\Toolbar.php on line 217.
 1 SYSTEMPATH\Debug\Toolbar.php(217): CodeIgniter\Debug\Exceptions->errorHandler(2, 'Trying to access array offset on value of type null', 'C:\\xampp\\htdocs\\IM\\system\\Debug\\Toolbar.php', 217)
 2 SYSTEMPATH\Debug\Toolbar.php(200): CodeIgniter\Debug\Toolbar->renderTimelineRecursive([...], 1772507617.946347, 7, 35, [], 0)
 3 SYSTEMPATH\Debug\Toolbar\Views\toolbar.tpl.php(105): CodeIgniter\Debug\Toolbar->renderTimeline([...], 1772507617.946347, 7, 35, [])
 4 SYSTEMPATH\Debug\Toolbar.php(533): include('C:\\xampp\\htdocs\\IM\\system\\Debug\\Toolbar\\Views\\toolbar.tpl.php')
 5 SYSTEMPATH\Debug\Toolbar.php(496): CodeIgniter\Debug\Toolbar->format([...], 'html')
 6 APPPATH\Config\Events.php(47): CodeIgniter\Debug\Toolbar->respond()
 7 SYSTEMPATH\Events\Events.php(152): CodeIgniter\Events\Events::Config\{closure}()
 8 SYSTEMPATH\CodeIgniter.php(339): CodeIgniter\Events\Events::trigger('pre_system')
 9 SYSTEMPATH\Boot.php(363): CodeIgniter\CodeIgniter->run()
10 SYSTEMPATH\Boot.php(68): CodeIgniter\Boot::runCodeIgniter(Object(CodeIgniter\CodeIgniter))
11 FCPATH\index.php(59): CodeIgniter\Boot::bootWeb(Object(Config\Paths))
DEBUG - 2026-03-03 11:13:39 --> Session: Class initialized using 'CodeIgniter\Session\Handlers\FileHandler' driver.
CRITICAL - 2026-03-03 11:13:39 --> ErrorException: Trying to access array offset on value of type null
[Method: GET, Route: /]
in SYSTEMPATH\Debug\Toolbar.php on line 217.
 1 SYSTEMPATH\Debug\Toolbar.php(217): CodeIgniter\Debug\Exceptions->errorHandler(2, 'Trying to access array offset on value of type null', 'C:\\xampp\\htdocs\\IM\\system\\Debug\\Toolbar.php', 217)
 2 SYSTEMPATH\Debug\Toolbar.php(200): CodeIgniter\Debug\Toolbar->renderTimelineRecursive([...], 1772507619.470395, 7, 25, [], 0)
 3 SYSTEMPATH\Debug\Toolbar\Views\toolbar.tpl.php(105): CodeIgniter\Debug\Toolbar->renderTimeline([...], 1772507619.470395, 7, 25, [])
 4 SYSTEMPATH\Debug\Toolbar.php(533): include('C:\\xampp\\htdocs\\IM\\system\\Debug\\Toolbar\\Views\\toolbar.tpl.php')
 5 SYSTEMPATH\Debug\Toolbar.php(496): CodeIgniter\Debug\Toolbar->format([...], 'html')
 6 APPPATH\Config\Events.php(47): CodeIgniter\Debug\Toolbar->respond()
 7 SYSTEMPATH\Events\Events.php(152): CodeIgniter\Events\Events::Config\{closure}()
 8 SYSTEMPATH\CodeIgniter.php(339): CodeIgniter\Events\Events::trigger('pre_system')
 9 SYSTEMPATH\Boot.php(363): CodeIgniter\CodeIgniter->run()
10 SYSTEMPATH\Boot.php(68): CodeIgniter\Boot::runCodeIgniter(Object(CodeIgniter\CodeIgniter))
11 FCPATH\index.php(59): CodeIgniter\Boot::bootWeb(Object(Config\Paths))
DEBUG - 2026-03-03 11:13:41 --> Session: Class initialized using 'CodeIgniter\Session\Handlers\FileHandler' driver.
CRITICAL - 2026-03-03 11:13:42 --> ErrorException: Trying to access array offset on value of type null
[Method: GET, Route: /]
in SYSTEMPATH\Debug\Toolbar.php on line 217.
 1 SYSTEMPATH\Debug\Toolbar.php(217): CodeIgniter\Debug\Exceptions->errorHandler(2, 'Trying to access array offset on value of type null', 'C:\\xampp\\htdocs\\IM\\system\\Debug\\Toolbar.php', 217)
 2 SYSTEMPATH\Debug\Toolbar.php(200): CodeIgniter\Debug\Toolbar->renderTimelineRecursive([...], 1772507621.78703, 7, 25, [], 0)
 3 SYSTEMPATH\Debug\Toolbar\Views\toolbar.tpl.php(105): CodeIgniter\Debug\Toolbar->renderTimeline([...], 1772507621.78703, 7, 25, [])
 4 SYSTEMPATH\Debug\Toolbar.php(533): include('C:\\xampp\\htdocs\\IM\\system\\Debug\\Toolbar\\Views\\toolbar.tpl.php')
 5 SYSTEMPATH\Debug\Toolbar.php(496): CodeIgniter\Debug\Toolbar->format([...], 'html')
 6 APPPATH\Config\Events.php(47): CodeIgniter\Debug\Toolbar->respond()
 7 SYSTEMPATH\Events\Events.php(152): CodeIgniter\Events\Events::Config\{closure}()
 8 SYSTEMPATH\CodeIgniter.php(339): CodeIgniter\Events\Events::trigger('pre_system')
 9 SYSTEMPATH\Boot.php(363): CodeIgniter\CodeIgniter->run()
10 SYSTEMPATH\Boot.php(68): CodeIgniter\Boot::runCodeIgniter(Object(CodeIgniter\CodeIgniter))
11 FCPATH\index.php(59): CodeIgniter\Boot::bootWeb(Object(Config\Paths))
DEBUG - 2026-03-03 11:13:43 --> Session: Class initialized using 'CodeIgniter\Session\Handlers\FileHandler' driver.
CRITICAL - 2026-03-03 11:13:43 --> ErrorException: Trying to access array offset on value of type null
[Method: GET, Route: /]
in SYSTEMPATH\Debug\Toolbar.php on line 217.
 1 SYSTEMPATH\Debug\Toolbar.php(217): CodeIgniter\Debug\Exceptions->errorHandler(2, 'Trying to access array offset on value of type null', 'C:\\xampp\\htdocs\\IM\\system\\Debug\\Toolbar.php', 217)
 2 SYSTEMPATH\Debug\Toolbar.php(200): CodeIgniter\Debug\Toolbar->renderTimelineRecursive([...], 1772507623.143232, 5, 15, [], 0)
 3 SYSTEMPATH\Debug\Toolbar\Views\toolbar.tpl.php(105): CodeIgniter\Debug\Toolbar->renderTimeline([...], 1772507623.143232, 5, 15, [])
 4 SYSTEMPATH\Debug\Toolbar.php(533): include('C:\\xampp\\htdocs\\IM\\system\\Debug\\Toolbar\\Views\\toolbar.tpl.php')
 5 SYSTEMPATH\Debug\Toolbar.php(496): CodeIgniter\Debug\Toolbar->format([...], 'html')
 6 APPPATH\Config\Events.php(47): CodeIgniter\Debug\Toolbar->respond()
 7 SYSTEMPATH\Events\Events.php(152): CodeIgniter\Events\Events::Config\{closure}()
 8 SYSTEMPATH\CodeIgniter.php(339): CodeIgniter\Events\Events::trigger('pre_system')
 9 SYSTEMPATH\Boot.php(363): CodeIgniter\CodeIgniter->run()
10 SYSTEMPATH\Boot.php(68): CodeIgniter\Boot::runCodeIgniter(Object(CodeIgniter\CodeIgniter))
11 FCPATH\index.php(59): CodeIgniter\Boot::bootWeb(Object(Config\Paths))
DEBUG - 2026-03-03 11:13:44 --> Session: Class initialized using 'CodeIgniter\Session\Handlers\FileHandler' driver.
CRITICAL - 2026-03-03 11:13:44 --> ErrorException: Trying to access array offset on value of type null
[Method: GET, Route: /]
in SYSTEMPATH\Debug\Toolbar.php on line 217.
 1 SYSTEMPATH\Debug\Toolbar.php(217): CodeIgniter\Debug\Exceptions->errorHandler(2, 'Trying to access array offset on value of type null', 'C:\\xampp\\htdocs\\IM\\system\\Debug\\Toolbar.php', 217)
 2 SYSTEMPATH\Debug\Toolbar.php(200): CodeIgniter\Debug\Toolbar->renderTimelineRecursive([...], 1772507624.367469, 5, 15, [], 0)
 3 SYSTEMPATH\Debug\Toolbar\Views\toolbar.tpl.php(105): CodeIgniter\Debug\Toolbar->renderTimeline([...], 1772507624.367469, 5, 15, [])
 4 SYSTEMPATH\Debug\Toolbar.php(533): include('C:\\xampp\\htdocs\\IM\\system\\Debug\\Toolbar\\Views\\toolbar.tpl.php')
 5 SYSTEMPATH\Debug\Toolbar.php(496): CodeIgniter\Debug\Toolbar->format([...], 'html')
 6 APPPATH\Config\Events.php(47): CodeIgniter\Debug\Toolbar->respond()
 7 SYSTEMPATH\Events\Events.php(152): CodeIgniter\Events\Events::Config\{closure}()
 8 SYSTEMPATH\CodeIgniter.php(339): CodeIgniter\Events\Events::trigger('pre_system')
 9 SYSTEMPATH\Boot.php(363): CodeIgniter\CodeIgniter->run()
10 SYSTEMPATH\Boot.php(68): CodeIgniter\Boot::runCodeIgniter(Object(CodeIgniter\CodeIgniter))
11 FCPATH\index.php(59): CodeIgniter\Boot::bootWeb(Object(Config\Paths))
DEBUG - 2026-03-03 11:13:45 --> Session: Class initialized using 'CodeIgniter\Session\Handlers\FileHandler' driver.
CRITICAL - 2026-03-03 11:13:46 --> ErrorException: Trying to access array offset on value of type null
[Method: GET, Route: /]
in SYSTEMPATH\Debug\Toolbar.php on line 217.
 1 SYSTEMPATH\Debug\Toolbar.php(217): CodeIgniter\Debug\Exceptions->errorHandler(2, 'Trying to access array offset on value of type null', 'C:\\xampp\\htdocs\\IM\\system\\Debug\\Toolbar.php', 217)
 2 SYSTEMPATH\Debug\Toolbar.php(200): CodeIgniter\Debug\Toolbar->renderTimelineRecursive([...], 1772507625.74425, 6, 15, [], 0)
 3 SYSTEMPATH\Debug\Toolbar\Views\toolbar.tpl.php(105): CodeIgniter\Debug\Toolbar->renderTimeline([...], 1772507625.74425, 6, 15, [])
 4 SYSTEMPATH\Debug\Toolbar.php(533): include('C:\\xampp\\htdocs\\IM\\system\\Debug\\Toolbar\\Views\\toolbar.tpl.php')
 5 SYSTEMPATH\Debug\Toolbar.php(496): CodeIgniter\Debug\Toolbar->format([...], 'html')
 6 APPPATH\Config\Events.php(47): CodeIgniter\Debug\Toolbar->respond()
 7 SYSTEMPATH\Events\Events.php(152): CodeIgniter\Events\Events::Config\{closure}()
 8 SYSTEMPATH\CodeIgniter.php(339): CodeIgniter\Events\Events::trigger('pre_system')
 9 SYSTEMPATH\Boot.php(363): CodeIgniter\CodeIgniter->run()
10 SYSTEMPATH\Boot.php(68): CodeIgniter\Boot::runCodeIgniter(Object(CodeIgniter\CodeIgniter))
11 FCPATH\index.php(59): CodeIgniter\Boot::bootWeb(Object(Config\Paths))
DEBUG - 2026-03-03 11:13:47 --> Session: Class initialized using 'CodeIgniter\Session\Handlers\FileHandler' driver.
CRITICAL - 2026-03-03 11:13:47 --> ErrorException: Trying to access array offset on value of type null
[Method: GET, Route: /]
in SYSTEMPATH\Debug\Toolbar.php on line 217.
 1 SYSTEMPATH\Debug\Toolbar.php(217): CodeIgniter\Debug\Exceptions->errorHandler(2, 'Trying to access array offset on value of type null', 'C:\\xampp\\htdocs\\IM\\system\\Debug\\Toolbar.php', 217)
 2 SYSTEMPATH\Debug\Toolbar.php(200): CodeIgniter\Debug\Toolbar->renderTimelineRecursive([...], 1772507626.985875, 5, 15, [], 0)
 3 SYSTEMPATH\Debug\Toolbar\Views\toolbar.tpl.php(105): CodeIgniter\Debug\Toolbar->renderTimeline([...], 1772507626.985875, 5, 15, [])
 4 SYSTEMPATH\Debug\Toolbar.php(533): include('C:\\xampp\\htdocs\\IM\\system\\Debug\\Toolbar\\Views\\toolbar.tpl.php')
 5 SYSTEMPATH\Debug\Toolbar.php(496): CodeIgniter\Debug\Toolbar->format([...], 'html')
 6 APPPATH\Config\Events.php(47): CodeIgniter\Debug\Toolbar->respond()
 7 SYSTEMPATH\Events\Events.php(152): CodeIgniter\Events\Events::Config\{closure}()
 8 SYSTEMPATH\CodeIgniter.php(339): CodeIgniter\Events\Events::trigger('pre_system')
 9 SYSTEMPATH\Boot.php(363): CodeIgniter\CodeIgniter->run()
10 SYSTEMPATH\Boot.php(68): CodeIgniter\Boot::runCodeIgniter(Object(CodeIgniter\CodeIgniter))
11 FCPATH\index.php(59): CodeIgniter\Boot::bootWeb(Object(Config\Paths))
DEBUG - 2026-03-03 11:13:48 --> Session: Class initialized using 'CodeIgniter\Session\Handlers\FileHandler' driver.
CRITICAL - 2026-03-03 11:13:48 --> ErrorException: Trying to access array offset on value of type null
[Method: GET, Route: /]
in SYSTEMPATH\Debug\Toolbar.php on line 217.
 1 SYSTEMPATH\Debug\Toolbar.php(217): CodeIgniter\Debug\Exceptions->errorHandler(2, 'Trying to access array offset on value of type null', 'C:\\xampp\\htdocs\\IM\\system\\Debug\\Toolbar.php', 217)
 2 SYSTEMPATH\Debug\Toolbar.php(200): CodeIgniter\Debug\Toolbar->renderTimelineRecursive([...], 1772507628.526851, 7, 10, [], 0)
 3 SYSTEMPATH\Debug\Toolbar\Views\toolbar.tpl.php(105): CodeIgniter\Debug\Toolbar->renderTimeline([...], 1772507628.526851, 7, 10, [])
 4 SYSTEMPATH\Debug\Toolbar.php(533): include('C:\\xampp\\htdocs\\IM\\system\\Debug\\Toolbar\\Views\\toolbar.tpl.php')
 5 SYSTEMPATH\Debug\Toolbar.php(496): CodeIgniter\Debug\Toolbar->format([...], 'html')
 6 APPPATH\Config\Events.php(47): CodeIgniter\Debug\Toolbar->respond()
 7 SYSTEMPATH\Events\Events.php(152): CodeIgniter\Events\Events::Config\{closure}()
 8 SYSTEMPATH\CodeIgniter.php(339): CodeIgniter\Events\Events::trigger('pre_system')
 9 SYSTEMPATH\Boot.php(363): CodeIgniter\CodeIgniter->run()
10 SYSTEMPATH\Boot.php(68): CodeIgniter\Boot::runCodeIgniter(Object(CodeIgniter\CodeIgniter))
11 FCPATH\index.php(59): CodeIgniter\Boot::bootWeb(Object(Config\Paths))
DEBUG - 2026-03-03 11:13:49 --> Session: Class initialized using 'CodeIgniter\Session\Handlers\FileHandler' driver.
CRITICAL - 2026-03-03 11:13:50 --> ErrorException: Trying to access array offset on value of type null
[Method: GET, Route: /]
in SYSTEMPATH\Debug\Toolbar.php on line 217.
 1 SYSTEMPATH\Debug\Toolbar.php(217): CodeIgniter\Debug\Exceptions->errorHandler(2, 'Trying to access array offset on value of type null', 'C:\\xampp\\htdocs\\IM\\system\\Debug\\Toolbar.php', 217)
 2 SYSTEMPATH\Debug\Toolbar.php(200): CodeIgniter\Debug\Toolbar->renderTimelineRecursive([...], 1772507629.886482, 5, 15, [], 0)
 3 SYSTEMPATH\Debug\Toolbar\Views\toolbar.tpl.php(105): CodeIgniter\Debug\Toolbar->renderTimeline([...], 1772507629.886482, 5, 15, [])
 4 SYSTEMPATH\Debug\Toolbar.php(533): include('C:\\xampp\\htdocs\\IM\\system\\Debug\\Toolbar\\Views\\toolbar.tpl.php')
 5 SYSTEMPATH\Debug\Toolbar.php(496): CodeIgniter\Debug\Toolbar->format([...], 'html')
 6 APPPATH\Config\Events.php(47): CodeIgniter\Debug\Toolbar->respond()
 7 SYSTEMPATH\Events\Events.php(152): CodeIgniter\Events\Events::Config\{closure}()
 8 SYSTEMPATH\CodeIgniter.php(339): CodeIgniter\Events\Events::trigger('pre_system')
 9 SYSTEMPATH\Boot.php(363): CodeIgniter\CodeIgniter->run()
10 SYSTEMPATH\Boot.php(68): CodeIgniter\Boot::runCodeIgniter(Object(CodeIgniter\CodeIgniter))
11 FCPATH\index.php(59): CodeIgniter\Boot::bootWeb(Object(Config\Paths))
DEBUG - 2026-03-03 11:13:50 --> Session: Class initialized using 'CodeIgniter\Session\Handlers\FileHandler' driver.
CRITICAL - 2026-03-03 11:13:51 --> ErrorException: Trying to access array offset on value of type null
[Method: GET, Route: /]
in SYSTEMPATH\Debug\Toolbar.php on line 217.
 1 SYSTEMPATH\Debug\Toolbar.php(217): CodeIgniter\Debug\Exceptions->errorHandler(2, 'Trying to access array offset on value of type null', 'C:\\xampp\\htdocs\\IM\\system\\Debug\\Toolbar.php', 217)
 2 SYSTEMPATH\Debug\Toolbar.php(200): CodeIgniter\Debug\Toolbar->renderTimelineRecursive([...], 1772507630.936548, 5, 15, [], 0)
 3 SYSTEMPATH\Debug\Toolbar\Views\toolbar.tpl.php(105): CodeIgniter\Debug\Toolbar->renderTimeline([...], 1772507630.936548, 5, 15, [])
 4 SYSTEMPATH\Debug\Toolbar.php(533): include('C:\\xampp\\htdocs\\IM\\system\\Debug\\Toolbar\\Views\\toolbar.tpl.php')
 5 SYSTEMPATH\Debug\Toolbar.php(496): CodeIgniter\Debug\Toolbar->format([...], 'html')
 6 APPPATH\Config\Events.php(47): CodeIgniter\Debug\Toolbar->respond()
 7 SYSTEMPATH\Events\Events.php(152): CodeIgniter\Events\Events::Config\{closure}()
 8 SYSTEMPATH\CodeIgniter.php(339): CodeIgniter\Events\Events::trigger('pre_system')
 9 SYSTEMPATH\Boot.php(363): CodeIgniter\CodeIgniter->run()
10 SYSTEMPATH\Boot.php(68): CodeIgniter\Boot::runCodeIgniter(Object(CodeIgniter\CodeIgniter))
11 FCPATH\index.php(59): CodeIgniter\Boot::bootWeb(Object(Config\Paths))
DEBUG - 2026-03-03 11:13:52 --> Session: Class initialized using 'CodeIgniter\Session\Handlers\FileHandler' driver.
CRITICAL - 2026-03-03 11:13:52 --> ErrorException: Trying to access array offset on value of type null
[Method: GET, Route: /]
in SYSTEMPATH\Debug\Toolbar.php on line 217.
 1 SYSTEMPATH\Debug\Toolbar.php(217): CodeIgniter\Debug\Exceptions->errorHandler(2, 'Trying to access array offset on value of type null', 'C:\\xampp\\htdocs\\IM\\system\\Debug\\Toolbar.php', 217)
 2 SYSTEMPATH\Debug\Toolbar.php(200): CodeIgniter\Debug\Toolbar->renderTimelineRecursive([...], 1772507632.381231, 5, 15, [], 0)
 3 SYSTEMPATH\Debug\Toolbar\Views\toolbar.tpl.php(105): CodeIgniter\Debug\Toolbar->renderTimeline([...], 1772507632.381231, 5, 15, [])
 4 SYSTEMPATH\Debug\Toolbar.php(533): include('C:\\xampp\\htdocs\\IM\\system\\Debug\\Toolbar\\Views\\toolbar.tpl.php')
 5 SYSTEMPATH\Debug\Toolbar.php(496): CodeIgniter\Debug\Toolbar->format([...], 'html')
 6 APPPATH\Config\Events.php(47): CodeIgniter\Debug\Toolbar->respond()
 7 SYSTEMPATH\Events\Events.php(152): CodeIgniter\Events\Events::Config\{closure}()
 8 SYSTEMPATH\CodeIgniter.php(339): CodeIgniter\Events\Events::trigger('pre_system')
 9 SYSTEMPATH\Boot.php(363): CodeIgniter\CodeIgniter->run()
10 SYSTEMPATH\Boot.php(68): CodeIgniter\Boot::runCodeIgniter(Object(CodeIgniter\CodeIgniter))
11 FCPATH\index.php(59): CodeIgniter\Boot::bootWeb(Object(Config\Paths))
DEBUG - 2026-03-03 11:15:18 --> Session: Class initialized using 'CodeIgniter\Session\Handlers\FileHandler' driver.
CRITICAL - 2026-03-03 11:15:19 --> ErrorException: Trying to access array offset on value of type null
[Method: GET, Route: /]
in SYSTEMPATH\Debug\Toolbar.php on line 217.
 1 SYSTEMPATH\Debug\Toolbar.php(217): CodeIgniter\Debug\Exceptions->errorHandler(2, 'Trying to access array offset on value of type null', 'C:\\xampp\\htdocs\\IM\\system\\Debug\\Toolbar.php', 217)
 2 SYSTEMPATH\Debug\Toolbar.php(200): CodeIgniter\Debug\Toolbar->renderTimelineRecursive([...], 1772507718.43372, 7, 55, [], 0)
 3 SYSTEMPATH\Debug\Toolbar\Views\toolbar.tpl.php(105): CodeIgniter\Debug\Toolbar->renderTimeline([...], 1772507718.43372, 7, 55, [])
 4 SYSTEMPATH\Debug\Toolbar.php(533): include('C:\\xampp\\htdocs\\IM\\system\\Debug\\Toolbar\\Views\\toolbar.tpl.php')
 5 SYSTEMPATH\Debug\Toolbar.php(496): CodeIgniter\Debug\Toolbar->format([...], 'html')
 6 APPPATH\Config\Events.php(47): CodeIgniter\Debug\Toolbar->respond()
 7 SYSTEMPATH\Events\Events.php(152): CodeIgniter\Events\Events::Config\{closure}()
 8 SYSTEMPATH\CodeIgniter.php(339): CodeIgniter\Events\Events::trigger('pre_system')
 9 SYSTEMPATH\Boot.php(363): CodeIgniter\CodeIgniter->run()
10 SYSTEMPATH\Boot.php(68): CodeIgniter\Boot::runCodeIgniter(Object(CodeIgniter\CodeIgniter))
11 FCPATH\index.php(59): CodeIgniter\Boot::bootWeb(Object(Config\Paths))
DEBUG - 2026-03-03 11:15:20 --> Session: Class initialized using 'CodeIgniter\Session\Handlers\FileHandler' driver.
CRITICAL - 2026-03-03 11:15:20 --> ErrorException: Trying to access array offset on value of type null
[Method: GET, Route: /]
in SYSTEMPATH\Debug\Toolbar.php on line 217.
 1 SYSTEMPATH\Debug\Toolbar.php(217): CodeIgniter\Debug\Exceptions->errorHandler(2, 'Trying to access array offset on value of type null', 'C:\\xampp\\htdocs\\IM\\system\\Debug\\Toolbar.php', 217)
 2 SYSTEMPATH\Debug\Toolbar.php(200): CodeIgniter\Debug\Toolbar->renderTimelineRecursive([...], 1772507720.155825, 6, 20, [], 0)
 3 SYSTEMPATH\Debug\Toolbar\Views\toolbar.tpl.php(105): CodeIgniter\Debug\Toolbar->renderTimeline([...], 1772507720.155825, 6, 20, [])
 4 SYSTEMPATH\Debug\Toolbar.php(533): include('C:\\xampp\\htdocs\\IM\\system\\Debug\\Toolbar\\Views\\toolbar.tpl.php')
 5 SYSTEMPATH\Debug\Toolbar.php(496): CodeIgniter\Debug\Toolbar->format([...], 'html')
 6 APPPATH\Config\Events.php(47): CodeIgniter\Debug\Toolbar->respond()
 7 SYSTEMPATH\Events\Events.php(152): CodeIgniter\Events\Events::Config\{closure}()
 8 SYSTEMPATH\CodeIgniter.php(339): CodeIgniter\Events\Events::trigger('pre_system')
 9 SYSTEMPATH\Boot.php(363): CodeIgniter\CodeIgniter->run()
10 SYSTEMPATH\Boot.php(68): CodeIgniter\Boot::runCodeIgniter(Object(CodeIgniter\CodeIgniter))
11 FCPATH\index.php(59): CodeIgniter\Boot::bootWeb(Object(Config\Paths))
DEBUG - 2026-03-03 11:15:21 --> Session: Class initialized using 'CodeIgniter\Session\Handlers\FileHandler' driver.
CRITICAL - 2026-03-03 11:15:22 --> ErrorException: Trying to access array offset on value of type null
[Method: GET, Route: /]
in SYSTEMPATH\Debug\Toolbar.php on line 217.
 1 SYSTEMPATH\Debug\Toolbar.php(217): CodeIgniter\Debug\Exceptions->errorHandler(2, 'Trying to access array offset on value of type null', 'C:\\xampp\\htdocs\\IM\\system\\Debug\\Toolbar.php', 217)
 2 SYSTEMPATH\Debug\Toolbar.php(200): CodeIgniter\Debug\Toolbar->renderTimelineRecursive([...], 1772507721.83456, 5, 15, [], 0)
 3 SYSTEMPATH\Debug\Toolbar\Views\toolbar.tpl.php(105): CodeIgniter\Debug\Toolbar->renderTimeline([...], 1772507721.83456, 5, 15, [])
 4 SYSTEMPATH\Debug\Toolbar.php(533): include('C:\\xampp\\htdocs\\IM\\system\\Debug\\Toolbar\\Views\\toolbar.tpl.php')
 5 SYSTEMPATH\Debug\Toolbar.php(496): CodeIgniter\Debug\Toolbar->format([...], 'html')
 6 APPPATH\Config\Events.php(47): CodeIgniter\Debug\Toolbar->respond()
 7 SYSTEMPATH\Events\Events.php(152): CodeIgniter\Events\Events::Config\{closure}()
 8 SYSTEMPATH\CodeIgniter.php(339): CodeIgniter\Events\Events::trigger('pre_system')
 9 SYSTEMPATH\Boot.php(363): CodeIgniter\CodeIgniter->run()
10 SYSTEMPATH\Boot.php(68): CodeIgniter\Boot::runCodeIgniter(Object(CodeIgniter\CodeIgniter))
11 FCPATH\index.php(59): CodeIgniter\Boot::bootWeb(Object(Config\Paths))
DEBUG - 2026-03-03 11:15:24 --> Session: Class initialized using 'CodeIgniter\Session\Handlers\FileHandler' driver.
CRITICAL - 2026-03-03 11:15:24 --> ErrorException: Trying to access array offset on value of type null
[Method: GET, Route: /]
in SYSTEMPATH\Debug\Toolbar.php on line 217.
 1 SYSTEMPATH\Debug\Toolbar.php(217): CodeIgniter\Debug\Exceptions->errorHandler(2, 'Trying to access array offset on value of type null', 'C:\\xampp\\htdocs\\IM\\system\\Debug\\Toolbar.php', 217)
 2 SYSTEMPATH\Debug\Toolbar.php(200): CodeIgniter\Debug\Toolbar->renderTimelineRecursive([...], 1772507724.404717, 5, 15, [], 0)
 3 SYSTEMPATH\Debug\Toolbar\Views\toolbar.tpl.php(105): CodeIgniter\Debug\Toolbar->renderTimeline([...], 1772507724.404717, 5, 15, [])
 4 SYSTEMPATH\Debug\Toolbar.php(533): include('C:\\xampp\\htdocs\\IM\\system\\Debug\\Toolbar\\Views\\toolbar.tpl.php')
 5 SYSTEMPATH\Debug\Toolbar.php(496): CodeIgniter\Debug\Toolbar->format([...], 'html')
 6 APPPATH\Config\Events.php(47): CodeIgniter\Debug\Toolbar->respond()
 7 SYSTEMPATH\Events\Events.php(152): CodeIgniter\Events\Events::Config\{closure}()
 8 SYSTEMPATH\CodeIgniter.php(339): CodeIgniter\Events\Events::trigger('pre_system')
 9 SYSTEMPATH\Boot.php(363): CodeIgniter\CodeIgniter->run()
10 SYSTEMPATH\Boot.php(68): CodeIgniter\Boot::runCodeIgniter(Object(CodeIgniter\CodeIgniter))
11 FCPATH\index.php(59): CodeIgniter\Boot::bootWeb(Object(Config\Paths))
DEBUG - 2026-03-03 11:15:26 --> Session: Class initialized using 'CodeIgniter\Session\Handlers\FileHandler' driver.
CRITICAL - 2026-03-03 11:15:27 --> ErrorException: Trying to access array offset on value of type null
[Method: GET, Route: /]
in SYSTEMPATH\Debug\Toolbar.php on line 217.
 1 SYSTEMPATH\Debug\Toolbar.php(217): CodeIgniter\Debug\Exceptions->errorHandler(2, 'Trying to access array offset on value of type null', 'C:\\xampp\\htdocs\\IM\\system\\Debug\\Toolbar.php', 217)
 2 SYSTEMPATH\Debug\Toolbar.php(200): CodeIgniter\Debug\Toolbar->renderTimelineRecursive([...], 1772507726.760556, 6, 15, [], 0)
 3 SYSTEMPATH\Debug\Toolbar\Views\toolbar.tpl.php(105): CodeIgniter\Debug\Toolbar->renderTimeline([...], 1772507726.760556, 6, 15, [])
 4 SYSTEMPATH\Debug\Toolbar.php(533): include('C:\\xampp\\htdocs\\IM\\system\\Debug\\Toolbar\\Views\\toolbar.tpl.php')
 5 SYSTEMPATH\Debug\Toolbar.php(496): CodeIgniter\Debug\Toolbar->format([...], 'html')
 6 APPPATH\Config\Events.php(47): CodeIgniter\Debug\Toolbar->respond()
 7 SYSTEMPATH\Events\Events.php(152): CodeIgniter\Events\Events::Config\{closure}()
 8 SYSTEMPATH\CodeIgniter.php(339): CodeIgniter\Events\Events::trigger('pre_system')
 9 SYSTEMPATH\Boot.php(363): CodeIgniter\CodeIgniter->run()
10 SYSTEMPATH\Boot.php(68): CodeIgniter\Boot::runCodeIgniter(Object(CodeIgniter\CodeIgniter))
11 FCPATH\index.php(59): CodeIgniter\Boot::bootWeb(Object(Config\Paths))
DEBUG - 2026-03-03 11:15:29 --> Session: Class initialized using 'CodeIgniter\Session\Handlers\FileHandler' driver.
CRITICAL - 2026-03-03 11:15:29 --> ErrorException: Trying to access array offset on value of type null
[Method: GET, Route: /]
in SYSTEMPATH\Debug\Toolbar.php on line 217.
 1 SYSTEMPATH\Debug\Toolbar.php(217): CodeIgniter\Debug\Exceptions->errorHandler(2, 'Trying to access array offset on value of type null', 'C:\\xampp\\htdocs\\IM\\system\\Debug\\Toolbar.php', 217)
 2 SYSTEMPATH\Debug\Toolbar.php(200): CodeIgniter\Debug\Toolbar->renderTimelineRecursive([...], 1772507729.010944, 7, 10, [], 0)
 3 SYSTEMPATH\Debug\Toolbar\Views\toolbar.tpl.php(105): CodeIgniter\Debug\Toolbar->renderTimeline([...], 1772507729.010944, 7, 10, [])
 4 SYSTEMPATH\Debug\Toolbar.php(533): include('C:\\xampp\\htdocs\\IM\\system\\Debug\\Toolbar\\Views\\toolbar.tpl.php')
 5 SYSTEMPATH\Debug\Toolbar.php(496): CodeIgniter\Debug\Toolbar->format([...], 'html')
 6 APPPATH\Config\Events.php(47): CodeIgniter\Debug\Toolbar->respond()
 7 SYSTEMPATH\Events\Events.php(152): CodeIgniter\Events\Events::Config\{closure}()
 8 SYSTEMPATH\CodeIgniter.php(339): CodeIgniter\Events\Events::trigger('pre_system')
 9 SYSTEMPATH\Boot.php(363): CodeIgniter\CodeIgniter->run()
10 SYSTEMPATH\Boot.php(68): CodeIgniter\Boot::runCodeIgniter(Object(CodeIgniter\CodeIgniter))
11 FCPATH\index.php(59): CodeIgniter\Boot::bootWeb(Object(Config\Paths))
DEBUG - 2026-03-03 11:15:32 --> Session: Class initialized using 'CodeIgniter\Session\Handlers\FileHandler' driver.
CRITICAL - 2026-03-03 11:15:32 --> ErrorException: Trying to access array offset on value of type null
[Method: GET, Route: /]
in SYSTEMPATH\Debug\Toolbar.php on line 217.
 1 SYSTEMPATH\Debug\Toolbar.php(217): CodeIgniter\Debug\Exceptions->errorHandler(2, 'Trying to access array offset on value of type null', 'C:\\xampp\\htdocs\\IM\\system\\Debug\\Toolbar.php', 217)
 2 SYSTEMPATH\Debug\Toolbar.php(200): CodeIgniter\Debug\Toolbar->renderTimelineRecursive([...], 1772507732.023859, 5, 15, [], 0)
 3 SYSTEMPATH\Debug\Toolbar\Views\toolbar.tpl.php(105): CodeIgniter\Debug\Toolbar->renderTimeline([...], 1772507732.023859, 5, 15, [])
 4 SYSTEMPATH\Debug\Toolbar.php(533): include('C:\\xampp\\htdocs\\IM\\system\\Debug\\Toolbar\\Views\\toolbar.tpl.php')
 5 SYSTEMPATH\Debug\Toolbar.php(496): CodeIgniter\Debug\Toolbar->format([...], 'html')
 6 APPPATH\Config\Events.php(47): CodeIgniter\Debug\Toolbar->respond()
 7 SYSTEMPATH\Events\Events.php(152): CodeIgniter\Events\Events::Config\{closure}()
 8 SYSTEMPATH\CodeIgniter.php(339): CodeIgniter\Events\Events::trigger('pre_system')
 9 SYSTEMPATH\Boot.php(363): CodeIgniter\CodeIgniter->run()
10 SYSTEMPATH\Boot.php(68): CodeIgniter\Boot::runCodeIgniter(Object(CodeIgniter\CodeIgniter))
11 FCPATH\index.php(59): CodeIgniter\Boot::bootWeb(Object(Config\Paths))
DEBUG - 2026-03-03 11:15:34 --> Session: Class initialized using 'CodeIgniter\Session\Handlers\FileHandler' driver.
CRITICAL - 2026-03-03 11:15:35 --> ErrorException: Trying to access array offset on value of type null
[Method: GET, Route: /]
in SYSTEMPATH\Debug\Toolbar.php on line 217.
 1 SYSTEMPATH\Debug\Toolbar.php(217): CodeIgniter\Debug\Exceptions->errorHandler(2, 'Trying to access array offset on value of type null', 'C:\\xampp\\htdocs\\IM\\system\\Debug\\Toolbar.php', 217)
 2 SYSTEMPATH\Debug\Toolbar.php(200): CodeIgniter\Debug\Toolbar->renderTimelineRecursive([...], 1772507734.726116, 5, 15, [], 0)
 3 SYSTEMPATH\Debug\Toolbar\Views\toolbar.tpl.php(105): CodeIgniter\Debug\Toolbar->renderTimeline([...], 1772507734.726116, 5, 15, [])
 4 SYSTEMPATH\Debug\Toolbar.php(533): include('C:\\xampp\\htdocs\\IM\\system\\Debug\\Toolbar\\Views\\toolbar.tpl.php')
 5 SYSTEMPATH\Debug\Toolbar.php(496): CodeIgniter\Debug\Toolbar->format([...], 'html')
 6 APPPATH\Config\Events.php(47): CodeIgniter\Debug\Toolbar->respond()
 7 SYSTEMPATH\Events\Events.php(152): CodeIgniter\Events\Events::Config\{closure}()
 8 SYSTEMPATH\CodeIgniter.php(339): CodeIgniter\Events\Events::trigger('pre_system')
 9 SYSTEMPATH\Boot.php(363): CodeIgniter\CodeIgniter->run()
10 SYSTEMPATH\Boot.php(68): CodeIgniter\Boot::runCodeIgniter(Object(CodeIgniter\CodeIgniter))
11 FCPATH\index.php(59): CodeIgniter\Boot::bootWeb(Object(Config\Paths))
DEBUG - 2026-03-03 11:15:36 --> Session: Class initialized using 'CodeIgniter\Session\Handlers\FileHandler' driver.
CRITICAL - 2026-03-03 11:15:36 --> ErrorException: Trying to access array offset on value of type null
[Method: GET, Route: /]
in SYSTEMPATH\Debug\Toolbar.php on line 217.
 1 SYSTEMPATH\Debug\Toolbar.php(217): CodeIgniter\Debug\Exceptions->errorHandler(2, 'Trying to access array offset on value of type null', 'C:\\xampp\\htdocs\\IM\\system\\Debug\\Toolbar.php', 217)
 2 SYSTEMPATH\Debug\Toolbar.php(200): CodeIgniter\Debug\Toolbar->renderTimelineRecursive([...], 1772507736.439366, 5, 15, [], 0)
 3 SYSTEMPATH\Debug\Toolbar\Views\toolbar.tpl.php(105): CodeIgniter\Debug\Toolbar->renderTimeline([...], 1772507736.439366, 5, 15, [])
 4 SYSTEMPATH\Debug\Toolbar.php(533): include('C:\\xampp\\htdocs\\IM\\system\\Debug\\Toolbar\\Views\\toolbar.tpl.php')
 5 SYSTEMPATH\Debug\Toolbar.php(496): CodeIgniter\Debug\Toolbar->format([...], 'html')
 6 APPPATH\Config\Events.php(47): CodeIgniter\Debug\Toolbar->respond()
 7 SYSTEMPATH\Events\Events.php(152): CodeIgniter\Events\Events::Config\{closure}()
 8 SYSTEMPATH\CodeIgniter.php(339): CodeIgniter\Events\Events::trigger('pre_system')
 9 SYSTEMPATH\Boot.php(363): CodeIgniter\CodeIgniter->run()
10 SYSTEMPATH\Boot.php(68): CodeIgniter\Boot::runCodeIgniter(Object(CodeIgniter\CodeIgniter))
11 FCPATH\index.php(59): CodeIgniter\Boot::bootWeb(Object(Config\Paths))
DEBUG - 2026-03-03 11:15:42 --> Session: Class initialized using 'CodeIgniter\Session\Handlers\FileHandler' driver.
CRITICAL - 2026-03-03 11:15:42 --> ErrorException: Trying to access array offset on value of type null
[Method: GET, Route: /]
in SYSTEMPATH\Debug\Toolbar.php on line 217.
 1 SYSTEMPATH\Debug\Toolbar.php(217): CodeIgniter\Debug\Exceptions->errorHandler(2, 'Trying to access array offset on value of type null', 'C:\\xampp\\htdocs\\IM\\system\\Debug\\Toolbar.php', 217)
 2 SYSTEMPATH\Debug\Toolbar.php(200): CodeIgniter\Debug\Toolbar->renderTimelineRecursive([...], 1772507742.227997, 5, 15, [], 0)
 3 SYSTEMPATH\Debug\Toolbar\Views\toolbar.tpl.php(105): CodeIgniter\Debug\Toolbar->renderTimeline([...], 1772507742.227997, 5, 15, [])
 4 SYSTEMPATH\Debug\Toolbar.php(533): include('C:\\xampp\\htdocs\\IM\\system\\Debug\\Toolbar\\Views\\toolbar.tpl.php')
 5 SYSTEMPATH\Debug\Toolbar.php(496): CodeIgniter\Debug\Toolbar->format([...], 'html')
 6 APPPATH\Config\Events.php(47): CodeIgniter\Debug\Toolbar->respond()
 7 SYSTEMPATH\Events\Events.php(152): CodeIgniter\Events\Events::Config\{closure}()
 8 SYSTEMPATH\CodeIgniter.php(339): CodeIgniter\Events\Events::trigger('pre_system')
 9 SYSTEMPATH\Boot.php(363): CodeIgniter\CodeIgniter->run()
10 SYSTEMPATH\Boot.php(68): CodeIgniter\Boot::runCodeIgniter(Object(CodeIgniter\CodeIgniter))
11 FCPATH\index.php(59): CodeIgniter\Boot::bootWeb(Object(Config\Paths))
DEBUG - 2026-03-03 11:16:36 --> Session: Class initialized using 'CodeIgniter\Session\Handlers\FileHandler' driver.
CRITICAL - 2026-03-03 11:16:36 --> ErrorException: Trying to access array offset on value of type null
[Method: GET, Route: /]
in SYSTEMPATH\Debug\Toolbar.php on line 217.
 1 SYSTEMPATH\Debug\Toolbar.php(217): CodeIgniter\Debug\Exceptions->errorHandler(2, 'Trying to access array offset on value of type null', 'C:\\xampp\\htdocs\\IM\\system\\Debug\\Toolbar.php', 217)
 2 SYSTEMPATH\Debug\Toolbar.php(200): CodeIgniter\Debug\Toolbar->renderTimelineRecursive([...], 1772507796.087323, 6, 20, [], 0)
 3 SYSTEMPATH\Debug\Toolbar\Views\toolbar.tpl.php(105): CodeIgniter\Debug\Toolbar->renderTimeline([...], 1772507796.087323, 6, 20, [])
 4 SYSTEMPATH\Debug\Toolbar.php(533): include('C:\\xampp\\htdocs\\IM\\system\\Debug\\Toolbar\\Views\\toolbar.tpl.php')
 5 SYSTEMPATH\Debug\Toolbar.php(496): CodeIgniter\Debug\Toolbar->format([...], 'html')
 6 APPPATH\Config\Events.php(47): CodeIgniter\Debug\Toolbar->respond()
 7 SYSTEMPATH\Events\Events.php(152): CodeIgniter\Events\Events::Config\{closure}()
 8 SYSTEMPATH\CodeIgniter.php(339): CodeIgniter\Events\Events::trigger('pre_system')
 9 SYSTEMPATH\Boot.php(363): CodeIgniter\CodeIgniter->run()
10 SYSTEMPATH\Boot.php(68): CodeIgniter\Boot::runCodeIgniter(Object(CodeIgniter\CodeIgniter))
11 FCPATH\index.php(59): CodeIgniter\Boot::bootWeb(Object(Config\Paths))
DEBUG - 2026-03-03 11:16:39 --> Session: Class initialized using 'CodeIgniter\Session\Handlers\FileHandler' driver.
CRITICAL - 2026-03-03 11:16:39 --> ErrorException: Trying to access array offset on value of type null
[Method: GET, Route: /]
in SYSTEMPATH\Debug\Toolbar.php on line 217.
 1 SYSTEMPATH\Debug\Toolbar.php(217): CodeIgniter\Debug\Exceptions->errorHandler(2, 'Trying to access array offset on value of type null', 'C:\\xampp\\htdocs\\IM\\system\\Debug\\Toolbar.php', 217)
 2 SYSTEMPATH\Debug\Toolbar.php(200): CodeIgniter\Debug\Toolbar->renderTimelineRecursive([...], 1772507799.60303, 5, 15, [], 0)
 3 SYSTEMPATH\Debug\Toolbar\Views\toolbar.tpl.php(105): CodeIgniter\Debug\Toolbar->renderTimeline([...], 1772507799.60303, 5, 15, [])
 4 SYSTEMPATH\Debug\Toolbar.php(533): include('C:\\xampp\\htdocs\\IM\\system\\Debug\\Toolbar\\Views\\toolbar.tpl.php')
 5 SYSTEMPATH\Debug\Toolbar.php(496): CodeIgniter\Debug\Toolbar->format([...], 'html')
 6 APPPATH\Config\Events.php(47): CodeIgniter\Debug\Toolbar->respond()
 7 SYSTEMPATH\Events\Events.php(152): CodeIgniter\Events\Events::Config\{closure}()
 8 SYSTEMPATH\CodeIgniter.php(339): CodeIgniter\Events\Events::trigger('pre_system')
 9 SYSTEMPATH\Boot.php(363): CodeIgniter\CodeIgniter->run()
10 SYSTEMPATH\Boot.php(68): CodeIgniter\Boot::runCodeIgniter(Object(CodeIgniter\CodeIgniter))
11 FCPATH\index.php(59): CodeIgniter\Boot::bootWeb(Object(Config\Paths))
DEBUG - 2026-03-03 11:16:40 --> Session: Class initialized using 'CodeIgniter\Session\Handlers\FileHandler' driver.
CRITICAL - 2026-03-03 11:16:41 --> ErrorException: Trying to access array offset on value of type null
[Method: GET, Route: /]
in SYSTEMPATH\Debug\Toolbar.php on line 217.
 1 SYSTEMPATH\Debug\Toolbar.php(217): CodeIgniter\Debug\Exceptions->errorHandler(2, 'Trying to access array offset on value of type null', 'C:\\xampp\\htdocs\\IM\\system\\Debug\\Toolbar.php', 217)
 2 SYSTEMPATH\Debug\Toolbar.php(200): CodeIgniter\Debug\Toolbar->renderTimelineRecursive([...], 1772507800.841792, 5, 15, [], 0)
 3 SYSTEMPATH\Debug\Toolbar\Views\toolbar.tpl.php(105): CodeIgniter\Debug\Toolbar->renderTimeline([...], 1772507800.841792, 5, 15, [])
 4 SYSTEMPATH\Debug\Toolbar.php(533): include('C:\\xampp\\htdocs\\IM\\system\\Debug\\Toolbar\\Views\\toolbar.tpl.php')
 5 SYSTEMPATH\Debug\Toolbar.php(496): CodeIgniter\Debug\Toolbar->format([...], 'html')
 6 APPPATH\Config\Events.php(47): CodeIgniter\Debug\Toolbar->respond()
 7 SYSTEMPATH\Events\Events.php(152): CodeIgniter\Events\Events::Config\{closure}()
 8 SYSTEMPATH\CodeIgniter.php(339): CodeIgniter\Events\Events::trigger('pre_system')
 9 SYSTEMPATH\Boot.php(363): CodeIgniter\CodeIgniter->run()
10 SYSTEMPATH\Boot.php(68): CodeIgniter\Boot::runCodeIgniter(Object(CodeIgniter\CodeIgniter))
11 FCPATH\index.php(59): CodeIgniter\Boot::bootWeb(Object(Config\Paths))
DEBUG - 2026-03-03 11:16:42 --> Session: Class initialized using 'CodeIgniter\Session\Handlers\FileHandler' driver.
CRITICAL - 2026-03-03 11:16:42 --> ErrorException: Trying to access array offset on value of type null
[Method: GET, Route: /]
in SYSTEMPATH\Debug\Toolbar.php on line 217.
 1 SYSTEMPATH\Debug\Toolbar.php(217): CodeIgniter\Debug\Exceptions->errorHandler(2, 'Trying to access array offset on value of type null', 'C:\\xampp\\htdocs\\IM\\system\\Debug\\Toolbar.php', 217)
 2 SYSTEMPATH\Debug\Toolbar.php(200): CodeIgniter\Debug\Toolbar->renderTimelineRecursive([...], 1772507801.992721, 5, 15, [], 0)
 3 SYSTEMPATH\Debug\Toolbar\Views\toolbar.tpl.php(105): CodeIgniter\Debug\Toolbar->renderTimeline([...], 1772507801.992721, 5, 15, [])
 4 SYSTEMPATH\Debug\Toolbar.php(533): include('C:\\xampp\\htdocs\\IM\\system\\Debug\\Toolbar\\Views\\toolbar.tpl.php')
 5 SYSTEMPATH\Debug\Toolbar.php(496): CodeIgniter\Debug\Toolbar->format([...], 'html')
 6 APPPATH\Config\Events.php(47): CodeIgniter\Debug\Toolbar->respond()
 7 SYSTEMPATH\Events\Events.php(152): CodeIgniter\Events\Events::Config\{closure}()
 8 SYSTEMPATH\CodeIgniter.php(339): CodeIgniter\Events\Events::trigger('pre_system')
 9 SYSTEMPATH\Boot.php(363): CodeIgniter\CodeIgniter->run()
10 SYSTEMPATH\Boot.php(68): CodeIgniter\Boot::runCodeIgniter(Object(CodeIgniter\CodeIgniter))
11 FCPATH\index.php(59): CodeIgniter\Boot::bootWeb(Object(Config\Paths))
DEBUG - 2026-03-03 11:16:43 --> Session: Class initialized using 'CodeIgniter\Session\Handlers\FileHandler' driver.
CRITICAL - 2026-03-03 11:16:43 --> ErrorException: Trying to access array offset on value of type null
[Method: GET, Route: /]
in SYSTEMPATH\Debug\Toolbar.php on line 217.
 1 SYSTEMPATH\Debug\Toolbar.php(217): CodeIgniter\Debug\Exceptions->errorHandler(2, 'Trying to access array offset on value of type null', 'C:\\xampp\\htdocs\\IM\\system\\Debug\\Toolbar.php', 217)
 2 SYSTEMPATH\Debug\Toolbar.php(200): CodeIgniter\Debug\Toolbar->renderTimelineRecursive([...], 1772507803.366523, 5, 15, [], 0)
 3 SYSTEMPATH\Debug\Toolbar\Views\toolbar.tpl.php(105): CodeIgniter\Debug\Toolbar->renderTimeline([...], 1772507803.366523, 5, 15, [])
 4 SYSTEMPATH\Debug\Toolbar.php(533): include('C:\\xampp\\htdocs\\IM\\system\\Debug\\Toolbar\\Views\\toolbar.tpl.php')
 5 SYSTEMPATH\Debug\Toolbar.php(496): CodeIgniter\Debug\Toolbar->format([...], 'html')
 6 APPPATH\Config\Events.php(47): CodeIgniter\Debug\Toolbar->respond()
 7 SYSTEMPATH\Events\Events.php(152): CodeIgniter\Events\Events::Config\{closure}()
 8 SYSTEMPATH\CodeIgniter.php(339): CodeIgniter\Events\Events::trigger('pre_system')
 9 SYSTEMPATH\Boot.php(363): CodeIgniter\CodeIgniter->run()
10 SYSTEMPATH\Boot.php(68): CodeIgniter\Boot::runCodeIgniter(Object(CodeIgniter\CodeIgniter))
11 FCPATH\index.php(59): CodeIgniter\Boot::bootWeb(Object(Config\Paths))
DEBUG - 2026-03-03 11:16:45 --> Session: Class initialized using 'CodeIgniter\Session\Handlers\FileHandler' driver.
CRITICAL - 2026-03-03 11:16:45 --> ErrorException: Trying to access array offset on value of type null
[Method: GET, Route: /]
in SYSTEMPATH\Debug\Toolbar.php on line 217.
 1 SYSTEMPATH\Debug\Toolbar.php(217): CodeIgniter\Debug\Exceptions->errorHandler(2, 'Trying to access array offset on value of type null', 'C:\\xampp\\htdocs\\IM\\system\\Debug\\Toolbar.php', 217)
 2 SYSTEMPATH\Debug\Toolbar.php(200): CodeIgniter\Debug\Toolbar->renderTimelineRecursive([...], 1772507804.978458, 7, 20, [], 0)
 3 SYSTEMPATH\Debug\Toolbar\Views\toolbar.tpl.php(105): CodeIgniter\Debug\Toolbar->renderTimeline([...], 1772507804.978458, 7, 20, [])
 4 SYSTEMPATH\Debug\Toolbar.php(533): include('C:\\xampp\\htdocs\\IM\\system\\Debug\\Toolbar\\Views\\toolbar.tpl.php')
 5 SYSTEMPATH\Debug\Toolbar.php(496): CodeIgniter\Debug\Toolbar->format([...], 'html')
 6 APPPATH\Config\Events.php(47): CodeIgniter\Debug\Toolbar->respond()
 7 SYSTEMPATH\Events\Events.php(152): CodeIgniter\Events\Events::Config\{closure}()
 8 SYSTEMPATH\CodeIgniter.php(339): CodeIgniter\Events\Events::trigger('pre_system')
 9 SYSTEMPATH\Boot.php(363): CodeIgniter\CodeIgniter->run()
10 SYSTEMPATH\Boot.php(68): CodeIgniter\Boot::runCodeIgniter(Object(CodeIgniter\CodeIgniter))
11 FCPATH\index.php(59): CodeIgniter\Boot::bootWeb(Object(Config\Paths))
DEBUG - 2026-03-03 11:17:51 --> Session: Class initialized using 'CodeIgniter\Session\Handlers\FileHandler' driver.
CRITICAL - 2026-03-03 11:17:51 --> ErrorException: Trying to access array offset on value of type null
[Method: GET, Route: /]
in SYSTEMPATH\Debug\Toolbar.php on line 217.
 1 SYSTEMPATH\Debug\Toolbar.php(217): CodeIgniter\Debug\Exceptions->errorHandler(2, 'Trying to access array offset on value of type null', 'C:\\xampp\\htdocs\\IM\\system\\Debug\\Toolbar.php', 217)
 2 SYSTEMPATH\Debug\Toolbar.php(200): CodeIgniter\Debug\Toolbar->renderTimelineRecursive([...], 1772507871.047943, 5, 15, [], 0)
 3 SYSTEMPATH\Debug\Toolbar\Views\toolbar.tpl.php(105): CodeIgniter\Debug\Toolbar->renderTimeline([...], 1772507871.047943, 5, 15, [])
 4 SYSTEMPATH\Debug\Toolbar.php(533): include('C:\\xampp\\htdocs\\IM\\system\\Debug\\Toolbar\\Views\\toolbar.tpl.php')
 5 SYSTEMPATH\Debug\Toolbar.php(496): CodeIgniter\Debug\Toolbar->format([...], 'html')
 6 APPPATH\Config\Events.php(47): CodeIgniter\Debug\Toolbar->respond()
 7 SYSTEMPATH\Events\Events.php(152): CodeIgniter\Events\Events::Config\{closure}()
 8 SYSTEMPATH\CodeIgniter.php(339): CodeIgniter\Events\Events::trigger('pre_system')
 9 SYSTEMPATH\Boot.php(363): CodeIgniter\CodeIgniter->run()
10 SYSTEMPATH\Boot.php(68): CodeIgniter\Boot::runCodeIgniter(Object(CodeIgniter\CodeIgniter))
11 FCPATH\index.php(59): CodeIgniter\Boot::bootWeb(Object(Config\Paths))
ERROR - 2026-03-03 16:15:00 --> mysqli_sql_exception: Table 'users' already exists in C:\xampp\htdocs\IM\system\Database\MySQLi\Connection.php:327
Stack trace:
#0 C:\xampp\htdocs\IM\system\Database\MySQLi\Connection.php(327): mysqli->query('CREATE TABLE `u...', 0)
#1 C:\xampp\htdocs\IM\system\Database\BaseConnection.php(729): CodeIgniter\Database\MySQLi\Connection->execute('CREATE TABLE `u...')
#2 C:\xampp\htdocs\IM\system\Database\BaseConnection.php(646): CodeIgniter\Database\BaseConnection->simpleQuery('CREATE TABLE `u...')
#3 C:\xampp\htdocs\IM\system\Database\Forge.php(570): CodeIgniter\Database\BaseConnection->query('CREATE TABLE `u...')
#4 C:\xampp\htdocs\IM\app\Database\Migrations\2026-01-19-201010_CreateUserTable.php(48): CodeIgniter\Database\Forge->createTable('users')
#5 C:\xampp\htdocs\IM\system\Database\MigrationRunner.php(874): App\Database\Migrations\CreateUserTable->up()
#6 C:\xampp\htdocs\IM\system\Database\MigrationRunner.php(180): CodeIgniter\Database\MigrationRunner->migrate('up', Object(stdClass))
#7 C:\xampp\htdocs\IM\system\Commands\Database\Migrate.php(85): CodeIgniter\Database\MigrationRunner->latest(NULL)
#8 C:\xampp\htdocs\IM\system\CLI\Commands.php(74): CodeIgniter\Commands\Database\Migrate->run(Array)
#9 C:\xampp\htdocs\IM\system\CLI\Console.php(47): CodeIgniter\CLI\Commands->run('migrate', Array)
#10 C:\xampp\htdocs\IM\system\Boot.php(388): CodeIgniter\CLI\Console->run()
#11 C:\xampp\htdocs\IM\system\Boot.php(133): CodeIgniter\Boot::runCommand(Object(CodeIgniter\CLI\Console))
#12 C:\xampp\htdocs\IM\spark(87): CodeIgniter\Boot::bootSpark(Object(Config\Paths))
#13 {main}
ERROR - 2026-03-03 16:15:29 --> mysqli_sql_exception: Table 'users' already exists in C:\xampp\htdocs\IM\system\Database\MySQLi\Connection.php:327
Stack trace:
#0 C:\xampp\htdocs\IM\system\Database\MySQLi\Connection.php(327): mysqli->query('CREATE TABLE `u...', 0)
#1 C:\xampp\htdocs\IM\system\Database\BaseConnection.php(729): CodeIgniter\Database\MySQLi\Connection->execute('CREATE TABLE `u...')
#2 C:\xampp\htdocs\IM\system\Database\BaseConnection.php(646): CodeIgniter\Database\BaseConnection->simpleQuery('CREATE TABLE `u...')
#3 C:\xampp\htdocs\IM\system\Database\Forge.php(570): CodeIgniter\Database\BaseConnection->query('CREATE TABLE `u...')
#4 C:\xampp\htdocs\IM\app\Database\Migrations\2026-01-19-201010_CreateUserTable.php(48): CodeIgniter\Database\Forge->createTable('users')
#5 C:\xampp\htdocs\IM\system\Database\MigrationRunner.php(874): App\Database\Migrations\CreateUserTable->up()
#6 C:\xampp\htdocs\IM\system\Database\MigrationRunner.php(180): CodeIgniter\Database\MigrationRunner->migrate('up', Object(stdClass))
#7 C:\xampp\htdocs\IM\system\Commands\Database\Migrate.php(85): CodeIgniter\Database\MigrationRunner->latest(NULL)
#8 C:\xampp\htdocs\IM\system\CLI\Commands.php(74): CodeIgniter\Commands\Database\Migrate->run(Array)
#9 C:\xampp\htdocs\IM\system\CLI\Console.php(47): CodeIgniter\CLI\Commands->run('migrate', Array)
#10 C:\xampp\htdocs\IM\system\Boot.php(388): CodeIgniter\CLI\Console->run()
#11 C:\xampp\htdocs\IM\system\Boot.php(133): CodeIgniter\Boot::runCommand(Object(CodeIgniter\CLI\Console))
#12 C:\xampp\htdocs\IM\spark(87): CodeIgniter\Boot::bootSpark(Object(Config\Paths))
#13 {main}
DEBUG - 2026-03-03 16:22:30 --> Session: Class initialized using 'CodeIgniter\Session\Handlers\FileHandler' driver.
DEBUG - 2026-03-03 16:22:32 --> Session: Class initialized using 'CodeIgniter\Session\Handlers\FileHandler' driver.
DEBUG - 2026-03-03 16:22:33 --> Session: Class initialized using 'CodeIgniter\Session\Handlers\FileHandler' driver.
CRITICAL - 2026-03-03 16:22:37 --> ErrorException: Trying to access array offset on value of type null
[Method: GET, Route: /]
in SYSTEMPATH\Debug\Toolbar.php on line 217.
 1 SYSTEMPATH\Debug\Toolbar.php(217): CodeIgniter\Debug\Exceptions->errorHandler(2, 'Trying to access array offset on value of type null', 'C:\\xampp\\htdocs\\IM\\system\\Debug\\Toolbar.php', 217)
 2 SYSTEMPATH\Debug\Toolbar.php(200): CodeIgniter\Debug\Toolbar->renderTimelineRecursive([...], 1772526153.061519, 7, 55, [], 0)
 3 SYSTEMPATH\Debug\Toolbar\Views\toolbar.tpl.php(105): CodeIgniter\Debug\Toolbar->renderTimeline([...], 1772526153.061519, 7, 55, [])
 4 SYSTEMPATH\Debug\Toolbar.php(533): include('C:\\xampp\\htdocs\\IM\\system\\Debug\\Toolbar\\Views\\toolbar.tpl.php')
 5 SYSTEMPATH\Debug\Toolbar.php(496): CodeIgniter\Debug\Toolbar->format([...], 'html')
 6 APPPATH\Config\Events.php(47): CodeIgniter\Debug\Toolbar->respond()
 7 SYSTEMPATH\Events\Events.php(152): CodeIgniter\Events\Events::Config\{closure}()
 8 SYSTEMPATH\CodeIgniter.php(339): CodeIgniter\Events\Events::trigger('pre_system')
 9 SYSTEMPATH\Boot.php(363): CodeIgniter\CodeIgniter->run()
10 SYSTEMPATH\Boot.php(68): CodeIgniter\Boot::runCodeIgniter(Object(CodeIgniter\CodeIgniter))
11 FCPATH\index.php(59): CodeIgniter\Boot::bootWeb(Object(Config\Paths))
DEBUG - 2026-03-03 16:22:37 --> Session: Class initialized using 'CodeIgniter\Session\Handlers\FileHandler' driver.
DEBUG - 2026-03-03 16:22:37 --> Session: Class initialized using 'CodeIgniter\Session\Handlers\FileHandler' driver.
CRITICAL - 2026-03-03 16:22:38 --> ErrorException: Trying to access array offset on value of type null
[Method: GET, Route: /]
in SYSTEMPATH\Debug\Toolbar.php on line 217.
 1 SYSTEMPATH\Debug\Toolbar.php(217): CodeIgniter\Debug\Exceptions->errorHandler(2, 'Trying to access array offset on value of type null', 'C:\\xampp\\htdocs\\IM\\system\\Debug\\Toolbar.php', 217)
 2 SYSTEMPATH\Debug\Toolbar.php(200): CodeIgniter\Debug\Toolbar->renderTimelineRecursive([...], 1772526157.530285, 5, 10, [], 0)
 3 SYSTEMPATH\Debug\Toolbar\Views\toolbar.tpl.php(105): CodeIgniter\Debug\Toolbar->renderTimeline([...], 1772526157.530285, 5, 10, [])
 4 SYSTEMPATH\Debug\Toolbar.php(533): include('C:\\xampp\\htdocs\\IM\\system\\Debug\\Toolbar\\Views\\toolbar.tpl.php')
 5 SYSTEMPATH\Debug\Toolbar.php(496): CodeIgniter\Debug\Toolbar->format([...], 'html')
 6 APPPATH\Config\Events.php(47): CodeIgniter\Debug\Toolbar->respond()
 7 SYSTEMPATH\Events\Events.php(152): CodeIgniter\Events\Events::Config\{closure}()
 8 SYSTEMPATH\CodeIgniter.php(339): CodeIgniter\Events\Events::trigger('pre_system')
 9 SYSTEMPATH\Boot.php(363): CodeIgniter\CodeIgniter->run()
10 SYSTEMPATH\Boot.php(68): CodeIgniter\Boot::runCodeIgniter(Object(CodeIgniter\CodeIgniter))
11 FCPATH\index.php(59): CodeIgniter\Boot::bootWeb(Object(Config\Paths))
DEBUG - 2026-03-03 16:22:39 --> Session: Class initialized using 'CodeIgniter\Session\Handlers\FileHandler' driver.
CRITICAL - 2026-03-03 16:22:39 --> ErrorException: Trying to access array offset on value of type null
[Method: GET, Route: /]
in SYSTEMPATH\Debug\Toolbar.php on line 217.
 1 SYSTEMPATH\Debug\Toolbar.php(217): CodeIgniter\Debug\Exceptions->errorHandler(2, 'Trying to access array offset on value of type null', 'C:\\xampp\\htdocs\\IM\\system\\Debug\\Toolbar.php', 217)
 2 SYSTEMPATH\Debug\Toolbar.php(200): CodeIgniter\Debug\Toolbar->renderTimelineRecursive([...], 1772526159.285529, 7, 30, [], 0)
 3 SYSTEMPATH\Debug\Toolbar\Views\toolbar.tpl.php(105): CodeIgniter\Debug\Toolbar->renderTimeline([...], 1772526159.285529, 7, 30, [])
 4 SYSTEMPATH\Debug\Toolbar.php(533): include('C:\\xampp\\htdocs\\IM\\system\\Debug\\Toolbar\\Views\\toolbar.tpl.php')
 5 SYSTEMPATH\Debug\Toolbar.php(496): CodeIgniter\Debug\Toolbar->format([...], 'html')
 6 APPPATH\Config\Events.php(47): CodeIgniter\Debug\Toolbar->respond()
 7 SYSTEMPATH\Events\Events.php(152): CodeIgniter\Events\Events::Config\{closure}()
 8 SYSTEMPATH\CodeIgniter.php(339): CodeIgniter\Events\Events::trigger('pre_system')
 9 SYSTEMPATH\Boot.php(363): CodeIgniter\CodeIgniter->run()
10 SYSTEMPATH\Boot.php(68): CodeIgniter\Boot::runCodeIgniter(Object(CodeIgniter\CodeIgniter))
11 FCPATH\index.php(59): CodeIgniter\Boot::bootWeb(Object(Config\Paths))
DEBUG - 2026-03-03 16:22:54 --> Session: Class initialized using 'CodeIgniter\Session\Handlers\FileHandler' driver.
CRITICAL - 2026-03-03 16:22:54 --> ErrorException: Trying to access array offset on value of type null
[Method: GET, Route: /]
in SYSTEMPATH\Debug\Toolbar.php on line 217.
 1 SYSTEMPATH\Debug\Toolbar.php(217): CodeIgniter\Debug\Exceptions->errorHandler(2, 'Trying to access array offset on value of type null', 'C:\\xampp\\htdocs\\IM\\system\\Debug\\Toolbar.php', 217)
 2 SYSTEMPATH\Debug\Toolbar.php(200): CodeIgniter\Debug\Toolbar->renderTimelineRecursive([...], 1772526174.266778, 7, 20, [], 0)
 3 SYSTEMPATH\Debug\Toolbar\Views\toolbar.tpl.php(105): CodeIgniter\Debug\Toolbar->renderTimeline([...], 1772526174.266778, 7, 20, [])
 4 SYSTEMPATH\Debug\Toolbar.php(533): include('C:\\xampp\\htdocs\\IM\\system\\Debug\\Toolbar\\Views\\toolbar.tpl.php')
 5 SYSTEMPATH\Debug\Toolbar.php(496): CodeIgniter\Debug\Toolbar->format([...], 'html')
 6 APPPATH\Config\Events.php(47): CodeIgniter\Debug\Toolbar->respond()
 7 SYSTEMPATH\Events\Events.php(152): CodeIgniter\Events\Events::Config\{closure}()
 8 SYSTEMPATH\CodeIgniter.php(339): CodeIgniter\Events\Events::trigger('pre_system')
 9 SYSTEMPATH\Boot.php(363): CodeIgniter\CodeIgniter->run()
10 SYSTEMPATH\Boot.php(68): CodeIgniter\Boot::runCodeIgniter(Object(CodeIgniter\CodeIgniter))
11 FCPATH\index.php(59): CodeIgniter\Boot::bootWeb(Object(Config\Paths))
DEBUG - 2026-03-03 16:23:19 --> Session: Class initialized using 'CodeIgniter\Session\Handlers\FileHandler' driver.
DEBUG - 2026-03-03 16:23:20 --> Session: Class initialized using 'CodeIgniter\Session\Handlers\FileHandler' driver.
CRITICAL - 2026-03-03 16:23:21 --> ErrorException: Trying to access array offset on value of type null
[Method: GET, Route: /]
in SYSTEMPATH\Debug\Toolbar.php on line 217.
 1 SYSTEMPATH\Debug\Toolbar.php(217): CodeIgniter\Debug\Exceptions->errorHandler(2, 'Trying to access array offset on value of type null', 'C:\\xampp\\htdocs\\IM\\system\\Debug\\Toolbar.php', 217)
 2 SYSTEMPATH\Debug\Toolbar.php(200): CodeIgniter\Debug\Toolbar->renderTimelineRecursive([...], 1772526200.916209, 7, 10, [], 0)
 3 SYSTEMPATH\Debug\Toolbar\Views\toolbar.tpl.php(105): CodeIgniter\Debug\Toolbar->renderTimeline([...], 1772526200.916209, 7, 10, [])
 4 SYSTEMPATH\Debug\Toolbar.php(533): include('C:\\xampp\\htdocs\\IM\\system\\Debug\\Toolbar\\Views\\toolbar.tpl.php')
 5 SYSTEMPATH\Debug\Toolbar.php(496): CodeIgniter\Debug\Toolbar->format([...], 'html')
 6 APPPATH\Config\Events.php(47): CodeIgniter\Debug\Toolbar->respond()
 7 SYSTEMPATH\Events\Events.php(152): CodeIgniter\Events\Events::Config\{closure}()
 8 SYSTEMPATH\CodeIgniter.php(339): CodeIgniter\Events\Events::trigger('pre_system')
 9 SYSTEMPATH\Boot.php(363): CodeIgniter\CodeIgniter->run()
10 SYSTEMPATH\Boot.php(68): CodeIgniter\Boot::runCodeIgniter(Object(CodeIgniter\CodeIgniter))
11 FCPATH\index.php(59): CodeIgniter\Boot::bootWeb(Object(Config\Paths))
DEBUG - 2026-03-03 16:27:21 --> Session: Class initialized using 'CodeIgniter\Session\Handlers\FileHandler' driver.
DEBUG - 2026-03-03 16:27:21 --> Session: Class initialized using 'CodeIgniter\Session\Handlers\FileHandler' driver.
CRITICAL - 2026-03-03 16:27:21 --> ErrorException: Trying to access array offset on value of type null
[Method: GET, Route: /]
in SYSTEMPATH\Debug\Toolbar.php on line 217.
 1 SYSTEMPATH\Debug\Toolbar.php(217): CodeIgniter\Debug\Exceptions->errorHandler(2, 'Trying to access array offset on value of type null', 'C:\\xampp\\htdocs\\IM\\system\\Debug\\Toolbar.php', 217)
 2 SYSTEMPATH\Debug\Toolbar.php(200): CodeIgniter\Debug\Toolbar->renderTimelineRecursive([...], 1772526441.25236, 6, 10, [], 0)
 3 SYSTEMPATH\Debug\Toolbar\Views\toolbar.tpl.php(105): CodeIgniter\Debug\Toolbar->renderTimeline([...], 1772526441.25236, 6, 10, [])
 4 SYSTEMPATH\Debug\Toolbar.php(533): include('C:\\xampp\\htdocs\\IM\\system\\Debug\\Toolbar\\Views\\toolbar.tpl.php')
 5 SYSTEMPATH\Debug\Toolbar.php(496): CodeIgniter\Debug\Toolbar->format([...], 'html')
 6 APPPATH\Config\Events.php(47): CodeIgniter\Debug\Toolbar->respond()
 7 SYSTEMPATH\Events\Events.php(152): CodeIgniter\Events\Events::Config\{closure}()
 8 SYSTEMPATH\CodeIgniter.php(339): CodeIgniter\Events\Events::trigger('pre_system')
 9 SYSTEMPATH\Boot.php(363): CodeIgniter\CodeIgniter->run()
10 SYSTEMPATH\Boot.php(68): CodeIgniter\Boot::runCodeIgniter(Object(CodeIgniter\CodeIgniter))
11 FCPATH\index.php(59): CodeIgniter\Boot::bootWeb(Object(Config\Paths))
DEBUG - 2026-03-03 16:27:33 --> Session: Class initialized using 'CodeIgniter\Session\Handlers\FileHandler' driver.
DEBUG - 2026-03-03 16:27:33 --> Session: Class initialized using 'CodeIgniter\Session\Handlers\FileHandler' driver.
CRITICAL - 2026-03-03 16:27:33 --> ErrorException: Trying to access array offset on value of type null
[Method: GET, Route: /]
in SYSTEMPATH\Debug\Toolbar.php on line 217.
 1 SYSTEMPATH\Debug\Toolbar.php(217): CodeIgniter\Debug\Exceptions->errorHandler(2, 'Trying to access array offset on value of type null', 'C:\\xampp\\htdocs\\IM\\system\\Debug\\Toolbar.php', 217)
 2 SYSTEMPATH\Debug\Toolbar.php(200): CodeIgniter\Debug\Toolbar->renderTimelineRecursive([...], 1772526453.607659, 5, 10, [], 0)
 3 SYSTEMPATH\Debug\Toolbar\Views\toolbar.tpl.php(105): CodeIgniter\Debug\Toolbar->renderTimeline([...], 1772526453.607659, 5, 10, [])
 4 SYSTEMPATH\Debug\Toolbar.php(533): include('C:\\xampp\\htdocs\\IM\\system\\Debug\\Toolbar\\Views\\toolbar.tpl.php')
 5 SYSTEMPATH\Debug\Toolbar.php(496): CodeIgniter\Debug\Toolbar->format([...], 'html')
 6 APPPATH\Config\Events.php(47): CodeIgniter\Debug\Toolbar->respond()
 7 SYSTEMPATH\Events\Events.php(152): CodeIgniter\Events\Events::Config\{closure}()
 8 SYSTEMPATH\CodeIgniter.php(339): CodeIgniter\Events\Events::trigger('pre_system')
 9 SYSTEMPATH\Boot.php(363): CodeIgniter\CodeIgniter->run()
10 SYSTEMPATH\Boot.php(68): CodeIgniter\Boot::runCodeIgniter(Object(CodeIgniter\CodeIgniter))
11 FCPATH\index.php(59): CodeIgniter\Boot::bootWeb(Object(Config\Paths))
DEBUG - 2026-03-03 16:27:37 --> Session: Class initialized using 'CodeIgniter\Session\Handlers\FileHandler' driver.
CRITICAL - 2026-03-03 16:27:37 --> ErrorException: Trying to access array offset on value of type null
[Method: GET, Route: /]
in SYSTEMPATH\Debug\Toolbar.php on line 217.
 1 SYSTEMPATH\Debug\Toolbar.php(217): CodeIgniter\Debug\Exceptions->errorHandler(2, 'Trying to access array offset on value of type null', 'C:\\xampp\\htdocs\\IM\\system\\Debug\\Toolbar.php', 217)
 2 SYSTEMPATH\Debug\Toolbar.php(200): CodeIgniter\Debug\Toolbar->renderTimelineRecursive([...], 1772526457.185381, 7, 40, [], 0)
 3 SYSTEMPATH\Debug\Toolbar\Views\toolbar.tpl.php(105): CodeIgniter\Debug\Toolbar->renderTimeline([...], 1772526457.185381, 7, 40, [])
 4 SYSTEMPATH\Debug\Toolbar.php(533): include('C:\\xampp\\htdocs\\IM\\system\\Debug\\Toolbar\\Views\\toolbar.tpl.php')
 5 SYSTEMPATH\Debug\Toolbar.php(496): CodeIgniter\Debug\Toolbar->format([...], 'html')
 6 APPPATH\Config\Events.php(47): CodeIgniter\Debug\Toolbar->respond()
 7 SYSTEMPATH\Events\Events.php(152): CodeIgniter\Events\Events::Config\{closure}()
 8 SYSTEMPATH\CodeIgniter.php(339): CodeIgniter\Events\Events::trigger('pre_system')
 9 SYSTEMPATH\Boot.php(363): CodeIgniter\CodeIgniter->run()
10 SYSTEMPATH\Boot.php(68): CodeIgniter\Boot::runCodeIgniter(Object(CodeIgniter\CodeIgniter))
11 FCPATH\index.php(59): CodeIgniter\Boot::bootWeb(Object(Config\Paths))
DEBUG - 2026-03-03 16:27:38 --> Session: Class initialized using 'CodeIgniter\Session\Handlers\FileHandler' driver.
CRITICAL - 2026-03-03 16:27:38 --> ErrorException: Trying to access array offset on value of type null
[Method: GET, Route: /]
in SYSTEMPATH\Debug\Toolbar.php on line 217.
 1 SYSTEMPATH\Debug\Toolbar.php(217): CodeIgniter\Debug\Exceptions->errorHandler(2, 'Trying to access array offset on value of type null', 'C:\\xampp\\htdocs\\IM\\system\\Debug\\Toolbar.php', 217)
 2 SYSTEMPATH\Debug\Toolbar.php(200): CodeIgniter\Debug\Toolbar->renderTimelineRecursive([...], 1772526458.257168, 7, 10, [], 0)
 3 SYSTEMPATH\Debug\Toolbar\Views\toolbar.tpl.php(105): CodeIgniter\Debug\Toolbar->renderTimeline([...], 1772526458.257168, 7, 10, [])
 4 SYSTEMPATH\Debug\Toolbar.php(533): include('C:\\xampp\\htdocs\\IM\\system\\Debug\\Toolbar\\Views\\toolbar.tpl.php')
 5 SYSTEMPATH\Debug\Toolbar.php(496): CodeIgniter\Debug\Toolbar->format([...], 'html')
 6 APPPATH\Config\Events.php(47): CodeIgniter\Debug\Toolbar->respond()
 7 SYSTEMPATH\Events\Events.php(152): CodeIgniter\Events\Events::Config\{closure}()
 8 SYSTEMPATH\CodeIgniter.php(339): CodeIgniter\Events\Events::trigger('pre_system')
 9 SYSTEMPATH\Boot.php(363): CodeIgniter\CodeIgniter->run()
10 SYSTEMPATH\Boot.php(68): CodeIgniter\Boot::runCodeIgniter(Object(CodeIgniter\CodeIgniter))
11 FCPATH\index.php(59): CodeIgniter\Boot::bootWeb(Object(Config\Paths))
DEBUG - 2026-03-03 16:27:39 --> Session: Class initialized using 'CodeIgniter\Session\Handlers\FileHandler' driver.
CRITICAL - 2026-03-03 16:27:39 --> ErrorException: Trying to access array offset on value of type null
[Method: GET, Route: /]
in SYSTEMPATH\Debug\Toolbar.php on line 217.
 1 SYSTEMPATH\Debug\Toolbar.php(217): CodeIgniter\Debug\Exceptions->errorHandler(2, 'Trying to access array offset on value of type null', 'C:\\xampp\\htdocs\\IM\\system\\Debug\\Toolbar.php', 217)
 2 SYSTEMPATH\Debug\Toolbar.php(200): CodeIgniter\Debug\Toolbar->renderTimelineRecursive([...], 1772526459.336301, 6, 15, [], 0)
 3 SYSTEMPATH\Debug\Toolbar\Views\toolbar.tpl.php(105): CodeIgniter\Debug\Toolbar->renderTimeline([...], 1772526459.336301, 6, 15, [])
 4 SYSTEMPATH\Debug\Toolbar.php(533): include('C:\\xampp\\htdocs\\IM\\system\\Debug\\Toolbar\\Views\\toolbar.tpl.php')
 5 SYSTEMPATH\Debug\Toolbar.php(496): CodeIgniter\Debug\Toolbar->format([...], 'html')
 6 APPPATH\Config\Events.php(47): CodeIgniter\Debug\Toolbar->respond()
 7 SYSTEMPATH\Events\Events.php(152): CodeIgniter\Events\Events::Config\{closure}()
 8 SYSTEMPATH\CodeIgniter.php(339): CodeIgniter\Events\Events::trigger('pre_system')
 9 SYSTEMPATH\Boot.php(363): CodeIgniter\CodeIgniter->run()
10 SYSTEMPATH\Boot.php(68): CodeIgniter\Boot::runCodeIgniter(Object(CodeIgniter\CodeIgniter))
11 FCPATH\index.php(59): CodeIgniter\Boot::bootWeb(Object(Config\Paths))
DEBUG - 2026-03-03 16:27:40 --> Session: Class initialized using 'CodeIgniter\Session\Handlers\FileHandler' driver.
CRITICAL - 2026-03-03 16:27:41 --> ErrorException: Trying to access array offset on value of type null
[Method: GET, Route: /]
in SYSTEMPATH\Debug\Toolbar.php on line 217.
 1 SYSTEMPATH\Debug\Toolbar.php(217): CodeIgniter\Debug\Exceptions->errorHandler(2, 'Trying to access array offset on value of type null', 'C:\\xampp\\htdocs\\IM\\system\\Debug\\Toolbar.php', 217)
 2 SYSTEMPATH\Debug\Toolbar.php(200): CodeIgniter\Debug\Toolbar->renderTimelineRecursive([...], 1772526460.822927, 6, 15, [], 0)
 3 SYSTEMPATH\Debug\Toolbar\Views\toolbar.tpl.php(105): CodeIgniter\Debug\Toolbar->renderTimeline([...], 1772526460.822927, 6, 15, [])
 4 SYSTEMPATH\Debug\Toolbar.php(533): include('C:\\xampp\\htdocs\\IM\\system\\Debug\\Toolbar\\Views\\toolbar.tpl.php')
 5 SYSTEMPATH\Debug\Toolbar.php(496): CodeIgniter\Debug\Toolbar->format([...], 'html')
 6 APPPATH\Config\Events.php(47): CodeIgniter\Debug\Toolbar->respond()
 7 SYSTEMPATH\Events\Events.php(152): CodeIgniter\Events\Events::Config\{closure}()
 8 SYSTEMPATH\CodeIgniter.php(339): CodeIgniter\Events\Events::trigger('pre_system')
 9 SYSTEMPATH\Boot.php(363): CodeIgniter\CodeIgniter->run()
10 SYSTEMPATH\Boot.php(68): CodeIgniter\Boot::runCodeIgniter(Object(CodeIgniter\CodeIgniter))
11 FCPATH\index.php(59): CodeIgniter\Boot::bootWeb(Object(Config\Paths))
DEBUG - 2026-03-03 16:27:42 --> Session: Class initialized using 'CodeIgniter\Session\Handlers\FileHandler' driver.
CRITICAL - 2026-03-03 16:27:42 --> ErrorException: Trying to access array offset on value of type null
[Method: GET, Route: /]
in SYSTEMPATH\Debug\Toolbar.php on line 217.
 1 SYSTEMPATH\Debug\Toolbar.php(217): CodeIgniter\Debug\Exceptions->errorHandler(2, 'Trying to access array offset on value of type null', 'C:\\xampp\\htdocs\\IM\\system\\Debug\\Toolbar.php', 217)
 2 SYSTEMPATH\Debug\Toolbar.php(200): CodeIgniter\Debug\Toolbar->renderTimelineRecursive([...], 1772526462.563072, 6, 20, [], 0)
 3 SYSTEMPATH\Debug\Toolbar\Views\toolbar.tpl.php(105): CodeIgniter\Debug\Toolbar->renderTimeline([...], 1772526462.563072, 6, 20, [])
 4 SYSTEMPATH\Debug\Toolbar.php(533): include('C:\\xampp\\htdocs\\IM\\system\\Debug\\Toolbar\\Views\\toolbar.tpl.php')
 5 SYSTEMPATH\Debug\Toolbar.php(496): CodeIgniter\Debug\Toolbar->format([...], 'html')
 6 APPPATH\Config\Events.php(47): CodeIgniter\Debug\Toolbar->respond()
 7 SYSTEMPATH\Events\Events.php(152): CodeIgniter\Events\Events::Config\{closure}()
 8 SYSTEMPATH\CodeIgniter.php(339): CodeIgniter\Events\Events::trigger('pre_system')
 9 SYSTEMPATH\Boot.php(363): CodeIgniter\CodeIgniter->run()
10 SYSTEMPATH\Boot.php(68): CodeIgniter\Boot::runCodeIgniter(Object(CodeIgniter\CodeIgniter))
11 FCPATH\index.php(59): CodeIgniter\Boot::bootWeb(Object(Config\Paths))
WARNING - 2026-03-03 16:27:44 --> [DEPRECATED] Creation of dynamic property App\Controllers\ApplicationController::$contactsModel is deprecated in APPPATH\Controllers\ApplicationController.php on line 41.
 1 SYSTEMPATH\CodeIgniter.php(903): App\Controllers\ApplicationController->__construct()
 2 SYSTEMPATH\CodeIgniter.php(498): CodeIgniter\CodeIgniter->createController()
 3 SYSTEMPATH\CodeIgniter.php(354): CodeIgniter\CodeIgniter->handleRequest(null, Object(Config\Cache), false)
 4 SYSTEMPATH\Boot.php(363): CodeIgniter\CodeIgniter->run()
 5 SYSTEMPATH\Boot.php(68): CodeIgniter\Boot::runCodeIgniter(Object(CodeIgniter\CodeIgniter))
 6 FCPATH\index.php(59): CodeIgniter\Boot::bootWeb(Object(Config\Paths))
WARNING - 2026-03-03 16:27:44 --> [DEPRECATED] Creation of dynamic property App\Controllers\ApplicationController::$environmentsModel is deprecated in APPPATH\Controllers\ApplicationController.php on line 42.
 1 SYSTEMPATH\CodeIgniter.php(903): App\Controllers\ApplicationController->__construct()
 2 SYSTEMPATH\CodeIgniter.php(498): CodeIgniter\CodeIgniter->createController()
 3 SYSTEMPATH\CodeIgniter.php(354): CodeIgniter\CodeIgniter->handleRequest(null, Object(Config\Cache), false)
 4 SYSTEMPATH\Boot.php(363): CodeIgniter\CodeIgniter->run()
 5 SYSTEMPATH\Boot.php(68): CodeIgniter\Boot::runCodeIgniter(Object(CodeIgniter\CodeIgniter))
 6 FCPATH\index.php(59): CodeIgniter\Boot::bootWeb(Object(Config\Paths))
WARNING - 2026-03-03 16:27:44 --> [DEPRECATED] Creation of dynamic property App\Controllers\ApplicationController::$infrastructureModel is deprecated in APPPATH\Controllers\ApplicationController.php on line 43.
 1 SYSTEMPATH\CodeIgniter.php(903): App\Controllers\ApplicationController->__construct()
 2 SYSTEMPATH\CodeIgniter.php(498): CodeIgniter\CodeIgniter->createController()
 3 SYSTEMPATH\CodeIgniter.php(354): CodeIgniter\CodeIgniter->handleRequest(null, Object(Config\Cache), false)
 4 SYSTEMPATH\Boot.php(363): CodeIgniter\CodeIgniter->run()
 5 SYSTEMPATH\Boot.php(68): CodeIgniter\Boot::runCodeIgniter(Object(CodeIgniter\CodeIgniter))
 6 FCPATH\index.php(59): CodeIgniter\Boot::bootWeb(Object(Config\Paths))
WARNING - 2026-03-03 16:27:44 --> [DEPRECATED] Creation of dynamic property App\Controllers\ApplicationController::$complianceModel is deprecated in APPPATH\Controllers\ApplicationController.php on line 44.
 1 SYSTEMPATH\CodeIgniter.php(903): App\Controllers\ApplicationController->__construct()
 2 SYSTEMPATH\CodeIgniter.php(498): CodeIgniter\CodeIgniter->createController()
 3 SYSTEMPATH\CodeIgniter.php(354): CodeIgniter\CodeIgniter->handleRequest(null, Object(Config\Cache), false)
 4 SYSTEMPATH\Boot.php(363): CodeIgniter\CodeIgniter->run()
 5 SYSTEMPATH\Boot.php(68): CodeIgniter\Boot::runCodeIgniter(Object(CodeIgniter\CodeIgniter))
 6 FCPATH\index.php(59): CodeIgniter\Boot::bootWeb(Object(Config\Paths))
WARNING - 2026-03-03 16:27:44 --> [DEPRECATED] Creation of dynamic property App\Controllers\ApplicationController::$dependenciesModel is deprecated in APPPATH\Controllers\ApplicationController.php on line 45.
 1 SYSTEMPATH\CodeIgniter.php(903): App\Controllers\ApplicationController->__construct()
 2 SYSTEMPATH\CodeIgniter.php(498): CodeIgniter\CodeIgniter->createController()
 3 SYSTEMPATH\CodeIgniter.php(354): CodeIgniter\CodeIgniter->handleRequest(null, Object(Config\Cache), false)
 4 SYSTEMPATH\Boot.php(363): CodeIgniter\CodeIgniter->run()
 5 SYSTEMPATH\Boot.php(68): CodeIgniter\Boot::runCodeIgniter(Object(CodeIgniter\CodeIgniter))
 6 FCPATH\index.php(59): CodeIgniter\Boot::bootWeb(Object(Config\Paths))
WARNING - 2026-03-03 16:27:44 --> [DEPRECATED] Creation of dynamic property App\Controllers\ApplicationController::$vendorsModel is deprecated in APPPATH\Controllers\ApplicationController.php on line 46.
 1 SYSTEMPATH\CodeIgniter.php(903): App\Controllers\ApplicationController->__construct()
 2 SYSTEMPATH\CodeIgniter.php(498): CodeIgniter\CodeIgniter->createController()
 3 SYSTEMPATH\CodeIgniter.php(354): CodeIgniter\CodeIgniter->handleRequest(null, Object(Config\Cache), false)
 4 SYSTEMPATH\Boot.php(363): CodeIgniter\CodeIgniter->run()
 5 SYSTEMPATH\Boot.php(68): CodeIgniter\Boot::runCodeIgniter(Object(CodeIgniter\CodeIgniter))
 6 FCPATH\index.php(59): CodeIgniter\Boot::bootWeb(Object(Config\Paths))
WARNING - 2026-03-03 16:27:44 --> [DEPRECATED] Creation of dynamic property App\Controllers\ApplicationController::$batchModel is deprecated in APPPATH\Controllers\ApplicationController.php on line 47.
 1 SYSTEMPATH\CodeIgniter.php(903): App\Controllers\ApplicationController->__construct()
 2 SYSTEMPATH\CodeIgniter.php(498): CodeIgniter\CodeIgniter->createController()
 3 SYSTEMPATH\CodeIgniter.php(354): CodeIgniter\CodeIgniter->handleRequest(null, Object(Config\Cache), false)
 4 SYSTEMPATH\Boot.php(363): CodeIgniter\CodeIgniter->run()
 5 SYSTEMPATH\Boot.php(68): CodeIgniter\Boot::runCodeIgniter(Object(CodeIgniter\CodeIgniter))
 6 FCPATH\index.php(59): CodeIgniter\Boot::bootWeb(Object(Config\Paths))
WARNING - 2026-03-03 16:27:44 --> [DEPRECATED] Creation of dynamic property App\Controllers\ApplicationController::$licensingModel is deprecated in APPPATH\Controllers\ApplicationController.php on line 48.
 1 SYSTEMPATH\CodeIgniter.php(903): App\Controllers\ApplicationController->__construct()
 2 SYSTEMPATH\CodeIgniter.php(498): CodeIgniter\CodeIgniter->createController()
 3 SYSTEMPATH\CodeIgniter.php(354): CodeIgniter\CodeIgniter->handleRequest(null, Object(Config\Cache), false)
 4 SYSTEMPATH\Boot.php(363): CodeIgniter\CodeIgniter->run()
 5 SYSTEMPATH\Boot.php(68): CodeIgniter\Boot::runCodeIgniter(Object(CodeIgniter\CodeIgniter))
 6 FCPATH\index.php(59): CodeIgniter\Boot::bootWeb(Object(Config\Paths))
WARNING - 2026-03-03 16:27:44 --> [DEPRECATED] Creation of dynamic property App\Controllers\ApplicationController::$metricsModel is deprecated in APPPATH\Controllers\ApplicationController.php on line 49.
 1 SYSTEMPATH\CodeIgniter.php(903): App\Controllers\ApplicationController->__construct()
 2 SYSTEMPATH\CodeIgniter.php(498): CodeIgniter\CodeIgniter->createController()
 3 SYSTEMPATH\CodeIgniter.php(354): CodeIgniter\CodeIgniter->handleRequest(null, Object(Config\Cache), false)
 4 SYSTEMPATH\Boot.php(363): CodeIgniter\CodeIgniter->run()
 5 SYSTEMPATH\Boot.php(68): CodeIgniter\Boot::runCodeIgniter(Object(CodeIgniter\CodeIgniter))
 6 FCPATH\index.php(59): CodeIgniter\Boot::bootWeb(Object(Config\Paths))
WARNING - 2026-03-03 16:27:44 --> [DEPRECATED] Creation of dynamic property App\Controllers\ApplicationController::$techModel is deprecated in APPPATH\Controllers\ApplicationController.php on line 50.
 1 SYSTEMPATH\CodeIgniter.php(903): App\Controllers\ApplicationController->__construct()
 2 SYSTEMPATH\CodeIgniter.php(498): CodeIgniter\CodeIgniter->createController()
 3 SYSTEMPATH\CodeIgniter.php(354): CodeIgniter\CodeIgniter->handleRequest(null, Object(Config\Cache), false)
 4 SYSTEMPATH\Boot.php(363): CodeIgniter\CodeIgniter->run()
 5 SYSTEMPATH\Boot.php(68): CodeIgniter\Boot::runCodeIgniter(Object(CodeIgniter\CodeIgniter))
 6 FCPATH\index.php(59): CodeIgniter\Boot::bootWeb(Object(Config\Paths))
DEBUG - 2026-03-03 16:27:44 --> Session: Class initialized using 'CodeIgniter\Session\Handlers\FileHandler' driver.
CRITICAL - 2026-03-03 16:27:44 --> ErrorException: Trying to access array offset on value of type null
[Method: GET, Route: /]
in SYSTEMPATH\Debug\Toolbar.php on line 217.
 1 SYSTEMPATH\Debug\Toolbar.php(217): CodeIgniter\Debug\Exceptions->errorHandler(2, 'Trying to access array offset on value of type null', 'C:\\xampp\\htdocs\\IM\\system\\Debug\\Toolbar.php', 217)
 2 SYSTEMPATH\Debug\Toolbar.php(200): CodeIgniter\Debug\Toolbar->renderTimelineRecursive([...], 1772526464.196449, 7, 20, [], 0)
 3 SYSTEMPATH\Debug\Toolbar\Views\toolbar.tpl.php(105): CodeIgniter\Debug\Toolbar->renderTimeline([...], 1772526464.196449, 7, 20, [])
 4 SYSTEMPATH\Debug\Toolbar.php(533): include('C:\\xampp\\htdocs\\IM\\system\\Debug\\Toolbar\\Views\\toolbar.tpl.php')
 5 SYSTEMPATH\Debug\Toolbar.php(496): CodeIgniter\Debug\Toolbar->format([...], 'html')
 6 APPPATH\Config\Events.php(47): CodeIgniter\Debug\Toolbar->respond()
 7 SYSTEMPATH\Events\Events.php(152): CodeIgniter\Events\Events::Config\{closure}()
 8 SYSTEMPATH\CodeIgniter.php(339): CodeIgniter\Events\Events::trigger('pre_system')
 9 SYSTEMPATH\Boot.php(363): CodeIgniter\CodeIgniter->run()
10 SYSTEMPATH\Boot.php(68): CodeIgniter\Boot::runCodeIgniter(Object(CodeIgniter\CodeIgniter))
11 FCPATH\index.php(59): CodeIgniter\Boot::bootWeb(Object(Config\Paths))
DEBUG - 2026-03-03 16:27:45 --> Session: Class initialized using 'CodeIgniter\Session\Handlers\FileHandler' driver.
CRITICAL - 2026-03-03 16:27:46 --> ErrorException: Trying to access array offset on value of type null
[Method: GET, Route: /]
in SYSTEMPATH\Debug\Toolbar.php on line 217.
 1 SYSTEMPATH\Debug\Toolbar.php(217): CodeIgniter\Debug\Exceptions->errorHandler(2, 'Trying to access array offset on value of type null', 'C:\\xampp\\htdocs\\IM\\system\\Debug\\Toolbar.php', 217)
 2 SYSTEMPATH\Debug\Toolbar.php(200): CodeIgniter\Debug\Toolbar->renderTimelineRecursive([...], 1772526465.729073, 6, 15, [], 0)
 3 SYSTEMPATH\Debug\Toolbar\Views\toolbar.tpl.php(105): CodeIgniter\Debug\Toolbar->renderTimeline([...], 1772526465.729073, 6, 15, [])
 4 SYSTEMPATH\Debug\Toolbar.php(533): include('C:\\xampp\\htdocs\\IM\\system\\Debug\\Toolbar\\Views\\toolbar.tpl.php')
 5 SYSTEMPATH\Debug\Toolbar.php(496): CodeIgniter\Debug\Toolbar->format([...], 'html')
 6 APPPATH\Config\Events.php(47): CodeIgniter\Debug\Toolbar->respond()
 7 SYSTEMPATH\Events\Events.php(152): CodeIgniter\Events\Events::Config\{closure}()
 8 SYSTEMPATH\CodeIgniter.php(339): CodeIgniter\Events\Events::trigger('pre_system')
 9 SYSTEMPATH\Boot.php(363): CodeIgniter\CodeIgniter->run()
10 SYSTEMPATH\Boot.php(68): CodeIgniter\Boot::runCodeIgniter(Object(CodeIgniter\CodeIgniter))
11 FCPATH\index.php(59): CodeIgniter\Boot::bootWeb(Object(Config\Paths))
DEBUG - 2026-03-03 16:27:47 --> Session: Class initialized using 'CodeIgniter\Session\Handlers\FileHandler' driver.
CRITICAL - 2026-03-03 16:27:47 --> ErrorException: Trying to access array offset on value of type null
[Method: GET, Route: /]
in SYSTEMPATH\Debug\Toolbar.php on line 217.
 1 SYSTEMPATH\Debug\Toolbar.php(217): CodeIgniter\Debug\Exceptions->errorHandler(2, 'Trying to access array offset on value of type null', 'C:\\xampp\\htdocs\\IM\\system\\Debug\\Toolbar.php', 217)
 2 SYSTEMPATH\Debug\Toolbar.php(200): CodeIgniter\Debug\Toolbar->renderTimelineRecursive([...], 1772526467.27683, 7, 20, [], 0)
 3 SYSTEMPATH\Debug\Toolbar\Views\toolbar.tpl.php(105): CodeIgniter\Debug\Toolbar->renderTimeline([...], 1772526467.27683, 7, 20, [])
 4 SYSTEMPATH\Debug\Toolbar.php(533): include('C:\\xampp\\htdocs\\IM\\system\\Debug\\Toolbar\\Views\\toolbar.tpl.php')
 5 SYSTEMPATH\Debug\Toolbar.php(496): CodeIgniter\Debug\Toolbar->format([...], 'html')
 6 APPPATH\Config\Events.php(47): CodeIgniter\Debug\Toolbar->respond()
 7 SYSTEMPATH\Events\Events.php(152): CodeIgniter\Events\Events::Config\{closure}()
 8 SYSTEMPATH\CodeIgniter.php(339): CodeIgniter\Events\Events::trigger('pre_system')
 9 SYSTEMPATH\Boot.php(363): CodeIgniter\CodeIgniter->run()
10 SYSTEMPATH\Boot.php(68): CodeIgniter\Boot::runCodeIgniter(Object(CodeIgniter\CodeIgniter))
11 FCPATH\index.php(59): CodeIgniter\Boot::bootWeb(Object(Config\Paths))
DEBUG - 2026-03-03 16:27:48 --> Session: Class initialized using 'CodeIgniter\Session\Handlers\FileHandler' driver.
CRITICAL - 2026-03-03 16:27:49 --> ErrorException: Trying to access array offset on value of type null
[Method: GET, Route: /]
in SYSTEMPATH\Debug\Toolbar.php on line 217.
 1 SYSTEMPATH\Debug\Toolbar.php(217): CodeIgniter\Debug\Exceptions->errorHandler(2, 'Trying to access array offset on value of type null', 'C:\\xampp\\htdocs\\IM\\system\\Debug\\Toolbar.php', 217)
 2 SYSTEMPATH\Debug\Toolbar.php(200): CodeIgniter\Debug\Toolbar->renderTimelineRecursive([...], 1772526468.691109, 7, 15, [], 0)
 3 SYSTEMPATH\Debug\Toolbar\Views\toolbar.tpl.php(105): CodeIgniter\Debug\Toolbar->renderTimeline([...], 1772526468.691109, 7, 15, [])
 4 SYSTEMPATH\Debug\Toolbar.php(533): include('C:\\xampp\\htdocs\\IM\\system\\Debug\\Toolbar\\Views\\toolbar.tpl.php')
 5 SYSTEMPATH\Debug\Toolbar.php(496): CodeIgniter\Debug\Toolbar->format([...], 'html')
 6 APPPATH\Config\Events.php(47): CodeIgniter\Debug\Toolbar->respond()
 7 SYSTEMPATH\Events\Events.php(152): CodeIgniter\Events\Events::Config\{closure}()
 8 SYSTEMPATH\CodeIgniter.php(339): CodeIgniter\Events\Events::trigger('pre_system')
 9 SYSTEMPATH\Boot.php(363): CodeIgniter\CodeIgniter->run()
10 SYSTEMPATH\Boot.php(68): CodeIgniter\Boot::runCodeIgniter(Object(CodeIgniter\CodeIgniter))
11 FCPATH\index.php(59): CodeIgniter\Boot::bootWeb(Object(Config\Paths))
DEBUG - 2026-03-03 16:27:52 --> Session: Class initialized using 'CodeIgniter\Session\Handlers\FileHandler' driver.
CRITICAL - 2026-03-03 16:27:52 --> ErrorException: Trying to access array offset on value of type null
[Method: GET, Route: /]
in SYSTEMPATH\Debug\Toolbar.php on line 217.
 1 SYSTEMPATH\Debug\Toolbar.php(217): CodeIgniter\Debug\Exceptions->errorHandler(2, 'Trying to access array offset on value of type null', 'C:\\xampp\\htdocs\\IM\\system\\Debug\\Toolbar.php', 217)
 2 SYSTEMPATH\Debug\Toolbar.php(200): CodeIgniter\Debug\Toolbar->renderTimelineRecursive([...], 1772526472.449409, 7, 10, [], 0)
 3 SYSTEMPATH\Debug\Toolbar\Views\toolbar.tpl.php(105): CodeIgniter\Debug\Toolbar->renderTimeline([...], 1772526472.449409, 7, 10, [])
 4 SYSTEMPATH\Debug\Toolbar.php(533): include('C:\\xampp\\htdocs\\IM\\system\\Debug\\Toolbar\\Views\\toolbar.tpl.php')
 5 SYSTEMPATH\Debug\Toolbar.php(496): CodeIgniter\Debug\Toolbar->format([...], 'html')
 6 APPPATH\Config\Events.php(47): CodeIgniter\Debug\Toolbar->respond()
 7 SYSTEMPATH\Events\Events.php(152): CodeIgniter\Events\Events::Config\{closure}()
 8 SYSTEMPATH\CodeIgniter.php(339): CodeIgniter\Events\Events::trigger('pre_system')
 9 SYSTEMPATH\Boot.php(363): CodeIgniter\CodeIgniter->run()
10 SYSTEMPATH\Boot.php(68): CodeIgniter\Boot::runCodeIgniter(Object(CodeIgniter\CodeIgniter))
11 FCPATH\index.php(59): CodeIgniter\Boot::bootWeb(Object(Config\Paths))
DEBUG - 2026-03-03 16:32:10 --> Session: Class initialized using 'CodeIgniter\Session\Handlers\FileHandler' driver.
CRITICAL - 2026-03-03 16:32:10 --> ErrorException: Trying to access array offset on value of type null
[Method: GET, Route: /]
in SYSTEMPATH\Debug\Toolbar.php on line 217.
 1 SYSTEMPATH\Debug\Toolbar.php(217): CodeIgniter\Debug\Exceptions->errorHandler(2, 'Trying to access array offset on value of type null', 'C:\\xampp\\htdocs\\IM\\system\\Debug\\Toolbar.php', 217)
 2 SYSTEMPATH\Debug\Toolbar.php(200): CodeIgniter\Debug\Toolbar->renderTimelineRecursive([...], 1772526730.275661, 6, 15, [], 0)
 3 SYSTEMPATH\Debug\Toolbar\Views\toolbar.tpl.php(105): CodeIgniter\Debug\Toolbar->renderTimeline([...], 1772526730.275661, 6, 15, [])
 4 SYSTEMPATH\Debug\Toolbar.php(533): include('C:\\xampp\\htdocs\\IM\\system\\Debug\\Toolbar\\Views\\toolbar.tpl.php')
 5 SYSTEMPATH\Debug\Toolbar.php(496): CodeIgniter\Debug\Toolbar->format([...], 'html')
 6 APPPATH\Config\Events.php(47): CodeIgniter\Debug\Toolbar->respond()
 7 SYSTEMPATH\Events\Events.php(152): CodeIgniter\Events\Events::Config\{closure}()
 8 SYSTEMPATH\CodeIgniter.php(339): CodeIgniter\Events\Events::trigger('pre_system')
 9 SYSTEMPATH\Boot.php(363): CodeIgniter\CodeIgniter->run()
10 SYSTEMPATH\Boot.php(68): CodeIgniter\Boot::runCodeIgniter(Object(CodeIgniter\CodeIgniter))
11 FCPATH\index.php(59): CodeIgniter\Boot::bootWeb(Object(Config\Paths))
DEBUG - 2026-03-03 16:34:42 --> Session: Class initialized using 'CodeIgniter\Session\Handlers\FileHandler' driver.
DEBUG - 2026-03-03 16:34:42 --> Session: Class initialized using 'CodeIgniter\Session\Handlers\FileHandler' driver.
DEBUG - 2026-03-03 16:45:34 --> Session: Class initialized using 'CodeIgniter\Session\Handlers\FileHandler' driver.
CRITICAL - 2026-03-03 16:45:34 --> ErrorException: Trying to access array offset on value of type null
[Method: GET, Route: /]
in SYSTEMPATH\Debug\Toolbar.php on line 217.
 1 SYSTEMPATH\Debug\Toolbar.php(217): CodeIgniter\Debug\Exceptions->errorHandler(2, 'Trying to access array offset on value of type null', 'C:\\xampp\\htdocs\\IM\\system\\Debug\\Toolbar.php', 217)
 2 SYSTEMPATH\Debug\Toolbar.php(200): CodeIgniter\Debug\Toolbar->renderTimelineRecursive([...], 1772527534.054816, 6, 15, [], 0)
 3 SYSTEMPATH\Debug\Toolbar\Views\toolbar.tpl.php(105): CodeIgniter\Debug\Toolbar->renderTimeline([...], 1772527534.054816, 6, 15, [])
 4 SYSTEMPATH\Debug\Toolbar.php(533): include('C:\\xampp\\htdocs\\IM\\system\\Debug\\Toolbar\\Views\\toolbar.tpl.php')
 5 SYSTEMPATH\Debug\Toolbar.php(496): CodeIgniter\Debug\Toolbar->format([...], 'html')
 6 APPPATH\Config\Events.php(47): CodeIgniter\Debug\Toolbar->respond()
 7 SYSTEMPATH\Events\Events.php(152): CodeIgniter\Events\Events::Config\{closure}()
 8 SYSTEMPATH\CodeIgniter.php(339): CodeIgniter\Events\Events::trigger('pre_system')
 9 SYSTEMPATH\Boot.php(363): CodeIgniter\CodeIgniter->run()
10 SYSTEMPATH\Boot.php(68): CodeIgniter\Boot::runCodeIgniter(Object(CodeIgniter\CodeIgniter))
11 FCPATH\index.php(59): CodeIgniter\Boot::bootWeb(Object(Config\Paths))
DEBUG - 2026-03-03 16:45:35 --> Session: Class initialized using 'CodeIgniter\Session\Handlers\FileHandler' driver.
DEBUG - 2026-03-03 16:45:35 --> Session: Class initialized using 'CodeIgniter\Session\Handlers\FileHandler' driver.
CRITICAL - 2026-03-03 16:45:35 --> ErrorException: Trying to access array offset on value of type null
[Method: GET, Route: /]
in SYSTEMPATH\Debug\Toolbar.php on line 217.
 1 SYSTEMPATH\Debug\Toolbar.php(217): CodeIgniter\Debug\Exceptions->errorHandler(2, 'Trying to access array offset on value of type null', 'C:\\xampp\\htdocs\\IM\\system\\Debug\\Toolbar.php', 217)
 2 SYSTEMPATH\Debug\Toolbar.php(200): CodeIgniter\Debug\Toolbar->renderTimelineRecursive([...], 1772527535.69679, 5, 10, [], 0)
 3 SYSTEMPATH\Debug\Toolbar\Views\toolbar.tpl.php(105): CodeIgniter\Debug\Toolbar->renderTimeline([...], 1772527535.69679, 5, 10, [])
 4 SYSTEMPATH\Debug\Toolbar.php(533): include('C:\\xampp\\htdocs\\IM\\system\\Debug\\Toolbar\\Views\\toolbar.tpl.php')
 5 SYSTEMPATH\Debug\Toolbar.php(496): CodeIgniter\Debug\Toolbar->format([...], 'html')
 6 APPPATH\Config\Events.php(47): CodeIgniter\Debug\Toolbar->respond()
 7 SYSTEMPATH\Events\Events.php(152): CodeIgniter\Events\Events::Config\{closure}()
 8 SYSTEMPATH\CodeIgniter.php(339): CodeIgniter\Events\Events::trigger('pre_system')
 9 SYSTEMPATH\Boot.php(363): CodeIgniter\CodeIgniter->run()
10 SYSTEMPATH\Boot.php(68): CodeIgniter\Boot::runCodeIgniter(Object(CodeIgniter\CodeIgniter))
11 FCPATH\index.php(59): CodeIgniter\Boot::bootWeb(Object(Config\Paths))
DEBUG - 2026-03-03 16:45:50 --> Session: Class initialized using 'CodeIgniter\Session\Handlers\FileHandler' driver.
DEBUG - 2026-03-03 16:45:51 --> Session: Class initialized using 'CodeIgniter\Session\Handlers\FileHandler' driver.
CRITICAL - 2026-03-03 16:45:53 --> ErrorException: Trying to access array offset on value of type null
[Method: GET, Route: /]
in SYSTEMPATH\Debug\Toolbar.php on line 217.
 1 SYSTEMPATH\Debug\Toolbar.php(217): CodeIgniter\Debug\Exceptions->errorHandler(2, 'Trying to access array offset on value of type null', 'C:\\xampp\\htdocs\\IM\\system\\Debug\\Toolbar.php', 217)
 2 SYSTEMPATH\Debug\Toolbar.php(200): CodeIgniter\Debug\Toolbar->renderTimelineRecursive([...], 1772527550.9782, 5, 10, [], 0)
 3 SYSTEMPATH\Debug\Toolbar\Views\toolbar.tpl.php(105): CodeIgniter\Debug\Toolbar->renderTimeline([...], 1772527550.9782, 5, 10, [])
 4 SYSTEMPATH\Debug\Toolbar.php(533): include('C:\\xampp\\htdocs\\IM\\system\\Debug\\Toolbar\\Views\\toolbar.tpl.php')
 5 SYSTEMPATH\Debug\Toolbar.php(496): CodeIgniter\Debug\Toolbar->format([...], 'html')
 6 APPPATH\Config\Events.php(47): CodeIgniter\Debug\Toolbar->respond()
 7 SYSTEMPATH\Events\Events.php(152): CodeIgniter\Events\Events::Config\{closure}()
 8 SYSTEMPATH\CodeIgniter.php(339): CodeIgniter\Events\Events::trigger('pre_system')
 9 SYSTEMPATH\Boot.php(363): CodeIgniter\CodeIgniter->run()
10 SYSTEMPATH\Boot.php(68): CodeIgniter\Boot::runCodeIgniter(Object(CodeIgniter\CodeIgniter))
11 FCPATH\index.php(59): CodeIgniter\Boot::bootWeb(Object(Config\Paths))
DEBUG - 2026-03-03 16:47:17 --> Session: Class initialized using 'CodeIgniter\Session\Handlers\FileHandler' driver.
DEBUG - 2026-03-03 16:47:25 --> Session: Class initialized using 'CodeIgniter\Session\Handlers\FileHandler' driver.
CRITICAL - 2026-03-03 16:47:26 --> ErrorException: Trying to access array offset on value of type null
[Method: GET, Route: /]
in SYSTEMPATH\Debug\Toolbar.php on line 217.
 1 SYSTEMPATH\Debug\Toolbar.php(217): CodeIgniter\Debug\Exceptions->errorHandler(2, 'Trying to access array offset on value of type null', 'C:\\xampp\\htdocs\\IM\\system\\Debug\\Toolbar.php', 217)
 2 SYSTEMPATH\Debug\Toolbar.php(200): CodeIgniter\Debug\Toolbar->renderTimelineRecursive([...], 1772527644.973838, 7, 10, [], 0)
 3 SYSTEMPATH\Debug\Toolbar\Views\toolbar.tpl.php(105): CodeIgniter\Debug\Toolbar->renderTimeline([...], 1772527644.973838, 7, 10, [])
 4 SYSTEMPATH\Debug\Toolbar.php(533): include('C:\\xampp\\htdocs\\IM\\system\\Debug\\Toolbar\\Views\\toolbar.tpl.php')
 5 SYSTEMPATH\Debug\Toolbar.php(496): CodeIgniter\Debug\Toolbar->format([...], 'html')
 6 APPPATH\Config\Events.php(47): CodeIgniter\Debug\Toolbar->respond()
 7 SYSTEMPATH\Events\Events.php(152): CodeIgniter\Events\Events::Config\{closure}()
 8 SYSTEMPATH\CodeIgniter.php(339): CodeIgniter\Events\Events::trigger('pre_system')
 9 SYSTEMPATH\Boot.php(363): CodeIgniter\CodeIgniter->run()
10 SYSTEMPATH\Boot.php(68): CodeIgniter\Boot::runCodeIgniter(Object(CodeIgniter\CodeIgniter))
11 FCPATH\index.php(59): CodeIgniter\Boot::bootWeb(Object(Config\Paths))
DEBUG - 2026-03-03 16:47:57 --> Session: Class initialized using 'CodeIgniter\Session\Handlers\FileHandler' driver.
CRITICAL - 2026-03-03 16:47:57 --> ErrorException: Trying to access array offset on value of type null
[Method: GET, Route: /]
in SYSTEMPATH\Debug\Toolbar.php on line 217.
 1 SYSTEMPATH\Debug\Toolbar.php(217): CodeIgniter\Debug\Exceptions->errorHandler(2, 'Trying to access array offset on value of type null', 'C:\\xampp\\htdocs\\IM\\system\\Debug\\Toolbar.php', 217)
 2 SYSTEMPATH\Debug\Toolbar.php(200): CodeIgniter\Debug\Toolbar->renderTimelineRecursive([...], 1772527677.014331, 6, 10, [], 0)
 3 SYSTEMPATH\Debug\Toolbar\Views\toolbar.tpl.php(105): CodeIgniter\Debug\Toolbar->renderTimeline([...], 1772527677.014331, 6, 10, [])
 4 SYSTEMPATH\Debug\Toolbar.php(533): include('C:\\xampp\\htdocs\\IM\\system\\Debug\\Toolbar\\Views\\toolbar.tpl.php')
 5 SYSTEMPATH\Debug\Toolbar.php(496): CodeIgniter\Debug\Toolbar->format([...], 'html')
 6 APPPATH\Config\Events.php(47): CodeIgniter\Debug\Toolbar->respond()
 7 SYSTEMPATH\Events\Events.php(152): CodeIgniter\Events\Events::Config\{closure}()
 8 SYSTEMPATH\CodeIgniter.php(339): CodeIgniter\Events\Events::trigger('pre_system')
 9 SYSTEMPATH\Boot.php(363): CodeIgniter\CodeIgniter->run()
10 SYSTEMPATH\Boot.php(68): CodeIgniter\Boot::runCodeIgniter(Object(CodeIgniter\CodeIgniter))
11 FCPATH\index.php(59): CodeIgniter\Boot::bootWeb(Object(Config\Paths))
DEBUG - 2026-03-03 16:47:58 --> Session: Class initialized using 'CodeIgniter\Session\Handlers\FileHandler' driver.
CRITICAL - 2026-03-03 16:47:58 --> ErrorException: Trying to access array offset on value of type null
[Method: GET, Route: /]
in SYSTEMPATH\Debug\Toolbar.php on line 217.
 1 SYSTEMPATH\Debug\Toolbar.php(217): CodeIgniter\Debug\Exceptions->errorHandler(2, 'Trying to access array offset on value of type null', 'C:\\xampp\\htdocs\\IM\\system\\Debug\\Toolbar.php', 217)
 2 SYSTEMPATH\Debug\Toolbar.php(200): CodeIgniter\Debug\Toolbar->renderTimelineRecursive([...], 1772527678.541707, 5, 10, [], 0)
 3 SYSTEMPATH\Debug\Toolbar\Views\toolbar.tpl.php(105): CodeIgniter\Debug\Toolbar->renderTimeline([...], 1772527678.541707, 5, 10, [])
 4 SYSTEMPATH\Debug\Toolbar.php(533): include('C:\\xampp\\htdocs\\IM\\system\\Debug\\Toolbar\\Views\\toolbar.tpl.php')
 5 SYSTEMPATH\Debug\Toolbar.php(496): CodeIgniter\Debug\Toolbar->format([...], 'html')
 6 APPPATH\Config\Events.php(47): CodeIgniter\Debug\Toolbar->respond()
 7 SYSTEMPATH\Events\Events.php(152): CodeIgniter\Events\Events::Config\{closure}()
 8 SYSTEMPATH\CodeIgniter.php(339): CodeIgniter\Events\Events::trigger('pre_system')
 9 SYSTEMPATH\Boot.php(363): CodeIgniter\CodeIgniter->run()
10 SYSTEMPATH\Boot.php(68): CodeIgniter\Boot::runCodeIgniter(Object(CodeIgniter\CodeIgniter))
11 FCPATH\index.php(59): CodeIgniter\Boot::bootWeb(Object(Config\Paths))
