DEBUG - 2026-03-04 10:26:06 --> Session: Class initialized using 'CodeIgniter\Session\Handlers\FileHandler' driver.
DEBUG - 2026-03-04 10:26:09 --> Session: Class initialized using 'CodeIgniter\Session\Handlers\FileHandler' driver.
CRITICAL - 2026-03-04 10:26:15 --> ErrorException: Trying to access array offset on value of type null
[Method: GET, Route: /]
in SYSTEMPATH\Debug\Toolbar.php on line 217.
 1 SYSTEMPATH\Debug\Toolbar.php(217): CodeIgniter\Debug\Exceptions->errorHandler(2, 'Trying to access array offset on value of type null', 'C:\\xampp\\htdocs\\IM\\system\\Debug\\Toolbar.php', 217)
 2 SYSTEMPATH\Debug\Toolbar.php(200): CodeIgniter\Debug\Toolbar->renderTimelineRecursive([...], 1772591169.241555, 7, 190, [], 0)
 3 SYSTEMPATH\Debug\Toolbar\Views\toolbar.tpl.php(105): CodeIgniter\Debug\Toolbar->renderTimeline([...], 1772591169.241555, 7, 190, [])
 4 SYSTEMPATH\Debug\Toolbar.php(533): include('C:\\xampp\\htdocs\\IM\\system\\Debug\\Toolbar\\Views\\toolbar.tpl.php')
 5 SYSTEMPATH\Debug\Toolbar.php(496): CodeIgniter\Debug\Toolbar->format([...], 'html')
 6 APPPATH\Config\Events.php(47): CodeIgniter\Debug\Toolbar->respond()
 7 SYSTEMPATH\Events\Events.php(152): CodeIgniter\Events\Events::Config\{closure}()
 8 SYSTEMPATH\CodeIgniter.php(339): CodeIgniter\Events\Events::trigger('pre_system')
 9 SYSTEMPATH\Boot.php(363): CodeIgniter\CodeIgniter->run()
10 SYSTEMPATH\Boot.php(68): CodeIgniter\Boot::runCodeIgniter(Object(CodeIgniter\CodeIgniter))
11 FCPATH\index.php(59): CodeIgniter\Boot::bootWeb(Object(Config\Paths))
DEBUG - 2026-03-04 10:26:21 --> Session: Class initialized using 'CodeIgniter\Session\Handlers\FileHandler' driver.
CRITICAL - 2026-03-04 10:26:22 --> ErrorException: Trying to access array offset on value of type null
[Method: GET, Route: /]
in SYSTEMPATH\Debug\Toolbar.php on line 217.
 1 SYSTEMPATH\Debug\Toolbar.php(217): CodeIgniter\Debug\Exceptions->errorHandler(2, 'Trying to access array offset on value of type null', 'C:\\xampp\\htdocs\\IM\\system\\Debug\\Toolbar.php', 217)
 2 SYSTEMPATH\Debug\Toolbar.php(200): CodeIgniter\Debug\Toolbar->renderTimelineRecursive([...], 1772591181.162381, 7, 115, [], 0)
 3 SYSTEMPATH\Debug\Toolbar\Views\toolbar.tpl.php(105): CodeIgniter\Debug\Toolbar->renderTimeline([...], 1772591181.162381, 7, 115, [])
 4 SYSTEMPATH\Debug\Toolbar.php(533): include('C:\\xampp\\htdocs\\IM\\system\\Debug\\Toolbar\\Views\\toolbar.tpl.php')
 5 SYSTEMPATH\Debug\Toolbar.php(496): CodeIgniter\Debug\Toolbar->format([...], 'html')
 6 APPPATH\Config\Events.php(47): CodeIgniter\Debug\Toolbar->respond()
 7 SYSTEMPATH\Events\Events.php(152): CodeIgniter\Events\Events::Config\{closure}()
 8 SYSTEMPATH\CodeIgniter.php(339): CodeIgniter\Events\Events::trigger('pre_system')
 9 SYSTEMPATH\Boot.php(363): CodeIgniter\CodeIgniter->run()
10 SYSTEMPATH\Boot.php(68): CodeIgniter\Boot::runCodeIgniter(Object(CodeIgniter\CodeIgniter))
11 FCPATH\index.php(59): CodeIgniter\Boot::bootWeb(Object(Config\Paths))
DEBUG - 2026-03-04 10:29:38 --> Session: Class initialized using 'CodeIgniter\Session\Handlers\FileHandler' driver.
DEBUG - 2026-03-04 10:29:39 --> Session: Class initialized using 'CodeIgniter\Session\Handlers\FileHandler' driver.
CRITICAL - 2026-03-04 10:29:39 --> ErrorException: Trying to access array offset on value of type null
[Method: GET, Route: /]
in SYSTEMPATH\Debug\Toolbar.php on line 217.
 1 SYSTEMPATH\Debug\Toolbar.php(217): CodeIgniter\Debug\Exceptions->errorHandler(2, 'Trying to access array offset on value of type null', 'C:\\xampp\\htdocs\\IM\\system\\Debug\\Toolbar.php', 217)
 2 SYSTEMPATH\Debug\Toolbar.php(200): CodeIgniter\Debug\Toolbar->renderTimelineRecursive([...], 1772591378.604959, 7, 115, [], 0)
 3 SYSTEMPATH\Debug\Toolbar\Views\toolbar.tpl.php(105): CodeIgniter\Debug\Toolbar->renderTimeline([...], 1772591378.604959, 7, 115, [])
 4 SYSTEMPATH\Debug\Toolbar.php(533): include('C:\\xampp\\htdocs\\IM\\system\\Debug\\Toolbar\\Views\\toolbar.tpl.php')
 5 SYSTEMPATH\Debug\Toolbar.php(496): CodeIgniter\Debug\Toolbar->format([...], 'html')
 6 APPPATH\Config\Events.php(47): CodeIgniter\Debug\Toolbar->respond()
 7 SYSTEMPATH\Events\Events.php(152): CodeIgniter\Events\Events::Config\{closure}()
 8 SYSTEMPATH\CodeIgniter.php(339): CodeIgniter\Events\Events::trigger('pre_system')
 9 SYSTEMPATH\Boot.php(363): CodeIgniter\CodeIgniter->run()
10 SYSTEMPATH\Boot.php(68): CodeIgniter\Boot::runCodeIgniter(Object(CodeIgniter\CodeIgniter))
11 FCPATH\index.php(59): CodeIgniter\Boot::bootWeb(Object(Config\Paths))
DEBUG - 2026-03-04 10:29:55 --> Session: Class initialized using 'CodeIgniter\Session\Handlers\FileHandler' driver.
DEBUG - 2026-03-04 10:29:59 --> Session: Class initialized using 'CodeIgniter\Session\Handlers\FileHandler' driver.
CRITICAL - 2026-03-04 10:30:00 --> ErrorException: Trying to access array offset on value of type null
[Method: GET, Route: /]
in SYSTEMPATH\Debug\Toolbar.php on line 217.
 1 SYSTEMPATH\Debug\Toolbar.php(217): CodeIgniter\Debug\Exceptions->errorHandler(2, 'Trying to access array offset on value of type null', 'C:\\xampp\\htdocs\\IM\\system\\Debug\\Toolbar.php', 217)
 2 SYSTEMPATH\Debug\Toolbar.php(200): CodeIgniter\Debug\Toolbar->renderTimelineRecursive([...], 1772591399.737671, 6, 10, [], 0)
 3 SYSTEMPATH\Debug\Toolbar\Views\toolbar.tpl.php(105): CodeIgniter\Debug\Toolbar->renderTimeline([...], 1772591399.737671, 6, 10, [])
 4 SYSTEMPATH\Debug\Toolbar.php(533): include('C:\\xampp\\htdocs\\IM\\system\\Debug\\Toolbar\\Views\\toolbar.tpl.php')
 5 SYSTEMPATH\Debug\Toolbar.php(496): CodeIgniter\Debug\Toolbar->format([...], 'html')
 6 APPPATH\Config\Events.php(47): CodeIgniter\Debug\Toolbar->respond()
 7 SYSTEMPATH\Events\Events.php(152): CodeIgniter\Events\Events::Config\{closure}()
 8 SYSTEMPATH\CodeIgniter.php(339): CodeIgniter\Events\Events::trigger('pre_system')
 9 SYSTEMPATH\Boot.php(363): CodeIgniter\CodeIgniter->run()
10 SYSTEMPATH\Boot.php(68): CodeIgniter\Boot::runCodeIgniter(Object(CodeIgniter\CodeIgniter))
11 FCPATH\index.php(59): CodeIgniter\Boot::bootWeb(Object(Config\Paths))
DEBUG - 2026-03-04 10:43:56 --> Session: Class initialized using 'CodeIgniter\Session\Handlers\FileHandler' driver.
DEBUG - 2026-03-04 10:44:05 --> Session: Class initialized using 'CodeIgniter\Session\Handlers\FileHandler' driver.
CRITICAL - 2026-03-04 10:44:06 --> ErrorException: Trying to access array offset on value of type null
[Method: GET, Route: /]
in SYSTEMPATH\Debug\Toolbar.php on line 217.
 1 SYSTEMPATH\Debug\Toolbar.php(217): CodeIgniter\Debug\Exceptions->errorHandler(2, 'Trying to access array offset on value of type null', 'C:\\xampp\\htdocs\\IM\\system\\Debug\\Toolbar.php', 217)
 2 SYSTEMPATH\Debug\Toolbar.php(200): CodeIgniter\Debug\Toolbar->renderTimelineRecursive([...], 1772592245.927958, 7, 10, [], 0)
 3 SYSTEMPATH\Debug\Toolbar\Views\toolbar.tpl.php(105): CodeIgniter\Debug\Toolbar->renderTimeline([...], 1772592245.927958, 7, 10, [])
 4 SYSTEMPATH\Debug\Toolbar.php(533): include('C:\\xampp\\htdocs\\IM\\system\\Debug\\Toolbar\\Views\\toolbar.tpl.php')
 5 SYSTEMPATH\Debug\Toolbar.php(496): CodeIgniter\Debug\Toolbar->format([...], 'html')
 6 APPPATH\Config\Events.php(47): CodeIgniter\Debug\Toolbar->respond()
 7 SYSTEMPATH\Events\Events.php(152): CodeIgniter\Events\Events::Config\{closure}()
 8 SYSTEMPATH\CodeIgniter.php(339): CodeIgniter\Events\Events::trigger('pre_system')
 9 SYSTEMPATH\Boot.php(363): CodeIgniter\CodeIgniter->run()
10 SYSTEMPATH\Boot.php(68): CodeIgniter\Boot::runCodeIgniter(Object(CodeIgniter\CodeIgniter))
11 FCPATH\index.php(59): CodeIgniter\Boot::bootWeb(Object(Config\Paths))
DEBUG - 2026-03-04 10:50:32 --> Session: Class initialized using 'CodeIgniter\Session\Handlers\FileHandler' driver.
CRITICAL - 2026-03-04 10:50:33 --> ErrorException: Trying to access array offset on value of type null
[Method: GET, Route: /]
in SYSTEMPATH\Debug\Toolbar.php on line 217.
 1 SYSTEMPATH\Debug\Toolbar.php(217): CodeIgniter\Debug\Exceptions->errorHandler(2, 'Trying to access array offset on value of type null', 'C:\\xampp\\htdocs\\IM\\system\\Debug\\Toolbar.php', 217)
 2 SYSTEMPATH\Debug\Toolbar.php(200): CodeIgniter\Debug\Toolbar->renderTimelineRecursive([...], 1772592632.893029, 6, 10, [], 0)
 3 SYSTEMPATH\Debug\Toolbar\Views\toolbar.tpl.php(105): CodeIgniter\Debug\Toolbar->renderTimeline([...], 1772592632.893029, 6, 10, [])
 4 SYSTEMPATH\Debug\Toolbar.php(533): include('C:\\xampp\\htdocs\\IM\\system\\Debug\\Toolbar\\Views\\toolbar.tpl.php')
 5 SYSTEMPATH\Debug\Toolbar.php(496): CodeIgniter\Debug\Toolbar->format([...], 'html')
 6 APPPATH\Config\Events.php(47): CodeIgniter\Debug\Toolbar->respond()
 7 SYSTEMPATH\Events\Events.php(152): CodeIgniter\Events\Events::Config\{closure}()
 8 SYSTEMPATH\CodeIgniter.php(339): CodeIgniter\Events\Events::trigger('pre_system')
 9 SYSTEMPATH\Boot.php(363): CodeIgniter\CodeIgniter->run()
10 SYSTEMPATH\Boot.php(68): CodeIgniter\Boot::runCodeIgniter(Object(CodeIgniter\CodeIgniter))
11 FCPATH\index.php(59): CodeIgniter\Boot::bootWeb(Object(Config\Paths))
DEBUG - 2026-03-04 10:50:33 --> Session: Class initialized using 'CodeIgniter\Session\Handlers\FileHandler' driver.
CRITICAL - 2026-03-04 10:50:34 --> ErrorException: Trying to access array offset on value of type null
[Method: GET, Route: /]
in SYSTEMPATH\Debug\Toolbar.php on line 217.
 1 SYSTEMPATH\Debug\Toolbar.php(217): CodeIgniter\Debug\Exceptions->errorHandler(2, 'Trying to access array offset on value of type null', 'C:\\xampp\\htdocs\\IM\\system\\Debug\\Toolbar.php', 217)
 2 SYSTEMPATH\Debug\Toolbar.php(200): CodeIgniter\Debug\Toolbar->renderTimelineRecursive([...], 1772592633.923068, 5, 10, [], 0)
 3 SYSTEMPATH\Debug\Toolbar\Views\toolbar.tpl.php(105): CodeIgniter\Debug\Toolbar->renderTimeline([...], 1772592633.923068, 5, 10, [])
 4 SYSTEMPATH\Debug\Toolbar.php(533): include('C:\\xampp\\htdocs\\IM\\system\\Debug\\Toolbar\\Views\\toolbar.tpl.php')
 5 SYSTEMPATH\Debug\Toolbar.php(496): CodeIgniter\Debug\Toolbar->format([...], 'html')
 6 APPPATH\Config\Events.php(47): CodeIgniter\Debug\Toolbar->respond()
 7 SYSTEMPATH\Events\Events.php(152): CodeIgniter\Events\Events::Config\{closure}()
 8 SYSTEMPATH\CodeIgniter.php(339): CodeIgniter\Events\Events::trigger('pre_system')
 9 SYSTEMPATH\Boot.php(363): CodeIgniter\CodeIgniter->run()
10 SYSTEMPATH\Boot.php(68): CodeIgniter\Boot::runCodeIgniter(Object(CodeIgniter\CodeIgniter))
11 FCPATH\index.php(59): CodeIgniter\Boot::bootWeb(Object(Config\Paths))
DEBUG - 2026-03-04 10:50:37 --> Session: Class initialized using 'CodeIgniter\Session\Handlers\FileHandler' driver.
DEBUG - 2026-03-04 10:50:37 --> Session: Class initialized using 'CodeIgniter\Session\Handlers\FileHandler' driver.
CRITICAL - 2026-03-04 10:50:37 --> ErrorException: Trying to access array offset on value of type null
[Method: GET, Route: /]
in SYSTEMPATH\Debug\Toolbar.php on line 217.
 1 SYSTEMPATH\Debug\Toolbar.php(217): CodeIgniter\Debug\Exceptions->errorHandler(2, 'Trying to access array offset on value of type null', 'C:\\xampp\\htdocs\\IM\\system\\Debug\\Toolbar.php', 217)
 2 SYSTEMPATH\Debug\Toolbar.php(200): CodeIgniter\Debug\Toolbar->renderTimelineRecursive([...], 1772592637.003541, 5, 10, [], 0)
 3 SYSTEMPATH\Debug\Toolbar\Views\toolbar.tpl.php(105): CodeIgniter\Debug\Toolbar->renderTimeline([...], 1772592637.003541, 5, 10, [])
 4 SYSTEMPATH\Debug\Toolbar.php(533): include('C:\\xampp\\htdocs\\IM\\system\\Debug\\Toolbar\\Views\\toolbar.tpl.php')
 5 SYSTEMPATH\Debug\Toolbar.php(496): CodeIgniter\Debug\Toolbar->format([...], 'html')
 6 APPPATH\Config\Events.php(47): CodeIgniter\Debug\Toolbar->respond()
 7 SYSTEMPATH\Events\Events.php(152): CodeIgniter\Events\Events::Config\{closure}()
 8 SYSTEMPATH\CodeIgniter.php(339): CodeIgniter\Events\Events::trigger('pre_system')
 9 SYSTEMPATH\Boot.php(363): CodeIgniter\CodeIgniter->run()
10 SYSTEMPATH\Boot.php(68): CodeIgniter\Boot::runCodeIgniter(Object(CodeIgniter\CodeIgniter))
11 FCPATH\index.php(59): CodeIgniter\Boot::bootWeb(Object(Config\Paths))
CRITICAL - 2026-03-04 10:50:37 --> ErrorException: Trying to access array offset on value of type null
[Method: GET, Route: /]
in SYSTEMPATH\Debug\Toolbar.php on line 217.
 1 SYSTEMPATH\Debug\Toolbar.php(217): CodeIgniter\Debug\Exceptions->errorHandler(2, 'Trying to access array offset on value of type null', 'C:\\xampp\\htdocs\\IM\\system\\Debug\\Toolbar.php', 217)
 2 SYSTEMPATH\Debug\Toolbar.php(200): CodeIgniter\Debug\Toolbar->renderTimelineRecursive([...], 1772592637.266783, 5, 10, [], 0)
 3 SYSTEMPATH\Debug\Toolbar\Views\toolbar.tpl.php(105): CodeIgniter\Debug\Toolbar->renderTimeline([...], 1772592637.266783, 5, 10, [])
 4 SYSTEMPATH\Debug\Toolbar.php(533): include('C:\\xampp\\htdocs\\IM\\system\\Debug\\Toolbar\\Views\\toolbar.tpl.php')
 5 SYSTEMPATH\Debug\Toolbar.php(496): CodeIgniter\Debug\Toolbar->format([...], 'html')
 6 APPPATH\Config\Events.php(47): CodeIgniter\Debug\Toolbar->respond()
 7 SYSTEMPATH\Events\Events.php(152): CodeIgniter\Events\Events::Config\{closure}()
 8 SYSTEMPATH\CodeIgniter.php(339): CodeIgniter\Events\Events::trigger('pre_system')
 9 SYSTEMPATH\Boot.php(363): CodeIgniter\CodeIgniter->run()
10 SYSTEMPATH\Boot.php(68): CodeIgniter\Boot::runCodeIgniter(Object(CodeIgniter\CodeIgniter))
11 FCPATH\index.php(59): CodeIgniter\Boot::bootWeb(Object(Config\Paths))
DEBUG - 2026-03-04 10:50:38 --> Session: Class initialized using 'CodeIgniter\Session\Handlers\FileHandler' driver.
CRITICAL - 2026-03-04 10:50:38 --> ErrorException: Trying to access array offset on value of type null
[Method: GET, Route: /]
in SYSTEMPATH\Debug\Toolbar.php on line 217.
 1 SYSTEMPATH\Debug\Toolbar.php(217): CodeIgniter\Debug\Exceptions->errorHandler(2, 'Trying to access array offset on value of type null', 'C:\\xampp\\htdocs\\IM\\system\\Debug\\Toolbar.php', 217)
 2 SYSTEMPATH\Debug\Toolbar.php(200): CodeIgniter\Debug\Toolbar->renderTimelineRecursive([...], 1772592638.296341, 5, 10, [], 0)
 3 SYSTEMPATH\Debug\Toolbar\Views\toolbar.tpl.php(105): CodeIgniter\Debug\Toolbar->renderTimeline([...], 1772592638.296341, 5, 10, [])
 4 SYSTEMPATH\Debug\Toolbar.php(533): include('C:\\xampp\\htdocs\\IM\\system\\Debug\\Toolbar\\Views\\toolbar.tpl.php')
 5 SYSTEMPATH\Debug\Toolbar.php(496): CodeIgniter\Debug\Toolbar->format([...], 'html')
 6 APPPATH\Config\Events.php(47): CodeIgniter\Debug\Toolbar->respond()
 7 SYSTEMPATH\Events\Events.php(152): CodeIgniter\Events\Events::Config\{closure}()
 8 SYSTEMPATH\CodeIgniter.php(339): CodeIgniter\Events\Events::trigger('pre_system')
 9 SYSTEMPATH\Boot.php(363): CodeIgniter\CodeIgniter->run()
10 SYSTEMPATH\Boot.php(68): CodeIgniter\Boot::runCodeIgniter(Object(CodeIgniter\CodeIgniter))
11 FCPATH\index.php(59): CodeIgniter\Boot::bootWeb(Object(Config\Paths))
DEBUG - 2026-03-04 10:50:49 --> Session: Class initialized using 'CodeIgniter\Session\Handlers\FileHandler' driver.
CRITICAL - 2026-03-04 10:50:49 --> ErrorException: Trying to access array offset on value of type null
[Method: GET, Route: /]
in SYSTEMPATH\Debug\Toolbar.php on line 217.
 1 SYSTEMPATH\Debug\Toolbar.php(217): CodeIgniter\Debug\Exceptions->errorHandler(2, 'Trying to access array offset on value of type null', 'C:\\xampp\\htdocs\\IM\\system\\Debug\\Toolbar.php', 217)
 2 SYSTEMPATH\Debug\Toolbar.php(200): CodeIgniter\Debug\Toolbar->renderTimelineRecursive([...], 1772592649.237232, 5, 10, [], 0)
 3 SYSTEMPATH\Debug\Toolbar\Views\toolbar.tpl.php(105): CodeIgniter\Debug\Toolbar->renderTimeline([...], 1772592649.237232, 5, 10, [])
 4 SYSTEMPATH\Debug\Toolbar.php(533): include('C:\\xampp\\htdocs\\IM\\system\\Debug\\Toolbar\\Views\\toolbar.tpl.php')
 5 SYSTEMPATH\Debug\Toolbar.php(496): CodeIgniter\Debug\Toolbar->format([...], 'html')
 6 APPPATH\Config\Events.php(47): CodeIgniter\Debug\Toolbar->respond()
 7 SYSTEMPATH\Events\Events.php(152): CodeIgniter\Events\Events::Config\{closure}()
 8 SYSTEMPATH\CodeIgniter.php(339): CodeIgniter\Events\Events::trigger('pre_system')
 9 SYSTEMPATH\Boot.php(363): CodeIgniter\CodeIgniter->run()
10 SYSTEMPATH\Boot.php(68): CodeIgniter\Boot::runCodeIgniter(Object(CodeIgniter\CodeIgniter))
11 FCPATH\index.php(59): CodeIgniter\Boot::bootWeb(Object(Config\Paths))
DEBUG - 2026-03-04 10:50:50 --> Session: Class initialized using 'CodeIgniter\Session\Handlers\FileHandler' driver.
CRITICAL - 2026-03-04 10:50:50 --> ErrorException: Trying to access array offset on value of type null
[Method: GET, Route: /]
in SYSTEMPATH\Debug\Toolbar.php on line 217.
 1 SYSTEMPATH\Debug\Toolbar.php(217): CodeIgniter\Debug\Exceptions->errorHandler(2, 'Trying to access array offset on value of type null', 'C:\\xampp\\htdocs\\IM\\system\\Debug\\Toolbar.php', 217)
 2 SYSTEMPATH\Debug\Toolbar.php(200): CodeIgniter\Debug\Toolbar->renderTimelineRecursive([...], 1772592650.578239, 5, 10, [], 0)
 3 SYSTEMPATH\Debug\Toolbar\Views\toolbar.tpl.php(105): CodeIgniter\Debug\Toolbar->renderTimeline([...], 1772592650.578239, 5, 10, [])
 4 SYSTEMPATH\Debug\Toolbar.php(533): include('C:\\xampp\\htdocs\\IM\\system\\Debug\\Toolbar\\Views\\toolbar.tpl.php')
 5 SYSTEMPATH\Debug\Toolbar.php(496): CodeIgniter\Debug\Toolbar->format([...], 'html')
 6 APPPATH\Config\Events.php(47): CodeIgniter\Debug\Toolbar->respond()
 7 SYSTEMPATH\Events\Events.php(152): CodeIgniter\Events\Events::Config\{closure}()
 8 SYSTEMPATH\CodeIgniter.php(339): CodeIgniter\Events\Events::trigger('pre_system')
 9 SYSTEMPATH\Boot.php(363): CodeIgniter\CodeIgniter->run()
10 SYSTEMPATH\Boot.php(68): CodeIgniter\Boot::runCodeIgniter(Object(CodeIgniter\CodeIgniter))
11 FCPATH\index.php(59): CodeIgniter\Boot::bootWeb(Object(Config\Paths))
DEBUG - 2026-03-04 10:50:51 --> Session: Class initialized using 'CodeIgniter\Session\Handlers\FileHandler' driver.
CRITICAL - 2026-03-04 10:50:51 --> ErrorException: Trying to access array offset on value of type null
[Method: GET, Route: /]
in SYSTEMPATH\Debug\Toolbar.php on line 217.
 1 SYSTEMPATH\Debug\Toolbar.php(217): CodeIgniter\Debug\Exceptions->errorHandler(2, 'Trying to access array offset on value of type null', 'C:\\xampp\\htdocs\\IM\\system\\Debug\\Toolbar.php', 217)
 2 SYSTEMPATH\Debug\Toolbar.php(200): CodeIgniter\Debug\Toolbar->renderTimelineRecursive([...], 1772592651.245177, 5, 10, [], 0)
 3 SYSTEMPATH\Debug\Toolbar\Views\toolbar.tpl.php(105): CodeIgniter\Debug\Toolbar->renderTimeline([...], 1772592651.245177, 5, 10, [])
 4 SYSTEMPATH\Debug\Toolbar.php(533): include('C:\\xampp\\htdocs\\IM\\system\\Debug\\Toolbar\\Views\\toolbar.tpl.php')
 5 SYSTEMPATH\Debug\Toolbar.php(496): CodeIgniter\Debug\Toolbar->format([...], 'html')
 6 APPPATH\Config\Events.php(47): CodeIgniter\Debug\Toolbar->respond()
 7 SYSTEMPATH\Events\Events.php(152): CodeIgniter\Events\Events::Config\{closure}()
 8 SYSTEMPATH\CodeIgniter.php(339): CodeIgniter\Events\Events::trigger('pre_system')
 9 SYSTEMPATH\Boot.php(363): CodeIgniter\CodeIgniter->run()
10 SYSTEMPATH\Boot.php(68): CodeIgniter\Boot::runCodeIgniter(Object(CodeIgniter\CodeIgniter))
11 FCPATH\index.php(59): CodeIgniter\Boot::bootWeb(Object(Config\Paths))
DEBUG - 2026-03-04 10:50:51 --> Session: Class initialized using 'CodeIgniter\Session\Handlers\FileHandler' driver.
CRITICAL - 2026-03-04 10:50:51 --> ErrorException: Trying to access array offset on value of type null
[Method: GET, Route: /]
in SYSTEMPATH\Debug\Toolbar.php on line 217.
 1 SYSTEMPATH\Debug\Toolbar.php(217): CodeIgniter\Debug\Exceptions->errorHandler(2, 'Trying to access array offset on value of type null', 'C:\\xampp\\htdocs\\IM\\system\\Debug\\Toolbar.php', 217)
 2 SYSTEMPATH\Debug\Toolbar.php(200): CodeIgniter\Debug\Toolbar->renderTimelineRecursive([...], 1772592651.542649, 5, 10, [], 0)
 3 SYSTEMPATH\Debug\Toolbar\Views\toolbar.tpl.php(105): CodeIgniter\Debug\Toolbar->renderTimeline([...], 1772592651.542649, 5, 10, [])
 4 SYSTEMPATH\Debug\Toolbar.php(533): include('C:\\xampp\\htdocs\\IM\\system\\Debug\\Toolbar\\Views\\toolbar.tpl.php')
 5 SYSTEMPATH\Debug\Toolbar.php(496): CodeIgniter\Debug\Toolbar->format([...], 'html')
 6 APPPATH\Config\Events.php(47): CodeIgniter\Debug\Toolbar->respond()
 7 SYSTEMPATH\Events\Events.php(152): CodeIgniter\Events\Events::Config\{closure}()
 8 SYSTEMPATH\CodeIgniter.php(339): CodeIgniter\Events\Events::trigger('pre_system')
 9 SYSTEMPATH\Boot.php(363): CodeIgniter\CodeIgniter->run()
10 SYSTEMPATH\Boot.php(68): CodeIgniter\Boot::runCodeIgniter(Object(CodeIgniter\CodeIgniter))
11 FCPATH\index.php(59): CodeIgniter\Boot::bootWeb(Object(Config\Paths))
DEBUG - 2026-03-04 10:50:51 --> Session: Class initialized using 'CodeIgniter\Session\Handlers\FileHandler' driver.
CRITICAL - 2026-03-04 10:50:52 --> ErrorException: Trying to access array offset on value of type null
[Method: GET, Route: /]
in SYSTEMPATH\Debug\Toolbar.php on line 217.
 1 SYSTEMPATH\Debug\Toolbar.php(217): CodeIgniter\Debug\Exceptions->errorHandler(2, 'Trying to access array offset on value of type null', 'C:\\xampp\\htdocs\\IM\\system\\Debug\\Toolbar.php', 217)
 2 SYSTEMPATH\Debug\Toolbar.php(200): CodeIgniter\Debug\Toolbar->renderTimelineRecursive([...], 1772592651.817296, 6, 10, [], 0)
 3 SYSTEMPATH\Debug\Toolbar\Views\toolbar.tpl.php(105): CodeIgniter\Debug\Toolbar->renderTimeline([...], 1772592651.817296, 6, 10, [])
 4 SYSTEMPATH\Debug\Toolbar.php(533): include('C:\\xampp\\htdocs\\IM\\system\\Debug\\Toolbar\\Views\\toolbar.tpl.php')
 5 SYSTEMPATH\Debug\Toolbar.php(496): CodeIgniter\Debug\Toolbar->format([...], 'html')
 6 APPPATH\Config\Events.php(47): CodeIgniter\Debug\Toolbar->respond()
 7 SYSTEMPATH\Events\Events.php(152): CodeIgniter\Events\Events::Config\{closure}()
 8 SYSTEMPATH\CodeIgniter.php(339): CodeIgniter\Events\Events::trigger('pre_system')
 9 SYSTEMPATH\Boot.php(363): CodeIgniter\CodeIgniter->run()
10 SYSTEMPATH\Boot.php(68): CodeIgniter\Boot::runCodeIgniter(Object(CodeIgniter\CodeIgniter))
11 FCPATH\index.php(59): CodeIgniter\Boot::bootWeb(Object(Config\Paths))
DEBUG - 2026-03-04 10:50:52 --> Session: Class initialized using 'CodeIgniter\Session\Handlers\FileHandler' driver.
CRITICAL - 2026-03-04 10:50:52 --> ErrorException: Trying to access array offset on value of type null
[Method: GET, Route: /]
in SYSTEMPATH\Debug\Toolbar.php on line 217.
 1 SYSTEMPATH\Debug\Toolbar.php(217): CodeIgniter\Debug\Exceptions->errorHandler(2, 'Trying to access array offset on value of type null', 'C:\\xampp\\htdocs\\IM\\system\\Debug\\Toolbar.php', 217)
 2 SYSTEMPATH\Debug\Toolbar.php(200): CodeIgniter\Debug\Toolbar->renderTimelineRecursive([...], 1772592652.102563, 6, 10, [], 0)
 3 SYSTEMPATH\Debug\Toolbar\Views\toolbar.tpl.php(105): CodeIgniter\Debug\Toolbar->renderTimeline([...], 1772592652.102563, 6, 10, [])
 4 SYSTEMPATH\Debug\Toolbar.php(533): include('C:\\xampp\\htdocs\\IM\\system\\Debug\\Toolbar\\Views\\toolbar.tpl.php')
 5 SYSTEMPATH\Debug\Toolbar.php(496): CodeIgniter\Debug\Toolbar->format([...], 'html')
 6 APPPATH\Config\Events.php(47): CodeIgniter\Debug\Toolbar->respond()
 7 SYSTEMPATH\Events\Events.php(152): CodeIgniter\Events\Events::Config\{closure}()
 8 SYSTEMPATH\CodeIgniter.php(339): CodeIgniter\Events\Events::trigger('pre_system')
 9 SYSTEMPATH\Boot.php(363): CodeIgniter\CodeIgniter->run()
10 SYSTEMPATH\Boot.php(68): CodeIgniter\Boot::runCodeIgniter(Object(CodeIgniter\CodeIgniter))
11 FCPATH\index.php(59): CodeIgniter\Boot::bootWeb(Object(Config\Paths))
DEBUG - 2026-03-04 10:50:52 --> Session: Class initialized using 'CodeIgniter\Session\Handlers\FileHandler' driver.
CRITICAL - 2026-03-04 10:50:52 --> ErrorException: Trying to access array offset on value of type null
[Method: GET, Route: /]
in SYSTEMPATH\Debug\Toolbar.php on line 217.
 1 SYSTEMPATH\Debug\Toolbar.php(217): CodeIgniter\Debug\Exceptions->errorHandler(2, 'Trying to access array offset on value of type null', 'C:\\xampp\\htdocs\\IM\\system\\Debug\\Toolbar.php', 217)
 2 SYSTEMPATH\Debug\Toolbar.php(200): CodeIgniter\Debug\Toolbar->renderTimelineRecursive([...], 1772592652.402431, 6, 10, [], 0)
 3 SYSTEMPATH\Debug\Toolbar\Views\toolbar.tpl.php(105): CodeIgniter\Debug\Toolbar->renderTimeline([...], 1772592652.402431, 6, 10, [])
 4 SYSTEMPATH\Debug\Toolbar.php(533): include('C:\\xampp\\htdocs\\IM\\system\\Debug\\Toolbar\\Views\\toolbar.tpl.php')
 5 SYSTEMPATH\Debug\Toolbar.php(496): CodeIgniter\Debug\Toolbar->format([...], 'html')
 6 APPPATH\Config\Events.php(47): CodeIgniter\Debug\Toolbar->respond()
 7 SYSTEMPATH\Events\Events.php(152): CodeIgniter\Events\Events::Config\{closure}()
 8 SYSTEMPATH\CodeIgniter.php(339): CodeIgniter\Events\Events::trigger('pre_system')
 9 SYSTEMPATH\Boot.php(363): CodeIgniter\CodeIgniter->run()
10 SYSTEMPATH\Boot.php(68): CodeIgniter\Boot::runCodeIgniter(Object(CodeIgniter\CodeIgniter))
11 FCPATH\index.php(59): CodeIgniter\Boot::bootWeb(Object(Config\Paths))
DEBUG - 2026-03-04 10:50:55 --> Session: Class initialized using 'CodeIgniter\Session\Handlers\FileHandler' driver.
CRITICAL - 2026-03-04 10:50:55 --> ErrorException: Trying to access array offset on value of type null
[Method: GET, Route: /]
in SYSTEMPATH\Debug\Toolbar.php on line 217.
 1 SYSTEMPATH\Debug\Toolbar.php(217): CodeIgniter\Debug\Exceptions->errorHandler(2, 'Trying to access array offset on value of type null', 'C:\\xampp\\htdocs\\IM\\system\\Debug\\Toolbar.php', 217)
 2 SYSTEMPATH\Debug\Toolbar.php(200): CodeIgniter\Debug\Toolbar->renderTimelineRecursive([...], 1772592655.290497, 5, 10, [], 0)
 3 SYSTEMPATH\Debug\Toolbar\Views\toolbar.tpl.php(105): CodeIgniter\Debug\Toolbar->renderTimeline([...], 1772592655.290497, 5, 10, [])
 4 SYSTEMPATH\Debug\Toolbar.php(533): include('C:\\xampp\\htdocs\\IM\\system\\Debug\\Toolbar\\Views\\toolbar.tpl.php')
 5 SYSTEMPATH\Debug\Toolbar.php(496): CodeIgniter\Debug\Toolbar->format([...], 'html')
 6 APPPATH\Config\Events.php(47): CodeIgniter\Debug\Toolbar->respond()
 7 SYSTEMPATH\Events\Events.php(152): CodeIgniter\Events\Events::Config\{closure}()
 8 SYSTEMPATH\CodeIgniter.php(339): CodeIgniter\Events\Events::trigger('pre_system')
 9 SYSTEMPATH\Boot.php(363): CodeIgniter\CodeIgniter->run()
10 SYSTEMPATH\Boot.php(68): CodeIgniter\Boot::runCodeIgniter(Object(CodeIgniter\CodeIgniter))
11 FCPATH\index.php(59): CodeIgniter\Boot::bootWeb(Object(Config\Paths))
DEBUG - 2026-03-04 10:50:56 --> Session: Class initialized using 'CodeIgniter\Session\Handlers\FileHandler' driver.
CRITICAL - 2026-03-04 10:50:56 --> ErrorException: Trying to access array offset on value of type null
[Method: GET, Route: /]
in SYSTEMPATH\Debug\Toolbar.php on line 217.
 1 SYSTEMPATH\Debug\Toolbar.php(217): CodeIgniter\Debug\Exceptions->errorHandler(2, 'Trying to access array offset on value of type null', 'C:\\xampp\\htdocs\\IM\\system\\Debug\\Toolbar.php', 217)
 2 SYSTEMPATH\Debug\Toolbar.php(200): CodeIgniter\Debug\Toolbar->renderTimelineRecursive([...], 1772592656.368565, 6, 10, [], 0)
 3 SYSTEMPATH\Debug\Toolbar\Views\toolbar.tpl.php(105): CodeIgniter\Debug\Toolbar->renderTimeline([...], 1772592656.368565, 6, 10, [])
 4 SYSTEMPATH\Debug\Toolbar.php(533): include('C:\\xampp\\htdocs\\IM\\system\\Debug\\Toolbar\\Views\\toolbar.tpl.php')
 5 SYSTEMPATH\Debug\Toolbar.php(496): CodeIgniter\Debug\Toolbar->format([...], 'html')
 6 APPPATH\Config\Events.php(47): CodeIgniter\Debug\Toolbar->respond()
 7 SYSTEMPATH\Events\Events.php(152): CodeIgniter\Events\Events::Config\{closure}()
 8 SYSTEMPATH\CodeIgniter.php(339): CodeIgniter\Events\Events::trigger('pre_system')
 9 SYSTEMPATH\Boot.php(363): CodeIgniter\CodeIgniter->run()
10 SYSTEMPATH\Boot.php(68): CodeIgniter\Boot::runCodeIgniter(Object(CodeIgniter\CodeIgniter))
11 FCPATH\index.php(59): CodeIgniter\Boot::bootWeb(Object(Config\Paths))
DEBUG - 2026-03-04 10:50:57 --> Session: Class initialized using 'CodeIgniter\Session\Handlers\FileHandler' driver.
DEBUG - 2026-03-04 10:50:57 --> Session: Class initialized using 'CodeIgniter\Session\Handlers\FileHandler' driver.
CRITICAL - 2026-03-04 10:50:57 --> ErrorException: Trying to access array offset on value of type null
[Method: GET, Route: /]
in SYSTEMPATH\Debug\Toolbar.php on line 217.
 1 SYSTEMPATH\Debug\Toolbar.php(217): CodeIgniter\Debug\Exceptions->errorHandler(2, 'Trying to access array offset on value of type null', 'C:\\xampp\\htdocs\\IM\\system\\Debug\\Toolbar.php', 217)
 2 SYSTEMPATH\Debug\Toolbar.php(200): CodeIgniter\Debug\Toolbar->renderTimelineRecursive([...], 1772592657.35406, 5, 10, [], 0)
 3 SYSTEMPATH\Debug\Toolbar\Views\toolbar.tpl.php(105): CodeIgniter\Debug\Toolbar->renderTimeline([...], 1772592657.35406, 5, 10, [])
 4 SYSTEMPATH\Debug\Toolbar.php(533): include('C:\\xampp\\htdocs\\IM\\system\\Debug\\Toolbar\\Views\\toolbar.tpl.php')
 5 SYSTEMPATH\Debug\Toolbar.php(496): CodeIgniter\Debug\Toolbar->format([...], 'html')
 6 APPPATH\Config\Events.php(47): CodeIgniter\Debug\Toolbar->respond()
 7 SYSTEMPATH\Events\Events.php(152): CodeIgniter\Events\Events::Config\{closure}()
 8 SYSTEMPATH\CodeIgniter.php(339): CodeIgniter\Events\Events::trigger('pre_system')
 9 SYSTEMPATH\Boot.php(363): CodeIgniter\CodeIgniter->run()
10 SYSTEMPATH\Boot.php(68): CodeIgniter\Boot::runCodeIgniter(Object(CodeIgniter\CodeIgniter))
11 FCPATH\index.php(59): CodeIgniter\Boot::bootWeb(Object(Config\Paths))
DEBUG - 2026-03-04 10:50:57 --> Session: Class initialized using 'CodeIgniter\Session\Handlers\FileHandler' driver.
DEBUG - 2026-03-04 10:50:58 --> Session: Class initialized using 'CodeIgniter\Session\Handlers\FileHandler' driver.
CRITICAL - 2026-03-04 10:50:58 --> ErrorException: Trying to access array offset on value of type null
[Method: GET, Route: /]
in SYSTEMPATH\Debug\Toolbar.php on line 217.
 1 SYSTEMPATH\Debug\Toolbar.php(217): CodeIgniter\Debug\Exceptions->errorHandler(2, 'Trying to access array offset on value of type null', 'C:\\xampp\\htdocs\\IM\\system\\Debug\\Toolbar.php', 217)
 2 SYSTEMPATH\Debug\Toolbar.php(200): CodeIgniter\Debug\Toolbar->renderTimelineRecursive([...], 1772592657.69185, 5, 10, [], 0)
 3 SYSTEMPATH\Debug\Toolbar\Views\toolbar.tpl.php(105): CodeIgniter\Debug\Toolbar->renderTimeline([...], 1772592657.69185, 5, 10, [])
 4 SYSTEMPATH\Debug\Toolbar.php(533): include('C:\\xampp\\htdocs\\IM\\system\\Debug\\Toolbar\\Views\\toolbar.tpl.php')
 5 SYSTEMPATH\Debug\Toolbar.php(496): CodeIgniter\Debug\Toolbar->format([...], 'html')
 6 APPPATH\Config\Events.php(47): CodeIgniter\Debug\Toolbar->respond()
 7 SYSTEMPATH\Events\Events.php(152): CodeIgniter\Events\Events::Config\{closure}()
 8 SYSTEMPATH\CodeIgniter.php(339): CodeIgniter\Events\Events::trigger('pre_system')
 9 SYSTEMPATH\Boot.php(363): CodeIgniter\CodeIgniter->run()
10 SYSTEMPATH\Boot.php(68): CodeIgniter\Boot::runCodeIgniter(Object(CodeIgniter\CodeIgniter))
11 FCPATH\index.php(59): CodeIgniter\Boot::bootWeb(Object(Config\Paths))
CRITICAL - 2026-03-04 10:50:58 --> ErrorException: Trying to access array offset on value of type null
[Method: GET, Route: /]
in SYSTEMPATH\Debug\Toolbar.php on line 217.
 1 SYSTEMPATH\Debug\Toolbar.php(217): CodeIgniter\Debug\Exceptions->errorHandler(2, 'Trying to access array offset on value of type null', 'C:\\xampp\\htdocs\\IM\\system\\Debug\\Toolbar.php', 217)
 2 SYSTEMPATH\Debug\Toolbar.php(200): CodeIgniter\Debug\Toolbar->renderTimelineRecursive([...], 1772592657.983145, 5, 10, [], 0)
 3 SYSTEMPATH\Debug\Toolbar\Views\toolbar.tpl.php(105): CodeIgniter\Debug\Toolbar->renderTimeline([...], 1772592657.983145, 5, 10, [])
 4 SYSTEMPATH\Debug\Toolbar.php(533): include('C:\\xampp\\htdocs\\IM\\system\\Debug\\Toolbar\\Views\\toolbar.tpl.php')
 5 SYSTEMPATH\Debug\Toolbar.php(496): CodeIgniter\Debug\Toolbar->format([...], 'html')
 6 APPPATH\Config\Events.php(47): CodeIgniter\Debug\Toolbar->respond()
 7 SYSTEMPATH\Events\Events.php(152): CodeIgniter\Events\Events::Config\{closure}()
 8 SYSTEMPATH\CodeIgniter.php(339): CodeIgniter\Events\Events::trigger('pre_system')
 9 SYSTEMPATH\Boot.php(363): CodeIgniter\CodeIgniter->run()
10 SYSTEMPATH\Boot.php(68): CodeIgniter\Boot::runCodeIgniter(Object(CodeIgniter\CodeIgniter))
11 FCPATH\index.php(59): CodeIgniter\Boot::bootWeb(Object(Config\Paths))
DEBUG - 2026-03-04 10:50:59 --> Session: Class initialized using 'CodeIgniter\Session\Handlers\FileHandler' driver.
CRITICAL - 2026-03-04 10:50:59 --> ErrorException: Trying to access array offset on value of type null
[Method: GET, Route: /]
in SYSTEMPATH\Debug\Toolbar.php on line 217.
 1 SYSTEMPATH\Debug\Toolbar.php(217): CodeIgniter\Debug\Exceptions->errorHandler(2, 'Trying to access array offset on value of type null', 'C:\\xampp\\htdocs\\IM\\system\\Debug\\Toolbar.php', 217)
 2 SYSTEMPATH\Debug\Toolbar.php(200): CodeIgniter\Debug\Toolbar->renderTimelineRecursive([...], 1772592659.411357, 7, 10, [], 0)
 3 SYSTEMPATH\Debug\Toolbar\Views\toolbar.tpl.php(105): CodeIgniter\Debug\Toolbar->renderTimeline([...], 1772592659.411357, 7, 10, [])
 4 SYSTEMPATH\Debug\Toolbar.php(533): include('C:\\xampp\\htdocs\\IM\\system\\Debug\\Toolbar\\Views\\toolbar.tpl.php')
 5 SYSTEMPATH\Debug\Toolbar.php(496): CodeIgniter\Debug\Toolbar->format([...], 'html')
 6 APPPATH\Config\Events.php(47): CodeIgniter\Debug\Toolbar->respond()
 7 SYSTEMPATH\Events\Events.php(152): CodeIgniter\Events\Events::Config\{closure}()
 8 SYSTEMPATH\CodeIgniter.php(339): CodeIgniter\Events\Events::trigger('pre_system')
 9 SYSTEMPATH\Boot.php(363): CodeIgniter\CodeIgniter->run()
10 SYSTEMPATH\Boot.php(68): CodeIgniter\Boot::runCodeIgniter(Object(CodeIgniter\CodeIgniter))
11 FCPATH\index.php(59): CodeIgniter\Boot::bootWeb(Object(Config\Paths))
DEBUG - 2026-03-04 10:50:59 --> Session: Class initialized using 'CodeIgniter\Session\Handlers\FileHandler' driver.
DEBUG - 2026-03-04 10:50:59 --> Session: Class initialized using 'CodeIgniter\Session\Handlers\FileHandler' driver.
DEBUG - 2026-03-04 10:51:00 --> Session: Class initialized using 'CodeIgniter\Session\Handlers\FileHandler' driver.
CRITICAL - 2026-03-04 10:51:00 --> ErrorException: Trying to access array offset on value of type null
[Method: GET, Route: /]
in SYSTEMPATH\Debug\Toolbar.php on line 217.
 1 SYSTEMPATH\Debug\Toolbar.php(217): CodeIgniter\Debug\Exceptions->errorHandler(2, 'Trying to access array offset on value of type null', 'C:\\xampp\\htdocs\\IM\\system\\Debug\\Toolbar.php', 217)
 2 SYSTEMPATH\Debug\Toolbar.php(200): CodeIgniter\Debug\Toolbar->renderTimelineRecursive([...], 1772592659.734971, 7, 10, [], 0)
 3 SYSTEMPATH\Debug\Toolbar\Views\toolbar.tpl.php(105): CodeIgniter\Debug\Toolbar->renderTimeline([...], 1772592659.734971, 7, 10, [])
 4 SYSTEMPATH\Debug\Toolbar.php(533): include('C:\\xampp\\htdocs\\IM\\system\\Debug\\Toolbar\\Views\\toolbar.tpl.php')
 5 SYSTEMPATH\Debug\Toolbar.php(496): CodeIgniter\Debug\Toolbar->format([...], 'html')
 6 APPPATH\Config\Events.php(47): CodeIgniter\Debug\Toolbar->respond()
 7 SYSTEMPATH\Events\Events.php(152): CodeIgniter\Events\Events::Config\{closure}()
 8 SYSTEMPATH\CodeIgniter.php(339): CodeIgniter\Events\Events::trigger('pre_system')
 9 SYSTEMPATH\Boot.php(363): CodeIgniter\CodeIgniter->run()
10 SYSTEMPATH\Boot.php(68): CodeIgniter\Boot::runCodeIgniter(Object(CodeIgniter\CodeIgniter))
11 FCPATH\index.php(59): CodeIgniter\Boot::bootWeb(Object(Config\Paths))
DEBUG - 2026-03-04 10:51:00 --> Session: Class initialized using 'CodeIgniter\Session\Handlers\FileHandler' driver.
CRITICAL - 2026-03-04 10:51:00 --> ErrorException: Trying to access array offset on value of type null
[Method: GET, Route: /]
in SYSTEMPATH\Debug\Toolbar.php on line 217.
 1 SYSTEMPATH\Debug\Toolbar.php(217): CodeIgniter\Debug\Exceptions->errorHandler(2, 'Trying to access array offset on value of type null', 'C:\\xampp\\htdocs\\IM\\system\\Debug\\Toolbar.php', 217)
 2 SYSTEMPATH\Debug\Toolbar.php(200): CodeIgniter\Debug\Toolbar->renderTimelineRecursive([...], 1772592660.077064, 7, 10, [], 0)
 3 SYSTEMPATH\Debug\Toolbar\Views\toolbar.tpl.php(105): CodeIgniter\Debug\Toolbar->renderTimeline([...], 1772592660.077064, 7, 10, [])
 4 SYSTEMPATH\Debug\Toolbar.php(533): include('C:\\xampp\\htdocs\\IM\\system\\Debug\\Toolbar\\Views\\toolbar.tpl.php')
 5 SYSTEMPATH\Debug\Toolbar.php(496): CodeIgniter\Debug\Toolbar->format([...], 'html')
 6 APPPATH\Config\Events.php(47): CodeIgniter\Debug\Toolbar->respond()
 7 SYSTEMPATH\Events\Events.php(152): CodeIgniter\Events\Events::Config\{closure}()
 8 SYSTEMPATH\CodeIgniter.php(339): CodeIgniter\Events\Events::trigger('pre_system')
 9 SYSTEMPATH\Boot.php(363): CodeIgniter\CodeIgniter->run()
10 SYSTEMPATH\Boot.php(68): CodeIgniter\Boot::runCodeIgniter(Object(CodeIgniter\CodeIgniter))
11 FCPATH\index.php(59): CodeIgniter\Boot::bootWeb(Object(Config\Paths))
DEBUG - 2026-03-04 10:51:00 --> Session: Class initialized using 'CodeIgniter\Session\Handlers\FileHandler' driver.
CRITICAL - 2026-03-04 10:51:00 --> ErrorException: Trying to access array offset on value of type null
[Method: GET, Route: /]
in SYSTEMPATH\Debug\Toolbar.php on line 217.
 1 SYSTEMPATH\Debug\Toolbar.php(217): CodeIgniter\Debug\Exceptions->errorHandler(2, 'Trying to access array offset on value of type null', 'C:\\xampp\\htdocs\\IM\\system\\Debug\\Toolbar.php', 217)
 2 SYSTEMPATH\Debug\Toolbar.php(200): CodeIgniter\Debug\Toolbar->renderTimelineRecursive([...], 1772592660.350019, 6, 10, [], 0)
 3 SYSTEMPATH\Debug\Toolbar\Views\toolbar.tpl.php(105): CodeIgniter\Debug\Toolbar->renderTimeline([...], 1772592660.350019, 6, 10, [])
 4 SYSTEMPATH\Debug\Toolbar.php(533): include('C:\\xampp\\htdocs\\IM\\system\\Debug\\Toolbar\\Views\\toolbar.tpl.php')
 5 SYSTEMPATH\Debug\Toolbar.php(496): CodeIgniter\Debug\Toolbar->format([...], 'html')
 6 APPPATH\Config\Events.php(47): CodeIgniter\Debug\Toolbar->respond()
 7 SYSTEMPATH\Events\Events.php(152): CodeIgniter\Events\Events::Config\{closure}()
 8 SYSTEMPATH\CodeIgniter.php(339): CodeIgniter\Events\Events::trigger('pre_system')
 9 SYSTEMPATH\Boot.php(363): CodeIgniter\CodeIgniter->run()
10 SYSTEMPATH\Boot.php(68): CodeIgniter\Boot::runCodeIgniter(Object(CodeIgniter\CodeIgniter))
11 FCPATH\index.php(59): CodeIgniter\Boot::bootWeb(Object(Config\Paths))
DEBUG - 2026-03-04 10:51:03 --> Session: Class initialized using 'CodeIgniter\Session\Handlers\FileHandler' driver.
CRITICAL - 2026-03-04 10:51:03 --> ErrorException: Trying to access array offset on value of type null
[Method: GET, Route: /]
in SYSTEMPATH\Debug\Toolbar.php on line 217.
 1 SYSTEMPATH\Debug\Toolbar.php(217): CodeIgniter\Debug\Exceptions->errorHandler(2, 'Trying to access array offset on value of type null', 'C:\\xampp\\htdocs\\IM\\system\\Debug\\Toolbar.php', 217)
 2 SYSTEMPATH\Debug\Toolbar.php(200): CodeIgniter\Debug\Toolbar->renderTimelineRecursive([...], 1772592663.199286, 7, 30, [], 0)
 3 SYSTEMPATH\Debug\Toolbar\Views\toolbar.tpl.php(105): CodeIgniter\Debug\Toolbar->renderTimeline([...], 1772592663.199286, 7, 30, [])
 4 SYSTEMPATH\Debug\Toolbar.php(533): include('C:\\xampp\\htdocs\\IM\\system\\Debug\\Toolbar\\Views\\toolbar.tpl.php')
 5 SYSTEMPATH\Debug\Toolbar.php(496): CodeIgniter\Debug\Toolbar->format([...], 'html')
 6 APPPATH\Config\Events.php(47): CodeIgniter\Debug\Toolbar->respond()
 7 SYSTEMPATH\Events\Events.php(152): CodeIgniter\Events\Events::Config\{closure}()
 8 SYSTEMPATH\CodeIgniter.php(339): CodeIgniter\Events\Events::trigger('pre_system')
 9 SYSTEMPATH\Boot.php(363): CodeIgniter\CodeIgniter->run()
10 SYSTEMPATH\Boot.php(68): CodeIgniter\Boot::runCodeIgniter(Object(CodeIgniter\CodeIgniter))
11 FCPATH\index.php(59): CodeIgniter\Boot::bootWeb(Object(Config\Paths))
DEBUG - 2026-03-04 10:51:15 --> Session: Class initialized using 'CodeIgniter\Session\Handlers\FileHandler' driver.
CRITICAL - 2026-03-04 10:51:15 --> ErrorException: Trying to access array offset on value of type null
[Method: GET, Route: /]
in SYSTEMPATH\Debug\Toolbar.php on line 217.
 1 SYSTEMPATH\Debug\Toolbar.php(217): CodeIgniter\Debug\Exceptions->errorHandler(2, 'Trying to access array offset on value of type null', 'C:\\xampp\\htdocs\\IM\\system\\Debug\\Toolbar.php', 217)
 2 SYSTEMPATH\Debug\Toolbar.php(200): CodeIgniter\Debug\Toolbar->renderTimelineRecursive([...], 1772592675.495323, 5, 10, [], 0)
 3 SYSTEMPATH\Debug\Toolbar\Views\toolbar.tpl.php(105): CodeIgniter\Debug\Toolbar->renderTimeline([...], 1772592675.495323, 5, 10, [])
 4 SYSTEMPATH\Debug\Toolbar.php(533): include('C:\\xampp\\htdocs\\IM\\system\\Debug\\Toolbar\\Views\\toolbar.tpl.php')
 5 SYSTEMPATH\Debug\Toolbar.php(496): CodeIgniter\Debug\Toolbar->format([...], 'html')
 6 APPPATH\Config\Events.php(47): CodeIgniter\Debug\Toolbar->respond()
 7 SYSTEMPATH\Events\Events.php(152): CodeIgniter\Events\Events::Config\{closure}()
 8 SYSTEMPATH\CodeIgniter.php(339): CodeIgniter\Events\Events::trigger('pre_system')
 9 SYSTEMPATH\Boot.php(363): CodeIgniter\CodeIgniter->run()
10 SYSTEMPATH\Boot.php(68): CodeIgniter\Boot::runCodeIgniter(Object(CodeIgniter\CodeIgniter))
11 FCPATH\index.php(59): CodeIgniter\Boot::bootWeb(Object(Config\Paths))
DEBUG - 2026-03-04 10:51:17 --> Session: Class initialized using 'CodeIgniter\Session\Handlers\FileHandler' driver.
DEBUG - 2026-03-04 10:52:29 --> Session: Class initialized using 'CodeIgniter\Session\Handlers\FileHandler' driver.
CRITICAL - 2026-03-04 10:52:30 --> ErrorException: Trying to access array offset on value of type null
[Method: GET, Route: /]
in SYSTEMPATH\Debug\Toolbar.php on line 217.
 1 SYSTEMPATH\Debug\Toolbar.php(217): CodeIgniter\Debug\Exceptions->errorHandler(2, 'Trying to access array offset on value of type null', 'C:\\xampp\\htdocs\\IM\\system\\Debug\\Toolbar.php', 217)
 2 SYSTEMPATH\Debug\Toolbar.php(200): CodeIgniter\Debug\Toolbar->renderTimelineRecursive([...], 1772592749.201463, 5, 10, [], 0)
 3 SYSTEMPATH\Debug\Toolbar\Views\toolbar.tpl.php(105): CodeIgniter\Debug\Toolbar->renderTimeline([...], 1772592749.201463, 5, 10, [])
 4 SYSTEMPATH\Debug\Toolbar.php(533): include('C:\\xampp\\htdocs\\IM\\system\\Debug\\Toolbar\\Views\\toolbar.tpl.php')
 5 SYSTEMPATH\Debug\Toolbar.php(496): CodeIgniter\Debug\Toolbar->format([...], 'html')
 6 APPPATH\Config\Events.php(47): CodeIgniter\Debug\Toolbar->respond()
 7 SYSTEMPATH\Events\Events.php(152): CodeIgniter\Events\Events::Config\{closure}()
 8 SYSTEMPATH\CodeIgniter.php(339): CodeIgniter\Events\Events::trigger('pre_system')
 9 SYSTEMPATH\Boot.php(363): CodeIgniter\CodeIgniter->run()
10 SYSTEMPATH\Boot.php(68): CodeIgniter\Boot::runCodeIgniter(Object(CodeIgniter\CodeIgniter))
11 FCPATH\index.php(59): CodeIgniter\Boot::bootWeb(Object(Config\Paths))
DEBUG - 2026-03-04 10:52:31 --> Session: Class initialized using 'CodeIgniter\Session\Handlers\FileHandler' driver.
DEBUG - 2026-03-04 10:53:31 --> Session: Class initialized using 'CodeIgniter\Session\Handlers\FileHandler' driver.
DEBUG - 2026-03-04 10:53:35 --> Session: Class initialized using 'CodeIgniter\Session\Handlers\FileHandler' driver.
CRITICAL - 2026-03-04 10:53:35 --> ErrorException: Trying to access array offset on value of type null
[Method: GET, Route: /]
in SYSTEMPATH\Debug\Toolbar.php on line 217.
 1 SYSTEMPATH\Debug\Toolbar.php(217): CodeIgniter\Debug\Exceptions->errorHandler(2, 'Trying to access array offset on value of type null', 'C:\\xampp\\htdocs\\IM\\system\\Debug\\Toolbar.php', 217)
 2 SYSTEMPATH\Debug\Toolbar.php(200): CodeIgniter\Debug\Toolbar->renderTimelineRecursive([...], 1772592815.005617, 5, 10, [], 0)
 3 SYSTEMPATH\Debug\Toolbar\Views\toolbar.tpl.php(105): CodeIgniter\Debug\Toolbar->renderTimeline([...], 1772592815.005617, 5, 10, [])
 4 SYSTEMPATH\Debug\Toolbar.php(533): include('C:\\xampp\\htdocs\\IM\\system\\Debug\\Toolbar\\Views\\toolbar.tpl.php')
 5 SYSTEMPATH\Debug\Toolbar.php(496): CodeIgniter\Debug\Toolbar->format([...], 'html')
 6 APPPATH\Config\Events.php(47): CodeIgniter\Debug\Toolbar->respond()
 7 SYSTEMPATH\Events\Events.php(152): CodeIgniter\Events\Events::Config\{closure}()
 8 SYSTEMPATH\CodeIgniter.php(339): CodeIgniter\Events\Events::trigger('pre_system')
 9 SYSTEMPATH\Boot.php(363): CodeIgniter\CodeIgniter->run()
10 SYSTEMPATH\Boot.php(68): CodeIgniter\Boot::runCodeIgniter(Object(CodeIgniter\CodeIgniter))
11 FCPATH\index.php(59): CodeIgniter\Boot::bootWeb(Object(Config\Paths))
DEBUG - 2026-03-04 10:54:06 --> Session: Class initialized using 'CodeIgniter\Session\Handlers\FileHandler' driver.
CRITICAL - 2026-03-04 10:54:13 --> ErrorException: Trying to access array offset on value of type null
[Method: GET, Route: /]
in SYSTEMPATH\Debug\Toolbar.php on line 217.
 1 SYSTEMPATH\Debug\Toolbar.php(217): CodeIgniter\Debug\Exceptions->errorHandler(2, 'Trying to access array offset on value of type null', 'C:\\xampp\\htdocs\\IM\\system\\Debug\\Toolbar.php', 217)
 2 SYSTEMPATH\Debug\Toolbar.php(200): CodeIgniter\Debug\Toolbar->renderTimelineRecursive([...], 1772592846.948598, 5, 10, [], 0)
 3 SYSTEMPATH\Debug\Toolbar\Views\toolbar.tpl.php(105): CodeIgniter\Debug\Toolbar->renderTimeline([...], 1772592846.948598, 5, 10, [])
 4 SYSTEMPATH\Debug\Toolbar.php(533): include('C:\\xampp\\htdocs\\IM\\system\\Debug\\Toolbar\\Views\\toolbar.tpl.php')
 5 SYSTEMPATH\Debug\Toolbar.php(496): CodeIgniter\Debug\Toolbar->format([...], 'html')
 6 APPPATH\Config\Events.php(47): CodeIgniter\Debug\Toolbar->respond()
 7 SYSTEMPATH\Events\Events.php(152): CodeIgniter\Events\Events::Config\{closure}()
 8 SYSTEMPATH\CodeIgniter.php(339): CodeIgniter\Events\Events::trigger('pre_system')
 9 SYSTEMPATH\Boot.php(363): CodeIgniter\CodeIgniter->run()
10 SYSTEMPATH\Boot.php(68): CodeIgniter\Boot::runCodeIgniter(Object(CodeIgniter\CodeIgniter))
11 FCPATH\index.php(59): CodeIgniter\Boot::bootWeb(Object(Config\Paths))
DEBUG - 2026-03-04 10:54:42 --> Session: Class initialized using 'CodeIgniter\Session\Handlers\FileHandler' driver.
DEBUG - 2026-03-04 10:54:42 --> Session: Class initialized using 'CodeIgniter\Session\Handlers\FileHandler' driver.
CRITICAL - 2026-03-04 10:54:42 --> ErrorException: Trying to access array offset on value of type null
[Method: GET, Route: /]
in SYSTEMPATH\Debug\Toolbar.php on line 217.
 1 SYSTEMPATH\Debug\Toolbar.php(217): CodeIgniter\Debug\Exceptions->errorHandler(2, 'Trying to access array offset on value of type null', 'C:\\xampp\\htdocs\\IM\\system\\Debug\\Toolbar.php', 217)
 2 SYSTEMPATH\Debug\Toolbar.php(200): CodeIgniter\Debug\Toolbar->renderTimelineRecursive([...], 1772592882.315522, 5, 10, [], 0)
 3 SYSTEMPATH\Debug\Toolbar\Views\toolbar.tpl.php(105): CodeIgniter\Debug\Toolbar->renderTimeline([...], 1772592882.315522, 5, 10, [])
 4 SYSTEMPATH\Debug\Toolbar.php(533): include('C:\\xampp\\htdocs\\IM\\system\\Debug\\Toolbar\\Views\\toolbar.tpl.php')
 5 SYSTEMPATH\Debug\Toolbar.php(496): CodeIgniter\Debug\Toolbar->format([...], 'html')
 6 APPPATH\Config\Events.php(47): CodeIgniter\Debug\Toolbar->respond()
 7 SYSTEMPATH\Events\Events.php(152): CodeIgniter\Events\Events::Config\{closure}()
 8 SYSTEMPATH\CodeIgniter.php(339): CodeIgniter\Events\Events::trigger('pre_system')
 9 SYSTEMPATH\Boot.php(363): CodeIgniter\CodeIgniter->run()
10 SYSTEMPATH\Boot.php(68): CodeIgniter\Boot::runCodeIgniter(Object(CodeIgniter\CodeIgniter))
11 FCPATH\index.php(59): CodeIgniter\Boot::bootWeb(Object(Config\Paths))
DEBUG - 2026-03-04 10:54:44 --> Session: Class initialized using 'CodeIgniter\Session\Handlers\FileHandler' driver.
CRITICAL - 2026-03-04 10:54:44 --> ErrorException: Trying to access array offset on value of type null
[Method: GET, Route: /]
in SYSTEMPATH\Debug\Toolbar.php on line 217.
 1 SYSTEMPATH\Debug\Toolbar.php(217): CodeIgniter\Debug\Exceptions->errorHandler(2, 'Trying to access array offset on value of type null', 'C:\\xampp\\htdocs\\IM\\system\\Debug\\Toolbar.php', 217)
 2 SYSTEMPATH\Debug\Toolbar.php(200): CodeIgniter\Debug\Toolbar->renderTimelineRecursive([...], 1772592884.00937, 7, 40, [], 0)
 3 SYSTEMPATH\Debug\Toolbar\Views\toolbar.tpl.php(105): CodeIgniter\Debug\Toolbar->renderTimeline([...], 1772592884.00937, 7, 40, [])
 4 SYSTEMPATH\Debug\Toolbar.php(533): include('C:\\xampp\\htdocs\\IM\\system\\Debug\\Toolbar\\Views\\toolbar.tpl.php')
 5 SYSTEMPATH\Debug\Toolbar.php(496): CodeIgniter\Debug\Toolbar->format([...], 'html')
 6 APPPATH\Config\Events.php(47): CodeIgniter\Debug\Toolbar->respond()
 7 SYSTEMPATH\Events\Events.php(152): CodeIgniter\Events\Events::Config\{closure}()
 8 SYSTEMPATH\CodeIgniter.php(339): CodeIgniter\Events\Events::trigger('pre_system')
 9 SYSTEMPATH\Boot.php(363): CodeIgniter\CodeIgniter->run()
10 SYSTEMPATH\Boot.php(68): CodeIgniter\Boot::runCodeIgniter(Object(CodeIgniter\CodeIgniter))
11 FCPATH\index.php(59): CodeIgniter\Boot::bootWeb(Object(Config\Paths))
DEBUG - 2026-03-04 10:54:50 --> Session: Class initialized using 'CodeIgniter\Session\Handlers\FileHandler' driver.
CRITICAL - 2026-03-04 10:54:50 --> ErrorException: Trying to access array offset on value of type null
[Method: GET, Route: /]
in SYSTEMPATH\Debug\Toolbar.php on line 217.
 1 SYSTEMPATH\Debug\Toolbar.php(217): CodeIgniter\Debug\Exceptions->errorHandler(2, 'Trying to access array offset on value of type null', 'C:\\xampp\\htdocs\\IM\\system\\Debug\\Toolbar.php', 217)
 2 SYSTEMPATH\Debug\Toolbar.php(200): CodeIgniter\Debug\Toolbar->renderTimelineRecursive([...], 1772592890.524321, 7, 30, [], 0)
 3 SYSTEMPATH\Debug\Toolbar\Views\toolbar.tpl.php(105): CodeIgniter\Debug\Toolbar->renderTimeline([...], 1772592890.524321, 7, 30, [])
 4 SYSTEMPATH\Debug\Toolbar.php(533): include('C:\\xampp\\htdocs\\IM\\system\\Debug\\Toolbar\\Views\\toolbar.tpl.php')
 5 SYSTEMPATH\Debug\Toolbar.php(496): CodeIgniter\Debug\Toolbar->format([...], 'html')
 6 APPPATH\Config\Events.php(47): CodeIgniter\Debug\Toolbar->respond()
 7 SYSTEMPATH\Events\Events.php(152): CodeIgniter\Events\Events::Config\{closure}()
 8 SYSTEMPATH\CodeIgniter.php(339): CodeIgniter\Events\Events::trigger('pre_system')
 9 SYSTEMPATH\Boot.php(363): CodeIgniter\CodeIgniter->run()
10 SYSTEMPATH\Boot.php(68): CodeIgniter\Boot::runCodeIgniter(Object(CodeIgniter\CodeIgniter))
11 FCPATH\index.php(59): CodeIgniter\Boot::bootWeb(Object(Config\Paths))
DEBUG - 2026-03-04 10:54:57 --> Session: Class initialized using 'CodeIgniter\Session\Handlers\FileHandler' driver.
DEBUG - 2026-03-04 10:54:58 --> Session: Class initialized using 'CodeIgniter\Session\Handlers\FileHandler' driver.
CRITICAL - 2026-03-04 10:54:58 --> ErrorException: Trying to access array offset on value of type null
[Method: GET, Route: /]
in SYSTEMPATH\Debug\Toolbar.php on line 217.
 1 SYSTEMPATH\Debug\Toolbar.php(217): CodeIgniter\Debug\Exceptions->errorHandler(2, 'Trying to access array offset on value of type null', 'C:\\xampp\\htdocs\\IM\\system\\Debug\\Toolbar.php', 217)
 2 SYSTEMPATH\Debug\Toolbar.php(200): CodeIgniter\Debug\Toolbar->renderTimelineRecursive([...], 1772592898.213727, 7, 10, [], 0)
 3 SYSTEMPATH\Debug\Toolbar\Views\toolbar.tpl.php(105): CodeIgniter\Debug\Toolbar->renderTimeline([...], 1772592898.213727, 7, 10, [])
 4 SYSTEMPATH\Debug\Toolbar.php(533): include('C:\\xampp\\htdocs\\IM\\system\\Debug\\Toolbar\\Views\\toolbar.tpl.php')
 5 SYSTEMPATH\Debug\Toolbar.php(496): CodeIgniter\Debug\Toolbar->format([...], 'html')
 6 APPPATH\Config\Events.php(47): CodeIgniter\Debug\Toolbar->respond()
 7 SYSTEMPATH\Events\Events.php(152): CodeIgniter\Events\Events::Config\{closure}()
 8 SYSTEMPATH\CodeIgniter.php(339): CodeIgniter\Events\Events::trigger('pre_system')
 9 SYSTEMPATH\Boot.php(363): CodeIgniter\CodeIgniter->run()
10 SYSTEMPATH\Boot.php(68): CodeIgniter\Boot::runCodeIgniter(Object(CodeIgniter\CodeIgniter))
11 FCPATH\index.php(59): CodeIgniter\Boot::bootWeb(Object(Config\Paths))
DEBUG - 2026-03-04 10:55:11 --> Session: Class initialized using 'CodeIgniter\Session\Handlers\FileHandler' driver.
CRITICAL - 2026-03-04 10:55:12 --> ErrorException: Trying to access array offset on value of type null
[Method: GET, Route: /]
in SYSTEMPATH\Debug\Toolbar.php on line 217.
 1 SYSTEMPATH\Debug\Toolbar.php(217): CodeIgniter\Debug\Exceptions->errorHandler(2, 'Trying to access array offset on value of type null', 'C:\\xampp\\htdocs\\IM\\system\\Debug\\Toolbar.php', 217)
 2 SYSTEMPATH\Debug\Toolbar.php(200): CodeIgniter\Debug\Toolbar->renderTimelineRecursive([...], 1772592911.431624, 6, 15, [], 0)
 3 SYSTEMPATH\Debug\Toolbar\Views\toolbar.tpl.php(105): CodeIgniter\Debug\Toolbar->renderTimeline([...], 1772592911.431624, 6, 15, [])
 4 SYSTEMPATH\Debug\Toolbar.php(533): include('C:\\xampp\\htdocs\\IM\\system\\Debug\\Toolbar\\Views\\toolbar.tpl.php')
 5 SYSTEMPATH\Debug\Toolbar.php(496): CodeIgniter\Debug\Toolbar->format([...], 'html')
 6 APPPATH\Config\Events.php(47): CodeIgniter\Debug\Toolbar->respond()
 7 SYSTEMPATH\Events\Events.php(152): CodeIgniter\Events\Events::Config\{closure}()
 8 SYSTEMPATH\CodeIgniter.php(339): CodeIgniter\Events\Events::trigger('pre_system')
 9 SYSTEMPATH\Boot.php(363): CodeIgniter\CodeIgniter->run()
10 SYSTEMPATH\Boot.php(68): CodeIgniter\Boot::runCodeIgniter(Object(CodeIgniter\CodeIgniter))
11 FCPATH\index.php(59): CodeIgniter\Boot::bootWeb(Object(Config\Paths))
DEBUG - 2026-03-04 10:56:49 --> Session: Class initialized using 'CodeIgniter\Session\Handlers\FileHandler' driver.
CRITICAL - 2026-03-04 10:56:49 --> ErrorException: Trying to access array offset on value of type null
[Method: GET, Route: /]
in SYSTEMPATH\Debug\Toolbar.php on line 217.
 1 SYSTEMPATH\Debug\Toolbar.php(217): CodeIgniter\Debug\Exceptions->errorHandler(2, 'Trying to access array offset on value of type null', 'C:\\xampp\\htdocs\\IM\\system\\Debug\\Toolbar.php', 217)
 2 SYSTEMPATH\Debug\Toolbar.php(200): CodeIgniter\Debug\Toolbar->renderTimelineRecursive([...], 1772593009.237553, 6, 20, [], 0)
 3 SYSTEMPATH\Debug\Toolbar\Views\toolbar.tpl.php(105): CodeIgniter\Debug\Toolbar->renderTimeline([...], 1772593009.237553, 6, 20, [])
 4 SYSTEMPATH\Debug\Toolbar.php(533): include('C:\\xampp\\htdocs\\IM\\system\\Debug\\Toolbar\\Views\\toolbar.tpl.php')
 5 SYSTEMPATH\Debug\Toolbar.php(496): CodeIgniter\Debug\Toolbar->format([...], 'html')
 6 APPPATH\Config\Events.php(47): CodeIgniter\Debug\Toolbar->respond()
 7 SYSTEMPATH\Events\Events.php(152): CodeIgniter\Events\Events::Config\{closure}()
 8 SYSTEMPATH\CodeIgniter.php(339): CodeIgniter\Events\Events::trigger('pre_system')
 9 SYSTEMPATH\Boot.php(363): CodeIgniter\CodeIgniter->run()
10 SYSTEMPATH\Boot.php(68): CodeIgniter\Boot::runCodeIgniter(Object(CodeIgniter\CodeIgniter))
11 FCPATH\index.php(59): CodeIgniter\Boot::bootWeb(Object(Config\Paths))
DEBUG - 2026-03-04 10:56:51 --> Session: Class initialized using 'CodeIgniter\Session\Handlers\FileHandler' driver.
CRITICAL - 2026-03-04 10:56:51 --> ErrorException: Trying to access array offset on value of type null
[Method: GET, Route: /]
in SYSTEMPATH\Debug\Toolbar.php on line 217.
 1 SYSTEMPATH\Debug\Toolbar.php(217): CodeIgniter\Debug\Exceptions->errorHandler(2, 'Trying to access array offset on value of type null', 'C:\\xampp\\htdocs\\IM\\system\\Debug\\Toolbar.php', 217)
 2 SYSTEMPATH\Debug\Toolbar.php(200): CodeIgniter\Debug\Toolbar->renderTimelineRecursive([...], 1772593011.457067, 6, 15, [], 0)
 3 SYSTEMPATH\Debug\Toolbar\Views\toolbar.tpl.php(105): CodeIgniter\Debug\Toolbar->renderTimeline([...], 1772593011.457067, 6, 15, [])
 4 SYSTEMPATH\Debug\Toolbar.php(533): include('C:\\xampp\\htdocs\\IM\\system\\Debug\\Toolbar\\Views\\toolbar.tpl.php')
 5 SYSTEMPATH\Debug\Toolbar.php(496): CodeIgniter\Debug\Toolbar->format([...], 'html')
 6 APPPATH\Config\Events.php(47): CodeIgniter\Debug\Toolbar->respond()
 7 SYSTEMPATH\Events\Events.php(152): CodeIgniter\Events\Events::Config\{closure}()
 8 SYSTEMPATH\CodeIgniter.php(339): CodeIgniter\Events\Events::trigger('pre_system')
 9 SYSTEMPATH\Boot.php(363): CodeIgniter\CodeIgniter->run()
10 SYSTEMPATH\Boot.php(68): CodeIgniter\Boot::runCodeIgniter(Object(CodeIgniter\CodeIgniter))
11 FCPATH\index.php(59): CodeIgniter\Boot::bootWeb(Object(Config\Paths))
DEBUG - 2026-03-04 10:56:54 --> Session: Class initialized using 'CodeIgniter\Session\Handlers\FileHandler' driver.
DEBUG - 2026-03-04 10:56:54 --> Session: Class initialized using 'CodeIgniter\Session\Handlers\FileHandler' driver.
CRITICAL - 2026-03-04 10:56:54 --> ErrorException: Trying to access array offset on value of type null
[Method: GET, Route: /]
in SYSTEMPATH\Debug\Toolbar.php on line 217.
 1 SYSTEMPATH\Debug\Toolbar.php(217): CodeIgniter\Debug\Exceptions->errorHandler(2, 'Trying to access array offset on value of type null', 'C:\\xampp\\htdocs\\IM\\system\\Debug\\Toolbar.php', 217)
 2 SYSTEMPATH\Debug\Toolbar.php(200): CodeIgniter\Debug\Toolbar->renderTimelineRecursive([...], 1772593014.176953, 5, 15, [], 0)
 3 SYSTEMPATH\Debug\Toolbar\Views\toolbar.tpl.php(105): CodeIgniter\Debug\Toolbar->renderTimeline([...], 1772593014.176953, 5, 15, [])
 4 SYSTEMPATH\Debug\Toolbar.php(533): include('C:\\xampp\\htdocs\\IM\\system\\Debug\\Toolbar\\Views\\toolbar.tpl.php')
 5 SYSTEMPATH\Debug\Toolbar.php(496): CodeIgniter\Debug\Toolbar->format([...], 'html')
 6 APPPATH\Config\Events.php(47): CodeIgniter\Debug\Toolbar->respond()
 7 SYSTEMPATH\Events\Events.php(152): CodeIgniter\Events\Events::Config\{closure}()
 8 SYSTEMPATH\CodeIgniter.php(339): CodeIgniter\Events\Events::trigger('pre_system')
 9 SYSTEMPATH\Boot.php(363): CodeIgniter\CodeIgniter->run()
10 SYSTEMPATH\Boot.php(68): CodeIgniter\Boot::runCodeIgniter(Object(CodeIgniter\CodeIgniter))
11 FCPATH\index.php(59): CodeIgniter\Boot::bootWeb(Object(Config\Paths))
DEBUG - 2026-03-04 10:56:58 --> Session: Class initialized using 'CodeIgniter\Session\Handlers\FileHandler' driver.
DEBUG - 2026-03-04 10:56:58 --> Session: Class initialized using 'CodeIgniter\Session\Handlers\FileHandler' driver.
DEBUG - 2026-03-04 10:57:07 --> Session: Class initialized using 'CodeIgniter\Session\Handlers\FileHandler' driver.
CRITICAL - 2026-03-04 10:57:07 --> ErrorException: Trying to access array offset on value of type null
[Method: GET, Route: /]
in SYSTEMPATH\Debug\Toolbar.php on line 217.
 1 SYSTEMPATH\Debug\Toolbar.php(217): CodeIgniter\Debug\Exceptions->errorHandler(2, 'Trying to access array offset on value of type null', 'C:\\xampp\\htdocs\\IM\\system\\Debug\\Toolbar.php', 217)
 2 SYSTEMPATH\Debug\Toolbar.php(200): CodeIgniter\Debug\Toolbar->renderTimelineRecursive([...], 1772593027.024378, 5, 10, [], 0)
 3 SYSTEMPATH\Debug\Toolbar\Views\toolbar.tpl.php(105): CodeIgniter\Debug\Toolbar->renderTimeline([...], 1772593027.024378, 5, 10, [])
 4 SYSTEMPATH\Debug\Toolbar.php(533): include('C:\\xampp\\htdocs\\IM\\system\\Debug\\Toolbar\\Views\\toolbar.tpl.php')
 5 SYSTEMPATH\Debug\Toolbar.php(496): CodeIgniter\Debug\Toolbar->format([...], 'html')
 6 APPPATH\Config\Events.php(47): CodeIgniter\Debug\Toolbar->respond()
 7 SYSTEMPATH\Events\Events.php(152): CodeIgniter\Events\Events::Config\{closure}()
 8 SYSTEMPATH\CodeIgniter.php(339): CodeIgniter\Events\Events::trigger('pre_system')
 9 SYSTEMPATH\Boot.php(363): CodeIgniter\CodeIgniter->run()
10 SYSTEMPATH\Boot.php(68): CodeIgniter\Boot::runCodeIgniter(Object(CodeIgniter\CodeIgniter))
11 FCPATH\index.php(59): CodeIgniter\Boot::bootWeb(Object(Config\Paths))
DEBUG - 2026-03-04 10:57:08 --> Session: Class initialized using 'CodeIgniter\Session\Handlers\FileHandler' driver.
CRITICAL - 2026-03-04 10:57:09 --> ErrorException: Trying to access array offset on value of type null
[Method: GET, Route: /]
in SYSTEMPATH\Debug\Toolbar.php on line 217.
 1 SYSTEMPATH\Debug\Toolbar.php(217): CodeIgniter\Debug\Exceptions->errorHandler(2, 'Trying to access array offset on value of type null', 'C:\\xampp\\htdocs\\IM\\system\\Debug\\Toolbar.php', 217)
 2 SYSTEMPATH\Debug\Toolbar.php(200): CodeIgniter\Debug\Toolbar->renderTimelineRecursive([...], 1772593028.815095, 5, 10, [], 0)
 3 SYSTEMPATH\Debug\Toolbar\Views\toolbar.tpl.php(105): CodeIgniter\Debug\Toolbar->renderTimeline([...], 1772593028.815095, 5, 10, [])
 4 SYSTEMPATH\Debug\Toolbar.php(533): include('C:\\xampp\\htdocs\\IM\\system\\Debug\\Toolbar\\Views\\toolbar.tpl.php')
 5 SYSTEMPATH\Debug\Toolbar.php(496): CodeIgniter\Debug\Toolbar->format([...], 'html')
 6 APPPATH\Config\Events.php(47): CodeIgniter\Debug\Toolbar->respond()
 7 SYSTEMPATH\Events\Events.php(152): CodeIgniter\Events\Events::Config\{closure}()
 8 SYSTEMPATH\CodeIgniter.php(339): CodeIgniter\Events\Events::trigger('pre_system')
 9 SYSTEMPATH\Boot.php(363): CodeIgniter\CodeIgniter->run()
10 SYSTEMPATH\Boot.php(68): CodeIgniter\Boot::runCodeIgniter(Object(CodeIgniter\CodeIgniter))
11 FCPATH\index.php(59): CodeIgniter\Boot::bootWeb(Object(Config\Paths))
DEBUG - 2026-03-04 10:57:09 --> Session: Class initialized using 'CodeIgniter\Session\Handlers\FileHandler' driver.
CRITICAL - 2026-03-04 10:57:10 --> ErrorException: Trying to access array offset on value of type null
[Method: GET, Route: /]
in SYSTEMPATH\Debug\Toolbar.php on line 217.
 1 SYSTEMPATH\Debug\Toolbar.php(217): CodeIgniter\Debug\Exceptions->errorHandler(2, 'Trying to access array offset on value of type null', 'C:\\xampp\\htdocs\\IM\\system\\Debug\\Toolbar.php', 217)
 2 SYSTEMPATH\Debug\Toolbar.php(200): CodeIgniter\Debug\Toolbar->renderTimelineRecursive([...], 1772593029.671504, 6, 10, [], 0)
 3 SYSTEMPATH\Debug\Toolbar\Views\toolbar.tpl.php(105): CodeIgniter\Debug\Toolbar->renderTimeline([...], 1772593029.671504, 6, 10, [])
 4 SYSTEMPATH\Debug\Toolbar.php(533): include('C:\\xampp\\htdocs\\IM\\system\\Debug\\Toolbar\\Views\\toolbar.tpl.php')
 5 SYSTEMPATH\Debug\Toolbar.php(496): CodeIgniter\Debug\Toolbar->format([...], 'html')
 6 APPPATH\Config\Events.php(47): CodeIgniter\Debug\Toolbar->respond()
 7 SYSTEMPATH\Events\Events.php(152): CodeIgniter\Events\Events::Config\{closure}()
 8 SYSTEMPATH\CodeIgniter.php(339): CodeIgniter\Events\Events::trigger('pre_system')
 9 SYSTEMPATH\Boot.php(363): CodeIgniter\CodeIgniter->run()
10 SYSTEMPATH\Boot.php(68): CodeIgniter\Boot::runCodeIgniter(Object(CodeIgniter\CodeIgniter))
11 FCPATH\index.php(59): CodeIgniter\Boot::bootWeb(Object(Config\Paths))
DEBUG - 2026-03-04 10:57:10 --> Session: Class initialized using 'CodeIgniter\Session\Handlers\FileHandler' driver.
CRITICAL - 2026-03-04 10:57:10 --> ErrorException: Trying to access array offset on value of type null
[Method: GET, Route: /]
in SYSTEMPATH\Debug\Toolbar.php on line 217.
 1 SYSTEMPATH\Debug\Toolbar.php(217): CodeIgniter\Debug\Exceptions->errorHandler(2, 'Trying to access array offset on value of type null', 'C:\\xampp\\htdocs\\IM\\system\\Debug\\Toolbar.php', 217)
 2 SYSTEMPATH\Debug\Toolbar.php(200): CodeIgniter\Debug\Toolbar->renderTimelineRecursive([...], 1772593030.404855, 5, 10, [], 0)
 3 SYSTEMPATH\Debug\Toolbar\Views\toolbar.tpl.php(105): CodeIgniter\Debug\Toolbar->renderTimeline([...], 1772593030.404855, 5, 10, [])
 4 SYSTEMPATH\Debug\Toolbar.php(533): include('C:\\xampp\\htdocs\\IM\\system\\Debug\\Toolbar\\Views\\toolbar.tpl.php')
 5 SYSTEMPATH\Debug\Toolbar.php(496): CodeIgniter\Debug\Toolbar->format([...], 'html')
 6 APPPATH\Config\Events.php(47): CodeIgniter\Debug\Toolbar->respond()
 7 SYSTEMPATH\Events\Events.php(152): CodeIgniter\Events\Events::Config\{closure}()
 8 SYSTEMPATH\CodeIgniter.php(339): CodeIgniter\Events\Events::trigger('pre_system')
 9 SYSTEMPATH\Boot.php(363): CodeIgniter\CodeIgniter->run()
10 SYSTEMPATH\Boot.php(68): CodeIgniter\Boot::runCodeIgniter(Object(CodeIgniter\CodeIgniter))
11 FCPATH\index.php(59): CodeIgniter\Boot::bootWeb(Object(Config\Paths))
DEBUG - 2026-03-04 10:57:11 --> Session: Class initialized using 'CodeIgniter\Session\Handlers\FileHandler' driver.
DEBUG - 2026-03-04 10:57:38 --> Session: Class initialized using 'CodeIgniter\Session\Handlers\FileHandler' driver.
DEBUG - 2026-03-04 10:57:40 --> Session: Class initialized using 'CodeIgniter\Session\Handlers\FileHandler' driver.
CRITICAL - 2026-03-04 10:57:41 --> ErrorException: Trying to access array offset on value of type null
[Method: GET, Route: /]
in SYSTEMPATH\Debug\Toolbar.php on line 217.
 1 SYSTEMPATH\Debug\Toolbar.php(217): CodeIgniter\Debug\Exceptions->errorHandler(2, 'Trying to access array offset on value of type null', 'C:\\xampp\\htdocs\\IM\\system\\Debug\\Toolbar.php', 217)
 2 SYSTEMPATH\Debug\Toolbar.php(200): CodeIgniter\Debug\Toolbar->renderTimelineRecursive([...], 1772593060.50801, 5, 10, [], 0)
 3 SYSTEMPATH\Debug\Toolbar\Views\toolbar.tpl.php(105): CodeIgniter\Debug\Toolbar->renderTimeline([...], 1772593060.50801, 5, 10, [])
 4 SYSTEMPATH\Debug\Toolbar.php(533): include('C:\\xampp\\htdocs\\IM\\system\\Debug\\Toolbar\\Views\\toolbar.tpl.php')
 5 SYSTEMPATH\Debug\Toolbar.php(496): CodeIgniter\Debug\Toolbar->format([...], 'html')
 6 APPPATH\Config\Events.php(47): CodeIgniter\Debug\Toolbar->respond()
 7 SYSTEMPATH\Events\Events.php(152): CodeIgniter\Events\Events::Config\{closure}()
 8 SYSTEMPATH\CodeIgniter.php(339): CodeIgniter\Events\Events::trigger('pre_system')
 9 SYSTEMPATH\Boot.php(363): CodeIgniter\CodeIgniter->run()
10 SYSTEMPATH\Boot.php(68): CodeIgniter\Boot::runCodeIgniter(Object(CodeIgniter\CodeIgniter))
11 FCPATH\index.php(59): CodeIgniter\Boot::bootWeb(Object(Config\Paths))
DEBUG - 2026-03-04 10:57:43 --> Session: Class initialized using 'CodeIgniter\Session\Handlers\FileHandler' driver.
CRITICAL - 2026-03-04 10:57:43 --> ErrorException: Trying to access array offset on value of type null
[Method: GET, Route: /]
in SYSTEMPATH\Debug\Toolbar.php on line 217.
 1 SYSTEMPATH\Debug\Toolbar.php(217): CodeIgniter\Debug\Exceptions->errorHandler(2, 'Trying to access array offset on value of type null', 'C:\\xampp\\htdocs\\IM\\system\\Debug\\Toolbar.php', 217)
 2 SYSTEMPATH\Debug\Toolbar.php(200): CodeIgniter\Debug\Toolbar->renderTimelineRecursive([...], 1772593062.99988, 6, 10, [], 0)
 3 SYSTEMPATH\Debug\Toolbar\Views\toolbar.tpl.php(105): CodeIgniter\Debug\Toolbar->renderTimeline([...], 1772593062.99988, 6, 10, [])
 4 SYSTEMPATH\Debug\Toolbar.php(533): include('C:\\xampp\\htdocs\\IM\\system\\Debug\\Toolbar\\Views\\toolbar.tpl.php')
 5 SYSTEMPATH\Debug\Toolbar.php(496): CodeIgniter\Debug\Toolbar->format([...], 'html')
 6 APPPATH\Config\Events.php(47): CodeIgniter\Debug\Toolbar->respond()
 7 SYSTEMPATH\Events\Events.php(152): CodeIgniter\Events\Events::Config\{closure}()
 8 SYSTEMPATH\CodeIgniter.php(339): CodeIgniter\Events\Events::trigger('pre_system')
 9 SYSTEMPATH\Boot.php(363): CodeIgniter\CodeIgniter->run()
10 SYSTEMPATH\Boot.php(68): CodeIgniter\Boot::runCodeIgniter(Object(CodeIgniter\CodeIgniter))
11 FCPATH\index.php(59): CodeIgniter\Boot::bootWeb(Object(Config\Paths))
DEBUG - 2026-03-04 10:57:45 --> Session: Class initialized using 'CodeIgniter\Session\Handlers\FileHandler' driver.
CRITICAL - 2026-03-04 10:57:45 --> ErrorException: Trying to access array offset on value of type null
[Method: GET, Route: /]
in SYSTEMPATH\Debug\Toolbar.php on line 217.
 1 SYSTEMPATH\Debug\Toolbar.php(217): CodeIgniter\Debug\Exceptions->errorHandler(2, 'Trying to access array offset on value of type null', 'C:\\xampp\\htdocs\\IM\\system\\Debug\\Toolbar.php', 217)
 2 SYSTEMPATH\Debug\Toolbar.php(200): CodeIgniter\Debug\Toolbar->renderTimelineRecursive([...], 1772593065.309438, 6, 10, [], 0)
 3 SYSTEMPATH\Debug\Toolbar\Views\toolbar.tpl.php(105): CodeIgniter\Debug\Toolbar->renderTimeline([...], 1772593065.309438, 6, 10, [])
 4 SYSTEMPATH\Debug\Toolbar.php(533): include('C:\\xampp\\htdocs\\IM\\system\\Debug\\Toolbar\\Views\\toolbar.tpl.php')
 5 SYSTEMPATH\Debug\Toolbar.php(496): CodeIgniter\Debug\Toolbar->format([...], 'html')
 6 APPPATH\Config\Events.php(47): CodeIgniter\Debug\Toolbar->respond()
 7 SYSTEMPATH\Events\Events.php(152): CodeIgniter\Events\Events::Config\{closure}()
 8 SYSTEMPATH\CodeIgniter.php(339): CodeIgniter\Events\Events::trigger('pre_system')
 9 SYSTEMPATH\Boot.php(363): CodeIgniter\CodeIgniter->run()
10 SYSTEMPATH\Boot.php(68): CodeIgniter\Boot::runCodeIgniter(Object(CodeIgniter\CodeIgniter))
11 FCPATH\index.php(59): CodeIgniter\Boot::bootWeb(Object(Config\Paths))
DEBUG - 2026-03-04 10:57:48 --> Session: Class initialized using 'CodeIgniter\Session\Handlers\FileHandler' driver.
DEBUG - 2026-03-04 10:57:48 --> Session: Class initialized using 'CodeIgniter\Session\Handlers\FileHandler' driver.
DEBUG - 2026-03-04 10:57:52 --> Session: Class initialized using 'CodeIgniter\Session\Handlers\FileHandler' driver.
CRITICAL - 2026-03-04 10:57:52 --> ErrorException: Trying to access array offset on value of type null
[Method: GET, Route: /]
in SYSTEMPATH\Debug\Toolbar.php on line 217.
 1 SYSTEMPATH\Debug\Toolbar.php(217): CodeIgniter\Debug\Exceptions->errorHandler(2, 'Trying to access array offset on value of type null', 'C:\\xampp\\htdocs\\IM\\system\\Debug\\Toolbar.php', 217)
 2 SYSTEMPATH\Debug\Toolbar.php(200): CodeIgniter\Debug\Toolbar->renderTimelineRecursive([...], 1772593072.138718, 6, 10, [], 0)
 3 SYSTEMPATH\Debug\Toolbar\Views\toolbar.tpl.php(105): CodeIgniter\Debug\Toolbar->renderTimeline([...], 1772593072.138718, 6, 10, [])
 4 SYSTEMPATH\Debug\Toolbar.php(533): include('C:\\xampp\\htdocs\\IM\\system\\Debug\\Toolbar\\Views\\toolbar.tpl.php')
 5 SYSTEMPATH\Debug\Toolbar.php(496): CodeIgniter\Debug\Toolbar->format([...], 'html')
 6 APPPATH\Config\Events.php(47): CodeIgniter\Debug\Toolbar->respond()
 7 SYSTEMPATH\Events\Events.php(152): CodeIgniter\Events\Events::Config\{closure}()
 8 SYSTEMPATH\CodeIgniter.php(339): CodeIgniter\Events\Events::trigger('pre_system')
 9 SYSTEMPATH\Boot.php(363): CodeIgniter\CodeIgniter->run()
10 SYSTEMPATH\Boot.php(68): CodeIgniter\Boot::runCodeIgniter(Object(CodeIgniter\CodeIgniter))
11 FCPATH\index.php(59): CodeIgniter\Boot::bootWeb(Object(Config\Paths))
DEBUG - 2026-03-04 10:57:53 --> Session: Class initialized using 'CodeIgniter\Session\Handlers\FileHandler' driver.
CRITICAL - 2026-03-04 10:57:54 --> ErrorException: Trying to access array offset on value of type null
[Method: GET, Route: /]
in SYSTEMPATH\Debug\Toolbar.php on line 217.
 1 SYSTEMPATH\Debug\Toolbar.php(217): CodeIgniter\Debug\Exceptions->errorHandler(2, 'Trying to access array offset on value of type null', 'C:\\xampp\\htdocs\\IM\\system\\Debug\\Toolbar.php', 217)
 2 SYSTEMPATH\Debug\Toolbar.php(200): CodeIgniter\Debug\Toolbar->renderTimelineRecursive([...], 1772593073.696635, 5, 10, [], 0)
 3 SYSTEMPATH\Debug\Toolbar\Views\toolbar.tpl.php(105): CodeIgniter\Debug\Toolbar->renderTimeline([...], 1772593073.696635, 5, 10, [])
 4 SYSTEMPATH\Debug\Toolbar.php(533): include('C:\\xampp\\htdocs\\IM\\system\\Debug\\Toolbar\\Views\\toolbar.tpl.php')
 5 SYSTEMPATH\Debug\Toolbar.php(496): CodeIgniter\Debug\Toolbar->format([...], 'html')
 6 APPPATH\Config\Events.php(47): CodeIgniter\Debug\Toolbar->respond()
 7 SYSTEMPATH\Events\Events.php(152): CodeIgniter\Events\Events::Config\{closure}()
 8 SYSTEMPATH\CodeIgniter.php(339): CodeIgniter\Events\Events::trigger('pre_system')
 9 SYSTEMPATH\Boot.php(363): CodeIgniter\CodeIgniter->run()
10 SYSTEMPATH\Boot.php(68): CodeIgniter\Boot::runCodeIgniter(Object(CodeIgniter\CodeIgniter))
11 FCPATH\index.php(59): CodeIgniter\Boot::bootWeb(Object(Config\Paths))
DEBUG - 2026-03-04 11:01:07 --> Session: Class initialized using 'CodeIgniter\Session\Handlers\FileHandler' driver.
DEBUG - 2026-03-04 11:01:53 --> Session: Class initialized using 'CodeIgniter\Session\Handlers\FileHandler' driver.
DEBUG - 2026-03-04 11:01:56 --> Session: Class initialized using 'CodeIgniter\Session\Handlers\FileHandler' driver.
CRITICAL - 2026-03-04 11:01:57 --> ErrorException: Trying to access array offset on value of type null
[Method: GET, Route: /]
in SYSTEMPATH\Debug\Toolbar.php on line 217.
 1 SYSTEMPATH\Debug\Toolbar.php(217): CodeIgniter\Debug\Exceptions->errorHandler(2, 'Trying to access array offset on value of type null', 'C:\\xampp\\htdocs\\IM\\system\\Debug\\Toolbar.php', 217)
 2 SYSTEMPATH\Debug\Toolbar.php(200): CodeIgniter\Debug\Toolbar->renderTimelineRecursive([...], 1772593316.123378, 7, 10, [], 0)
 3 SYSTEMPATH\Debug\Toolbar\Views\toolbar.tpl.php(105): CodeIgniter\Debug\Toolbar->renderTimeline([...], 1772593316.123378, 7, 10, [])
 4 SYSTEMPATH\Debug\Toolbar.php(533): include('C:\\xampp\\htdocs\\IM\\system\\Debug\\Toolbar\\Views\\toolbar.tpl.php')
 5 SYSTEMPATH\Debug\Toolbar.php(496): CodeIgniter\Debug\Toolbar->format([...], 'html')
 6 APPPATH\Config\Events.php(47): CodeIgniter\Debug\Toolbar->respond()
 7 SYSTEMPATH\Events\Events.php(152): CodeIgniter\Events\Events::Config\{closure}()
 8 SYSTEMPATH\CodeIgniter.php(339): CodeIgniter\Events\Events::trigger('pre_system')
 9 SYSTEMPATH\Boot.php(363): CodeIgniter\CodeIgniter->run()
10 SYSTEMPATH\Boot.php(68): CodeIgniter\Boot::runCodeIgniter(Object(CodeIgniter\CodeIgniter))
11 FCPATH\index.php(59): CodeIgniter\Boot::bootWeb(Object(Config\Paths))
DEBUG - 2026-03-04 11:21:20 --> Session: Class initialized using 'CodeIgniter\Session\Handlers\FileHandler' driver.
CRITICAL - 2026-03-04 11:21:24 --> ErrorException: Trying to access array offset on value of type null
[Method: GET, Route: /]
in SYSTEMPATH\Debug\Toolbar.php on line 217.
 1 SYSTEMPATH\Debug\Toolbar.php(217): CodeIgniter\Debug\Exceptions->errorHandler(2, 'Trying to access array offset on value of type null', 'C:\\xampp\\htdocs\\IM\\system\\Debug\\Toolbar.php', 217)
 2 SYSTEMPATH\Debug\Toolbar.php(200): CodeIgniter\Debug\Toolbar->renderTimelineRecursive([...], 1772594477.913694, 7, 495, [], 0)
 3 SYSTEMPATH\Debug\Toolbar\Views\toolbar.tpl.php(105): CodeIgniter\Debug\Toolbar->renderTimeline([...], 1772594477.913694, 7, 495, [])
 4 SYSTEMPATH\Debug\Toolbar.php(533): include('C:\\xampp\\htdocs\\IM\\system\\Debug\\Toolbar\\Views\\toolbar.tpl.php')
 5 SYSTEMPATH\Debug\Toolbar.php(496): CodeIgniter\Debug\Toolbar->format([...], 'html')
 6 APPPATH\Config\Events.php(47): CodeIgniter\Debug\Toolbar->respond()
 7 SYSTEMPATH\Events\Events.php(152): CodeIgniter\Events\Events::Config\{closure}()
 8 SYSTEMPATH\CodeIgniter.php(339): CodeIgniter\Events\Events::trigger('pre_system')
 9 SYSTEMPATH\Boot.php(363): CodeIgniter\CodeIgniter->run()
10 SYSTEMPATH\Boot.php(68): CodeIgniter\Boot::runCodeIgniter(Object(CodeIgniter\CodeIgniter))
11 FCPATH\index.php(59): CodeIgniter\Boot::bootWeb(Object(Config\Paths))
DEBUG - 2026-03-04 11:21:27 --> Session: Class initialized using 'CodeIgniter\Session\Handlers\FileHandler' driver.
CRITICAL - 2026-03-04 11:21:28 --> ErrorException: Trying to access array offset on value of type null
[Method: GET, Route: /]
in SYSTEMPATH\Debug\Toolbar.php on line 217.
 1 SYSTEMPATH\Debug\Toolbar.php(217): CodeIgniter\Debug\Exceptions->errorHandler(2, 'Trying to access array offset on value of type null', 'C:\\xampp\\htdocs\\IM\\system\\Debug\\Toolbar.php', 217)
 2 SYSTEMPATH\Debug\Toolbar.php(200): CodeIgniter\Debug\Toolbar->renderTimelineRecursive([...], 1772594486.764956, 7, 140, [], 0)
 3 SYSTEMPATH\Debug\Toolbar\Views\toolbar.tpl.php(105): CodeIgniter\Debug\Toolbar->renderTimeline([...], 1772594486.764956, 7, 140, [])
 4 SYSTEMPATH\Debug\Toolbar.php(533): include('C:\\xampp\\htdocs\\IM\\system\\Debug\\Toolbar\\Views\\toolbar.tpl.php')
 5 SYSTEMPATH\Debug\Toolbar.php(496): CodeIgniter\Debug\Toolbar->format([...], 'html')
 6 APPPATH\Config\Events.php(47): CodeIgniter\Debug\Toolbar->respond()
 7 SYSTEMPATH\Events\Events.php(152): CodeIgniter\Events\Events::Config\{closure}()
 8 SYSTEMPATH\CodeIgniter.php(339): CodeIgniter\Events\Events::trigger('pre_system')
 9 SYSTEMPATH\Boot.php(363): CodeIgniter\CodeIgniter->run()
10 SYSTEMPATH\Boot.php(68): CodeIgniter\Boot::runCodeIgniter(Object(CodeIgniter\CodeIgniter))
11 FCPATH\index.php(59): CodeIgniter\Boot::bootWeb(Object(Config\Paths))
DEBUG - 2026-03-04 11:22:04 --> Session: Class initialized using 'CodeIgniter\Session\Handlers\FileHandler' driver.
CRITICAL - 2026-03-04 11:22:05 --> ErrorException: Trying to access array offset on value of type null
[Method: GET, Route: /]
in SYSTEMPATH\Debug\Toolbar.php on line 217.
 1 SYSTEMPATH\Debug\Toolbar.php(217): CodeIgniter\Debug\Exceptions->errorHandler(2, 'Trying to access array offset on value of type null', 'C:\\xampp\\htdocs\\IM\\system\\Debug\\Toolbar.php', 217)
 2 SYSTEMPATH\Debug\Toolbar.php(200): CodeIgniter\Debug\Toolbar->renderTimelineRecursive([...], 1772594524.732296, 6, 10, [], 0)
 3 SYSTEMPATH\Debug\Toolbar\Views\toolbar.tpl.php(105): CodeIgniter\Debug\Toolbar->renderTimeline([...], 1772594524.732296, 6, 10, [])
 4 SYSTEMPATH\Debug\Toolbar.php(533): include('C:\\xampp\\htdocs\\IM\\system\\Debug\\Toolbar\\Views\\toolbar.tpl.php')
 5 SYSTEMPATH\Debug\Toolbar.php(496): CodeIgniter\Debug\Toolbar->format([...], 'html')
 6 APPPATH\Config\Events.php(47): CodeIgniter\Debug\Toolbar->respond()
 7 SYSTEMPATH\Events\Events.php(152): CodeIgniter\Events\Events::Config\{closure}()
 8 SYSTEMPATH\CodeIgniter.php(339): CodeIgniter\Events\Events::trigger('pre_system')
 9 SYSTEMPATH\Boot.php(363): CodeIgniter\CodeIgniter->run()
10 SYSTEMPATH\Boot.php(68): CodeIgniter\Boot::runCodeIgniter(Object(CodeIgniter\CodeIgniter))
11 FCPATH\index.php(59): CodeIgniter\Boot::bootWeb(Object(Config\Paths))
DEBUG - 2026-03-04 11:22:06 --> Session: Class initialized using 'CodeIgniter\Session\Handlers\FileHandler' driver.
CRITICAL - 2026-03-04 11:22:06 --> ErrorException: Trying to access array offset on value of type null
[Method: GET, Route: /]
in SYSTEMPATH\Debug\Toolbar.php on line 217.
 1 SYSTEMPATH\Debug\Toolbar.php(217): CodeIgniter\Debug\Exceptions->errorHandler(2, 'Trying to access array offset on value of type null', 'C:\\xampp\\htdocs\\IM\\system\\Debug\\Toolbar.php', 217)
 2 SYSTEMPATH\Debug\Toolbar.php(200): CodeIgniter\Debug\Toolbar->renderTimelineRecursive([...], 1772594526.232774, 7, 40, [], 0)
 3 SYSTEMPATH\Debug\Toolbar\Views\toolbar.tpl.php(105): CodeIgniter\Debug\Toolbar->renderTimeline([...], 1772594526.232774, 7, 40, [])
 4 SYSTEMPATH\Debug\Toolbar.php(533): include('C:\\xampp\\htdocs\\IM\\system\\Debug\\Toolbar\\Views\\toolbar.tpl.php')
 5 SYSTEMPATH\Debug\Toolbar.php(496): CodeIgniter\Debug\Toolbar->format([...], 'html')
 6 APPPATH\Config\Events.php(47): CodeIgniter\Debug\Toolbar->respond()
 7 SYSTEMPATH\Events\Events.php(152): CodeIgniter\Events\Events::Config\{closure}()
 8 SYSTEMPATH\CodeIgniter.php(339): CodeIgniter\Events\Events::trigger('pre_system')
 9 SYSTEMPATH\Boot.php(363): CodeIgniter\CodeIgniter->run()
10 SYSTEMPATH\Boot.php(68): CodeIgniter\Boot::runCodeIgniter(Object(CodeIgniter\CodeIgniter))
11 FCPATH\index.php(59): CodeIgniter\Boot::bootWeb(Object(Config\Paths))
DEBUG - 2026-03-04 11:22:07 --> Session: Class initialized using 'CodeIgniter\Session\Handlers\FileHandler' driver.
CRITICAL - 2026-03-04 11:22:08 --> ErrorException: Trying to access array offset on value of type null
[Method: GET, Route: /]
in SYSTEMPATH\Debug\Toolbar.php on line 217.
 1 SYSTEMPATH\Debug\Toolbar.php(217): CodeIgniter\Debug\Exceptions->errorHandler(2, 'Trying to access array offset on value of type null', 'C:\\xampp\\htdocs\\IM\\system\\Debug\\Toolbar.php', 217)
 2 SYSTEMPATH\Debug\Toolbar.php(200): CodeIgniter\Debug\Toolbar->renderTimelineRecursive([...], 1772594527.83769, 6, 15, [], 0)
 3 SYSTEMPATH\Debug\Toolbar\Views\toolbar.tpl.php(105): CodeIgniter\Debug\Toolbar->renderTimeline([...], 1772594527.83769, 6, 15, [])
 4 SYSTEMPATH\Debug\Toolbar.php(533): include('C:\\xampp\\htdocs\\IM\\system\\Debug\\Toolbar\\Views\\toolbar.tpl.php')
 5 SYSTEMPATH\Debug\Toolbar.php(496): CodeIgniter\Debug\Toolbar->format([...], 'html')
 6 APPPATH\Config\Events.php(47): CodeIgniter\Debug\Toolbar->respond()
 7 SYSTEMPATH\Events\Events.php(152): CodeIgniter\Events\Events::Config\{closure}()
 8 SYSTEMPATH\CodeIgniter.php(339): CodeIgniter\Events\Events::trigger('pre_system')
 9 SYSTEMPATH\Boot.php(363): CodeIgniter\CodeIgniter->run()
10 SYSTEMPATH\Boot.php(68): CodeIgniter\Boot::runCodeIgniter(Object(CodeIgniter\CodeIgniter))
11 FCPATH\index.php(59): CodeIgniter\Boot::bootWeb(Object(Config\Paths))
DEBUG - 2026-03-04 11:23:08 --> Session: Class initialized using 'CodeIgniter\Session\Handlers\FileHandler' driver.
CRITICAL - 2026-03-04 11:23:08 --> ErrorException: Trying to access array offset on value of type null
[Method: GET, Route: /]
in SYSTEMPATH\Debug\Toolbar.php on line 217.
 1 SYSTEMPATH\Debug\Toolbar.php(217): CodeIgniter\Debug\Exceptions->errorHandler(2, 'Trying to access array offset on value of type null', 'C:\\xampp\\htdocs\\IM\\system\\Debug\\Toolbar.php', 217)
 2 SYSTEMPATH\Debug\Toolbar.php(200): CodeIgniter\Debug\Toolbar->renderTimelineRecursive([...], 1772594588.345978, 7, 40, [], 0)
 3 SYSTEMPATH\Debug\Toolbar\Views\toolbar.tpl.php(105): CodeIgniter\Debug\Toolbar->renderTimeline([...], 1772594588.345978, 7, 40, [])
 4 SYSTEMPATH\Debug\Toolbar.php(533): include('C:\\xampp\\htdocs\\IM\\system\\Debug\\Toolbar\\Views\\toolbar.tpl.php')
 5 SYSTEMPATH\Debug\Toolbar.php(496): CodeIgniter\Debug\Toolbar->format([...], 'html')
 6 APPPATH\Config\Events.php(47): CodeIgniter\Debug\Toolbar->respond()
 7 SYSTEMPATH\Events\Events.php(152): CodeIgniter\Events\Events::Config\{closure}()
 8 SYSTEMPATH\CodeIgniter.php(339): CodeIgniter\Events\Events::trigger('pre_system')
 9 SYSTEMPATH\Boot.php(363): CodeIgniter\CodeIgniter->run()
10 SYSTEMPATH\Boot.php(68): CodeIgniter\Boot::runCodeIgniter(Object(CodeIgniter\CodeIgniter))
11 FCPATH\index.php(59): CodeIgniter\Boot::bootWeb(Object(Config\Paths))
DEBUG - 2026-03-04 11:23:13 --> Session: Class initialized using 'CodeIgniter\Session\Handlers\FileHandler' driver.
CRITICAL - 2026-03-04 11:23:14 --> ErrorException: Trying to access array offset on value of type null
[Method: GET, Route: /]
in SYSTEMPATH\Debug\Toolbar.php on line 217.
 1 SYSTEMPATH\Debug\Toolbar.php(217): CodeIgniter\Debug\Exceptions->errorHandler(2, 'Trying to access array offset on value of type null', 'C:\\xampp\\htdocs\\IM\\system\\Debug\\Toolbar.php', 217)
 2 SYSTEMPATH\Debug\Toolbar.php(200): CodeIgniter\Debug\Toolbar->renderTimelineRecursive([...], 1772594593.465898, 7, 50, [], 0)
 3 SYSTEMPATH\Debug\Toolbar\Views\toolbar.tpl.php(105): CodeIgniter\Debug\Toolbar->renderTimeline([...], 1772594593.465898, 7, 50, [])
 4 SYSTEMPATH\Debug\Toolbar.php(533): include('C:\\xampp\\htdocs\\IM\\system\\Debug\\Toolbar\\Views\\toolbar.tpl.php')
 5 SYSTEMPATH\Debug\Toolbar.php(496): CodeIgniter\Debug\Toolbar->format([...], 'html')
 6 APPPATH\Config\Events.php(47): CodeIgniter\Debug\Toolbar->respond()
 7 SYSTEMPATH\Events\Events.php(152): CodeIgniter\Events\Events::Config\{closure}()
 8 SYSTEMPATH\CodeIgniter.php(339): CodeIgniter\Events\Events::trigger('pre_system')
 9 SYSTEMPATH\Boot.php(363): CodeIgniter\CodeIgniter->run()
10 SYSTEMPATH\Boot.php(68): CodeIgniter\Boot::runCodeIgniter(Object(CodeIgniter\CodeIgniter))
11 FCPATH\index.php(59): CodeIgniter\Boot::bootWeb(Object(Config\Paths))
DEBUG - 2026-03-04 13:54:54 --> Session: Class initialized using 'CodeIgniter\Session\Handlers\FileHandler' driver.
DEBUG - 2026-03-04 13:54:54 --> Session: Class initialized using 'CodeIgniter\Session\Handlers\FileHandler' driver.
DEBUG - 2026-03-04 13:54:55 --> Session: Class initialized using 'CodeIgniter\Session\Handlers\FileHandler' driver.
CRITICAL - 2026-03-04 13:54:56 --> ErrorException: Trying to access array offset on value of type null
[Method: GET, Route: /]
in SYSTEMPATH\Debug\Toolbar.php on line 217.
 1 SYSTEMPATH\Debug\Toolbar.php(217): CodeIgniter\Debug\Exceptions->errorHandler(2, 'Trying to access array offset on value of type null', 'C:\\xampp\\htdocs\\IM\\system\\Debug\\Toolbar.php', 217)
 2 SYSTEMPATH\Debug\Toolbar.php(200): CodeIgniter\Debug\Toolbar->renderTimelineRecursive([...], 1772603694.550061, 7, 95, [], 0)
 3 SYSTEMPATH\Debug\Toolbar\Views\toolbar.tpl.php(105): CodeIgniter\Debug\Toolbar->renderTimeline([...], 1772603694.550061, 7, 95, [])
 4 SYSTEMPATH\Debug\Toolbar.php(533): include('C:\\xampp\\htdocs\\IM\\system\\Debug\\Toolbar\\Views\\toolbar.tpl.php')
 5 SYSTEMPATH\Debug\Toolbar.php(496): CodeIgniter\Debug\Toolbar->format([...], 'html')
 6 APPPATH\Config\Events.php(47): CodeIgniter\Debug\Toolbar->respond()
 7 SYSTEMPATH\Events\Events.php(152): CodeIgniter\Events\Events::Config\{closure}()
 8 SYSTEMPATH\CodeIgniter.php(339): CodeIgniter\Events\Events::trigger('pre_system')
 9 SYSTEMPATH\Boot.php(363): CodeIgniter\CodeIgniter->run()
10 SYSTEMPATH\Boot.php(68): CodeIgniter\Boot::runCodeIgniter(Object(CodeIgniter\CodeIgniter))
11 FCPATH\index.php(59): CodeIgniter\Boot::bootWeb(Object(Config\Paths))
DEBUG - 2026-03-04 13:54:57 --> Session: Class initialized using 'CodeIgniter\Session\Handlers\FileHandler' driver.
DEBUG - 2026-03-04 13:54:58 --> Session: Class initialized using 'CodeIgniter\Session\Handlers\FileHandler' driver.
CRITICAL - 2026-03-04 13:54:59 --> ErrorException: Trying to access array offset on value of type null
[Method: GET, Route: /]
in SYSTEMPATH\Debug\Toolbar.php on line 217.
 1 SYSTEMPATH\Debug\Toolbar.php(217): CodeIgniter\Debug\Exceptions->errorHandler(2, 'Trying to access array offset on value of type null', 'C:\\xampp\\htdocs\\IM\\system\\Debug\\Toolbar.php', 217)
 2 SYSTEMPATH\Debug\Toolbar.php(200): CodeIgniter\Debug\Toolbar->renderTimelineRecursive([...], 1772603698.104814, 7, 25, [], 0)
 3 SYSTEMPATH\Debug\Toolbar\Views\toolbar.tpl.php(105): CodeIgniter\Debug\Toolbar->renderTimeline([...], 1772603698.104814, 7, 25, [])
 4 SYSTEMPATH\Debug\Toolbar.php(533): include('C:\\xampp\\htdocs\\IM\\system\\Debug\\Toolbar\\Views\\toolbar.tpl.php')
 5 SYSTEMPATH\Debug\Toolbar.php(496): CodeIgniter\Debug\Toolbar->format([...], 'html')
 6 APPPATH\Config\Events.php(47): CodeIgniter\Debug\Toolbar->respond()
 7 SYSTEMPATH\Events\Events.php(152): CodeIgniter\Events\Events::Config\{closure}()
 8 SYSTEMPATH\CodeIgniter.php(339): CodeIgniter\Events\Events::trigger('pre_system')
 9 SYSTEMPATH\Boot.php(363): CodeIgniter\CodeIgniter->run()
10 SYSTEMPATH\Boot.php(68): CodeIgniter\Boot::runCodeIgniter(Object(CodeIgniter\CodeIgniter))
11 FCPATH\index.php(59): CodeIgniter\Boot::bootWeb(Object(Config\Paths))
DEBUG - 2026-03-04 13:55:10 --> Session: Class initialized using 'CodeIgniter\Session\Handlers\FileHandler' driver.
DEBUG - 2026-03-04 13:55:10 --> Session: Class initialized using 'CodeIgniter\Session\Handlers\FileHandler' driver.
CRITICAL - 2026-03-04 13:55:11 --> ErrorException: Trying to access array offset on value of type null
[Method: GET, Route: /]
in SYSTEMPATH\Debug\Toolbar.php on line 217.
 1 SYSTEMPATH\Debug\Toolbar.php(217): CodeIgniter\Debug\Exceptions->errorHandler(2, 'Trying to access array offset on value of type null', 'C:\\xampp\\htdocs\\IM\\system\\Debug\\Toolbar.php', 217)
 2 SYSTEMPATH\Debug\Toolbar.php(200): CodeIgniter\Debug\Toolbar->renderTimelineRecursive([...], 1772603710.774515, 5, 10, [], 0)
 3 SYSTEMPATH\Debug\Toolbar\Views\toolbar.tpl.php(105): CodeIgniter\Debug\Toolbar->renderTimeline([...], 1772603710.774515, 5, 10, [])
 4 SYSTEMPATH\Debug\Toolbar.php(533): include('C:\\xampp\\htdocs\\IM\\system\\Debug\\Toolbar\\Views\\toolbar.tpl.php')
 5 SYSTEMPATH\Debug\Toolbar.php(496): CodeIgniter\Debug\Toolbar->format([...], 'html')
 6 APPPATH\Config\Events.php(47): CodeIgniter\Debug\Toolbar->respond()
 7 SYSTEMPATH\Events\Events.php(152): CodeIgniter\Events\Events::Config\{closure}()
 8 SYSTEMPATH\CodeIgniter.php(339): CodeIgniter\Events\Events::trigger('pre_system')
 9 SYSTEMPATH\Boot.php(363): CodeIgniter\CodeIgniter->run()
10 SYSTEMPATH\Boot.php(68): CodeIgniter\Boot::runCodeIgniter(Object(CodeIgniter\CodeIgniter))
11 FCPATH\index.php(59): CodeIgniter\Boot::bootWeb(Object(Config\Paths))
DEBUG - 2026-03-04 13:55:21 --> Session: Class initialized using 'CodeIgniter\Session\Handlers\FileHandler' driver.
DEBUG - 2026-03-04 13:55:21 --> Session: Class initialized using 'CodeIgniter\Session\Handlers\FileHandler' driver.
CRITICAL - 2026-03-04 13:55:21 --> ErrorException: Trying to access array offset on value of type null
[Method: GET, Route: /]
in SYSTEMPATH\Debug\Toolbar.php on line 217.
 1 SYSTEMPATH\Debug\Toolbar.php(217): CodeIgniter\Debug\Exceptions->errorHandler(2, 'Trying to access array offset on value of type null', 'C:\\xampp\\htdocs\\IM\\system\\Debug\\Toolbar.php', 217)
 2 SYSTEMPATH\Debug\Toolbar.php(200): CodeIgniter\Debug\Toolbar->renderTimelineRecursive([...], 1772603721.438136, 5, 10, [], 0)
 3 SYSTEMPATH\Debug\Toolbar\Views\toolbar.tpl.php(105): CodeIgniter\Debug\Toolbar->renderTimeline([...], 1772603721.438136, 5, 10, [])
 4 SYSTEMPATH\Debug\Toolbar.php(533): include('C:\\xampp\\htdocs\\IM\\system\\Debug\\Toolbar\\Views\\toolbar.tpl.php')
 5 SYSTEMPATH\Debug\Toolbar.php(496): CodeIgniter\Debug\Toolbar->format([...], 'html')
 6 APPPATH\Config\Events.php(47): CodeIgniter\Debug\Toolbar->respond()
 7 SYSTEMPATH\Events\Events.php(152): CodeIgniter\Events\Events::Config\{closure}()
 8 SYSTEMPATH\CodeIgniter.php(339): CodeIgniter\Events\Events::trigger('pre_system')
 9 SYSTEMPATH\Boot.php(363): CodeIgniter\CodeIgniter->run()
10 SYSTEMPATH\Boot.php(68): CodeIgniter\Boot::runCodeIgniter(Object(CodeIgniter\CodeIgniter))
11 FCPATH\index.php(59): CodeIgniter\Boot::bootWeb(Object(Config\Paths))
DEBUG - 2026-03-04 13:57:08 --> Session: Class initialized using 'CodeIgniter\Session\Handlers\FileHandler' driver.
CRITICAL - 2026-03-04 13:57:08 --> ErrorException: Trying to access array offset on value of type null
[Method: GET, Route: /]
in SYSTEMPATH\Debug\Toolbar.php on line 217.
 1 SYSTEMPATH\Debug\Toolbar.php(217): CodeIgniter\Debug\Exceptions->errorHandler(2, 'Trying to access array offset on value of type null', 'C:\\xampp\\htdocs\\IM\\system\\Debug\\Toolbar.php', 217)
 2 SYSTEMPATH\Debug\Toolbar.php(200): CodeIgniter\Debug\Toolbar->renderTimelineRecursive([...], 1772603828.294008, 5, 10, [], 0)
 3 SYSTEMPATH\Debug\Toolbar\Views\toolbar.tpl.php(105): CodeIgniter\Debug\Toolbar->renderTimeline([...], 1772603828.294008, 5, 10, [])
 4 SYSTEMPATH\Debug\Toolbar.php(533): include('C:\\xampp\\htdocs\\IM\\system\\Debug\\Toolbar\\Views\\toolbar.tpl.php')
 5 SYSTEMPATH\Debug\Toolbar.php(496): CodeIgniter\Debug\Toolbar->format([...], 'html')
 6 APPPATH\Config\Events.php(47): CodeIgniter\Debug\Toolbar->respond()
 7 SYSTEMPATH\Events\Events.php(152): CodeIgniter\Events\Events::Config\{closure}()
 8 SYSTEMPATH\CodeIgniter.php(339): CodeIgniter\Events\Events::trigger('pre_system')
 9 SYSTEMPATH\Boot.php(363): CodeIgniter\CodeIgniter->run()
10 SYSTEMPATH\Boot.php(68): CodeIgniter\Boot::runCodeIgniter(Object(CodeIgniter\CodeIgniter))
11 FCPATH\index.php(59): CodeIgniter\Boot::bootWeb(Object(Config\Paths))
DEBUG - 2026-03-04 13:57:14 --> Session: Class initialized using 'CodeIgniter\Session\Handlers\FileHandler' driver.
DEBUG - 2026-03-04 13:57:14 --> Session: Class initialized using 'CodeIgniter\Session\Handlers\FileHandler' driver.
CRITICAL - 2026-03-04 13:57:14 --> ErrorException: Trying to access array offset on value of type null
[Method: GET, Route: /]
in SYSTEMPATH\Debug\Toolbar.php on line 217.
 1 SYSTEMPATH\Debug\Toolbar.php(217): CodeIgniter\Debug\Exceptions->errorHandler(2, 'Trying to access array offset on value of type null', 'C:\\xampp\\htdocs\\IM\\system\\Debug\\Toolbar.php', 217)
 2 SYSTEMPATH\Debug\Toolbar.php(200): CodeIgniter\Debug\Toolbar->renderTimelineRecursive([...], 1772603834.632087, 7, 10, [], 0)
 3 SYSTEMPATH\Debug\Toolbar\Views\toolbar.tpl.php(105): CodeIgniter\Debug\Toolbar->renderTimeline([...], 1772603834.632087, 7, 10, [])
 4 SYSTEMPATH\Debug\Toolbar.php(533): include('C:\\xampp\\htdocs\\IM\\system\\Debug\\Toolbar\\Views\\toolbar.tpl.php')
 5 SYSTEMPATH\Debug\Toolbar.php(496): CodeIgniter\Debug\Toolbar->format([...], 'html')
 6 APPPATH\Config\Events.php(47): CodeIgniter\Debug\Toolbar->respond()
 7 SYSTEMPATH\Events\Events.php(152): CodeIgniter\Events\Events::Config\{closure}()
 8 SYSTEMPATH\CodeIgniter.php(339): CodeIgniter\Events\Events::trigger('pre_system')
 9 SYSTEMPATH\Boot.php(363): CodeIgniter\CodeIgniter->run()
10 SYSTEMPATH\Boot.php(68): CodeIgniter\Boot::runCodeIgniter(Object(CodeIgniter\CodeIgniter))
11 FCPATH\index.php(59): CodeIgniter\Boot::bootWeb(Object(Config\Paths))
DEBUG - 2026-03-04 13:57:18 --> Session: Class initialized using 'CodeIgniter\Session\Handlers\FileHandler' driver.
DEBUG - 2026-03-04 13:57:18 --> Session: Class initialized using 'CodeIgniter\Session\Handlers\FileHandler' driver.
CRITICAL - 2026-03-04 13:57:21 --> ErrorException: Trying to access array offset on value of type null
[Method: GET, Route: /]
in SYSTEMPATH\Debug\Toolbar.php on line 217.
 1 SYSTEMPATH\Debug\Toolbar.php(217): CodeIgniter\Debug\Exceptions->errorHandler(2, 'Trying to access array offset on value of type null', 'C:\\xampp\\htdocs\\IM\\system\\Debug\\Toolbar.php', 217)
 2 SYSTEMPATH\Debug\Toolbar.php(200): CodeIgniter\Debug\Toolbar->renderTimelineRecursive([...], 1772603838.857514, 5, 10, [], 0)
 3 SYSTEMPATH\Debug\Toolbar\Views\toolbar.tpl.php(105): CodeIgniter\Debug\Toolbar->renderTimeline([...], 1772603838.857514, 5, 10, [])
 4 SYSTEMPATH\Debug\Toolbar.php(533): include('C:\\xampp\\htdocs\\IM\\system\\Debug\\Toolbar\\Views\\toolbar.tpl.php')
 5 SYSTEMPATH\Debug\Toolbar.php(496): CodeIgniter\Debug\Toolbar->format([...], 'html')
 6 APPPATH\Config\Events.php(47): CodeIgniter\Debug\Toolbar->respond()
 7 SYSTEMPATH\Events\Events.php(152): CodeIgniter\Events\Events::Config\{closure}()
 8 SYSTEMPATH\CodeIgniter.php(339): CodeIgniter\Events\Events::trigger('pre_system')
 9 SYSTEMPATH\Boot.php(363): CodeIgniter\CodeIgniter->run()
10 SYSTEMPATH\Boot.php(68): CodeIgniter\Boot::runCodeIgniter(Object(CodeIgniter\CodeIgniter))
11 FCPATH\index.php(59): CodeIgniter\Boot::bootWeb(Object(Config\Paths))
DEBUG - 2026-03-04 13:57:26 --> Session: Class initialized using 'CodeIgniter\Session\Handlers\FileHandler' driver.
DEBUG - 2026-03-04 13:57:26 --> Session: Class initialized using 'CodeIgniter\Session\Handlers\FileHandler' driver.
CRITICAL - 2026-03-04 13:57:26 --> ErrorException: Trying to access array offset on value of type null
[Method: GET, Route: /]
in SYSTEMPATH\Debug\Toolbar.php on line 217.
 1 SYSTEMPATH\Debug\Toolbar.php(217): CodeIgniter\Debug\Exceptions->errorHandler(2, 'Trying to access array offset on value of type null', 'C:\\xampp\\htdocs\\IM\\system\\Debug\\Toolbar.php', 217)
 2 SYSTEMPATH\Debug\Toolbar.php(200): CodeIgniter\Debug\Toolbar->renderTimelineRecursive([...], 1772603846.606392, 5, 10, [], 0)
 3 SYSTEMPATH\Debug\Toolbar\Views\toolbar.tpl.php(105): CodeIgniter\Debug\Toolbar->renderTimeline([...], 1772603846.606392, 5, 10, [])
 4 SYSTEMPATH\Debug\Toolbar.php(533): include('C:\\xampp\\htdocs\\IM\\system\\Debug\\Toolbar\\Views\\toolbar.tpl.php')
 5 SYSTEMPATH\Debug\Toolbar.php(496): CodeIgniter\Debug\Toolbar->format([...], 'html')
 6 APPPATH\Config\Events.php(47): CodeIgniter\Debug\Toolbar->respond()
 7 SYSTEMPATH\Events\Events.php(152): CodeIgniter\Events\Events::Config\{closure}()
 8 SYSTEMPATH\CodeIgniter.php(339): CodeIgniter\Events\Events::trigger('pre_system')
 9 SYSTEMPATH\Boot.php(363): CodeIgniter\CodeIgniter->run()
10 SYSTEMPATH\Boot.php(68): CodeIgniter\Boot::runCodeIgniter(Object(CodeIgniter\CodeIgniter))
11 FCPATH\index.php(59): CodeIgniter\Boot::bootWeb(Object(Config\Paths))
DEBUG - 2026-03-04 13:59:17 --> Session: Class initialized using 'CodeIgniter\Session\Handlers\FileHandler' driver.
CRITICAL - 2026-03-04 13:59:18 --> ErrorException: Trying to access array offset on value of type null
[Method: GET, Route: /]
in SYSTEMPATH\Debug\Toolbar.php on line 217.
 1 SYSTEMPATH\Debug\Toolbar.php(217): CodeIgniter\Debug\Exceptions->errorHandler(2, 'Trying to access array offset on value of type null', 'C:\\xampp\\htdocs\\IM\\system\\Debug\\Toolbar.php', 217)
 2 SYSTEMPATH\Debug\Toolbar.php(200): CodeIgniter\Debug\Toolbar->renderTimelineRecursive([...], 1772603957.93094, 7, 30, [], 0)
 3 SYSTEMPATH\Debug\Toolbar\Views\toolbar.tpl.php(105): CodeIgniter\Debug\Toolbar->renderTimeline([...], 1772603957.93094, 7, 30, [])
 4 SYSTEMPATH\Debug\Toolbar.php(533): include('C:\\xampp\\htdocs\\IM\\system\\Debug\\Toolbar\\Views\\toolbar.tpl.php')
 5 SYSTEMPATH\Debug\Toolbar.php(496): CodeIgniter\Debug\Toolbar->format([...], 'html')
 6 APPPATH\Config\Events.php(47): CodeIgniter\Debug\Toolbar->respond()
 7 SYSTEMPATH\Events\Events.php(152): CodeIgniter\Events\Events::Config\{closure}()
 8 SYSTEMPATH\CodeIgniter.php(339): CodeIgniter\Events\Events::trigger('pre_system')
 9 SYSTEMPATH\Boot.php(363): CodeIgniter\CodeIgniter->run()
10 SYSTEMPATH\Boot.php(68): CodeIgniter\Boot::runCodeIgniter(Object(CodeIgniter\CodeIgniter))
11 FCPATH\index.php(59): CodeIgniter\Boot::bootWeb(Object(Config\Paths))
DEBUG - 2026-03-04 13:59:25 --> Session: Class initialized using 'CodeIgniter\Session\Handlers\FileHandler' driver.
DEBUG - 2026-03-04 13:59:25 --> Session: Class initialized using 'CodeIgniter\Session\Handlers\FileHandler' driver.
CRITICAL - 2026-03-04 13:59:25 --> ErrorException: Trying to access array offset on value of type null
[Method: GET, Route: /]
in SYSTEMPATH\Debug\Toolbar.php on line 217.
 1 SYSTEMPATH\Debug\Toolbar.php(217): CodeIgniter\Debug\Exceptions->errorHandler(2, 'Trying to access array offset on value of type null', 'C:\\xampp\\htdocs\\IM\\system\\Debug\\Toolbar.php', 217)
 2 SYSTEMPATH\Debug\Toolbar.php(200): CodeIgniter\Debug\Toolbar->renderTimelineRecursive([...], 1772603965.248788, 5, 10, [], 0)
 3 SYSTEMPATH\Debug\Toolbar\Views\toolbar.tpl.php(105): CodeIgniter\Debug\Toolbar->renderTimeline([...], 1772603965.248788, 5, 10, [])
 4 SYSTEMPATH\Debug\Toolbar.php(533): include('C:\\xampp\\htdocs\\IM\\system\\Debug\\Toolbar\\Views\\toolbar.tpl.php')
 5 SYSTEMPATH\Debug\Toolbar.php(496): CodeIgniter\Debug\Toolbar->format([...], 'html')
 6 APPPATH\Config\Events.php(47): CodeIgniter\Debug\Toolbar->respond()
 7 SYSTEMPATH\Events\Events.php(152): CodeIgniter\Events\Events::Config\{closure}()
 8 SYSTEMPATH\CodeIgniter.php(339): CodeIgniter\Events\Events::trigger('pre_system')
 9 SYSTEMPATH\Boot.php(363): CodeIgniter\CodeIgniter->run()
10 SYSTEMPATH\Boot.php(68): CodeIgniter\Boot::runCodeIgniter(Object(CodeIgniter\CodeIgniter))
11 FCPATH\index.php(59): CodeIgniter\Boot::bootWeb(Object(Config\Paths))
DEBUG - 2026-03-04 13:59:26 --> Session: Class initialized using 'CodeIgniter\Session\Handlers\FileHandler' driver.
DEBUG - 2026-03-04 13:59:27 --> Session: Class initialized using 'CodeIgniter\Session\Handlers\FileHandler' driver.
DEBUG - 2026-03-04 13:59:30 --> Session: Class initialized using 'CodeIgniter\Session\Handlers\FileHandler' driver.
CRITICAL - 2026-03-04 13:59:30 --> ErrorException: Trying to access array offset on value of type null
[Method: GET, Route: /]
in SYSTEMPATH\Debug\Toolbar.php on line 217.
 1 SYSTEMPATH\Debug\Toolbar.php(217): CodeIgniter\Debug\Exceptions->errorHandler(2, 'Trying to access array offset on value of type null', 'C:\\xampp\\htdocs\\IM\\system\\Debug\\Toolbar.php', 217)
 2 SYSTEMPATH\Debug\Toolbar.php(200): CodeIgniter\Debug\Toolbar->renderTimelineRecursive([...], 1772603970.111806, 5, 10, [], 0)
 3 SYSTEMPATH\Debug\Toolbar\Views\toolbar.tpl.php(105): CodeIgniter\Debug\Toolbar->renderTimeline([...], 1772603970.111806, 5, 10, [])
 4 SYSTEMPATH\Debug\Toolbar.php(533): include('C:\\xampp\\htdocs\\IM\\system\\Debug\\Toolbar\\Views\\toolbar.tpl.php')
 5 SYSTEMPATH\Debug\Toolbar.php(496): CodeIgniter\Debug\Toolbar->format([...], 'html')
 6 APPPATH\Config\Events.php(47): CodeIgniter\Debug\Toolbar->respond()
 7 SYSTEMPATH\Events\Events.php(152): CodeIgniter\Events\Events::Config\{closure}()
 8 SYSTEMPATH\CodeIgniter.php(339): CodeIgniter\Events\Events::trigger('pre_system')
 9 SYSTEMPATH\Boot.php(363): CodeIgniter\CodeIgniter->run()
10 SYSTEMPATH\Boot.php(68): CodeIgniter\Boot::runCodeIgniter(Object(CodeIgniter\CodeIgniter))
11 FCPATH\index.php(59): CodeIgniter\Boot::bootWeb(Object(Config\Paths))
DEBUG - 2026-03-04 13:59:43 --> Session: Class initialized using 'CodeIgniter\Session\Handlers\FileHandler' driver.
DEBUG - 2026-03-04 13:59:43 --> Session: Class initialized using 'CodeIgniter\Session\Handlers\FileHandler' driver.
CRITICAL - 2026-03-04 13:59:44 --> ErrorException: Trying to access array offset on value of type null
[Method: GET, Route: /]
in SYSTEMPATH\Debug\Toolbar.php on line 217.
 1 SYSTEMPATH\Debug\Toolbar.php(217): CodeIgniter\Debug\Exceptions->errorHandler(2, 'Trying to access array offset on value of type null', 'C:\\xampp\\htdocs\\IM\\system\\Debug\\Toolbar.php', 217)
 2 SYSTEMPATH\Debug\Toolbar.php(200): CodeIgniter\Debug\Toolbar->renderTimelineRecursive([...], 1772603983.782995, 5, 10, [], 0)
 3 SYSTEMPATH\Debug\Toolbar\Views\toolbar.tpl.php(105): CodeIgniter\Debug\Toolbar->renderTimeline([...], 1772603983.782995, 5, 10, [])
 4 SYSTEMPATH\Debug\Toolbar.php(533): include('C:\\xampp\\htdocs\\IM\\system\\Debug\\Toolbar\\Views\\toolbar.tpl.php')
 5 SYSTEMPATH\Debug\Toolbar.php(496): CodeIgniter\Debug\Toolbar->format([...], 'html')
 6 APPPATH\Config\Events.php(47): CodeIgniter\Debug\Toolbar->respond()
 7 SYSTEMPATH\Events\Events.php(152): CodeIgniter\Events\Events::Config\{closure}()
 8 SYSTEMPATH\CodeIgniter.php(339): CodeIgniter\Events\Events::trigger('pre_system')
 9 SYSTEMPATH\Boot.php(363): CodeIgniter\CodeIgniter->run()
10 SYSTEMPATH\Boot.php(68): CodeIgniter\Boot::runCodeIgniter(Object(CodeIgniter\CodeIgniter))
11 FCPATH\index.php(59): CodeIgniter\Boot::bootWeb(Object(Config\Paths))
DEBUG - 2026-03-04 13:59:45 --> Session: Class initialized using 'CodeIgniter\Session\Handlers\FileHandler' driver.
CRITICAL - 2026-03-04 13:59:46 --> ErrorException: Trying to access array offset on value of type null
[Method: GET, Route: /]
in SYSTEMPATH\Debug\Toolbar.php on line 217.
 1 SYSTEMPATH\Debug\Toolbar.php(217): CodeIgniter\Debug\Exceptions->errorHandler(2, 'Trying to access array offset on value of type null', 'C:\\xampp\\htdocs\\IM\\system\\Debug\\Toolbar.php', 217)
 2 SYSTEMPATH\Debug\Toolbar.php(200): CodeIgniter\Debug\Toolbar->renderTimelineRecursive([...], 1772603985.338005, 7, 45, [], 0)
 3 SYSTEMPATH\Debug\Toolbar\Views\toolbar.tpl.php(105): CodeIgniter\Debug\Toolbar->renderTimeline([...], 1772603985.338005, 7, 45, [])
 4 SYSTEMPATH\Debug\Toolbar.php(533): include('C:\\xampp\\htdocs\\IM\\system\\Debug\\Toolbar\\Views\\toolbar.tpl.php')
 5 SYSTEMPATH\Debug\Toolbar.php(496): CodeIgniter\Debug\Toolbar->format([...], 'html')
 6 APPPATH\Config\Events.php(47): CodeIgniter\Debug\Toolbar->respond()
 7 SYSTEMPATH\Events\Events.php(152): CodeIgniter\Events\Events::Config\{closure}()
 8 SYSTEMPATH\CodeIgniter.php(339): CodeIgniter\Events\Events::trigger('pre_system')
 9 SYSTEMPATH\Boot.php(363): CodeIgniter\CodeIgniter->run()
10 SYSTEMPATH\Boot.php(68): CodeIgniter\Boot::runCodeIgniter(Object(CodeIgniter\CodeIgniter))
11 FCPATH\index.php(59): CodeIgniter\Boot::bootWeb(Object(Config\Paths))
DEBUG - 2026-03-04 13:59:52 --> Session: Class initialized using 'CodeIgniter\Session\Handlers\FileHandler' driver.
CRITICAL - 2026-03-04 13:59:52 --> ErrorException: Trying to access array offset on value of type null
[Method: GET, Route: /]
in SYSTEMPATH\Debug\Toolbar.php on line 217.
 1 SYSTEMPATH\Debug\Toolbar.php(217): CodeIgniter\Debug\Exceptions->errorHandler(2, 'Trying to access array offset on value of type null', 'C:\\xampp\\htdocs\\IM\\system\\Debug\\Toolbar.php', 217)
 2 SYSTEMPATH\Debug\Toolbar.php(200): CodeIgniter\Debug\Toolbar->renderTimelineRecursive([...], 1772603992.369689, 6, 15, [], 0)
 3 SYSTEMPATH\Debug\Toolbar\Views\toolbar.tpl.php(105): CodeIgniter\Debug\Toolbar->renderTimeline([...], 1772603992.369689, 6, 15, [])
 4 SYSTEMPATH\Debug\Toolbar.php(533): include('C:\\xampp\\htdocs\\IM\\system\\Debug\\Toolbar\\Views\\toolbar.tpl.php')
 5 SYSTEMPATH\Debug\Toolbar.php(496): CodeIgniter\Debug\Toolbar->format([...], 'html')
 6 APPPATH\Config\Events.php(47): CodeIgniter\Debug\Toolbar->respond()
 7 SYSTEMPATH\Events\Events.php(152): CodeIgniter\Events\Events::Config\{closure}()
 8 SYSTEMPATH\CodeIgniter.php(339): CodeIgniter\Events\Events::trigger('pre_system')
 9 SYSTEMPATH\Boot.php(363): CodeIgniter\CodeIgniter->run()
10 SYSTEMPATH\Boot.php(68): CodeIgniter\Boot::runCodeIgniter(Object(CodeIgniter\CodeIgniter))
11 FCPATH\index.php(59): CodeIgniter\Boot::bootWeb(Object(Config\Paths))
DEBUG - 2026-03-04 13:59:54 --> Session: Class initialized using 'CodeIgniter\Session\Handlers\FileHandler' driver.
CRITICAL - 2026-03-04 13:59:54 --> ErrorException: Trying to access array offset on value of type null
[Method: GET, Route: /]
in SYSTEMPATH\Debug\Toolbar.php on line 217.
 1 SYSTEMPATH\Debug\Toolbar.php(217): CodeIgniter\Debug\Exceptions->errorHandler(2, 'Trying to access array offset on value of type null', 'C:\\xampp\\htdocs\\IM\\system\\Debug\\Toolbar.php', 217)
 2 SYSTEMPATH\Debug\Toolbar.php(200): CodeIgniter\Debug\Toolbar->renderTimelineRecursive([...], 1772603994.234251, 7, 20, [], 0)
 3 SYSTEMPATH\Debug\Toolbar\Views\toolbar.tpl.php(105): CodeIgniter\Debug\Toolbar->renderTimeline([...], 1772603994.234251, 7, 20, [])
 4 SYSTEMPATH\Debug\Toolbar.php(533): include('C:\\xampp\\htdocs\\IM\\system\\Debug\\Toolbar\\Views\\toolbar.tpl.php')
 5 SYSTEMPATH\Debug\Toolbar.php(496): CodeIgniter\Debug\Toolbar->format([...], 'html')
 6 APPPATH\Config\Events.php(47): CodeIgniter\Debug\Toolbar->respond()
 7 SYSTEMPATH\Events\Events.php(152): CodeIgniter\Events\Events::Config\{closure}()
 8 SYSTEMPATH\CodeIgniter.php(339): CodeIgniter\Events\Events::trigger('pre_system')
 9 SYSTEMPATH\Boot.php(363): CodeIgniter\CodeIgniter->run()
10 SYSTEMPATH\Boot.php(68): CodeIgniter\Boot::runCodeIgniter(Object(CodeIgniter\CodeIgniter))
11 FCPATH\index.php(59): CodeIgniter\Boot::bootWeb(Object(Config\Paths))
DEBUG - 2026-03-04 14:00:01 --> Session: Class initialized using 'CodeIgniter\Session\Handlers\FileHandler' driver.
CRITICAL - 2026-03-04 14:00:01 --> ErrorException: Trying to access array offset on value of type null
[Method: GET, Route: /]
in SYSTEMPATH\Debug\Toolbar.php on line 217.
 1 SYSTEMPATH\Debug\Toolbar.php(217): CodeIgniter\Debug\Exceptions->errorHandler(2, 'Trying to access array offset on value of type null', 'C:\\xampp\\htdocs\\IM\\system\\Debug\\Toolbar.php', 217)
 2 SYSTEMPATH\Debug\Toolbar.php(200): CodeIgniter\Debug\Toolbar->renderTimelineRecursive([...], 1772604000.963161, 6, 10, [], 0)
 3 SYSTEMPATH\Debug\Toolbar\Views\toolbar.tpl.php(105): CodeIgniter\Debug\Toolbar->renderTimeline([...], 1772604000.963161, 6, 10, [])
 4 SYSTEMPATH\Debug\Toolbar.php(533): include('C:\\xampp\\htdocs\\IM\\system\\Debug\\Toolbar\\Views\\toolbar.tpl.php')
 5 SYSTEMPATH\Debug\Toolbar.php(496): CodeIgniter\Debug\Toolbar->format([...], 'html')
 6 APPPATH\Config\Events.php(47): CodeIgniter\Debug\Toolbar->respond()
 7 SYSTEMPATH\Events\Events.php(152): CodeIgniter\Events\Events::Config\{closure}()
 8 SYSTEMPATH\CodeIgniter.php(339): CodeIgniter\Events\Events::trigger('pre_system')
 9 SYSTEMPATH\Boot.php(363): CodeIgniter\CodeIgniter->run()
10 SYSTEMPATH\Boot.php(68): CodeIgniter\Boot::runCodeIgniter(Object(CodeIgniter\CodeIgniter))
11 FCPATH\index.php(59): CodeIgniter\Boot::bootWeb(Object(Config\Paths))
DEBUG - 2026-03-04 14:00:07 --> Session: Class initialized using 'CodeIgniter\Session\Handlers\FileHandler' driver.
CRITICAL - 2026-03-04 14:00:08 --> ErrorException: Trying to access array offset on value of type null
[Method: GET, Route: /]
in SYSTEMPATH\Debug\Toolbar.php on line 217.
 1 SYSTEMPATH\Debug\Toolbar.php(217): CodeIgniter\Debug\Exceptions->errorHandler(2, 'Trying to access array offset on value of type null', 'C:\\xampp\\htdocs\\IM\\system\\Debug\\Toolbar.php', 217)
 2 SYSTEMPATH\Debug\Toolbar.php(200): CodeIgniter\Debug\Toolbar->renderTimelineRecursive([...], 1772604007.276444, 7, 75, [], 0)
 3 SYSTEMPATH\Debug\Toolbar\Views\toolbar.tpl.php(105): CodeIgniter\Debug\Toolbar->renderTimeline([...], 1772604007.276444, 7, 75, [])
 4 SYSTEMPATH\Debug\Toolbar.php(533): include('C:\\xampp\\htdocs\\IM\\system\\Debug\\Toolbar\\Views\\toolbar.tpl.php')
 5 SYSTEMPATH\Debug\Toolbar.php(496): CodeIgniter\Debug\Toolbar->format([...], 'html')
 6 APPPATH\Config\Events.php(47): CodeIgniter\Debug\Toolbar->respond()
 7 SYSTEMPATH\Events\Events.php(152): CodeIgniter\Events\Events::Config\{closure}()
 8 SYSTEMPATH\CodeIgniter.php(339): CodeIgniter\Events\Events::trigger('pre_system')
 9 SYSTEMPATH\Boot.php(363): CodeIgniter\CodeIgniter->run()
10 SYSTEMPATH\Boot.php(68): CodeIgniter\Boot::runCodeIgniter(Object(CodeIgniter\CodeIgniter))
11 FCPATH\index.php(59): CodeIgniter\Boot::bootWeb(Object(Config\Paths))
DEBUG - 2026-03-04 14:00:14 --> Session: Class initialized using 'CodeIgniter\Session\Handlers\FileHandler' driver.
DEBUG - 2026-03-04 14:00:15 --> Session: Class initialized using 'CodeIgniter\Session\Handlers\FileHandler' driver.
CRITICAL - 2026-03-04 14:00:15 --> ErrorException: Trying to access array offset on value of type null
[Method: GET, Route: /]
in SYSTEMPATH\Debug\Toolbar.php on line 217.
 1 SYSTEMPATH\Debug\Toolbar.php(217): CodeIgniter\Debug\Exceptions->errorHandler(2, 'Trying to access array offset on value of type null', 'C:\\xampp\\htdocs\\IM\\system\\Debug\\Toolbar.php', 217)
 2 SYSTEMPATH\Debug\Toolbar.php(200): CodeIgniter\Debug\Toolbar->renderTimelineRecursive([...], 1772604015.182437, 5, 15, [], 0)
 3 SYSTEMPATH\Debug\Toolbar\Views\toolbar.tpl.php(105): CodeIgniter\Debug\Toolbar->renderTimeline([...], 1772604015.182437, 5, 15, [])
 4 SYSTEMPATH\Debug\Toolbar.php(533): include('C:\\xampp\\htdocs\\IM\\system\\Debug\\Toolbar\\Views\\toolbar.tpl.php')
 5 SYSTEMPATH\Debug\Toolbar.php(496): CodeIgniter\Debug\Toolbar->format([...], 'html')
 6 APPPATH\Config\Events.php(47): CodeIgniter\Debug\Toolbar->respond()
 7 SYSTEMPATH\Events\Events.php(152): CodeIgniter\Events\Events::Config\{closure}()
 8 SYSTEMPATH\CodeIgniter.php(339): CodeIgniter\Events\Events::trigger('pre_system')
 9 SYSTEMPATH\Boot.php(363): CodeIgniter\CodeIgniter->run()
10 SYSTEMPATH\Boot.php(68): CodeIgniter\Boot::runCodeIgniter(Object(CodeIgniter\CodeIgniter))
11 FCPATH\index.php(59): CodeIgniter\Boot::bootWeb(Object(Config\Paths))
DEBUG - 2026-03-04 14:00:17 --> Session: Class initialized using 'CodeIgniter\Session\Handlers\FileHandler' driver.
CRITICAL - 2026-03-04 14:00:18 --> ErrorException: Trying to access array offset on value of type null
[Method: GET, Route: /]
in SYSTEMPATH\Debug\Toolbar.php on line 217.
 1 SYSTEMPATH\Debug\Toolbar.php(217): CodeIgniter\Debug\Exceptions->errorHandler(2, 'Trying to access array offset on value of type null', 'C:\\xampp\\htdocs\\IM\\system\\Debug\\Toolbar.php', 217)
 2 SYSTEMPATH\Debug\Toolbar.php(200): CodeIgniter\Debug\Toolbar->renderTimelineRecursive([...], 1772604017.865544, 5, 10, [], 0)
 3 SYSTEMPATH\Debug\Toolbar\Views\toolbar.tpl.php(105): CodeIgniter\Debug\Toolbar->renderTimeline([...], 1772604017.865544, 5, 10, [])
 4 SYSTEMPATH\Debug\Toolbar.php(533): include('C:\\xampp\\htdocs\\IM\\system\\Debug\\Toolbar\\Views\\toolbar.tpl.php')
 5 SYSTEMPATH\Debug\Toolbar.php(496): CodeIgniter\Debug\Toolbar->format([...], 'html')
 6 APPPATH\Config\Events.php(47): CodeIgniter\Debug\Toolbar->respond()
 7 SYSTEMPATH\Events\Events.php(152): CodeIgniter\Events\Events::Config\{closure}()
 8 SYSTEMPATH\CodeIgniter.php(339): CodeIgniter\Events\Events::trigger('pre_system')
 9 SYSTEMPATH\Boot.php(363): CodeIgniter\CodeIgniter->run()
10 SYSTEMPATH\Boot.php(68): CodeIgniter\Boot::runCodeIgniter(Object(CodeIgniter\CodeIgniter))
11 FCPATH\index.php(59): CodeIgniter\Boot::bootWeb(Object(Config\Paths))
DEBUG - 2026-03-04 14:00:19 --> Session: Class initialized using 'CodeIgniter\Session\Handlers\FileHandler' driver.
CRITICAL - 2026-03-04 14:00:19 --> ErrorException: Trying to access array offset on value of type null
[Method: GET, Route: /]
in SYSTEMPATH\Debug\Toolbar.php on line 217.
 1 SYSTEMPATH\Debug\Toolbar.php(217): CodeIgniter\Debug\Exceptions->errorHandler(2, 'Trying to access array offset on value of type null', 'C:\\xampp\\htdocs\\IM\\system\\Debug\\Toolbar.php', 217)
 2 SYSTEMPATH\Debug\Toolbar.php(200): CodeIgniter\Debug\Toolbar->renderTimelineRecursive([...], 1772604019.125747, 7, 40, [], 0)
 3 SYSTEMPATH\Debug\Toolbar\Views\toolbar.tpl.php(105): CodeIgniter\Debug\Toolbar->renderTimeline([...], 1772604019.125747, 7, 40, [])
 4 SYSTEMPATH\Debug\Toolbar.php(533): include('C:\\xampp\\htdocs\\IM\\system\\Debug\\Toolbar\\Views\\toolbar.tpl.php')
 5 SYSTEMPATH\Debug\Toolbar.php(496): CodeIgniter\Debug\Toolbar->format([...], 'html')
 6 APPPATH\Config\Events.php(47): CodeIgniter\Debug\Toolbar->respond()
 7 SYSTEMPATH\Events\Events.php(152): CodeIgniter\Events\Events::Config\{closure}()
 8 SYSTEMPATH\CodeIgniter.php(339): CodeIgniter\Events\Events::trigger('pre_system')
 9 SYSTEMPATH\Boot.php(363): CodeIgniter\CodeIgniter->run()
10 SYSTEMPATH\Boot.php(68): CodeIgniter\Boot::runCodeIgniter(Object(CodeIgniter\CodeIgniter))
11 FCPATH\index.php(59): CodeIgniter\Boot::bootWeb(Object(Config\Paths))
DEBUG - 2026-03-04 14:00:21 --> Session: Class initialized using 'CodeIgniter\Session\Handlers\FileHandler' driver.
CRITICAL - 2026-03-04 14:00:21 --> ErrorException: Trying to access array offset on value of type null
[Method: GET, Route: /]
in SYSTEMPATH\Debug\Toolbar.php on line 217.
 1 SYSTEMPATH\Debug\Toolbar.php(217): CodeIgniter\Debug\Exceptions->errorHandler(2, 'Trying to access array offset on value of type null', 'C:\\xampp\\htdocs\\IM\\system\\Debug\\Toolbar.php', 217)
 2 SYSTEMPATH\Debug\Toolbar.php(200): CodeIgniter\Debug\Toolbar->renderTimelineRecursive([...], 1772604021.072606, 7, 50, [], 0)
 3 SYSTEMPATH\Debug\Toolbar\Views\toolbar.tpl.php(105): CodeIgniter\Debug\Toolbar->renderTimeline([...], 1772604021.072606, 7, 50, [])
 4 SYSTEMPATH\Debug\Toolbar.php(533): include('C:\\xampp\\htdocs\\IM\\system\\Debug\\Toolbar\\Views\\toolbar.tpl.php')
 5 SYSTEMPATH\Debug\Toolbar.php(496): CodeIgniter\Debug\Toolbar->format([...], 'html')
 6 APPPATH\Config\Events.php(47): CodeIgniter\Debug\Toolbar->respond()
 7 SYSTEMPATH\Events\Events.php(152): CodeIgniter\Events\Events::Config\{closure}()
 8 SYSTEMPATH\CodeIgniter.php(339): CodeIgniter\Events\Events::trigger('pre_system')
 9 SYSTEMPATH\Boot.php(363): CodeIgniter\CodeIgniter->run()
10 SYSTEMPATH\Boot.php(68): CodeIgniter\Boot::runCodeIgniter(Object(CodeIgniter\CodeIgniter))
11 FCPATH\index.php(59): CodeIgniter\Boot::bootWeb(Object(Config\Paths))
WARNING - 2026-03-04 14:00:23 --> [DEPRECATED] Creation of dynamic property App\Controllers\ApplicationController::$contactsModel is deprecated in APPPATH\Controllers\ApplicationController.php on line 41.
 1 SYSTEMPATH\CodeIgniter.php(903): App\Controllers\ApplicationController->__construct()
 2 SYSTEMPATH\CodeIgniter.php(498): CodeIgniter\CodeIgniter->createController()
 3 SYSTEMPATH\CodeIgniter.php(354): CodeIgniter\CodeIgniter->handleRequest(null, Object(Config\Cache), false)
 4 SYSTEMPATH\Boot.php(363): CodeIgniter\CodeIgniter->run()
 5 SYSTEMPATH\Boot.php(68): CodeIgniter\Boot::runCodeIgniter(Object(CodeIgniter\CodeIgniter))
 6 FCPATH\index.php(59): CodeIgniter\Boot::bootWeb(Object(Config\Paths))
WARNING - 2026-03-04 14:00:23 --> [DEPRECATED] Creation of dynamic property App\Controllers\ApplicationController::$environmentsModel is deprecated in APPPATH\Controllers\ApplicationController.php on line 42.
 1 SYSTEMPATH\CodeIgniter.php(903): App\Controllers\ApplicationController->__construct()
 2 SYSTEMPATH\CodeIgniter.php(498): CodeIgniter\CodeIgniter->createController()
 3 SYSTEMPATH\CodeIgniter.php(354): CodeIgniter\CodeIgniter->handleRequest(null, Object(Config\Cache), false)
 4 SYSTEMPATH\Boot.php(363): CodeIgniter\CodeIgniter->run()
 5 SYSTEMPATH\Boot.php(68): CodeIgniter\Boot::runCodeIgniter(Object(CodeIgniter\CodeIgniter))
 6 FCPATH\index.php(59): CodeIgniter\Boot::bootWeb(Object(Config\Paths))
WARNING - 2026-03-04 14:00:23 --> [DEPRECATED] Creation of dynamic property App\Controllers\ApplicationController::$infrastructureModel is deprecated in APPPATH\Controllers\ApplicationController.php on line 43.
 1 SYSTEMPATH\CodeIgniter.php(903): App\Controllers\ApplicationController->__construct()
 2 SYSTEMPATH\CodeIgniter.php(498): CodeIgniter\CodeIgniter->createController()
 3 SYSTEMPATH\CodeIgniter.php(354): CodeIgniter\CodeIgniter->handleRequest(null, Object(Config\Cache), false)
 4 SYSTEMPATH\Boot.php(363): CodeIgniter\CodeIgniter->run()
 5 SYSTEMPATH\Boot.php(68): CodeIgniter\Boot::runCodeIgniter(Object(CodeIgniter\CodeIgniter))
 6 FCPATH\index.php(59): CodeIgniter\Boot::bootWeb(Object(Config\Paths))
WARNING - 2026-03-04 14:00:23 --> [DEPRECATED] Creation of dynamic property App\Controllers\ApplicationController::$complianceModel is deprecated in APPPATH\Controllers\ApplicationController.php on line 44.
 1 SYSTEMPATH\CodeIgniter.php(903): App\Controllers\ApplicationController->__construct()
 2 SYSTEMPATH\CodeIgniter.php(498): CodeIgniter\CodeIgniter->createController()
 3 SYSTEMPATH\CodeIgniter.php(354): CodeIgniter\CodeIgniter->handleRequest(null, Object(Config\Cache), false)
 4 SYSTEMPATH\Boot.php(363): CodeIgniter\CodeIgniter->run()
 5 SYSTEMPATH\Boot.php(68): CodeIgniter\Boot::runCodeIgniter(Object(CodeIgniter\CodeIgniter))
 6 FCPATH\index.php(59): CodeIgniter\Boot::bootWeb(Object(Config\Paths))
WARNING - 2026-03-04 14:00:23 --> [DEPRECATED] Creation of dynamic property App\Controllers\ApplicationController::$dependenciesModel is deprecated in APPPATH\Controllers\ApplicationController.php on line 45.
 1 SYSTEMPATH\CodeIgniter.php(903): App\Controllers\ApplicationController->__construct()
 2 SYSTEMPATH\CodeIgniter.php(498): CodeIgniter\CodeIgniter->createController()
 3 SYSTEMPATH\CodeIgniter.php(354): CodeIgniter\CodeIgniter->handleRequest(null, Object(Config\Cache), false)
 4 SYSTEMPATH\Boot.php(363): CodeIgniter\CodeIgniter->run()
 5 SYSTEMPATH\Boot.php(68): CodeIgniter\Boot::runCodeIgniter(Object(CodeIgniter\CodeIgniter))
 6 FCPATH\index.php(59): CodeIgniter\Boot::bootWeb(Object(Config\Paths))
WARNING - 2026-03-04 14:00:23 --> [DEPRECATED] Creation of dynamic property App\Controllers\ApplicationController::$vendorsModel is deprecated in APPPATH\Controllers\ApplicationController.php on line 46.
 1 SYSTEMPATH\CodeIgniter.php(903): App\Controllers\ApplicationController->__construct()
 2 SYSTEMPATH\CodeIgniter.php(498): CodeIgniter\CodeIgniter->createController()
 3 SYSTEMPATH\CodeIgniter.php(354): CodeIgniter\CodeIgniter->handleRequest(null, Object(Config\Cache), false)
 4 SYSTEMPATH\Boot.php(363): CodeIgniter\CodeIgniter->run()
 5 SYSTEMPATH\Boot.php(68): CodeIgniter\Boot::runCodeIgniter(Object(CodeIgniter\CodeIgniter))
 6 FCPATH\index.php(59): CodeIgniter\Boot::bootWeb(Object(Config\Paths))
WARNING - 2026-03-04 14:00:23 --> [DEPRECATED] Creation of dynamic property App\Controllers\ApplicationController::$batchModel is deprecated in APPPATH\Controllers\ApplicationController.php on line 47.
 1 SYSTEMPATH\CodeIgniter.php(903): App\Controllers\ApplicationController->__construct()
 2 SYSTEMPATH\CodeIgniter.php(498): CodeIgniter\CodeIgniter->createController()
 3 SYSTEMPATH\CodeIgniter.php(354): CodeIgniter\CodeIgniter->handleRequest(null, Object(Config\Cache), false)
 4 SYSTEMPATH\Boot.php(363): CodeIgniter\CodeIgniter->run()
 5 SYSTEMPATH\Boot.php(68): CodeIgniter\Boot::runCodeIgniter(Object(CodeIgniter\CodeIgniter))
 6 FCPATH\index.php(59): CodeIgniter\Boot::bootWeb(Object(Config\Paths))
WARNING - 2026-03-04 14:00:23 --> [DEPRECATED] Creation of dynamic property App\Controllers\ApplicationController::$licensingModel is deprecated in APPPATH\Controllers\ApplicationController.php on line 48.
 1 SYSTEMPATH\CodeIgniter.php(903): App\Controllers\ApplicationController->__construct()
 2 SYSTEMPATH\CodeIgniter.php(498): CodeIgniter\CodeIgniter->createController()
 3 SYSTEMPATH\CodeIgniter.php(354): CodeIgniter\CodeIgniter->handleRequest(null, Object(Config\Cache), false)
 4 SYSTEMPATH\Boot.php(363): CodeIgniter\CodeIgniter->run()
 5 SYSTEMPATH\Boot.php(68): CodeIgniter\Boot::runCodeIgniter(Object(CodeIgniter\CodeIgniter))
 6 FCPATH\index.php(59): CodeIgniter\Boot::bootWeb(Object(Config\Paths))
WARNING - 2026-03-04 14:00:23 --> [DEPRECATED] Creation of dynamic property App\Controllers\ApplicationController::$metricsModel is deprecated in APPPATH\Controllers\ApplicationController.php on line 49.
 1 SYSTEMPATH\CodeIgniter.php(903): App\Controllers\ApplicationController->__construct()
 2 SYSTEMPATH\CodeIgniter.php(498): CodeIgniter\CodeIgniter->createController()
 3 SYSTEMPATH\CodeIgniter.php(354): CodeIgniter\CodeIgniter->handleRequest(null, Object(Config\Cache), false)
 4 SYSTEMPATH\Boot.php(363): CodeIgniter\CodeIgniter->run()
 5 SYSTEMPATH\Boot.php(68): CodeIgniter\Boot::runCodeIgniter(Object(CodeIgniter\CodeIgniter))
 6 FCPATH\index.php(59): CodeIgniter\Boot::bootWeb(Object(Config\Paths))
WARNING - 2026-03-04 14:00:23 --> [DEPRECATED] Creation of dynamic property App\Controllers\ApplicationController::$techModel is deprecated in APPPATH\Controllers\ApplicationController.php on line 50.
 1 SYSTEMPATH\CodeIgniter.php(903): App\Controllers\ApplicationController->__construct()
 2 SYSTEMPATH\CodeIgniter.php(498): CodeIgniter\CodeIgniter->createController()
 3 SYSTEMPATH\CodeIgniter.php(354): CodeIgniter\CodeIgniter->handleRequest(null, Object(Config\Cache), false)
 4 SYSTEMPATH\Boot.php(363): CodeIgniter\CodeIgniter->run()
 5 SYSTEMPATH\Boot.php(68): CodeIgniter\Boot::runCodeIgniter(Object(CodeIgniter\CodeIgniter))
 6 FCPATH\index.php(59): CodeIgniter\Boot::bootWeb(Object(Config\Paths))
DEBUG - 2026-03-04 14:00:23 --> Session: Class initialized using 'CodeIgniter\Session\Handlers\FileHandler' driver.
CRITICAL - 2026-03-04 14:00:24 --> ErrorException: Trying to access array offset on value of type null
[Method: GET, Route: /]
in SYSTEMPATH\Debug\Toolbar.php on line 217.
 1 SYSTEMPATH\Debug\Toolbar.php(217): CodeIgniter\Debug\Exceptions->errorHandler(2, 'Trying to access array offset on value of type null', 'C:\\xampp\\htdocs\\IM\\system\\Debug\\Toolbar.php', 217)
 2 SYSTEMPATH\Debug\Toolbar.php(200): CodeIgniter\Debug\Toolbar->renderTimelineRecursive([...], 1772604023.252649, 7, 115, [], 0)
 3 SYSTEMPATH\Debug\Toolbar\Views\toolbar.tpl.php(105): CodeIgniter\Debug\Toolbar->renderTimeline([...], 1772604023.252649, 7, 115, [])
 4 SYSTEMPATH\Debug\Toolbar.php(533): include('C:\\xampp\\htdocs\\IM\\system\\Debug\\Toolbar\\Views\\toolbar.tpl.php')
 5 SYSTEMPATH\Debug\Toolbar.php(496): CodeIgniter\Debug\Toolbar->format([...], 'html')
 6 APPPATH\Config\Events.php(47): CodeIgniter\Debug\Toolbar->respond()
 7 SYSTEMPATH\Events\Events.php(152): CodeIgniter\Events\Events::Config\{closure}()
 8 SYSTEMPATH\CodeIgniter.php(339): CodeIgniter\Events\Events::trigger('pre_system')
 9 SYSTEMPATH\Boot.php(363): CodeIgniter\CodeIgniter->run()
10 SYSTEMPATH\Boot.php(68): CodeIgniter\Boot::runCodeIgniter(Object(CodeIgniter\CodeIgniter))
11 FCPATH\index.php(59): CodeIgniter\Boot::bootWeb(Object(Config\Paths))
DEBUG - 2026-03-04 14:00:49 --> Session: Class initialized using 'CodeIgniter\Session\Handlers\FileHandler' driver.
CRITICAL - 2026-03-04 14:00:50 --> ErrorException: Trying to access array offset on value of type null
[Method: GET, Route: /]
in SYSTEMPATH\Debug\Toolbar.php on line 217.
 1 SYSTEMPATH\Debug\Toolbar.php(217): CodeIgniter\Debug\Exceptions->errorHandler(2, 'Trying to access array offset on value of type null', 'C:\\xampp\\htdocs\\IM\\system\\Debug\\Toolbar.php', 217)
 2 SYSTEMPATH\Debug\Toolbar.php(200): CodeIgniter\Debug\Toolbar->renderTimelineRecursive([...], 1772604049.696945, 7, 40, [], 0)
 3 SYSTEMPATH\Debug\Toolbar\Views\toolbar.tpl.php(105): CodeIgniter\Debug\Toolbar->renderTimeline([...], 1772604049.696945, 7, 40, [])
 4 SYSTEMPATH\Debug\Toolbar.php(533): include('C:\\xampp\\htdocs\\IM\\system\\Debug\\Toolbar\\Views\\toolbar.tpl.php')
 5 SYSTEMPATH\Debug\Toolbar.php(496): CodeIgniter\Debug\Toolbar->format([...], 'html')
 6 APPPATH\Config\Events.php(47): CodeIgniter\Debug\Toolbar->respond()
 7 SYSTEMPATH\Events\Events.php(152): CodeIgniter\Events\Events::Config\{closure}()
 8 SYSTEMPATH\CodeIgniter.php(339): CodeIgniter\Events\Events::trigger('pre_system')
 9 SYSTEMPATH\Boot.php(363): CodeIgniter\CodeIgniter->run()
10 SYSTEMPATH\Boot.php(68): CodeIgniter\Boot::runCodeIgniter(Object(CodeIgniter\CodeIgniter))
11 FCPATH\index.php(59): CodeIgniter\Boot::bootWeb(Object(Config\Paths))
DEBUG - 2026-03-04 14:05:15 --> Session: Class initialized using 'CodeIgniter\Session\Handlers\FileHandler' driver.
DEBUG - 2026-03-04 14:05:15 --> Session: Class initialized using 'CodeIgniter\Session\Handlers\FileHandler' driver.
DEBUG - 2026-03-04 14:05:23 --> Session: Class initialized using 'CodeIgniter\Session\Handlers\FileHandler' driver.
CRITICAL - 2026-03-04 14:05:24 --> ErrorException: Trying to access array offset on value of type null
[Method: GET, Route: /]
in SYSTEMPATH\Debug\Toolbar.php on line 217.
 1 SYSTEMPATH\Debug\Toolbar.php(217): CodeIgniter\Debug\Exceptions->errorHandler(2, 'Trying to access array offset on value of type null', 'C:\\xampp\\htdocs\\IM\\system\\Debug\\Toolbar.php', 217)
 2 SYSTEMPATH\Debug\Toolbar.php(200): CodeIgniter\Debug\Toolbar->renderTimelineRecursive([...], 1772604323.201183, 6, 10, [], 0)
 3 SYSTEMPATH\Debug\Toolbar\Views\toolbar.tpl.php(105): CodeIgniter\Debug\Toolbar->renderTimeline([...], 1772604323.201183, 6, 10, [])
 4 SYSTEMPATH\Debug\Toolbar.php(533): include('C:\\xampp\\htdocs\\IM\\system\\Debug\\Toolbar\\Views\\toolbar.tpl.php')
 5 SYSTEMPATH\Debug\Toolbar.php(496): CodeIgniter\Debug\Toolbar->format([...], 'html')
 6 APPPATH\Config\Events.php(47): CodeIgniter\Debug\Toolbar->respond()
 7 SYSTEMPATH\Events\Events.php(152): CodeIgniter\Events\Events::Config\{closure}()
 8 SYSTEMPATH\CodeIgniter.php(339): CodeIgniter\Events\Events::trigger('pre_system')
 9 SYSTEMPATH\Boot.php(363): CodeIgniter\CodeIgniter->run()
10 SYSTEMPATH\Boot.php(68): CodeIgniter\Boot::runCodeIgniter(Object(CodeIgniter\CodeIgniter))
11 FCPATH\index.php(59): CodeIgniter\Boot::bootWeb(Object(Config\Paths))
DEBUG - 2026-03-04 14:06:01 --> Session: Class initialized using 'CodeIgniter\Session\Handlers\FileHandler' driver.
DEBUG - 2026-03-04 14:06:01 --> Session: Class initialized using 'CodeIgniter\Session\Handlers\FileHandler' driver.
CRITICAL - 2026-03-04 14:06:01 --> ErrorException: Trying to access array offset on value of type null
[Method: GET, Route: /]
in SYSTEMPATH\Debug\Toolbar.php on line 217.
 1 SYSTEMPATH\Debug\Toolbar.php(217): CodeIgniter\Debug\Exceptions->errorHandler(2, 'Trying to access array offset on value of type null', 'C:\\xampp\\htdocs\\IM\\system\\Debug\\Toolbar.php', 217)
 2 SYSTEMPATH\Debug\Toolbar.php(200): CodeIgniter\Debug\Toolbar->renderTimelineRecursive([...], 1772604361.591755, 6, 10, [], 0)
 3 SYSTEMPATH\Debug\Toolbar\Views\toolbar.tpl.php(105): CodeIgniter\Debug\Toolbar->renderTimeline([...], 1772604361.591755, 6, 10, [])
 4 SYSTEMPATH\Debug\Toolbar.php(533): include('C:\\xampp\\htdocs\\IM\\system\\Debug\\Toolbar\\Views\\toolbar.tpl.php')
 5 SYSTEMPATH\Debug\Toolbar.php(496): CodeIgniter\Debug\Toolbar->format([...], 'html')
 6 APPPATH\Config\Events.php(47): CodeIgniter\Debug\Toolbar->respond()
 7 SYSTEMPATH\Events\Events.php(152): CodeIgniter\Events\Events::Config\{closure}()
 8 SYSTEMPATH\CodeIgniter.php(339): CodeIgniter\Events\Events::trigger('pre_system')
 9 SYSTEMPATH\Boot.php(363): CodeIgniter\CodeIgniter->run()
10 SYSTEMPATH\Boot.php(68): CodeIgniter\Boot::runCodeIgniter(Object(CodeIgniter\CodeIgniter))
11 FCPATH\index.php(59): CodeIgniter\Boot::bootWeb(Object(Config\Paths))
DEBUG - 2026-03-04 14:06:21 --> Session: Class initialized using 'CodeIgniter\Session\Handlers\FileHandler' driver.
DEBUG - 2026-03-04 14:06:21 --> Session: Class initialized using 'CodeIgniter\Session\Handlers\FileHandler' driver.
CRITICAL - 2026-03-04 14:06:21 --> ErrorException: Trying to access array offset on value of type null
[Method: GET, Route: /]
in SYSTEMPATH\Debug\Toolbar.php on line 217.
 1 SYSTEMPATH\Debug\Toolbar.php(217): CodeIgniter\Debug\Exceptions->errorHandler(2, 'Trying to access array offset on value of type null', 'C:\\xampp\\htdocs\\IM\\system\\Debug\\Toolbar.php', 217)
 2 SYSTEMPATH\Debug\Toolbar.php(200): CodeIgniter\Debug\Toolbar->renderTimelineRecursive([...], 1772604381.623242, 6, 10, [], 0)
 3 SYSTEMPATH\Debug\Toolbar\Views\toolbar.tpl.php(105): CodeIgniter\Debug\Toolbar->renderTimeline([...], 1772604381.623242, 6, 10, [])
 4 SYSTEMPATH\Debug\Toolbar.php(533): include('C:\\xampp\\htdocs\\IM\\system\\Debug\\Toolbar\\Views\\toolbar.tpl.php')
 5 SYSTEMPATH\Debug\Toolbar.php(496): CodeIgniter\Debug\Toolbar->format([...], 'html')
 6 APPPATH\Config\Events.php(47): CodeIgniter\Debug\Toolbar->respond()
 7 SYSTEMPATH\Events\Events.php(152): CodeIgniter\Events\Events::Config\{closure}()
 8 SYSTEMPATH\CodeIgniter.php(339): CodeIgniter\Events\Events::trigger('pre_system')
 9 SYSTEMPATH\Boot.php(363): CodeIgniter\CodeIgniter->run()
10 SYSTEMPATH\Boot.php(68): CodeIgniter\Boot::runCodeIgniter(Object(CodeIgniter\CodeIgniter))
11 FCPATH\index.php(59): CodeIgniter\Boot::bootWeb(Object(Config\Paths))
DEBUG - 2026-03-04 14:08:22 --> Session: Class initialized using 'CodeIgniter\Session\Handlers\FileHandler' driver.
CRITICAL - 2026-03-04 14:08:25 --> ErrorException: Trying to access array offset on value of type null
[Method: GET, Route: /]
in SYSTEMPATH\Debug\Toolbar.php on line 217.
 1 SYSTEMPATH\Debug\Toolbar.php(217): CodeIgniter\Debug\Exceptions->errorHandler(2, 'Trying to access array offset on value of type null', 'C:\\xampp\\htdocs\\IM\\system\\Debug\\Toolbar.php', 217)
 2 SYSTEMPATH\Debug\Toolbar.php(200): CodeIgniter\Debug\Toolbar->renderTimelineRecursive([...], 1772604500.198502, 7, 370, [], 0)
 3 SYSTEMPATH\Debug\Toolbar\Views\toolbar.tpl.php(105): CodeIgniter\Debug\Toolbar->renderTimeline([...], 1772604500.198502, 7, 370, [])
 4 SYSTEMPATH\Debug\Toolbar.php(533): include('C:\\xampp\\htdocs\\IM\\system\\Debug\\Toolbar\\Views\\toolbar.tpl.php')
 5 SYSTEMPATH\Debug\Toolbar.php(496): CodeIgniter\Debug\Toolbar->format([...], 'html')
 6 APPPATH\Config\Events.php(47): CodeIgniter\Debug\Toolbar->respond()
 7 SYSTEMPATH\Events\Events.php(152): CodeIgniter\Events\Events::Config\{closure}()
 8 SYSTEMPATH\CodeIgniter.php(339): CodeIgniter\Events\Events::trigger('pre_system')
 9 SYSTEMPATH\Boot.php(363): CodeIgniter\CodeIgniter->run()
10 SYSTEMPATH\Boot.php(68): CodeIgniter\Boot::runCodeIgniter(Object(CodeIgniter\CodeIgniter))
11 FCPATH\index.php(59): CodeIgniter\Boot::bootWeb(Object(Config\Paths))
DEBUG - 2026-03-04 14:08:32 --> Session: Class initialized using 'CodeIgniter\Session\Handlers\FileHandler' driver.
CRITICAL - 2026-03-04 14:08:33 --> ErrorException: Trying to access array offset on value of type null
[Method: GET, Route: /]
in SYSTEMPATH\Debug\Toolbar.php on line 217.
 1 SYSTEMPATH\Debug\Toolbar.php(217): CodeIgniter\Debug\Exceptions->errorHandler(2, 'Trying to access array offset on value of type null', 'C:\\xampp\\htdocs\\IM\\system\\Debug\\Toolbar.php', 217)
 2 SYSTEMPATH\Debug\Toolbar.php(200): CodeIgniter\Debug\Toolbar->renderTimelineRecursive([...], 1772604512.616978, 7, 25, [], 0)
 3 SYSTEMPATH\Debug\Toolbar\Views\toolbar.tpl.php(105): CodeIgniter\Debug\Toolbar->renderTimeline([...], 1772604512.616978, 7, 25, [])
 4 SYSTEMPATH\Debug\Toolbar.php(533): include('C:\\xampp\\htdocs\\IM\\system\\Debug\\Toolbar\\Views\\toolbar.tpl.php')
 5 SYSTEMPATH\Debug\Toolbar.php(496): CodeIgniter\Debug\Toolbar->format([...], 'html')
 6 APPPATH\Config\Events.php(47): CodeIgniter\Debug\Toolbar->respond()
 7 SYSTEMPATH\Events\Events.php(152): CodeIgniter\Events\Events::Config\{closure}()
 8 SYSTEMPATH\CodeIgniter.php(339): CodeIgniter\Events\Events::trigger('pre_system')
 9 SYSTEMPATH\Boot.php(363): CodeIgniter\CodeIgniter->run()
10 SYSTEMPATH\Boot.php(68): CodeIgniter\Boot::runCodeIgniter(Object(CodeIgniter\CodeIgniter))
11 FCPATH\index.php(59): CodeIgniter\Boot::bootWeb(Object(Config\Paths))
DEBUG - 2026-03-04 14:08:48 --> Session: Class initialized using 'CodeIgniter\Session\Handlers\FileHandler' driver.
CRITICAL - 2026-03-04 14:08:49 --> ErrorException: Trying to access array offset on value of type null
[Method: GET, Route: /]
in SYSTEMPATH\Debug\Toolbar.php on line 217.
 1 SYSTEMPATH\Debug\Toolbar.php(217): CodeIgniter\Debug\Exceptions->errorHandler(2, 'Trying to access array offset on value of type null', 'C:\\xampp\\htdocs\\IM\\system\\Debug\\Toolbar.php', 217)
 2 SYSTEMPATH\Debug\Toolbar.php(200): CodeIgniter\Debug\Toolbar->renderTimelineRecursive([...], 1772604528.870591, 7, 25, [], 0)
 3 SYSTEMPATH\Debug\Toolbar\Views\toolbar.tpl.php(105): CodeIgniter\Debug\Toolbar->renderTimeline([...], 1772604528.870591, 7, 25, [])
 4 SYSTEMPATH\Debug\Toolbar.php(533): include('C:\\xampp\\htdocs\\IM\\system\\Debug\\Toolbar\\Views\\toolbar.tpl.php')
 5 SYSTEMPATH\Debug\Toolbar.php(496): CodeIgniter\Debug\Toolbar->format([...], 'html')
 6 APPPATH\Config\Events.php(47): CodeIgniter\Debug\Toolbar->respond()
 7 SYSTEMPATH\Events\Events.php(152): CodeIgniter\Events\Events::Config\{closure}()
 8 SYSTEMPATH\CodeIgniter.php(339): CodeIgniter\Events\Events::trigger('pre_system')
 9 SYSTEMPATH\Boot.php(363): CodeIgniter\CodeIgniter->run()
10 SYSTEMPATH\Boot.php(68): CodeIgniter\Boot::runCodeIgniter(Object(CodeIgniter\CodeIgniter))
11 FCPATH\index.php(59): CodeIgniter\Boot::bootWeb(Object(Config\Paths))
DEBUG - 2026-03-04 14:08:51 --> Session: Class initialized using 'CodeIgniter\Session\Handlers\FileHandler' driver.
CRITICAL - 2026-03-04 14:08:51 --> ErrorException: Trying to access array offset on value of type null
[Method: GET, Route: /]
in SYSTEMPATH\Debug\Toolbar.php on line 217.
 1 SYSTEMPATH\Debug\Toolbar.php(217): CodeIgniter\Debug\Exceptions->errorHandler(2, 'Trying to access array offset on value of type null', 'C:\\xampp\\htdocs\\IM\\system\\Debug\\Toolbar.php', 217)
 2 SYSTEMPATH\Debug\Toolbar.php(200): CodeIgniter\Debug\Toolbar->renderTimelineRecursive([...], 1772604531.31012, 6, 15, [], 0)
 3 SYSTEMPATH\Debug\Toolbar\Views\toolbar.tpl.php(105): CodeIgniter\Debug\Toolbar->renderTimeline([...], 1772604531.31012, 6, 15, [])
 4 SYSTEMPATH\Debug\Toolbar.php(533): include('C:\\xampp\\htdocs\\IM\\system\\Debug\\Toolbar\\Views\\toolbar.tpl.php')
 5 SYSTEMPATH\Debug\Toolbar.php(496): CodeIgniter\Debug\Toolbar->format([...], 'html')
 6 APPPATH\Config\Events.php(47): CodeIgniter\Debug\Toolbar->respond()
 7 SYSTEMPATH\Events\Events.php(152): CodeIgniter\Events\Events::Config\{closure}()
 8 SYSTEMPATH\CodeIgniter.php(339): CodeIgniter\Events\Events::trigger('pre_system')
 9 SYSTEMPATH\Boot.php(363): CodeIgniter\CodeIgniter->run()
10 SYSTEMPATH\Boot.php(68): CodeIgniter\Boot::runCodeIgniter(Object(CodeIgniter\CodeIgniter))
11 FCPATH\index.php(59): CodeIgniter\Boot::bootWeb(Object(Config\Paths))
DEBUG - 2026-03-04 14:08:52 --> Session: Class initialized using 'CodeIgniter\Session\Handlers\FileHandler' driver.
CRITICAL - 2026-03-04 14:08:52 --> ErrorException: Trying to access array offset on value of type null
[Method: GET, Route: /]
in SYSTEMPATH\Debug\Toolbar.php on line 217.
 1 SYSTEMPATH\Debug\Toolbar.php(217): CodeIgniter\Debug\Exceptions->errorHandler(2, 'Trying to access array offset on value of type null', 'C:\\xampp\\htdocs\\IM\\system\\Debug\\Toolbar.php', 217)
 2 SYSTEMPATH\Debug\Toolbar.php(200): CodeIgniter\Debug\Toolbar->renderTimelineRecursive([...], 1772604532.675245, 6, 15, [], 0)
 3 SYSTEMPATH\Debug\Toolbar\Views\toolbar.tpl.php(105): CodeIgniter\Debug\Toolbar->renderTimeline([...], 1772604532.675245, 6, 15, [])
 4 SYSTEMPATH\Debug\Toolbar.php(533): include('C:\\xampp\\htdocs\\IM\\system\\Debug\\Toolbar\\Views\\toolbar.tpl.php')
 5 SYSTEMPATH\Debug\Toolbar.php(496): CodeIgniter\Debug\Toolbar->format([...], 'html')
 6 APPPATH\Config\Events.php(47): CodeIgniter\Debug\Toolbar->respond()
 7 SYSTEMPATH\Events\Events.php(152): CodeIgniter\Events\Events::Config\{closure}()
 8 SYSTEMPATH\CodeIgniter.php(339): CodeIgniter\Events\Events::trigger('pre_system')
 9 SYSTEMPATH\Boot.php(363): CodeIgniter\CodeIgniter->run()
10 SYSTEMPATH\Boot.php(68): CodeIgniter\Boot::runCodeIgniter(Object(CodeIgniter\CodeIgniter))
11 FCPATH\index.php(59): CodeIgniter\Boot::bootWeb(Object(Config\Paths))
DEBUG - 2026-03-04 14:08:56 --> Session: Class initialized using 'CodeIgniter\Session\Handlers\FileHandler' driver.
DEBUG - 2026-03-04 14:08:57 --> Session: Class initialized using 'CodeIgniter\Session\Handlers\FileHandler' driver.
CRITICAL - 2026-03-04 14:08:57 --> ErrorException: Trying to access array offset on value of type null
[Method: GET, Route: /]
in SYSTEMPATH\Debug\Toolbar.php on line 217.
 1 SYSTEMPATH\Debug\Toolbar.php(217): CodeIgniter\Debug\Exceptions->errorHandler(2, 'Trying to access array offset on value of type null', 'C:\\xampp\\htdocs\\IM\\system\\Debug\\Toolbar.php', 217)
 2 SYSTEMPATH\Debug\Toolbar.php(200): CodeIgniter\Debug\Toolbar->renderTimelineRecursive([...], 1772604537.491834, 5, 15, [], 0)
 3 SYSTEMPATH\Debug\Toolbar\Views\toolbar.tpl.php(105): CodeIgniter\Debug\Toolbar->renderTimeline([...], 1772604537.491834, 5, 15, [])
 4 SYSTEMPATH\Debug\Toolbar.php(533): include('C:\\xampp\\htdocs\\IM\\system\\Debug\\Toolbar\\Views\\toolbar.tpl.php')
 5 SYSTEMPATH\Debug\Toolbar.php(496): CodeIgniter\Debug\Toolbar->format([...], 'html')
 6 APPPATH\Config\Events.php(47): CodeIgniter\Debug\Toolbar->respond()
 7 SYSTEMPATH\Events\Events.php(152): CodeIgniter\Events\Events::Config\{closure}()
 8 SYSTEMPATH\CodeIgniter.php(339): CodeIgniter\Events\Events::trigger('pre_system')
 9 SYSTEMPATH\Boot.php(363): CodeIgniter\CodeIgniter->run()
10 SYSTEMPATH\Boot.php(68): CodeIgniter\Boot::runCodeIgniter(Object(CodeIgniter\CodeIgniter))
11 FCPATH\index.php(59): CodeIgniter\Boot::bootWeb(Object(Config\Paths))
DEBUG - 2026-03-04 14:09:04 --> Session: Class initialized using 'CodeIgniter\Session\Handlers\FileHandler' driver.
CRITICAL - 2026-03-04 14:09:04 --> ErrorException: Trying to access array offset on value of type null
[Method: GET, Route: /]
in SYSTEMPATH\Debug\Toolbar.php on line 217.
 1 SYSTEMPATH\Debug\Toolbar.php(217): CodeIgniter\Debug\Exceptions->errorHandler(2, 'Trying to access array offset on value of type null', 'C:\\xampp\\htdocs\\IM\\system\\Debug\\Toolbar.php', 217)
 2 SYSTEMPATH\Debug\Toolbar.php(200): CodeIgniter\Debug\Toolbar->renderTimelineRecursive([...], 1772604543.983407, 6, 15, [], 0)
 3 SYSTEMPATH\Debug\Toolbar\Views\toolbar.tpl.php(105): CodeIgniter\Debug\Toolbar->renderTimeline([...], 1772604543.983407, 6, 15, [])
 4 SYSTEMPATH\Debug\Toolbar.php(533): include('C:\\xampp\\htdocs\\IM\\system\\Debug\\Toolbar\\Views\\toolbar.tpl.php')
 5 SYSTEMPATH\Debug\Toolbar.php(496): CodeIgniter\Debug\Toolbar->format([...], 'html')
 6 APPPATH\Config\Events.php(47): CodeIgniter\Debug\Toolbar->respond()
 7 SYSTEMPATH\Events\Events.php(152): CodeIgniter\Events\Events::Config\{closure}()
 8 SYSTEMPATH\CodeIgniter.php(339): CodeIgniter\Events\Events::trigger('pre_system')
 9 SYSTEMPATH\Boot.php(363): CodeIgniter\CodeIgniter->run()
10 SYSTEMPATH\Boot.php(68): CodeIgniter\Boot::runCodeIgniter(Object(CodeIgniter\CodeIgniter))
11 FCPATH\index.php(59): CodeIgniter\Boot::bootWeb(Object(Config\Paths))
DEBUG - 2026-03-04 14:09:13 --> Session: Class initialized using 'CodeIgniter\Session\Handlers\FileHandler' driver.
CRITICAL - 2026-03-04 14:09:13 --> ErrorException: Trying to access array offset on value of type null
[Method: GET, Route: /]
in SYSTEMPATH\Debug\Toolbar.php on line 217.
 1 SYSTEMPATH\Debug\Toolbar.php(217): CodeIgniter\Debug\Exceptions->errorHandler(2, 'Trying to access array offset on value of type null', 'C:\\xampp\\htdocs\\IM\\system\\Debug\\Toolbar.php', 217)
 2 SYSTEMPATH\Debug\Toolbar.php(200): CodeIgniter\Debug\Toolbar->renderTimelineRecursive([...], 1772604553.040671, 6, 15, [], 0)
 3 SYSTEMPATH\Debug\Toolbar\Views\toolbar.tpl.php(105): CodeIgniter\Debug\Toolbar->renderTimeline([...], 1772604553.040671, 6, 15, [])
 4 SYSTEMPATH\Debug\Toolbar.php(533): include('C:\\xampp\\htdocs\\IM\\system\\Debug\\Toolbar\\Views\\toolbar.tpl.php')
 5 SYSTEMPATH\Debug\Toolbar.php(496): CodeIgniter\Debug\Toolbar->format([...], 'html')
 6 APPPATH\Config\Events.php(47): CodeIgniter\Debug\Toolbar->respond()
 7 SYSTEMPATH\Events\Events.php(152): CodeIgniter\Events\Events::Config\{closure}()
 8 SYSTEMPATH\CodeIgniter.php(339): CodeIgniter\Events\Events::trigger('pre_system')
 9 SYSTEMPATH\Boot.php(363): CodeIgniter\CodeIgniter->run()
10 SYSTEMPATH\Boot.php(68): CodeIgniter\Boot::runCodeIgniter(Object(CodeIgniter\CodeIgniter))
11 FCPATH\index.php(59): CodeIgniter\Boot::bootWeb(Object(Config\Paths))
DEBUG - 2026-03-04 14:10:40 --> Session: Class initialized using 'CodeIgniter\Session\Handlers\FileHandler' driver.
CRITICAL - 2026-03-04 14:10:40 --> ErrorException: Trying to access array offset on value of type null
[Method: GET, Route: /]
in SYSTEMPATH\Debug\Toolbar.php on line 217.
 1 SYSTEMPATH\Debug\Toolbar.php(217): CodeIgniter\Debug\Exceptions->errorHandler(2, 'Trying to access array offset on value of type null', 'C:\\xampp\\htdocs\\IM\\system\\Debug\\Toolbar.php', 217)
 2 SYSTEMPATH\Debug\Toolbar.php(200): CodeIgniter\Debug\Toolbar->renderTimelineRecursive([...], 1772604640.320447, 6, 15, [], 0)
 3 SYSTEMPATH\Debug\Toolbar\Views\toolbar.tpl.php(105): CodeIgniter\Debug\Toolbar->renderTimeline([...], 1772604640.320447, 6, 15, [])
 4 SYSTEMPATH\Debug\Toolbar.php(533): include('C:\\xampp\\htdocs\\IM\\system\\Debug\\Toolbar\\Views\\toolbar.tpl.php')
 5 SYSTEMPATH\Debug\Toolbar.php(496): CodeIgniter\Debug\Toolbar->format([...], 'html')
 6 APPPATH\Config\Events.php(47): CodeIgniter\Debug\Toolbar->respond()
 7 SYSTEMPATH\Events\Events.php(152): CodeIgniter\Events\Events::Config\{closure}()
 8 SYSTEMPATH\CodeIgniter.php(339): CodeIgniter\Events\Events::trigger('pre_system')
 9 SYSTEMPATH\Boot.php(363): CodeIgniter\CodeIgniter->run()
10 SYSTEMPATH\Boot.php(68): CodeIgniter\Boot::runCodeIgniter(Object(CodeIgniter\CodeIgniter))
11 FCPATH\index.php(59): CodeIgniter\Boot::bootWeb(Object(Config\Paths))
DEBUG - 2026-03-04 14:10:42 --> Session: Class initialized using 'CodeIgniter\Session\Handlers\FileHandler' driver.
CRITICAL - 2026-03-04 14:10:42 --> ErrorException: Trying to access array offset on value of type null
[Method: GET, Route: /]
in SYSTEMPATH\Debug\Toolbar.php on line 217.
 1 SYSTEMPATH\Debug\Toolbar.php(217): CodeIgniter\Debug\Exceptions->errorHandler(2, 'Trying to access array offset on value of type null', 'C:\\xampp\\htdocs\\IM\\system\\Debug\\Toolbar.php', 217)
 2 SYSTEMPATH\Debug\Toolbar.php(200): CodeIgniter\Debug\Toolbar->renderTimelineRecursive([...], 1772604642.533376, 7, 15, [], 0)
 3 SYSTEMPATH\Debug\Toolbar\Views\toolbar.tpl.php(105): CodeIgniter\Debug\Toolbar->renderTimeline([...], 1772604642.533376, 7, 15, [])
 4 SYSTEMPATH\Debug\Toolbar.php(533): include('C:\\xampp\\htdocs\\IM\\system\\Debug\\Toolbar\\Views\\toolbar.tpl.php')
 5 SYSTEMPATH\Debug\Toolbar.php(496): CodeIgniter\Debug\Toolbar->format([...], 'html')
 6 APPPATH\Config\Events.php(47): CodeIgniter\Debug\Toolbar->respond()
 7 SYSTEMPATH\Events\Events.php(152): CodeIgniter\Events\Events::Config\{closure}()
 8 SYSTEMPATH\CodeIgniter.php(339): CodeIgniter\Events\Events::trigger('pre_system')
 9 SYSTEMPATH\Boot.php(363): CodeIgniter\CodeIgniter->run()
10 SYSTEMPATH\Boot.php(68): CodeIgniter\Boot::runCodeIgniter(Object(CodeIgniter\CodeIgniter))
11 FCPATH\index.php(59): CodeIgniter\Boot::bootWeb(Object(Config\Paths))
DEBUG - 2026-03-04 14:11:53 --> Session: Class initialized using 'CodeIgniter\Session\Handlers\FileHandler' driver.
CRITICAL - 2026-03-04 14:11:54 --> ErrorException: Trying to access array offset on value of type null
[Method: GET, Route: /]
in SYSTEMPATH\Debug\Toolbar.php on line 217.
 1 SYSTEMPATH\Debug\Toolbar.php(217): CodeIgniter\Debug\Exceptions->errorHandler(2, 'Trying to access array offset on value of type null', 'C:\\xampp\\htdocs\\IM\\system\\Debug\\Toolbar.php', 217)
 2 SYSTEMPATH\Debug\Toolbar.php(200): CodeIgniter\Debug\Toolbar->renderTimelineRecursive([...], 1772604713.848704, 7, 30, [], 0)
 3 SYSTEMPATH\Debug\Toolbar\Views\toolbar.tpl.php(105): CodeIgniter\Debug\Toolbar->renderTimeline([...], 1772604713.848704, 7, 30, [])
 4 SYSTEMPATH\Debug\Toolbar.php(533): include('C:\\xampp\\htdocs\\IM\\system\\Debug\\Toolbar\\Views\\toolbar.tpl.php')
 5 SYSTEMPATH\Debug\Toolbar.php(496): CodeIgniter\Debug\Toolbar->format([...], 'html')
 6 APPPATH\Config\Events.php(47): CodeIgniter\Debug\Toolbar->respond()
 7 SYSTEMPATH\Events\Events.php(152): CodeIgniter\Events\Events::Config\{closure}()
 8 SYSTEMPATH\CodeIgniter.php(339): CodeIgniter\Events\Events::trigger('pre_system')
 9 SYSTEMPATH\Boot.php(363): CodeIgniter\CodeIgniter->run()
10 SYSTEMPATH\Boot.php(68): CodeIgniter\Boot::runCodeIgniter(Object(CodeIgniter\CodeIgniter))
11 FCPATH\index.php(59): CodeIgniter\Boot::bootWeb(Object(Config\Paths))
DEBUG - 2026-03-04 14:12:02 --> Session: Class initialized using 'CodeIgniter\Session\Handlers\FileHandler' driver.
CRITICAL - 2026-03-04 14:12:03 --> ErrorException: Trying to access array offset on value of type null
[Method: GET, Route: /]
in SYSTEMPATH\Debug\Toolbar.php on line 217.
 1 SYSTEMPATH\Debug\Toolbar.php(217): CodeIgniter\Debug\Exceptions->errorHandler(2, 'Trying to access array offset on value of type null', 'C:\\xampp\\htdocs\\IM\\system\\Debug\\Toolbar.php', 217)
 2 SYSTEMPATH\Debug\Toolbar.php(200): CodeIgniter\Debug\Toolbar->renderTimelineRecursive([...], 1772604722.864542, 7, 40, [], 0)
 3 SYSTEMPATH\Debug\Toolbar\Views\toolbar.tpl.php(105): CodeIgniter\Debug\Toolbar->renderTimeline([...], 1772604722.864542, 7, 40, [])
 4 SYSTEMPATH\Debug\Toolbar.php(533): include('C:\\xampp\\htdocs\\IM\\system\\Debug\\Toolbar\\Views\\toolbar.tpl.php')
 5 SYSTEMPATH\Debug\Toolbar.php(496): CodeIgniter\Debug\Toolbar->format([...], 'html')
 6 APPPATH\Config\Events.php(47): CodeIgniter\Debug\Toolbar->respond()
 7 SYSTEMPATH\Events\Events.php(152): CodeIgniter\Events\Events::Config\{closure}()
 8 SYSTEMPATH\CodeIgniter.php(339): CodeIgniter\Events\Events::trigger('pre_system')
 9 SYSTEMPATH\Boot.php(363): CodeIgniter\CodeIgniter->run()
10 SYSTEMPATH\Boot.php(68): CodeIgniter\Boot::runCodeIgniter(Object(CodeIgniter\CodeIgniter))
11 FCPATH\index.php(59): CodeIgniter\Boot::bootWeb(Object(Config\Paths))
DEBUG - 2026-03-04 14:12:08 --> Session: Class initialized using 'CodeIgniter\Session\Handlers\FileHandler' driver.
CRITICAL - 2026-03-04 14:12:08 --> ErrorException: Trying to access array offset on value of type null
[Method: GET, Route: /]
in SYSTEMPATH\Debug\Toolbar.php on line 217.
 1 SYSTEMPATH\Debug\Toolbar.php(217): CodeIgniter\Debug\Exceptions->errorHandler(2, 'Trying to access array offset on value of type null', 'C:\\xampp\\htdocs\\IM\\system\\Debug\\Toolbar.php', 217)
 2 SYSTEMPATH\Debug\Toolbar.php(200): CodeIgniter\Debug\Toolbar->renderTimelineRecursive([...], 1772604728.037576, 6, 15, [], 0)
 3 SYSTEMPATH\Debug\Toolbar\Views\toolbar.tpl.php(105): CodeIgniter\Debug\Toolbar->renderTimeline([...], 1772604728.037576, 6, 15, [])
 4 SYSTEMPATH\Debug\Toolbar.php(533): include('C:\\xampp\\htdocs\\IM\\system\\Debug\\Toolbar\\Views\\toolbar.tpl.php')
 5 SYSTEMPATH\Debug\Toolbar.php(496): CodeIgniter\Debug\Toolbar->format([...], 'html')
 6 APPPATH\Config\Events.php(47): CodeIgniter\Debug\Toolbar->respond()
 7 SYSTEMPATH\Events\Events.php(152): CodeIgniter\Events\Events::Config\{closure}()
 8 SYSTEMPATH\CodeIgniter.php(339): CodeIgniter\Events\Events::trigger('pre_system')
 9 SYSTEMPATH\Boot.php(363): CodeIgniter\CodeIgniter->run()
10 SYSTEMPATH\Boot.php(68): CodeIgniter\Boot::runCodeIgniter(Object(CodeIgniter\CodeIgniter))
11 FCPATH\index.php(59): CodeIgniter\Boot::bootWeb(Object(Config\Paths))
DEBUG - 2026-03-04 14:12:27 --> Session: Class initialized using 'CodeIgniter\Session\Handlers\FileHandler' driver.
DEBUG - 2026-03-04 14:12:45 --> Session: Class initialized using 'CodeIgniter\Session\Handlers\FileHandler' driver.
DEBUG - 2026-03-04 14:12:47 --> Session: Class initialized using 'CodeIgniter\Session\Handlers\FileHandler' driver.
CRITICAL - 2026-03-04 14:12:48 --> ErrorException: Trying to access array offset on value of type null
[Method: GET, Route: /]
in SYSTEMPATH\Debug\Toolbar.php on line 217.
 1 SYSTEMPATH\Debug\Toolbar.php(217): CodeIgniter\Debug\Exceptions->errorHandler(2, 'Trying to access array offset on value of type null', 'C:\\xampp\\htdocs\\IM\\system\\Debug\\Toolbar.php', 217)
 2 SYSTEMPATH\Debug\Toolbar.php(200): CodeIgniter\Debug\Toolbar->renderTimelineRecursive([...], 1772604767.668587, 6, 10, [], 0)
 3 SYSTEMPATH\Debug\Toolbar\Views\toolbar.tpl.php(105): CodeIgniter\Debug\Toolbar->renderTimeline([...], 1772604767.668587, 6, 10, [])
 4 SYSTEMPATH\Debug\Toolbar.php(533): include('C:\\xampp\\htdocs\\IM\\system\\Debug\\Toolbar\\Views\\toolbar.tpl.php')
 5 SYSTEMPATH\Debug\Toolbar.php(496): CodeIgniter\Debug\Toolbar->format([...], 'html')
 6 APPPATH\Config\Events.php(47): CodeIgniter\Debug\Toolbar->respond()
 7 SYSTEMPATH\Events\Events.php(152): CodeIgniter\Events\Events::Config\{closure}()
 8 SYSTEMPATH\CodeIgniter.php(339): CodeIgniter\Events\Events::trigger('pre_system')
 9 SYSTEMPATH\Boot.php(363): CodeIgniter\CodeIgniter->run()
10 SYSTEMPATH\Boot.php(68): CodeIgniter\Boot::runCodeIgniter(Object(CodeIgniter\CodeIgniter))
11 FCPATH\index.php(59): CodeIgniter\Boot::bootWeb(Object(Config\Paths))
DEBUG - 2026-03-04 14:12:50 --> Session: Class initialized using 'CodeIgniter\Session\Handlers\FileHandler' driver.
CRITICAL - 2026-03-04 14:12:50 --> ErrorException: Trying to access array offset on value of type null
[Method: GET, Route: /]
in SYSTEMPATH\Debug\Toolbar.php on line 217.
 1 SYSTEMPATH\Debug\Toolbar.php(217): CodeIgniter\Debug\Exceptions->errorHandler(2, 'Trying to access array offset on value of type null', 'C:\\xampp\\htdocs\\IM\\system\\Debug\\Toolbar.php', 217)
 2 SYSTEMPATH\Debug\Toolbar.php(200): CodeIgniter\Debug\Toolbar->renderTimelineRecursive([...], 1772604770.269731, 6, 20, [], 0)
 3 SYSTEMPATH\Debug\Toolbar\Views\toolbar.tpl.php(105): CodeIgniter\Debug\Toolbar->renderTimeline([...], 1772604770.269731, 6, 20, [])
 4 SYSTEMPATH\Debug\Toolbar.php(533): include('C:\\xampp\\htdocs\\IM\\system\\Debug\\Toolbar\\Views\\toolbar.tpl.php')
 5 SYSTEMPATH\Debug\Toolbar.php(496): CodeIgniter\Debug\Toolbar->format([...], 'html')
 6 APPPATH\Config\Events.php(47): CodeIgniter\Debug\Toolbar->respond()
 7 SYSTEMPATH\Events\Events.php(152): CodeIgniter\Events\Events::Config\{closure}()
 8 SYSTEMPATH\CodeIgniter.php(339): CodeIgniter\Events\Events::trigger('pre_system')
 9 SYSTEMPATH\Boot.php(363): CodeIgniter\CodeIgniter->run()
10 SYSTEMPATH\Boot.php(68): CodeIgniter\Boot::runCodeIgniter(Object(CodeIgniter\CodeIgniter))
11 FCPATH\index.php(59): CodeIgniter\Boot::bootWeb(Object(Config\Paths))
DEBUG - 2026-03-04 14:12:52 --> Session: Class initialized using 'CodeIgniter\Session\Handlers\FileHandler' driver.
CRITICAL - 2026-03-04 14:12:52 --> ErrorException: Trying to access array offset on value of type null
[Method: GET, Route: /]
in SYSTEMPATH\Debug\Toolbar.php on line 217.
 1 SYSTEMPATH\Debug\Toolbar.php(217): CodeIgniter\Debug\Exceptions->errorHandler(2, 'Trying to access array offset on value of type null', 'C:\\xampp\\htdocs\\IM\\system\\Debug\\Toolbar.php', 217)
 2 SYSTEMPATH\Debug\Toolbar.php(200): CodeIgniter\Debug\Toolbar->renderTimelineRecursive([...], 1772604772.191404, 7, 15, [], 0)
 3 SYSTEMPATH\Debug\Toolbar\Views\toolbar.tpl.php(105): CodeIgniter\Debug\Toolbar->renderTimeline([...], 1772604772.191404, 7, 15, [])
 4 SYSTEMPATH\Debug\Toolbar.php(533): include('C:\\xampp\\htdocs\\IM\\system\\Debug\\Toolbar\\Views\\toolbar.tpl.php')
 5 SYSTEMPATH\Debug\Toolbar.php(496): CodeIgniter\Debug\Toolbar->format([...], 'html')
 6 APPPATH\Config\Events.php(47): CodeIgniter\Debug\Toolbar->respond()
 7 SYSTEMPATH\Events\Events.php(152): CodeIgniter\Events\Events::Config\{closure}()
 8 SYSTEMPATH\CodeIgniter.php(339): CodeIgniter\Events\Events::trigger('pre_system')
 9 SYSTEMPATH\Boot.php(363): CodeIgniter\CodeIgniter->run()
10 SYSTEMPATH\Boot.php(68): CodeIgniter\Boot::runCodeIgniter(Object(CodeIgniter\CodeIgniter))
11 FCPATH\index.php(59): CodeIgniter\Boot::bootWeb(Object(Config\Paths))
DEBUG - 2026-03-04 14:13:06 --> Session: Class initialized using 'CodeIgniter\Session\Handlers\FileHandler' driver.
CRITICAL - 2026-03-04 14:13:07 --> ErrorException: Trying to access array offset on value of type null
[Method: GET, Route: /]
in SYSTEMPATH\Debug\Toolbar.php on line 217.
 1 SYSTEMPATH\Debug\Toolbar.php(217): CodeIgniter\Debug\Exceptions->errorHandler(2, 'Trying to access array offset on value of type null', 'C:\\xampp\\htdocs\\IM\\system\\Debug\\Toolbar.php', 217)
 2 SYSTEMPATH\Debug\Toolbar.php(200): CodeIgniter\Debug\Toolbar->renderTimelineRecursive([...], 1772604786.865955, 7, 20, [], 0)
 3 SYSTEMPATH\Debug\Toolbar\Views\toolbar.tpl.php(105): CodeIgniter\Debug\Toolbar->renderTimeline([...], 1772604786.865955, 7, 20, [])
 4 SYSTEMPATH\Debug\Toolbar.php(533): include('C:\\xampp\\htdocs\\IM\\system\\Debug\\Toolbar\\Views\\toolbar.tpl.php')
 5 SYSTEMPATH\Debug\Toolbar.php(496): CodeIgniter\Debug\Toolbar->format([...], 'html')
 6 APPPATH\Config\Events.php(47): CodeIgniter\Debug\Toolbar->respond()
 7 SYSTEMPATH\Events\Events.php(152): CodeIgniter\Events\Events::Config\{closure}()
 8 SYSTEMPATH\CodeIgniter.php(339): CodeIgniter\Events\Events::trigger('pre_system')
 9 SYSTEMPATH\Boot.php(363): CodeIgniter\CodeIgniter->run()
10 SYSTEMPATH\Boot.php(68): CodeIgniter\Boot::runCodeIgniter(Object(CodeIgniter\CodeIgniter))
11 FCPATH\index.php(59): CodeIgniter\Boot::bootWeb(Object(Config\Paths))
DEBUG - 2026-03-04 14:13:08 --> Session: Class initialized using 'CodeIgniter\Session\Handlers\FileHandler' driver.
CRITICAL - 2026-03-04 14:13:08 --> ErrorException: Trying to access array offset on value of type null
[Method: GET, Route: /]
in SYSTEMPATH\Debug\Toolbar.php on line 217.
 1 SYSTEMPATH\Debug\Toolbar.php(217): CodeIgniter\Debug\Exceptions->errorHandler(2, 'Trying to access array offset on value of type null', 'C:\\xampp\\htdocs\\IM\\system\\Debug\\Toolbar.php', 217)
 2 SYSTEMPATH\Debug\Toolbar.php(200): CodeIgniter\Debug\Toolbar->renderTimelineRecursive([...], 1772604788.228043, 5, 15, [], 0)
 3 SYSTEMPATH\Debug\Toolbar\Views\toolbar.tpl.php(105): CodeIgniter\Debug\Toolbar->renderTimeline([...], 1772604788.228043, 5, 15, [])
 4 SYSTEMPATH\Debug\Toolbar.php(533): include('C:\\xampp\\htdocs\\IM\\system\\Debug\\Toolbar\\Views\\toolbar.tpl.php')
 5 SYSTEMPATH\Debug\Toolbar.php(496): CodeIgniter\Debug\Toolbar->format([...], 'html')
 6 APPPATH\Config\Events.php(47): CodeIgniter\Debug\Toolbar->respond()
 7 SYSTEMPATH\Events\Events.php(152): CodeIgniter\Events\Events::Config\{closure}()
 8 SYSTEMPATH\CodeIgniter.php(339): CodeIgniter\Events\Events::trigger('pre_system')
 9 SYSTEMPATH\Boot.php(363): CodeIgniter\CodeIgniter->run()
10 SYSTEMPATH\Boot.php(68): CodeIgniter\Boot::runCodeIgniter(Object(CodeIgniter\CodeIgniter))
11 FCPATH\index.php(59): CodeIgniter\Boot::bootWeb(Object(Config\Paths))
DEBUG - 2026-03-04 14:13:15 --> Session: Class initialized using 'CodeIgniter\Session\Handlers\FileHandler' driver.
DEBUG - 2026-03-04 14:13:15 --> Session: Class initialized using 'CodeIgniter\Session\Handlers\FileHandler' driver.
CRITICAL - 2026-03-04 14:13:16 --> ErrorException: Trying to access array offset on value of type null
[Method: GET, Route: /]
in SYSTEMPATH\Debug\Toolbar.php on line 217.
 1 SYSTEMPATH\Debug\Toolbar.php(217): CodeIgniter\Debug\Exceptions->errorHandler(2, 'Trying to access array offset on value of type null', 'C:\\xampp\\htdocs\\IM\\system\\Debug\\Toolbar.php', 217)
 2 SYSTEMPATH\Debug\Toolbar.php(200): CodeIgniter\Debug\Toolbar->renderTimelineRecursive([...], 1772604795.803994, 5, 10, [], 0)
 3 SYSTEMPATH\Debug\Toolbar\Views\toolbar.tpl.php(105): CodeIgniter\Debug\Toolbar->renderTimeline([...], 1772604795.803994, 5, 10, [])
 4 SYSTEMPATH\Debug\Toolbar.php(533): include('C:\\xampp\\htdocs\\IM\\system\\Debug\\Toolbar\\Views\\toolbar.tpl.php')
 5 SYSTEMPATH\Debug\Toolbar.php(496): CodeIgniter\Debug\Toolbar->format([...], 'html')
 6 APPPATH\Config\Events.php(47): CodeIgniter\Debug\Toolbar->respond()
 7 SYSTEMPATH\Events\Events.php(152): CodeIgniter\Events\Events::Config\{closure}()
 8 SYSTEMPATH\CodeIgniter.php(339): CodeIgniter\Events\Events::trigger('pre_system')
 9 SYSTEMPATH\Boot.php(363): CodeIgniter\CodeIgniter->run()
10 SYSTEMPATH\Boot.php(68): CodeIgniter\Boot::runCodeIgniter(Object(CodeIgniter\CodeIgniter))
11 FCPATH\index.php(59): CodeIgniter\Boot::bootWeb(Object(Config\Paths))
DEBUG - 2026-03-04 14:13:17 --> Session: Class initialized using 'CodeIgniter\Session\Handlers\FileHandler' driver.
CRITICAL - 2026-03-04 14:13:17 --> ErrorException: Trying to access array offset on value of type null
[Method: GET, Route: /]
in SYSTEMPATH\Debug\Toolbar.php on line 217.
 1 SYSTEMPATH\Debug\Toolbar.php(217): CodeIgniter\Debug\Exceptions->errorHandler(2, 'Trying to access array offset on value of type null', 'C:\\xampp\\htdocs\\IM\\system\\Debug\\Toolbar.php', 217)
 2 SYSTEMPATH\Debug\Toolbar.php(200): CodeIgniter\Debug\Toolbar->renderTimelineRecursive([...], 1772604797.456165, 7, 10, [], 0)
 3 SYSTEMPATH\Debug\Toolbar\Views\toolbar.tpl.php(105): CodeIgniter\Debug\Toolbar->renderTimeline([...], 1772604797.456165, 7, 10, [])
 4 SYSTEMPATH\Debug\Toolbar.php(533): include('C:\\xampp\\htdocs\\IM\\system\\Debug\\Toolbar\\Views\\toolbar.tpl.php')
 5 SYSTEMPATH\Debug\Toolbar.php(496): CodeIgniter\Debug\Toolbar->format([...], 'html')
 6 APPPATH\Config\Events.php(47): CodeIgniter\Debug\Toolbar->respond()
 7 SYSTEMPATH\Events\Events.php(152): CodeIgniter\Events\Events::Config\{closure}()
 8 SYSTEMPATH\CodeIgniter.php(339): CodeIgniter\Events\Events::trigger('pre_system')
 9 SYSTEMPATH\Boot.php(363): CodeIgniter\CodeIgniter->run()
10 SYSTEMPATH\Boot.php(68): CodeIgniter\Boot::runCodeIgniter(Object(CodeIgniter\CodeIgniter))
11 FCPATH\index.php(59): CodeIgniter\Boot::bootWeb(Object(Config\Paths))
DEBUG - 2026-03-04 14:13:19 --> Session: Class initialized using 'CodeIgniter\Session\Handlers\FileHandler' driver.
DEBUG - 2026-03-04 14:13:20 --> Session: Class initialized using 'CodeIgniter\Session\Handlers\FileHandler' driver.
CRITICAL - 2026-03-04 14:13:20 --> ErrorException: Trying to access array offset on value of type null
[Method: GET, Route: /]
in SYSTEMPATH\Debug\Toolbar.php on line 217.
 1 SYSTEMPATH\Debug\Toolbar.php(217): CodeIgniter\Debug\Exceptions->errorHandler(2, 'Trying to access array offset on value of type null', 'C:\\xampp\\htdocs\\IM\\system\\Debug\\Toolbar.php', 217)
 2 SYSTEMPATH\Debug\Toolbar.php(200): CodeIgniter\Debug\Toolbar->renderTimelineRecursive([...], 1772604800.023565, 5, 10, [], 0)
 3 SYSTEMPATH\Debug\Toolbar\Views\toolbar.tpl.php(105): CodeIgniter\Debug\Toolbar->renderTimeline([...], 1772604800.023565, 5, 10, [])
 4 SYSTEMPATH\Debug\Toolbar.php(533): include('C:\\xampp\\htdocs\\IM\\system\\Debug\\Toolbar\\Views\\toolbar.tpl.php')
 5 SYSTEMPATH\Debug\Toolbar.php(496): CodeIgniter\Debug\Toolbar->format([...], 'html')
 6 APPPATH\Config\Events.php(47): CodeIgniter\Debug\Toolbar->respond()
 7 SYSTEMPATH\Events\Events.php(152): CodeIgniter\Events\Events::Config\{closure}()
 8 SYSTEMPATH\CodeIgniter.php(339): CodeIgniter\Events\Events::trigger('pre_system')
 9 SYSTEMPATH\Boot.php(363): CodeIgniter\CodeIgniter->run()
10 SYSTEMPATH\Boot.php(68): CodeIgniter\Boot::runCodeIgniter(Object(CodeIgniter\CodeIgniter))
11 FCPATH\index.php(59): CodeIgniter\Boot::bootWeb(Object(Config\Paths))
DEBUG - 2026-03-04 14:13:21 --> Session: Class initialized using 'CodeIgniter\Session\Handlers\FileHandler' driver.
CRITICAL - 2026-03-04 14:13:21 --> ErrorException: Trying to access array offset on value of type null
[Method: GET, Route: /]
in SYSTEMPATH\Debug\Toolbar.php on line 217.
 1 SYSTEMPATH\Debug\Toolbar.php(217): CodeIgniter\Debug\Exceptions->errorHandler(2, 'Trying to access array offset on value of type null', 'C:\\xampp\\htdocs\\IM\\system\\Debug\\Toolbar.php', 217)
 2 SYSTEMPATH\Debug\Toolbar.php(200): CodeIgniter\Debug\Toolbar->renderTimelineRecursive([...], 1772604801.430971, 5, 10, [], 0)
 3 SYSTEMPATH\Debug\Toolbar\Views\toolbar.tpl.php(105): CodeIgniter\Debug\Toolbar->renderTimeline([...], 1772604801.430971, 5, 10, [])
 4 SYSTEMPATH\Debug\Toolbar.php(533): include('C:\\xampp\\htdocs\\IM\\system\\Debug\\Toolbar\\Views\\toolbar.tpl.php')
 5 SYSTEMPATH\Debug\Toolbar.php(496): CodeIgniter\Debug\Toolbar->format([...], 'html')
 6 APPPATH\Config\Events.php(47): CodeIgniter\Debug\Toolbar->respond()
 7 SYSTEMPATH\Events\Events.php(152): CodeIgniter\Events\Events::Config\{closure}()
 8 SYSTEMPATH\CodeIgniter.php(339): CodeIgniter\Events\Events::trigger('pre_system')
 9 SYSTEMPATH\Boot.php(363): CodeIgniter\CodeIgniter->run()
10 SYSTEMPATH\Boot.php(68): CodeIgniter\Boot::runCodeIgniter(Object(CodeIgniter\CodeIgniter))
11 FCPATH\index.php(59): CodeIgniter\Boot::bootWeb(Object(Config\Paths))
DEBUG - 2026-03-04 14:13:22 --> Session: Class initialized using 'CodeIgniter\Session\Handlers\FileHandler' driver.
CRITICAL - 2026-03-04 14:13:23 --> ErrorException: Trying to access array offset on value of type null
[Method: GET, Route: /]
in SYSTEMPATH\Debug\Toolbar.php on line 217.
 1 SYSTEMPATH\Debug\Toolbar.php(217): CodeIgniter\Debug\Exceptions->errorHandler(2, 'Trying to access array offset on value of type null', 'C:\\xampp\\htdocs\\IM\\system\\Debug\\Toolbar.php', 217)
 2 SYSTEMPATH\Debug\Toolbar.php(200): CodeIgniter\Debug\Toolbar->renderTimelineRecursive([...], 1772604802.774146, 7, 10, [], 0)
 3 SYSTEMPATH\Debug\Toolbar\Views\toolbar.tpl.php(105): CodeIgniter\Debug\Toolbar->renderTimeline([...], 1772604802.774146, 7, 10, [])
 4 SYSTEMPATH\Debug\Toolbar.php(533): include('C:\\xampp\\htdocs\\IM\\system\\Debug\\Toolbar\\Views\\toolbar.tpl.php')
 5 SYSTEMPATH\Debug\Toolbar.php(496): CodeIgniter\Debug\Toolbar->format([...], 'html')
 6 APPPATH\Config\Events.php(47): CodeIgniter\Debug\Toolbar->respond()
 7 SYSTEMPATH\Events\Events.php(152): CodeIgniter\Events\Events::Config\{closure}()
 8 SYSTEMPATH\CodeIgniter.php(339): CodeIgniter\Events\Events::trigger('pre_system')
 9 SYSTEMPATH\Boot.php(363): CodeIgniter\CodeIgniter->run()
10 SYSTEMPATH\Boot.php(68): CodeIgniter\Boot::runCodeIgniter(Object(CodeIgniter\CodeIgniter))
11 FCPATH\index.php(59): CodeIgniter\Boot::bootWeb(Object(Config\Paths))
DEBUG - 2026-03-04 14:13:25 --> Session: Class initialized using 'CodeIgniter\Session\Handlers\FileHandler' driver.
DEBUG - 2026-03-04 14:13:25 --> Session: Class initialized using 'CodeIgniter\Session\Handlers\FileHandler' driver.
CRITICAL - 2026-03-04 14:13:25 --> ErrorException: Trying to access array offset on value of type null
[Method: GET, Route: /]
in SYSTEMPATH\Debug\Toolbar.php on line 217.
 1 SYSTEMPATH\Debug\Toolbar.php(217): CodeIgniter\Debug\Exceptions->errorHandler(2, 'Trying to access array offset on value of type null', 'C:\\xampp\\htdocs\\IM\\system\\Debug\\Toolbar.php', 217)
 2 SYSTEMPATH\Debug\Toolbar.php(200): CodeIgniter\Debug\Toolbar->renderTimelineRecursive([...], 1772604805.567388, 5, 10, [], 0)
 3 SYSTEMPATH\Debug\Toolbar\Views\toolbar.tpl.php(105): CodeIgniter\Debug\Toolbar->renderTimeline([...], 1772604805.567388, 5, 10, [])
 4 SYSTEMPATH\Debug\Toolbar.php(533): include('C:\\xampp\\htdocs\\IM\\system\\Debug\\Toolbar\\Views\\toolbar.tpl.php')
 5 SYSTEMPATH\Debug\Toolbar.php(496): CodeIgniter\Debug\Toolbar->format([...], 'html')
 6 APPPATH\Config\Events.php(47): CodeIgniter\Debug\Toolbar->respond()
 7 SYSTEMPATH\Events\Events.php(152): CodeIgniter\Events\Events::Config\{closure}()
 8 SYSTEMPATH\CodeIgniter.php(339): CodeIgniter\Events\Events::trigger('pre_system')
 9 SYSTEMPATH\Boot.php(363): CodeIgniter\CodeIgniter->run()
10 SYSTEMPATH\Boot.php(68): CodeIgniter\Boot::runCodeIgniter(Object(CodeIgniter\CodeIgniter))
11 FCPATH\index.php(59): CodeIgniter\Boot::bootWeb(Object(Config\Paths))
DEBUG - 2026-03-04 14:13:27 --> Session: Class initialized using 'CodeIgniter\Session\Handlers\FileHandler' driver.
CRITICAL - 2026-03-04 14:13:28 --> ErrorException: Trying to access array offset on value of type null
[Method: GET, Route: /]
in SYSTEMPATH\Debug\Toolbar.php on line 217.
 1 SYSTEMPATH\Debug\Toolbar.php(217): CodeIgniter\Debug\Exceptions->errorHandler(2, 'Trying to access array offset on value of type null', 'C:\\xampp\\htdocs\\IM\\system\\Debug\\Toolbar.php', 217)
 2 SYSTEMPATH\Debug\Toolbar.php(200): CodeIgniter\Debug\Toolbar->renderTimelineRecursive([...], 1772604807.910415, 5, 15, [], 0)
 3 SYSTEMPATH\Debug\Toolbar\Views\toolbar.tpl.php(105): CodeIgniter\Debug\Toolbar->renderTimeline([...], 1772604807.910415, 5, 15, [])
 4 SYSTEMPATH\Debug\Toolbar.php(533): include('C:\\xampp\\htdocs\\IM\\system\\Debug\\Toolbar\\Views\\toolbar.tpl.php')
 5 SYSTEMPATH\Debug\Toolbar.php(496): CodeIgniter\Debug\Toolbar->format([...], 'html')
 6 APPPATH\Config\Events.php(47): CodeIgniter\Debug\Toolbar->respond()
 7 SYSTEMPATH\Events\Events.php(152): CodeIgniter\Events\Events::Config\{closure}()
 8 SYSTEMPATH\CodeIgniter.php(339): CodeIgniter\Events\Events::trigger('pre_system')
 9 SYSTEMPATH\Boot.php(363): CodeIgniter\CodeIgniter->run()
10 SYSTEMPATH\Boot.php(68): CodeIgniter\Boot::runCodeIgniter(Object(CodeIgniter\CodeIgniter))
11 FCPATH\index.php(59): CodeIgniter\Boot::bootWeb(Object(Config\Paths))
DEBUG - 2026-03-04 14:13:29 --> Session: Class initialized using 'CodeIgniter\Session\Handlers\FileHandler' driver.
DEBUG - 2026-03-04 14:13:30 --> Session: Class initialized using 'CodeIgniter\Session\Handlers\FileHandler' driver.
CRITICAL - 2026-03-04 14:13:30 --> ErrorException: Trying to access array offset on value of type null
[Method: GET, Route: /]
in SYSTEMPATH\Debug\Toolbar.php on line 217.
 1 SYSTEMPATH\Debug\Toolbar.php(217): CodeIgniter\Debug\Exceptions->errorHandler(2, 'Trying to access array offset on value of type null', 'C:\\xampp\\htdocs\\IM\\system\\Debug\\Toolbar.php', 217)
 2 SYSTEMPATH\Debug\Toolbar.php(200): CodeIgniter\Debug\Toolbar->renderTimelineRecursive([...], 1772604809.989992, 5, 10, [], 0)
 3 SYSTEMPATH\Debug\Toolbar\Views\toolbar.tpl.php(105): CodeIgniter\Debug\Toolbar->renderTimeline([...], 1772604809.989992, 5, 10, [])
 4 SYSTEMPATH\Debug\Toolbar.php(533): include('C:\\xampp\\htdocs\\IM\\system\\Debug\\Toolbar\\Views\\toolbar.tpl.php')
 5 SYSTEMPATH\Debug\Toolbar.php(496): CodeIgniter\Debug\Toolbar->format([...], 'html')
 6 APPPATH\Config\Events.php(47): CodeIgniter\Debug\Toolbar->respond()
 7 SYSTEMPATH\Events\Events.php(152): CodeIgniter\Events\Events::Config\{closure}()
 8 SYSTEMPATH\CodeIgniter.php(339): CodeIgniter\Events\Events::trigger('pre_system')
 9 SYSTEMPATH\Boot.php(363): CodeIgniter\CodeIgniter->run()
10 SYSTEMPATH\Boot.php(68): CodeIgniter\Boot::runCodeIgniter(Object(CodeIgniter\CodeIgniter))
11 FCPATH\index.php(59): CodeIgniter\Boot::bootWeb(Object(Config\Paths))
DEBUG - 2026-03-04 14:13:31 --> Session: Class initialized using 'CodeIgniter\Session\Handlers\FileHandler' driver.
CRITICAL - 2026-03-04 14:13:31 --> ErrorException: Trying to access array offset on value of type null
[Method: GET, Route: /]
in SYSTEMPATH\Debug\Toolbar.php on line 217.
 1 SYSTEMPATH\Debug\Toolbar.php(217): CodeIgniter\Debug\Exceptions->errorHandler(2, 'Trying to access array offset on value of type null', 'C:\\xampp\\htdocs\\IM\\system\\Debug\\Toolbar.php', 217)
 2 SYSTEMPATH\Debug\Toolbar.php(200): CodeIgniter\Debug\Toolbar->renderTimelineRecursive([...], 1772604811.215393, 7, 15, [], 0)
 3 SYSTEMPATH\Debug\Toolbar\Views\toolbar.tpl.php(105): CodeIgniter\Debug\Toolbar->renderTimeline([...], 1772604811.215393, 7, 15, [])
 4 SYSTEMPATH\Debug\Toolbar.php(533): include('C:\\xampp\\htdocs\\IM\\system\\Debug\\Toolbar\\Views\\toolbar.tpl.php')
 5 SYSTEMPATH\Debug\Toolbar.php(496): CodeIgniter\Debug\Toolbar->format([...], 'html')
 6 APPPATH\Config\Events.php(47): CodeIgniter\Debug\Toolbar->respond()
 7 SYSTEMPATH\Events\Events.php(152): CodeIgniter\Events\Events::Config\{closure}()
 8 SYSTEMPATH\CodeIgniter.php(339): CodeIgniter\Events\Events::trigger('pre_system')
 9 SYSTEMPATH\Boot.php(363): CodeIgniter\CodeIgniter->run()
10 SYSTEMPATH\Boot.php(68): CodeIgniter\Boot::runCodeIgniter(Object(CodeIgniter\CodeIgniter))
11 FCPATH\index.php(59): CodeIgniter\Boot::bootWeb(Object(Config\Paths))
DEBUG - 2026-03-04 14:14:39 --> Session: Class initialized using 'CodeIgniter\Session\Handlers\FileHandler' driver.
CRITICAL - 2026-03-04 14:14:40 --> ErrorException: Trying to access array offset on value of type null
[Method: GET, Route: /]
in SYSTEMPATH\Debug\Toolbar.php on line 217.
 1 SYSTEMPATH\Debug\Toolbar.php(217): CodeIgniter\Debug\Exceptions->errorHandler(2, 'Trying to access array offset on value of type null', 'C:\\xampp\\htdocs\\IM\\system\\Debug\\Toolbar.php', 217)
 2 SYSTEMPATH\Debug\Toolbar.php(200): CodeIgniter\Debug\Toolbar->renderTimelineRecursive([...], 1772604879.862383, 7, 20, [], 0)
 3 SYSTEMPATH\Debug\Toolbar\Views\toolbar.tpl.php(105): CodeIgniter\Debug\Toolbar->renderTimeline([...], 1772604879.862383, 7, 20, [])
 4 SYSTEMPATH\Debug\Toolbar.php(533): include('C:\\xampp\\htdocs\\IM\\system\\Debug\\Toolbar\\Views\\toolbar.tpl.php')
 5 SYSTEMPATH\Debug\Toolbar.php(496): CodeIgniter\Debug\Toolbar->format([...], 'html')
 6 APPPATH\Config\Events.php(47): CodeIgniter\Debug\Toolbar->respond()
 7 SYSTEMPATH\Events\Events.php(152): CodeIgniter\Events\Events::Config\{closure}()
 8 SYSTEMPATH\CodeIgniter.php(339): CodeIgniter\Events\Events::trigger('pre_system')
 9 SYSTEMPATH\Boot.php(363): CodeIgniter\CodeIgniter->run()
10 SYSTEMPATH\Boot.php(68): CodeIgniter\Boot::runCodeIgniter(Object(CodeIgniter\CodeIgniter))
11 FCPATH\index.php(59): CodeIgniter\Boot::bootWeb(Object(Config\Paths))
DEBUG - 2026-03-04 14:14:41 --> Session: Class initialized using 'CodeIgniter\Session\Handlers\FileHandler' driver.
CRITICAL - 2026-03-04 14:14:41 --> ErrorException: Trying to access array offset on value of type null
[Method: GET, Route: /]
in SYSTEMPATH\Debug\Toolbar.php on line 217.
 1 SYSTEMPATH\Debug\Toolbar.php(217): CodeIgniter\Debug\Exceptions->errorHandler(2, 'Trying to access array offset on value of type null', 'C:\\xampp\\htdocs\\IM\\system\\Debug\\Toolbar.php', 217)
 2 SYSTEMPATH\Debug\Toolbar.php(200): CodeIgniter\Debug\Toolbar->renderTimelineRecursive([...], 1772604881.115033, 7, 25, [], 0)
 3 SYSTEMPATH\Debug\Toolbar\Views\toolbar.tpl.php(105): CodeIgniter\Debug\Toolbar->renderTimeline([...], 1772604881.115033, 7, 25, [])
 4 SYSTEMPATH\Debug\Toolbar.php(533): include('C:\\xampp\\htdocs\\IM\\system\\Debug\\Toolbar\\Views\\toolbar.tpl.php')
 5 SYSTEMPATH\Debug\Toolbar.php(496): CodeIgniter\Debug\Toolbar->format([...], 'html')
 6 APPPATH\Config\Events.php(47): CodeIgniter\Debug\Toolbar->respond()
 7 SYSTEMPATH\Events\Events.php(152): CodeIgniter\Events\Events::Config\{closure}()
 8 SYSTEMPATH\CodeIgniter.php(339): CodeIgniter\Events\Events::trigger('pre_system')
 9 SYSTEMPATH\Boot.php(363): CodeIgniter\CodeIgniter->run()
10 SYSTEMPATH\Boot.php(68): CodeIgniter\Boot::runCodeIgniter(Object(CodeIgniter\CodeIgniter))
11 FCPATH\index.php(59): CodeIgniter\Boot::bootWeb(Object(Config\Paths))
DEBUG - 2026-03-04 14:17:58 --> Session: Class initialized using 'CodeIgniter\Session\Handlers\FileHandler' driver.
CRITICAL - 2026-03-04 14:17:59 --> ErrorException: Trying to access array offset on value of type null
[Method: GET, Route: /]
in SYSTEMPATH\Debug\Toolbar.php on line 217.
 1 SYSTEMPATH\Debug\Toolbar.php(217): CodeIgniter\Debug\Exceptions->errorHandler(2, 'Trying to access array offset on value of type null', 'C:\\xampp\\htdocs\\IM\\system\\Debug\\Toolbar.php', 217)
 2 SYSTEMPATH\Debug\Toolbar.php(200): CodeIgniter\Debug\Toolbar->renderTimelineRecursive([...], 1772605078.829943, 7, 30, [], 0)
 3 SYSTEMPATH\Debug\Toolbar\Views\toolbar.tpl.php(105): CodeIgniter\Debug\Toolbar->renderTimeline([...], 1772605078.829943, 7, 30, [])
 4 SYSTEMPATH\Debug\Toolbar.php(533): include('C:\\xampp\\htdocs\\IM\\system\\Debug\\Toolbar\\Views\\toolbar.tpl.php')
 5 SYSTEMPATH\Debug\Toolbar.php(496): CodeIgniter\Debug\Toolbar->format([...], 'html')
 6 APPPATH\Config\Events.php(47): CodeIgniter\Debug\Toolbar->respond()
 7 SYSTEMPATH\Events\Events.php(152): CodeIgniter\Events\Events::Config\{closure}()
 8 SYSTEMPATH\CodeIgniter.php(339): CodeIgniter\Events\Events::trigger('pre_system')
 9 SYSTEMPATH\Boot.php(363): CodeIgniter\CodeIgniter->run()
10 SYSTEMPATH\Boot.php(68): CodeIgniter\Boot::runCodeIgniter(Object(CodeIgniter\CodeIgniter))
11 FCPATH\index.php(59): CodeIgniter\Boot::bootWeb(Object(Config\Paths))
DEBUG - 2026-03-04 14:18:01 --> Session: Class initialized using 'CodeIgniter\Session\Handlers\FileHandler' driver.
CRITICAL - 2026-03-04 14:18:02 --> ErrorException: Trying to access array offset on value of type null
[Method: GET, Route: /]
in SYSTEMPATH\Debug\Toolbar.php on line 217.
 1 SYSTEMPATH\Debug\Toolbar.php(217): CodeIgniter\Debug\Exceptions->errorHandler(2, 'Trying to access array offset on value of type null', 'C:\\xampp\\htdocs\\IM\\system\\Debug\\Toolbar.php', 217)
 2 SYSTEMPATH\Debug\Toolbar.php(200): CodeIgniter\Debug\Toolbar->renderTimelineRecursive([...], 1772605081.767158, 7, 25, [], 0)
 3 SYSTEMPATH\Debug\Toolbar\Views\toolbar.tpl.php(105): CodeIgniter\Debug\Toolbar->renderTimeline([...], 1772605081.767158, 7, 25, [])
 4 SYSTEMPATH\Debug\Toolbar.php(533): include('C:\\xampp\\htdocs\\IM\\system\\Debug\\Toolbar\\Views\\toolbar.tpl.php')
 5 SYSTEMPATH\Debug\Toolbar.php(496): CodeIgniter\Debug\Toolbar->format([...], 'html')
 6 APPPATH\Config\Events.php(47): CodeIgniter\Debug\Toolbar->respond()
 7 SYSTEMPATH\Events\Events.php(152): CodeIgniter\Events\Events::Config\{closure}()
 8 SYSTEMPATH\CodeIgniter.php(339): CodeIgniter\Events\Events::trigger('pre_system')
 9 SYSTEMPATH\Boot.php(363): CodeIgniter\CodeIgniter->run()
10 SYSTEMPATH\Boot.php(68): CodeIgniter\Boot::runCodeIgniter(Object(CodeIgniter\CodeIgniter))
11 FCPATH\index.php(59): CodeIgniter\Boot::bootWeb(Object(Config\Paths))
DEBUG - 2026-03-04 14:18:03 --> Session: Class initialized using 'CodeIgniter\Session\Handlers\FileHandler' driver.
CRITICAL - 2026-03-04 14:18:03 --> ErrorException: Trying to access array offset on value of type null
[Method: GET, Route: /]
in SYSTEMPATH\Debug\Toolbar.php on line 217.
 1 SYSTEMPATH\Debug\Toolbar.php(217): CodeIgniter\Debug\Exceptions->errorHandler(2, 'Trying to access array offset on value of type null', 'C:\\xampp\\htdocs\\IM\\system\\Debug\\Toolbar.php', 217)
 2 SYSTEMPATH\Debug\Toolbar.php(200): CodeIgniter\Debug\Toolbar->renderTimelineRecursive([...], 1772605083.193385, 7, 30, [], 0)
 3 SYSTEMPATH\Debug\Toolbar\Views\toolbar.tpl.php(105): CodeIgniter\Debug\Toolbar->renderTimeline([...], 1772605083.193385, 7, 30, [])
 4 SYSTEMPATH\Debug\Toolbar.php(533): include('C:\\xampp\\htdocs\\IM\\system\\Debug\\Toolbar\\Views\\toolbar.tpl.php')
 5 SYSTEMPATH\Debug\Toolbar.php(496): CodeIgniter\Debug\Toolbar->format([...], 'html')
 6 APPPATH\Config\Events.php(47): CodeIgniter\Debug\Toolbar->respond()
 7 SYSTEMPATH\Events\Events.php(152): CodeIgniter\Events\Events::Config\{closure}()
 8 SYSTEMPATH\CodeIgniter.php(339): CodeIgniter\Events\Events::trigger('pre_system')
 9 SYSTEMPATH\Boot.php(363): CodeIgniter\CodeIgniter->run()
10 SYSTEMPATH\Boot.php(68): CodeIgniter\Boot::runCodeIgniter(Object(CodeIgniter\CodeIgniter))
11 FCPATH\index.php(59): CodeIgniter\Boot::bootWeb(Object(Config\Paths))
DEBUG - 2026-03-04 14:18:05 --> Session: Class initialized using 'CodeIgniter\Session\Handlers\FileHandler' driver.
CRITICAL - 2026-03-04 14:18:05 --> ErrorException: Trying to access array offset on value of type null
[Method: GET, Route: /]
in SYSTEMPATH\Debug\Toolbar.php on line 217.
 1 SYSTEMPATH\Debug\Toolbar.php(217): CodeIgniter\Debug\Exceptions->errorHandler(2, 'Trying to access array offset on value of type null', 'C:\\xampp\\htdocs\\IM\\system\\Debug\\Toolbar.php', 217)
 2 SYSTEMPATH\Debug\Toolbar.php(200): CodeIgniter\Debug\Toolbar->renderTimelineRecursive([...], 1772605085.11782, 5, 15, [], 0)
 3 SYSTEMPATH\Debug\Toolbar\Views\toolbar.tpl.php(105): CodeIgniter\Debug\Toolbar->renderTimeline([...], 1772605085.11782, 5, 15, [])
 4 SYSTEMPATH\Debug\Toolbar.php(533): include('C:\\xampp\\htdocs\\IM\\system\\Debug\\Toolbar\\Views\\toolbar.tpl.php')
 5 SYSTEMPATH\Debug\Toolbar.php(496): CodeIgniter\Debug\Toolbar->format([...], 'html')
 6 APPPATH\Config\Events.php(47): CodeIgniter\Debug\Toolbar->respond()
 7 SYSTEMPATH\Events\Events.php(152): CodeIgniter\Events\Events::Config\{closure}()
 8 SYSTEMPATH\CodeIgniter.php(339): CodeIgniter\Events\Events::trigger('pre_system')
 9 SYSTEMPATH\Boot.php(363): CodeIgniter\CodeIgniter->run()
10 SYSTEMPATH\Boot.php(68): CodeIgniter\Boot::runCodeIgniter(Object(CodeIgniter\CodeIgniter))
11 FCPATH\index.php(59): CodeIgniter\Boot::bootWeb(Object(Config\Paths))
DEBUG - 2026-03-04 14:18:06 --> Session: Class initialized using 'CodeIgniter\Session\Handlers\FileHandler' driver.
CRITICAL - 2026-03-04 14:18:06 --> ErrorException: Trying to access array offset on value of type null
[Method: GET, Route: /]
in SYSTEMPATH\Debug\Toolbar.php on line 217.
 1 SYSTEMPATH\Debug\Toolbar.php(217): CodeIgniter\Debug\Exceptions->errorHandler(2, 'Trying to access array offset on value of type null', 'C:\\xampp\\htdocs\\IM\\system\\Debug\\Toolbar.php', 217)
 2 SYSTEMPATH\Debug\Toolbar.php(200): CodeIgniter\Debug\Toolbar->renderTimelineRecursive([...], 1772605086.046129, 7, 10, [], 0)
 3 SYSTEMPATH\Debug\Toolbar\Views\toolbar.tpl.php(105): CodeIgniter\Debug\Toolbar->renderTimeline([...], 1772605086.046129, 7, 10, [])
 4 SYSTEMPATH\Debug\Toolbar.php(533): include('C:\\xampp\\htdocs\\IM\\system\\Debug\\Toolbar\\Views\\toolbar.tpl.php')
 5 SYSTEMPATH\Debug\Toolbar.php(496): CodeIgniter\Debug\Toolbar->format([...], 'html')
 6 APPPATH\Config\Events.php(47): CodeIgniter\Debug\Toolbar->respond()
 7 SYSTEMPATH\Events\Events.php(152): CodeIgniter\Events\Events::Config\{closure}()
 8 SYSTEMPATH\CodeIgniter.php(339): CodeIgniter\Events\Events::trigger('pre_system')
 9 SYSTEMPATH\Boot.php(363): CodeIgniter\CodeIgniter->run()
10 SYSTEMPATH\Boot.php(68): CodeIgniter\Boot::runCodeIgniter(Object(CodeIgniter\CodeIgniter))
11 FCPATH\index.php(59): CodeIgniter\Boot::bootWeb(Object(Config\Paths))
DEBUG - 2026-03-04 14:18:07 --> Session: Class initialized using 'CodeIgniter\Session\Handlers\FileHandler' driver.
CRITICAL - 2026-03-04 14:18:07 --> ErrorException: Trying to access array offset on value of type null
[Method: GET, Route: /]
in SYSTEMPATH\Debug\Toolbar.php on line 217.
 1 SYSTEMPATH\Debug\Toolbar.php(217): CodeIgniter\Debug\Exceptions->errorHandler(2, 'Trying to access array offset on value of type null', 'C:\\xampp\\htdocs\\IM\\system\\Debug\\Toolbar.php', 217)
 2 SYSTEMPATH\Debug\Toolbar.php(200): CodeIgniter\Debug\Toolbar->renderTimelineRecursive([...], 1772605087.137188, 7, 45, [], 0)
 3 SYSTEMPATH\Debug\Toolbar\Views\toolbar.tpl.php(105): CodeIgniter\Debug\Toolbar->renderTimeline([...], 1772605087.137188, 7, 45, [])
 4 SYSTEMPATH\Debug\Toolbar.php(533): include('C:\\xampp\\htdocs\\IM\\system\\Debug\\Toolbar\\Views\\toolbar.tpl.php')
 5 SYSTEMPATH\Debug\Toolbar.php(496): CodeIgniter\Debug\Toolbar->format([...], 'html')
 6 APPPATH\Config\Events.php(47): CodeIgniter\Debug\Toolbar->respond()
 7 SYSTEMPATH\Events\Events.php(152): CodeIgniter\Events\Events::Config\{closure}()
 8 SYSTEMPATH\CodeIgniter.php(339): CodeIgniter\Events\Events::trigger('pre_system')
 9 SYSTEMPATH\Boot.php(363): CodeIgniter\CodeIgniter->run()
10 SYSTEMPATH\Boot.php(68): CodeIgniter\Boot::runCodeIgniter(Object(CodeIgniter\CodeIgniter))
11 FCPATH\index.php(59): CodeIgniter\Boot::bootWeb(Object(Config\Paths))
DEBUG - 2026-03-04 14:18:13 --> Session: Class initialized using 'CodeIgniter\Session\Handlers\FileHandler' driver.
DEBUG - 2026-03-04 14:18:13 --> Session: Class initialized using 'CodeIgniter\Session\Handlers\FileHandler' driver.
CRITICAL - 2026-03-04 14:18:13 --> ErrorException: Trying to access array offset on value of type null
[Method: GET, Route: /]
in SYSTEMPATH\Debug\Toolbar.php on line 217.
 1 SYSTEMPATH\Debug\Toolbar.php(217): CodeIgniter\Debug\Exceptions->errorHandler(2, 'Trying to access array offset on value of type null', 'C:\\xampp\\htdocs\\IM\\system\\Debug\\Toolbar.php', 217)
 2 SYSTEMPATH\Debug\Toolbar.php(200): CodeIgniter\Debug\Toolbar->renderTimelineRecursive([...], 1772605093.17514, 6, 10, [], 0)
 3 SYSTEMPATH\Debug\Toolbar\Views\toolbar.tpl.php(105): CodeIgniter\Debug\Toolbar->renderTimeline([...], 1772605093.17514, 6, 10, [])
 4 SYSTEMPATH\Debug\Toolbar.php(533): include('C:\\xampp\\htdocs\\IM\\system\\Debug\\Toolbar\\Views\\toolbar.tpl.php')
 5 SYSTEMPATH\Debug\Toolbar.php(496): CodeIgniter\Debug\Toolbar->format([...], 'html')
 6 APPPATH\Config\Events.php(47): CodeIgniter\Debug\Toolbar->respond()
 7 SYSTEMPATH\Events\Events.php(152): CodeIgniter\Events\Events::Config\{closure}()
 8 SYSTEMPATH\CodeIgniter.php(339): CodeIgniter\Events\Events::trigger('pre_system')
 9 SYSTEMPATH\Boot.php(363): CodeIgniter\CodeIgniter->run()
10 SYSTEMPATH\Boot.php(68): CodeIgniter\Boot::runCodeIgniter(Object(CodeIgniter\CodeIgniter))
11 FCPATH\index.php(59): CodeIgniter\Boot::bootWeb(Object(Config\Paths))
DEBUG - 2026-03-04 14:18:17 --> Session: Class initialized using 'CodeIgniter\Session\Handlers\FileHandler' driver.
CRITICAL - 2026-03-04 14:18:18 --> ErrorException: Trying to access array offset on value of type null
[Method: GET, Route: /]
in SYSTEMPATH\Debug\Toolbar.php on line 217.
 1 SYSTEMPATH\Debug\Toolbar.php(217): CodeIgniter\Debug\Exceptions->errorHandler(2, 'Trying to access array offset on value of type null', 'C:\\xampp\\htdocs\\IM\\system\\Debug\\Toolbar.php', 217)
 2 SYSTEMPATH\Debug\Toolbar.php(200): CodeIgniter\Debug\Toolbar->renderTimelineRecursive([...], 1772605097.744088, 7, 10, [], 0)
 3 SYSTEMPATH\Debug\Toolbar\Views\toolbar.tpl.php(105): CodeIgniter\Debug\Toolbar->renderTimeline([...], 1772605097.744088, 7, 10, [])
 4 SYSTEMPATH\Debug\Toolbar.php(533): include('C:\\xampp\\htdocs\\IM\\system\\Debug\\Toolbar\\Views\\toolbar.tpl.php')
 5 SYSTEMPATH\Debug\Toolbar.php(496): CodeIgniter\Debug\Toolbar->format([...], 'html')
 6 APPPATH\Config\Events.php(47): CodeIgniter\Debug\Toolbar->respond()
 7 SYSTEMPATH\Events\Events.php(152): CodeIgniter\Events\Events::Config\{closure}()
 8 SYSTEMPATH\CodeIgniter.php(339): CodeIgniter\Events\Events::trigger('pre_system')
 9 SYSTEMPATH\Boot.php(363): CodeIgniter\CodeIgniter->run()
10 SYSTEMPATH\Boot.php(68): CodeIgniter\Boot::runCodeIgniter(Object(CodeIgniter\CodeIgniter))
11 FCPATH\index.php(59): CodeIgniter\Boot::bootWeb(Object(Config\Paths))
DEBUG - 2026-03-04 14:18:21 --> Session: Class initialized using 'CodeIgniter\Session\Handlers\FileHandler' driver.
CRITICAL - 2026-03-04 14:18:21 --> ErrorException: Trying to access array offset on value of type null
[Method: GET, Route: /]
in SYSTEMPATH\Debug\Toolbar.php on line 217.
 1 SYSTEMPATH\Debug\Toolbar.php(217): CodeIgniter\Debug\Exceptions->errorHandler(2, 'Trying to access array offset on value of type null', 'C:\\xampp\\htdocs\\IM\\system\\Debug\\Toolbar.php', 217)
 2 SYSTEMPATH\Debug\Toolbar.php(200): CodeIgniter\Debug\Toolbar->renderTimelineRecursive([...], 1772605101.342286, 7, 10, [], 0)
 3 SYSTEMPATH\Debug\Toolbar\Views\toolbar.tpl.php(105): CodeIgniter\Debug\Toolbar->renderTimeline([...], 1772605101.342286, 7, 10, [])
 4 SYSTEMPATH\Debug\Toolbar.php(533): include('C:\\xampp\\htdocs\\IM\\system\\Debug\\Toolbar\\Views\\toolbar.tpl.php')
 5 SYSTEMPATH\Debug\Toolbar.php(496): CodeIgniter\Debug\Toolbar->format([...], 'html')
 6 APPPATH\Config\Events.php(47): CodeIgniter\Debug\Toolbar->respond()
 7 SYSTEMPATH\Events\Events.php(152): CodeIgniter\Events\Events::Config\{closure}()
 8 SYSTEMPATH\CodeIgniter.php(339): CodeIgniter\Events\Events::trigger('pre_system')
 9 SYSTEMPATH\Boot.php(363): CodeIgniter\CodeIgniter->run()
10 SYSTEMPATH\Boot.php(68): CodeIgniter\Boot::runCodeIgniter(Object(CodeIgniter\CodeIgniter))
11 FCPATH\index.php(59): CodeIgniter\Boot::bootWeb(Object(Config\Paths))
DEBUG - 2026-03-04 14:18:23 --> Session: Class initialized using 'CodeIgniter\Session\Handlers\FileHandler' driver.
CRITICAL - 2026-03-04 14:18:23 --> ErrorException: Trying to access array offset on value of type null
[Method: GET, Route: /]
in SYSTEMPATH\Debug\Toolbar.php on line 217.
 1 SYSTEMPATH\Debug\Toolbar.php(217): CodeIgniter\Debug\Exceptions->errorHandler(2, 'Trying to access array offset on value of type null', 'C:\\xampp\\htdocs\\IM\\system\\Debug\\Toolbar.php', 217)
 2 SYSTEMPATH\Debug\Toolbar.php(200): CodeIgniter\Debug\Toolbar->renderTimelineRecursive([...], 1772605103.031166, 6, 25, [], 0)
 3 SYSTEMPATH\Debug\Toolbar\Views\toolbar.tpl.php(105): CodeIgniter\Debug\Toolbar->renderTimeline([...], 1772605103.031166, 6, 25, [])
 4 SYSTEMPATH\Debug\Toolbar.php(533): include('C:\\xampp\\htdocs\\IM\\system\\Debug\\Toolbar\\Views\\toolbar.tpl.php')
 5 SYSTEMPATH\Debug\Toolbar.php(496): CodeIgniter\Debug\Toolbar->format([...], 'html')
 6 APPPATH\Config\Events.php(47): CodeIgniter\Debug\Toolbar->respond()
 7 SYSTEMPATH\Events\Events.php(152): CodeIgniter\Events\Events::Config\{closure}()
 8 SYSTEMPATH\CodeIgniter.php(339): CodeIgniter\Events\Events::trigger('pre_system')
 9 SYSTEMPATH\Boot.php(363): CodeIgniter\CodeIgniter->run()
10 SYSTEMPATH\Boot.php(68): CodeIgniter\Boot::runCodeIgniter(Object(CodeIgniter\CodeIgniter))
11 FCPATH\index.php(59): CodeIgniter\Boot::bootWeb(Object(Config\Paths))
DEBUG - 2026-03-04 14:18:24 --> Session: Class initialized using 'CodeIgniter\Session\Handlers\FileHandler' driver.
DEBUG - 2026-03-04 14:18:24 --> Session: Class initialized using 'CodeIgniter\Session\Handlers\FileHandler' driver.
CRITICAL - 2026-03-04 14:18:24 --> ErrorException: Trying to access array offset on value of type null
[Method: GET, Route: /]
in SYSTEMPATH\Debug\Toolbar.php on line 217.
 1 SYSTEMPATH\Debug\Toolbar.php(217): CodeIgniter\Debug\Exceptions->errorHandler(2, 'Trying to access array offset on value of type null', 'C:\\xampp\\htdocs\\IM\\system\\Debug\\Toolbar.php', 217)
 2 SYSTEMPATH\Debug\Toolbar.php(200): CodeIgniter\Debug\Toolbar->renderTimelineRecursive([...], 1772605104.240281, 5, 10, [], 0)
 3 SYSTEMPATH\Debug\Toolbar\Views\toolbar.tpl.php(105): CodeIgniter\Debug\Toolbar->renderTimeline([...], 1772605104.240281, 5, 10, [])
 4 SYSTEMPATH\Debug\Toolbar.php(533): include('C:\\xampp\\htdocs\\IM\\system\\Debug\\Toolbar\\Views\\toolbar.tpl.php')
 5 SYSTEMPATH\Debug\Toolbar.php(496): CodeIgniter\Debug\Toolbar->format([...], 'html')
 6 APPPATH\Config\Events.php(47): CodeIgniter\Debug\Toolbar->respond()
 7 SYSTEMPATH\Events\Events.php(152): CodeIgniter\Events\Events::Config\{closure}()
 8 SYSTEMPATH\CodeIgniter.php(339): CodeIgniter\Events\Events::trigger('pre_system')
 9 SYSTEMPATH\Boot.php(363): CodeIgniter\CodeIgniter->run()
10 SYSTEMPATH\Boot.php(68): CodeIgniter\Boot::runCodeIgniter(Object(CodeIgniter\CodeIgniter))
11 FCPATH\index.php(59): CodeIgniter\Boot::bootWeb(Object(Config\Paths))
DEBUG - 2026-03-04 14:18:25 --> Session: Class initialized using 'CodeIgniter\Session\Handlers\FileHandler' driver.
CRITICAL - 2026-03-04 14:18:26 --> ErrorException: Trying to access array offset on value of type null
[Method: GET, Route: /]
in SYSTEMPATH\Debug\Toolbar.php on line 217.
 1 SYSTEMPATH\Debug\Toolbar.php(217): CodeIgniter\Debug\Exceptions->errorHandler(2, 'Trying to access array offset on value of type null', 'C:\\xampp\\htdocs\\IM\\system\\Debug\\Toolbar.php', 217)
 2 SYSTEMPATH\Debug\Toolbar.php(200): CodeIgniter\Debug\Toolbar->renderTimelineRecursive([...], 1772605105.752947, 7, 10, [], 0)
 3 SYSTEMPATH\Debug\Toolbar\Views\toolbar.tpl.php(105): CodeIgniter\Debug\Toolbar->renderTimeline([...], 1772605105.752947, 7, 10, [])
 4 SYSTEMPATH\Debug\Toolbar.php(533): include('C:\\xampp\\htdocs\\IM\\system\\Debug\\Toolbar\\Views\\toolbar.tpl.php')
 5 SYSTEMPATH\Debug\Toolbar.php(496): CodeIgniter\Debug\Toolbar->format([...], 'html')
 6 APPPATH\Config\Events.php(47): CodeIgniter\Debug\Toolbar->respond()
 7 SYSTEMPATH\Events\Events.php(152): CodeIgniter\Events\Events::Config\{closure}()
 8 SYSTEMPATH\CodeIgniter.php(339): CodeIgniter\Events\Events::trigger('pre_system')
 9 SYSTEMPATH\Boot.php(363): CodeIgniter\CodeIgniter->run()
10 SYSTEMPATH\Boot.php(68): CodeIgniter\Boot::runCodeIgniter(Object(CodeIgniter\CodeIgniter))
11 FCPATH\index.php(59): CodeIgniter\Boot::bootWeb(Object(Config\Paths))
DEBUG - 2026-03-04 14:18:26 --> Session: Class initialized using 'CodeIgniter\Session\Handlers\FileHandler' driver.
CRITICAL - 2026-03-04 14:18:27 --> ErrorException: Trying to access array offset on value of type null
[Method: GET, Route: /]
in SYSTEMPATH\Debug\Toolbar.php on line 217.
 1 SYSTEMPATH\Debug\Toolbar.php(217): CodeIgniter\Debug\Exceptions->errorHandler(2, 'Trying to access array offset on value of type null', 'C:\\xampp\\htdocs\\IM\\system\\Debug\\Toolbar.php', 217)
 2 SYSTEMPATH\Debug\Toolbar.php(200): CodeIgniter\Debug\Toolbar->renderTimelineRecursive([...], 1772605106.936617, 7, 10, [], 0)
 3 SYSTEMPATH\Debug\Toolbar\Views\toolbar.tpl.php(105): CodeIgniter\Debug\Toolbar->renderTimeline([...], 1772605106.936617, 7, 10, [])
 4 SYSTEMPATH\Debug\Toolbar.php(533): include('C:\\xampp\\htdocs\\IM\\system\\Debug\\Toolbar\\Views\\toolbar.tpl.php')
 5 SYSTEMPATH\Debug\Toolbar.php(496): CodeIgniter\Debug\Toolbar->format([...], 'html')
 6 APPPATH\Config\Events.php(47): CodeIgniter\Debug\Toolbar->respond()
 7 SYSTEMPATH\Events\Events.php(152): CodeIgniter\Events\Events::Config\{closure}()
 8 SYSTEMPATH\CodeIgniter.php(339): CodeIgniter\Events\Events::trigger('pre_system')
 9 SYSTEMPATH\Boot.php(363): CodeIgniter\CodeIgniter->run()
10 SYSTEMPATH\Boot.php(68): CodeIgniter\Boot::runCodeIgniter(Object(CodeIgniter\CodeIgniter))
11 FCPATH\index.php(59): CodeIgniter\Boot::bootWeb(Object(Config\Paths))
DEBUG - 2026-03-04 14:18:28 --> Session: Class initialized using 'CodeIgniter\Session\Handlers\FileHandler' driver.
CRITICAL - 2026-03-04 14:18:28 --> ErrorException: Trying to access array offset on value of type null
[Method: GET, Route: /]
in SYSTEMPATH\Debug\Toolbar.php on line 217.
 1 SYSTEMPATH\Debug\Toolbar.php(217): CodeIgniter\Debug\Exceptions->errorHandler(2, 'Trying to access array offset on value of type null', 'C:\\xampp\\htdocs\\IM\\system\\Debug\\Toolbar.php', 217)
 2 SYSTEMPATH\Debug\Toolbar.php(200): CodeIgniter\Debug\Toolbar->renderTimelineRecursive([...], 1772605108.057753, 7, 15, [], 0)
 3 SYSTEMPATH\Debug\Toolbar\Views\toolbar.tpl.php(105): CodeIgniter\Debug\Toolbar->renderTimeline([...], 1772605108.057753, 7, 15, [])
 4 SYSTEMPATH\Debug\Toolbar.php(533): include('C:\\xampp\\htdocs\\IM\\system\\Debug\\Toolbar\\Views\\toolbar.tpl.php')
 5 SYSTEMPATH\Debug\Toolbar.php(496): CodeIgniter\Debug\Toolbar->format([...], 'html')
 6 APPPATH\Config\Events.php(47): CodeIgniter\Debug\Toolbar->respond()
 7 SYSTEMPATH\Events\Events.php(152): CodeIgniter\Events\Events::Config\{closure}()
 8 SYSTEMPATH\CodeIgniter.php(339): CodeIgniter\Events\Events::trigger('pre_system')
 9 SYSTEMPATH\Boot.php(363): CodeIgniter\CodeIgniter->run()
10 SYSTEMPATH\Boot.php(68): CodeIgniter\Boot::runCodeIgniter(Object(CodeIgniter\CodeIgniter))
11 FCPATH\index.php(59): CodeIgniter\Boot::bootWeb(Object(Config\Paths))
DEBUG - 2026-03-04 14:19:06 --> Session: Class initialized using 'CodeIgniter\Session\Handlers\FileHandler' driver.
CRITICAL - 2026-03-04 14:19:07 --> ErrorException: Trying to access array offset on value of type null
[Method: GET, Route: /]
in SYSTEMPATH\Debug\Toolbar.php on line 217.
 1 SYSTEMPATH\Debug\Toolbar.php(217): CodeIgniter\Debug\Exceptions->errorHandler(2, 'Trying to access array offset on value of type null', 'C:\\xampp\\htdocs\\IM\\system\\Debug\\Toolbar.php', 217)
 2 SYSTEMPATH\Debug\Toolbar.php(200): CodeIgniter\Debug\Toolbar->renderTimelineRecursive([...], 1772605146.952689, 7, 10, [], 0)
 3 SYSTEMPATH\Debug\Toolbar\Views\toolbar.tpl.php(105): CodeIgniter\Debug\Toolbar->renderTimeline([...], 1772605146.952689, 7, 10, [])
 4 SYSTEMPATH\Debug\Toolbar.php(533): include('C:\\xampp\\htdocs\\IM\\system\\Debug\\Toolbar\\Views\\toolbar.tpl.php')
 5 SYSTEMPATH\Debug\Toolbar.php(496): CodeIgniter\Debug\Toolbar->format([...], 'html')
 6 APPPATH\Config\Events.php(47): CodeIgniter\Debug\Toolbar->respond()
 7 SYSTEMPATH\Events\Events.php(152): CodeIgniter\Events\Events::Config\{closure}()
 8 SYSTEMPATH\CodeIgniter.php(339): CodeIgniter\Events\Events::trigger('pre_system')
 9 SYSTEMPATH\Boot.php(363): CodeIgniter\CodeIgniter->run()
10 SYSTEMPATH\Boot.php(68): CodeIgniter\Boot::runCodeIgniter(Object(CodeIgniter\CodeIgniter))
11 FCPATH\index.php(59): CodeIgniter\Boot::bootWeb(Object(Config\Paths))
DEBUG - 2026-03-04 14:19:09 --> Session: Class initialized using 'CodeIgniter\Session\Handlers\FileHandler' driver.
CRITICAL - 2026-03-04 14:19:09 --> ErrorException: Trying to access array offset on value of type null
[Method: GET, Route: /]
in SYSTEMPATH\Debug\Toolbar.php on line 217.
 1 SYSTEMPATH\Debug\Toolbar.php(217): CodeIgniter\Debug\Exceptions->errorHandler(2, 'Trying to access array offset on value of type null', 'C:\\xampp\\htdocs\\IM\\system\\Debug\\Toolbar.php', 217)
 2 SYSTEMPATH\Debug\Toolbar.php(200): CodeIgniter\Debug\Toolbar->renderTimelineRecursive([...], 1772605149.031962, 7, 10, [], 0)
 3 SYSTEMPATH\Debug\Toolbar\Views\toolbar.tpl.php(105): CodeIgniter\Debug\Toolbar->renderTimeline([...], 1772605149.031962, 7, 10, [])
 4 SYSTEMPATH\Debug\Toolbar.php(533): include('C:\\xampp\\htdocs\\IM\\system\\Debug\\Toolbar\\Views\\toolbar.tpl.php')
 5 SYSTEMPATH\Debug\Toolbar.php(496): CodeIgniter\Debug\Toolbar->format([...], 'html')
 6 APPPATH\Config\Events.php(47): CodeIgniter\Debug\Toolbar->respond()
 7 SYSTEMPATH\Events\Events.php(152): CodeIgniter\Events\Events::Config\{closure}()
 8 SYSTEMPATH\CodeIgniter.php(339): CodeIgniter\Events\Events::trigger('pre_system')
 9 SYSTEMPATH\Boot.php(363): CodeIgniter\CodeIgniter->run()
10 SYSTEMPATH\Boot.php(68): CodeIgniter\Boot::runCodeIgniter(Object(CodeIgniter\CodeIgniter))
11 FCPATH\index.php(59): CodeIgniter\Boot::bootWeb(Object(Config\Paths))
WARNING - 2026-03-04 14:19:32 --> [DEPRECATED] Creation of dynamic property App\Controllers\ApplicationController::$contactsModel is deprecated in APPPATH\Controllers\ApplicationController.php on line 41.
 1 SYSTEMPATH\CodeIgniter.php(903): App\Controllers\ApplicationController->__construct()
 2 SYSTEMPATH\CodeIgniter.php(498): CodeIgniter\CodeIgniter->createController()
 3 SYSTEMPATH\CodeIgniter.php(354): CodeIgniter\CodeIgniter->handleRequest(null, Object(Config\Cache), false)
 4 SYSTEMPATH\Boot.php(363): CodeIgniter\CodeIgniter->run()
 5 SYSTEMPATH\Boot.php(68): CodeIgniter\Boot::runCodeIgniter(Object(CodeIgniter\CodeIgniter))
 6 FCPATH\index.php(59): CodeIgniter\Boot::bootWeb(Object(Config\Paths))
WARNING - 2026-03-04 14:19:32 --> [DEPRECATED] Creation of dynamic property App\Controllers\ApplicationController::$environmentsModel is deprecated in APPPATH\Controllers\ApplicationController.php on line 42.
 1 SYSTEMPATH\CodeIgniter.php(903): App\Controllers\ApplicationController->__construct()
 2 SYSTEMPATH\CodeIgniter.php(498): CodeIgniter\CodeIgniter->createController()
 3 SYSTEMPATH\CodeIgniter.php(354): CodeIgniter\CodeIgniter->handleRequest(null, Object(Config\Cache), false)
 4 SYSTEMPATH\Boot.php(363): CodeIgniter\CodeIgniter->run()
 5 SYSTEMPATH\Boot.php(68): CodeIgniter\Boot::runCodeIgniter(Object(CodeIgniter\CodeIgniter))
 6 FCPATH\index.php(59): CodeIgniter\Boot::bootWeb(Object(Config\Paths))
WARNING - 2026-03-04 14:19:32 --> [DEPRECATED] Creation of dynamic property App\Controllers\ApplicationController::$infrastructureModel is deprecated in APPPATH\Controllers\ApplicationController.php on line 43.
 1 SYSTEMPATH\CodeIgniter.php(903): App\Controllers\ApplicationController->__construct()
 2 SYSTEMPATH\CodeIgniter.php(498): CodeIgniter\CodeIgniter->createController()
 3 SYSTEMPATH\CodeIgniter.php(354): CodeIgniter\CodeIgniter->handleRequest(null, Object(Config\Cache), false)
 4 SYSTEMPATH\Boot.php(363): CodeIgniter\CodeIgniter->run()
 5 SYSTEMPATH\Boot.php(68): CodeIgniter\Boot::runCodeIgniter(Object(CodeIgniter\CodeIgniter))
 6 FCPATH\index.php(59): CodeIgniter\Boot::bootWeb(Object(Config\Paths))
WARNING - 2026-03-04 14:19:32 --> [DEPRECATED] Creation of dynamic property App\Controllers\ApplicationController::$complianceModel is deprecated in APPPATH\Controllers\ApplicationController.php on line 44.
 1 SYSTEMPATH\CodeIgniter.php(903): App\Controllers\ApplicationController->__construct()
 2 SYSTEMPATH\CodeIgniter.php(498): CodeIgniter\CodeIgniter->createController()
 3 SYSTEMPATH\CodeIgniter.php(354): CodeIgniter\CodeIgniter->handleRequest(null, Object(Config\Cache), false)
 4 SYSTEMPATH\Boot.php(363): CodeIgniter\CodeIgniter->run()
 5 SYSTEMPATH\Boot.php(68): CodeIgniter\Boot::runCodeIgniter(Object(CodeIgniter\CodeIgniter))
 6 FCPATH\index.php(59): CodeIgniter\Boot::bootWeb(Object(Config\Paths))
WARNING - 2026-03-04 14:19:32 --> [DEPRECATED] Creation of dynamic property App\Controllers\ApplicationController::$dependenciesModel is deprecated in APPPATH\Controllers\ApplicationController.php on line 45.
 1 SYSTEMPATH\CodeIgniter.php(903): App\Controllers\ApplicationController->__construct()
 2 SYSTEMPATH\CodeIgniter.php(498): CodeIgniter\CodeIgniter->createController()
 3 SYSTEMPATH\CodeIgniter.php(354): CodeIgniter\CodeIgniter->handleRequest(null, Object(Config\Cache), false)
 4 SYSTEMPATH\Boot.php(363): CodeIgniter\CodeIgniter->run()
 5 SYSTEMPATH\Boot.php(68): CodeIgniter\Boot::runCodeIgniter(Object(CodeIgniter\CodeIgniter))
 6 FCPATH\index.php(59): CodeIgniter\Boot::bootWeb(Object(Config\Paths))
WARNING - 2026-03-04 14:19:32 --> [DEPRECATED] Creation of dynamic property App\Controllers\ApplicationController::$vendorsModel is deprecated in APPPATH\Controllers\ApplicationController.php on line 46.
 1 SYSTEMPATH\CodeIgniter.php(903): App\Controllers\ApplicationController->__construct()
 2 SYSTEMPATH\CodeIgniter.php(498): CodeIgniter\CodeIgniter->createController()
 3 SYSTEMPATH\CodeIgniter.php(354): CodeIgniter\CodeIgniter->handleRequest(null, Object(Config\Cache), false)
 4 SYSTEMPATH\Boot.php(363): CodeIgniter\CodeIgniter->run()
 5 SYSTEMPATH\Boot.php(68): CodeIgniter\Boot::runCodeIgniter(Object(CodeIgniter\CodeIgniter))
 6 FCPATH\index.php(59): CodeIgniter\Boot::bootWeb(Object(Config\Paths))
WARNING - 2026-03-04 14:19:32 --> [DEPRECATED] Creation of dynamic property App\Controllers\ApplicationController::$batchModel is deprecated in APPPATH\Controllers\ApplicationController.php on line 47.
 1 SYSTEMPATH\CodeIgniter.php(903): App\Controllers\ApplicationController->__construct()
 2 SYSTEMPATH\CodeIgniter.php(498): CodeIgniter\CodeIgniter->createController()
 3 SYSTEMPATH\CodeIgniter.php(354): CodeIgniter\CodeIgniter->handleRequest(null, Object(Config\Cache), false)
 4 SYSTEMPATH\Boot.php(363): CodeIgniter\CodeIgniter->run()
 5 SYSTEMPATH\Boot.php(68): CodeIgniter\Boot::runCodeIgniter(Object(CodeIgniter\CodeIgniter))
 6 FCPATH\index.php(59): CodeIgniter\Boot::bootWeb(Object(Config\Paths))
WARNING - 2026-03-04 14:19:32 --> [DEPRECATED] Creation of dynamic property App\Controllers\ApplicationController::$licensingModel is deprecated in APPPATH\Controllers\ApplicationController.php on line 48.
 1 SYSTEMPATH\CodeIgniter.php(903): App\Controllers\ApplicationController->__construct()
 2 SYSTEMPATH\CodeIgniter.php(498): CodeIgniter\CodeIgniter->createController()
 3 SYSTEMPATH\CodeIgniter.php(354): CodeIgniter\CodeIgniter->handleRequest(null, Object(Config\Cache), false)
 4 SYSTEMPATH\Boot.php(363): CodeIgniter\CodeIgniter->run()
 5 SYSTEMPATH\Boot.php(68): CodeIgniter\Boot::runCodeIgniter(Object(CodeIgniter\CodeIgniter))
 6 FCPATH\index.php(59): CodeIgniter\Boot::bootWeb(Object(Config\Paths))
WARNING - 2026-03-04 14:19:32 --> [DEPRECATED] Creation of dynamic property App\Controllers\ApplicationController::$metricsModel is deprecated in APPPATH\Controllers\ApplicationController.php on line 49.
 1 SYSTEMPATH\CodeIgniter.php(903): App\Controllers\ApplicationController->__construct()
 2 SYSTEMPATH\CodeIgniter.php(498): CodeIgniter\CodeIgniter->createController()
 3 SYSTEMPATH\CodeIgniter.php(354): CodeIgniter\CodeIgniter->handleRequest(null, Object(Config\Cache), false)
 4 SYSTEMPATH\Boot.php(363): CodeIgniter\CodeIgniter->run()
 5 SYSTEMPATH\Boot.php(68): CodeIgniter\Boot::runCodeIgniter(Object(CodeIgniter\CodeIgniter))
 6 FCPATH\index.php(59): CodeIgniter\Boot::bootWeb(Object(Config\Paths))
WARNING - 2026-03-04 14:19:32 --> [DEPRECATED] Creation of dynamic property App\Controllers\ApplicationController::$techModel is deprecated in APPPATH\Controllers\ApplicationController.php on line 50.
 1 SYSTEMPATH\CodeIgniter.php(903): App\Controllers\ApplicationController->__construct()
 2 SYSTEMPATH\CodeIgniter.php(498): CodeIgniter\CodeIgniter->createController()
 3 SYSTEMPATH\CodeIgniter.php(354): CodeIgniter\CodeIgniter->handleRequest(null, Object(Config\Cache), false)
 4 SYSTEMPATH\Boot.php(363): CodeIgniter\CodeIgniter->run()
 5 SYSTEMPATH\Boot.php(68): CodeIgniter\Boot::runCodeIgniter(Object(CodeIgniter\CodeIgniter))
 6 FCPATH\index.php(59): CodeIgniter\Boot::bootWeb(Object(Config\Paths))
DEBUG - 2026-03-04 14:19:32 --> Session: Class initialized using 'CodeIgniter\Session\Handlers\FileHandler' driver.
CRITICAL - 2026-03-04 14:19:32 --> ErrorException: Trying to access array offset on value of type null
[Method: GET, Route: /]
in SYSTEMPATH\Debug\Toolbar.php on line 217.
 1 SYSTEMPATH\Debug\Toolbar.php(217): CodeIgniter\Debug\Exceptions->errorHandler(2, 'Trying to access array offset on value of type null', 'C:\\xampp\\htdocs\\IM\\system\\Debug\\Toolbar.php', 217)
 2 SYSTEMPATH\Debug\Toolbar.php(200): CodeIgniter\Debug\Toolbar->renderTimelineRecursive([...], 1772605172.254924, 7, 35, [], 0)
 3 SYSTEMPATH\Debug\Toolbar\Views\toolbar.tpl.php(105): CodeIgniter\Debug\Toolbar->renderTimeline([...], 1772605172.254924, 7, 35, [])
 4 SYSTEMPATH\Debug\Toolbar.php(533): include('C:\\xampp\\htdocs\\IM\\system\\Debug\\Toolbar\\Views\\toolbar.tpl.php')
 5 SYSTEMPATH\Debug\Toolbar.php(496): CodeIgniter\Debug\Toolbar->format([...], 'html')
 6 APPPATH\Config\Events.php(47): CodeIgniter\Debug\Toolbar->respond()
 7 SYSTEMPATH\Events\Events.php(152): CodeIgniter\Events\Events::Config\{closure}()
 8 SYSTEMPATH\CodeIgniter.php(339): CodeIgniter\Events\Events::trigger('pre_system')
 9 SYSTEMPATH\Boot.php(363): CodeIgniter\CodeIgniter->run()
10 SYSTEMPATH\Boot.php(68): CodeIgniter\Boot::runCodeIgniter(Object(CodeIgniter\CodeIgniter))
11 FCPATH\index.php(59): CodeIgniter\Boot::bootWeb(Object(Config\Paths))
WARNING - 2026-03-04 14:19:34 --> [DEPRECATED] Creation of dynamic property App\Controllers\ApplicationController::$contactsModel is deprecated in APPPATH\Controllers\ApplicationController.php on line 41.
 1 SYSTEMPATH\CodeIgniter.php(903): App\Controllers\ApplicationController->__construct()
 2 SYSTEMPATH\CodeIgniter.php(498): CodeIgniter\CodeIgniter->createController()
 3 SYSTEMPATH\CodeIgniter.php(354): CodeIgniter\CodeIgniter->handleRequest(null, Object(Config\Cache), false)
 4 SYSTEMPATH\Boot.php(363): CodeIgniter\CodeIgniter->run()
 5 SYSTEMPATH\Boot.php(68): CodeIgniter\Boot::runCodeIgniter(Object(CodeIgniter\CodeIgniter))
 6 FCPATH\index.php(59): CodeIgniter\Boot::bootWeb(Object(Config\Paths))
WARNING - 2026-03-04 14:19:34 --> [DEPRECATED] Creation of dynamic property App\Controllers\ApplicationController::$environmentsModel is deprecated in APPPATH\Controllers\ApplicationController.php on line 42.
 1 SYSTEMPATH\CodeIgniter.php(903): App\Controllers\ApplicationController->__construct()
 2 SYSTEMPATH\CodeIgniter.php(498): CodeIgniter\CodeIgniter->createController()
 3 SYSTEMPATH\CodeIgniter.php(354): CodeIgniter\CodeIgniter->handleRequest(null, Object(Config\Cache), false)
 4 SYSTEMPATH\Boot.php(363): CodeIgniter\CodeIgniter->run()
 5 SYSTEMPATH\Boot.php(68): CodeIgniter\Boot::runCodeIgniter(Object(CodeIgniter\CodeIgniter))
 6 FCPATH\index.php(59): CodeIgniter\Boot::bootWeb(Object(Config\Paths))
WARNING - 2026-03-04 14:19:34 --> [DEPRECATED] Creation of dynamic property App\Controllers\ApplicationController::$infrastructureModel is deprecated in APPPATH\Controllers\ApplicationController.php on line 43.
 1 SYSTEMPATH\CodeIgniter.php(903): App\Controllers\ApplicationController->__construct()
 2 SYSTEMPATH\CodeIgniter.php(498): CodeIgniter\CodeIgniter->createController()
 3 SYSTEMPATH\CodeIgniter.php(354): CodeIgniter\CodeIgniter->handleRequest(null, Object(Config\Cache), false)
 4 SYSTEMPATH\Boot.php(363): CodeIgniter\CodeIgniter->run()
 5 SYSTEMPATH\Boot.php(68): CodeIgniter\Boot::runCodeIgniter(Object(CodeIgniter\CodeIgniter))
 6 FCPATH\index.php(59): CodeIgniter\Boot::bootWeb(Object(Config\Paths))
WARNING - 2026-03-04 14:19:34 --> [DEPRECATED] Creation of dynamic property App\Controllers\ApplicationController::$complianceModel is deprecated in APPPATH\Controllers\ApplicationController.php on line 44.
 1 SYSTEMPATH\CodeIgniter.php(903): App\Controllers\ApplicationController->__construct()
 2 SYSTEMPATH\CodeIgniter.php(498): CodeIgniter\CodeIgniter->createController()
 3 SYSTEMPATH\CodeIgniter.php(354): CodeIgniter\CodeIgniter->handleRequest(null, Object(Config\Cache), false)
 4 SYSTEMPATH\Boot.php(363): CodeIgniter\CodeIgniter->run()
 5 SYSTEMPATH\Boot.php(68): CodeIgniter\Boot::runCodeIgniter(Object(CodeIgniter\CodeIgniter))
 6 FCPATH\index.php(59): CodeIgniter\Boot::bootWeb(Object(Config\Paths))
WARNING - 2026-03-04 14:19:34 --> [DEPRECATED] Creation of dynamic property App\Controllers\ApplicationController::$dependenciesModel is deprecated in APPPATH\Controllers\ApplicationController.php on line 45.
 1 SYSTEMPATH\CodeIgniter.php(903): App\Controllers\ApplicationController->__construct()
 2 SYSTEMPATH\CodeIgniter.php(498): CodeIgniter\CodeIgniter->createController()
 3 SYSTEMPATH\CodeIgniter.php(354): CodeIgniter\CodeIgniter->handleRequest(null, Object(Config\Cache), false)
 4 SYSTEMPATH\Boot.php(363): CodeIgniter\CodeIgniter->run()
 5 SYSTEMPATH\Boot.php(68): CodeIgniter\Boot::runCodeIgniter(Object(CodeIgniter\CodeIgniter))
 6 FCPATH\index.php(59): CodeIgniter\Boot::bootWeb(Object(Config\Paths))
WARNING - 2026-03-04 14:19:34 --> [DEPRECATED] Creation of dynamic property App\Controllers\ApplicationController::$vendorsModel is deprecated in APPPATH\Controllers\ApplicationController.php on line 46.
 1 SYSTEMPATH\CodeIgniter.php(903): App\Controllers\ApplicationController->__construct()
 2 SYSTEMPATH\CodeIgniter.php(498): CodeIgniter\CodeIgniter->createController()
 3 SYSTEMPATH\CodeIgniter.php(354): CodeIgniter\CodeIgniter->handleRequest(null, Object(Config\Cache), false)
 4 SYSTEMPATH\Boot.php(363): CodeIgniter\CodeIgniter->run()
 5 SYSTEMPATH\Boot.php(68): CodeIgniter\Boot::runCodeIgniter(Object(CodeIgniter\CodeIgniter))
 6 FCPATH\index.php(59): CodeIgniter\Boot::bootWeb(Object(Config\Paths))
WARNING - 2026-03-04 14:19:34 --> [DEPRECATED] Creation of dynamic property App\Controllers\ApplicationController::$batchModel is deprecated in APPPATH\Controllers\ApplicationController.php on line 47.
 1 SYSTEMPATH\CodeIgniter.php(903): App\Controllers\ApplicationController->__construct()
 2 SYSTEMPATH\CodeIgniter.php(498): CodeIgniter\CodeIgniter->createController()
 3 SYSTEMPATH\CodeIgniter.php(354): CodeIgniter\CodeIgniter->handleRequest(null, Object(Config\Cache), false)
 4 SYSTEMPATH\Boot.php(363): CodeIgniter\CodeIgniter->run()
 5 SYSTEMPATH\Boot.php(68): CodeIgniter\Boot::runCodeIgniter(Object(CodeIgniter\CodeIgniter))
 6 FCPATH\index.php(59): CodeIgniter\Boot::bootWeb(Object(Config\Paths))
WARNING - 2026-03-04 14:19:34 --> [DEPRECATED] Creation of dynamic property App\Controllers\ApplicationController::$licensingModel is deprecated in APPPATH\Controllers\ApplicationController.php on line 48.
 1 SYSTEMPATH\CodeIgniter.php(903): App\Controllers\ApplicationController->__construct()
 2 SYSTEMPATH\CodeIgniter.php(498): CodeIgniter\CodeIgniter->createController()
 3 SYSTEMPATH\CodeIgniter.php(354): CodeIgniter\CodeIgniter->handleRequest(null, Object(Config\Cache), false)
 4 SYSTEMPATH\Boot.php(363): CodeIgniter\CodeIgniter->run()
 5 SYSTEMPATH\Boot.php(68): CodeIgniter\Boot::runCodeIgniter(Object(CodeIgniter\CodeIgniter))
 6 FCPATH\index.php(59): CodeIgniter\Boot::bootWeb(Object(Config\Paths))
WARNING - 2026-03-04 14:19:34 --> [DEPRECATED] Creation of dynamic property App\Controllers\ApplicationController::$metricsModel is deprecated in APPPATH\Controllers\ApplicationController.php on line 49.
 1 SYSTEMPATH\CodeIgniter.php(903): App\Controllers\ApplicationController->__construct()
 2 SYSTEMPATH\CodeIgniter.php(498): CodeIgniter\CodeIgniter->createController()
 3 SYSTEMPATH\CodeIgniter.php(354): CodeIgniter\CodeIgniter->handleRequest(null, Object(Config\Cache), false)
 4 SYSTEMPATH\Boot.php(363): CodeIgniter\CodeIgniter->run()
 5 SYSTEMPATH\Boot.php(68): CodeIgniter\Boot::runCodeIgniter(Object(CodeIgniter\CodeIgniter))
 6 FCPATH\index.php(59): CodeIgniter\Boot::bootWeb(Object(Config\Paths))
WARNING - 2026-03-04 14:19:34 --> [DEPRECATED] Creation of dynamic property App\Controllers\ApplicationController::$techModel is deprecated in APPPATH\Controllers\ApplicationController.php on line 50.
 1 SYSTEMPATH\CodeIgniter.php(903): App\Controllers\ApplicationController->__construct()
 2 SYSTEMPATH\CodeIgniter.php(498): CodeIgniter\CodeIgniter->createController()
 3 SYSTEMPATH\CodeIgniter.php(354): CodeIgniter\CodeIgniter->handleRequest(null, Object(Config\Cache), false)
 4 SYSTEMPATH\Boot.php(363): CodeIgniter\CodeIgniter->run()
 5 SYSTEMPATH\Boot.php(68): CodeIgniter\Boot::runCodeIgniter(Object(CodeIgniter\CodeIgniter))
 6 FCPATH\index.php(59): CodeIgniter\Boot::bootWeb(Object(Config\Paths))
DEBUG - 2026-03-04 14:19:34 --> Session: Class initialized using 'CodeIgniter\Session\Handlers\FileHandler' driver.
CRITICAL - 2026-03-04 14:19:34 --> ErrorException: Trying to access array offset on value of type null
[Method: GET, Route: /]
in SYSTEMPATH\Debug\Toolbar.php on line 217.
 1 SYSTEMPATH\Debug\Toolbar.php(217): CodeIgniter\Debug\Exceptions->errorHandler(2, 'Trying to access array offset on value of type null', 'C:\\xampp\\htdocs\\IM\\system\\Debug\\Toolbar.php', 217)
 2 SYSTEMPATH\Debug\Toolbar.php(200): CodeIgniter\Debug\Toolbar->renderTimelineRecursive([...], 1772605174.062404, 7, 80, [], 0)
 3 SYSTEMPATH\Debug\Toolbar\Views\toolbar.tpl.php(105): CodeIgniter\Debug\Toolbar->renderTimeline([...], 1772605174.062404, 7, 80, [])
 4 SYSTEMPATH\Debug\Toolbar.php(533): include('C:\\xampp\\htdocs\\IM\\system\\Debug\\Toolbar\\Views\\toolbar.tpl.php')
 5 SYSTEMPATH\Debug\Toolbar.php(496): CodeIgniter\Debug\Toolbar->format([...], 'html')
 6 APPPATH\Config\Events.php(47): CodeIgniter\Debug\Toolbar->respond()
 7 SYSTEMPATH\Events\Events.php(152): CodeIgniter\Events\Events::Config\{closure}()
 8 SYSTEMPATH\CodeIgniter.php(339): CodeIgniter\Events\Events::trigger('pre_system')
 9 SYSTEMPATH\Boot.php(363): CodeIgniter\CodeIgniter->run()
10 SYSTEMPATH\Boot.php(68): CodeIgniter\Boot::runCodeIgniter(Object(CodeIgniter\CodeIgniter))
11 FCPATH\index.php(59): CodeIgniter\Boot::bootWeb(Object(Config\Paths))
DEBUG - 2026-03-04 14:19:50 --> Session: Class initialized using 'CodeIgniter\Session\Handlers\FileHandler' driver.
CRITICAL - 2026-03-04 14:19:50 --> ErrorException: Trying to access array offset on value of type null
[Method: GET, Route: /]
in SYSTEMPATH\Debug\Toolbar.php on line 217.
 1 SYSTEMPATH\Debug\Toolbar.php(217): CodeIgniter\Debug\Exceptions->errorHandler(2, 'Trying to access array offset on value of type null', 'C:\\xampp\\htdocs\\IM\\system\\Debug\\Toolbar.php', 217)
 2 SYSTEMPATH\Debug\Toolbar.php(200): CodeIgniter\Debug\Toolbar->renderTimelineRecursive([...], 1772605190.079831, 7, 55, [], 0)
 3 SYSTEMPATH\Debug\Toolbar\Views\toolbar.tpl.php(105): CodeIgniter\Debug\Toolbar->renderTimeline([...], 1772605190.079831, 7, 55, [])
 4 SYSTEMPATH\Debug\Toolbar.php(533): include('C:\\xampp\\htdocs\\IM\\system\\Debug\\Toolbar\\Views\\toolbar.tpl.php')
 5 SYSTEMPATH\Debug\Toolbar.php(496): CodeIgniter\Debug\Toolbar->format([...], 'html')
 6 APPPATH\Config\Events.php(47): CodeIgniter\Debug\Toolbar->respond()
 7 SYSTEMPATH\Events\Events.php(152): CodeIgniter\Events\Events::Config\{closure}()
 8 SYSTEMPATH\CodeIgniter.php(339): CodeIgniter\Events\Events::trigger('pre_system')
 9 SYSTEMPATH\Boot.php(363): CodeIgniter\CodeIgniter->run()
10 SYSTEMPATH\Boot.php(68): CodeIgniter\Boot::runCodeIgniter(Object(CodeIgniter\CodeIgniter))
11 FCPATH\index.php(59): CodeIgniter\Boot::bootWeb(Object(Config\Paths))
DEBUG - 2026-03-04 14:19:52 --> Session: Class initialized using 'CodeIgniter\Session\Handlers\FileHandler' driver.
CRITICAL - 2026-03-04 14:19:52 --> ErrorException: Trying to access array offset on value of type null
[Method: GET, Route: /]
in SYSTEMPATH\Debug\Toolbar.php on line 217.
 1 SYSTEMPATH\Debug\Toolbar.php(217): CodeIgniter\Debug\Exceptions->errorHandler(2, 'Trying to access array offset on value of type null', 'C:\\xampp\\htdocs\\IM\\system\\Debug\\Toolbar.php', 217)
 2 SYSTEMPATH\Debug\Toolbar.php(200): CodeIgniter\Debug\Toolbar->renderTimelineRecursive([...], 1772605192.014411, 6, 25, [], 0)
 3 SYSTEMPATH\Debug\Toolbar\Views\toolbar.tpl.php(105): CodeIgniter\Debug\Toolbar->renderTimeline([...], 1772605192.014411, 6, 25, [])
 4 SYSTEMPATH\Debug\Toolbar.php(533): include('C:\\xampp\\htdocs\\IM\\system\\Debug\\Toolbar\\Views\\toolbar.tpl.php')
 5 SYSTEMPATH\Debug\Toolbar.php(496): CodeIgniter\Debug\Toolbar->format([...], 'html')
 6 APPPATH\Config\Events.php(47): CodeIgniter\Debug\Toolbar->respond()
 7 SYSTEMPATH\Events\Events.php(152): CodeIgniter\Events\Events::Config\{closure}()
 8 SYSTEMPATH\CodeIgniter.php(339): CodeIgniter\Events\Events::trigger('pre_system')
 9 SYSTEMPATH\Boot.php(363): CodeIgniter\CodeIgniter->run()
10 SYSTEMPATH\Boot.php(68): CodeIgniter\Boot::runCodeIgniter(Object(CodeIgniter\CodeIgniter))
11 FCPATH\index.php(59): CodeIgniter\Boot::bootWeb(Object(Config\Paths))
DEBUG - 2026-03-04 14:19:58 --> Session: Class initialized using 'CodeIgniter\Session\Handlers\FileHandler' driver.
CRITICAL - 2026-03-04 14:19:59 --> ErrorException: Trying to access array offset on value of type null
[Method: GET, Route: /]
in SYSTEMPATH\Debug\Toolbar.php on line 217.
 1 SYSTEMPATH\Debug\Toolbar.php(217): CodeIgniter\Debug\Exceptions->errorHandler(2, 'Trying to access array offset on value of type null', 'C:\\xampp\\htdocs\\IM\\system\\Debug\\Toolbar.php', 217)
 2 SYSTEMPATH\Debug\Toolbar.php(200): CodeIgniter\Debug\Toolbar->renderTimelineRecursive([...], 1772605198.791667, 7, 10, [], 0)
 3 SYSTEMPATH\Debug\Toolbar\Views\toolbar.tpl.php(105): CodeIgniter\Debug\Toolbar->renderTimeline([...], 1772605198.791667, 7, 10, [])
 4 SYSTEMPATH\Debug\Toolbar.php(533): include('C:\\xampp\\htdocs\\IM\\system\\Debug\\Toolbar\\Views\\toolbar.tpl.php')
 5 SYSTEMPATH\Debug\Toolbar.php(496): CodeIgniter\Debug\Toolbar->format([...], 'html')
 6 APPPATH\Config\Events.php(47): CodeIgniter\Debug\Toolbar->respond()
 7 SYSTEMPATH\Events\Events.php(152): CodeIgniter\Events\Events::Config\{closure}()
 8 SYSTEMPATH\CodeIgniter.php(339): CodeIgniter\Events\Events::trigger('pre_system')
 9 SYSTEMPATH\Boot.php(363): CodeIgniter\CodeIgniter->run()
10 SYSTEMPATH\Boot.php(68): CodeIgniter\Boot::runCodeIgniter(Object(CodeIgniter\CodeIgniter))
11 FCPATH\index.php(59): CodeIgniter\Boot::bootWeb(Object(Config\Paths))
DEBUG - 2026-03-04 14:20:01 --> Session: Class initialized using 'CodeIgniter\Session\Handlers\FileHandler' driver.
CRITICAL - 2026-03-04 14:20:02 --> ErrorException: Trying to access array offset on value of type null
[Method: GET, Route: /]
in SYSTEMPATH\Debug\Toolbar.php on line 217.
 1 SYSTEMPATH\Debug\Toolbar.php(217): CodeIgniter\Debug\Exceptions->errorHandler(2, 'Trying to access array offset on value of type null', 'C:\\xampp\\htdocs\\IM\\system\\Debug\\Toolbar.php', 217)
 2 SYSTEMPATH\Debug\Toolbar.php(200): CodeIgniter\Debug\Toolbar->renderTimelineRecursive([...], 1772605201.831037, 7, 65, [], 0)
 3 SYSTEMPATH\Debug\Toolbar\Views\toolbar.tpl.php(105): CodeIgniter\Debug\Toolbar->renderTimeline([...], 1772605201.831037, 7, 65, [])
 4 SYSTEMPATH\Debug\Toolbar.php(533): include('C:\\xampp\\htdocs\\IM\\system\\Debug\\Toolbar\\Views\\toolbar.tpl.php')
 5 SYSTEMPATH\Debug\Toolbar.php(496): CodeIgniter\Debug\Toolbar->format([...], 'html')
 6 APPPATH\Config\Events.php(47): CodeIgniter\Debug\Toolbar->respond()
 7 SYSTEMPATH\Events\Events.php(152): CodeIgniter\Events\Events::Config\{closure}()
 8 SYSTEMPATH\CodeIgniter.php(339): CodeIgniter\Events\Events::trigger('pre_system')
 9 SYSTEMPATH\Boot.php(363): CodeIgniter\CodeIgniter->run()
10 SYSTEMPATH\Boot.php(68): CodeIgniter\Boot::runCodeIgniter(Object(CodeIgniter\CodeIgniter))
11 FCPATH\index.php(59): CodeIgniter\Boot::bootWeb(Object(Config\Paths))
DEBUG - 2026-03-04 14:21:04 --> Session: Class initialized using 'CodeIgniter\Session\Handlers\FileHandler' driver.
CRITICAL - 2026-03-04 14:21:04 --> ErrorException: Trying to access array offset on value of type null
[Method: GET, Route: /]
in SYSTEMPATH\Debug\Toolbar.php on line 217.
 1 SYSTEMPATH\Debug\Toolbar.php(217): CodeIgniter\Debug\Exceptions->errorHandler(2, 'Trying to access array offset on value of type null', 'C:\\xampp\\htdocs\\IM\\system\\Debug\\Toolbar.php', 217)
 2 SYSTEMPATH\Debug\Toolbar.php(200): CodeIgniter\Debug\Toolbar->renderTimelineRecursive([...], 1772605263.956699, 6, 15, [], 0)
 3 SYSTEMPATH\Debug\Toolbar\Views\toolbar.tpl.php(105): CodeIgniter\Debug\Toolbar->renderTimeline([...], 1772605263.956699, 6, 15, [])
 4 SYSTEMPATH\Debug\Toolbar.php(533): include('C:\\xampp\\htdocs\\IM\\system\\Debug\\Toolbar\\Views\\toolbar.tpl.php')
 5 SYSTEMPATH\Debug\Toolbar.php(496): CodeIgniter\Debug\Toolbar->format([...], 'html')
 6 APPPATH\Config\Events.php(47): CodeIgniter\Debug\Toolbar->respond()
 7 SYSTEMPATH\Events\Events.php(152): CodeIgniter\Events\Events::Config\{closure}()
 8 SYSTEMPATH\CodeIgniter.php(339): CodeIgniter\Events\Events::trigger('pre_system')
 9 SYSTEMPATH\Boot.php(363): CodeIgniter\CodeIgniter->run()
10 SYSTEMPATH\Boot.php(68): CodeIgniter\Boot::runCodeIgniter(Object(CodeIgniter\CodeIgniter))
11 FCPATH\index.php(59): CodeIgniter\Boot::bootWeb(Object(Config\Paths))
DEBUG - 2026-03-04 14:21:34 --> Session: Class initialized using 'CodeIgniter\Session\Handlers\FileHandler' driver.
CRITICAL - 2026-03-04 14:21:35 --> ErrorException: Trying to access array offset on value of type null
[Method: GET, Route: /]
in SYSTEMPATH\Debug\Toolbar.php on line 217.
 1 SYSTEMPATH\Debug\Toolbar.php(217): CodeIgniter\Debug\Exceptions->errorHandler(2, 'Trying to access array offset on value of type null', 'C:\\xampp\\htdocs\\IM\\system\\Debug\\Toolbar.php', 217)
 2 SYSTEMPATH\Debug\Toolbar.php(200): CodeIgniter\Debug\Toolbar->renderTimelineRecursive([...], 1772605294.902731, 7, 10, [], 0)
 3 SYSTEMPATH\Debug\Toolbar\Views\toolbar.tpl.php(105): CodeIgniter\Debug\Toolbar->renderTimeline([...], 1772605294.902731, 7, 10, [])
 4 SYSTEMPATH\Debug\Toolbar.php(533): include('C:\\xampp\\htdocs\\IM\\system\\Debug\\Toolbar\\Views\\toolbar.tpl.php')
 5 SYSTEMPATH\Debug\Toolbar.php(496): CodeIgniter\Debug\Toolbar->format([...], 'html')
 6 APPPATH\Config\Events.php(47): CodeIgniter\Debug\Toolbar->respond()
 7 SYSTEMPATH\Events\Events.php(152): CodeIgniter\Events\Events::Config\{closure}()
 8 SYSTEMPATH\CodeIgniter.php(339): CodeIgniter\Events\Events::trigger('pre_system')
 9 SYSTEMPATH\Boot.php(363): CodeIgniter\CodeIgniter->run()
10 SYSTEMPATH\Boot.php(68): CodeIgniter\Boot::runCodeIgniter(Object(CodeIgniter\CodeIgniter))
11 FCPATH\index.php(59): CodeIgniter\Boot::bootWeb(Object(Config\Paths))
DEBUG - 2026-03-04 14:24:47 --> Session: Class initialized using 'CodeIgniter\Session\Handlers\FileHandler' driver.
CRITICAL - 2026-03-04 14:24:47 --> ErrorException: Trying to access array offset on value of type null
[Method: GET, Route: /]
in SYSTEMPATH\Debug\Toolbar.php on line 217.
 1 SYSTEMPATH\Debug\Toolbar.php(217): CodeIgniter\Debug\Exceptions->errorHandler(2, 'Trying to access array offset on value of type null', 'C:\\xampp\\htdocs\\IM\\system\\Debug\\Toolbar.php', 217)
 2 SYSTEMPATH\Debug\Toolbar.php(200): CodeIgniter\Debug\Toolbar->renderTimelineRecursive([...], 1772605487.11919, 7, 30, [], 0)
 3 SYSTEMPATH\Debug\Toolbar\Views\toolbar.tpl.php(105): CodeIgniter\Debug\Toolbar->renderTimeline([...], 1772605487.11919, 7, 30, [])
 4 SYSTEMPATH\Debug\Toolbar.php(533): include('C:\\xampp\\htdocs\\IM\\system\\Debug\\Toolbar\\Views\\toolbar.tpl.php')
 5 SYSTEMPATH\Debug\Toolbar.php(496): CodeIgniter\Debug\Toolbar->format([...], 'html')
 6 APPPATH\Config\Events.php(47): CodeIgniter\Debug\Toolbar->respond()
 7 SYSTEMPATH\Events\Events.php(152): CodeIgniter\Events\Events::Config\{closure}()
 8 SYSTEMPATH\CodeIgniter.php(339): CodeIgniter\Events\Events::trigger('pre_system')
 9 SYSTEMPATH\Boot.php(363): CodeIgniter\CodeIgniter->run()
10 SYSTEMPATH\Boot.php(68): CodeIgniter\Boot::runCodeIgniter(Object(CodeIgniter\CodeIgniter))
11 FCPATH\index.php(59): CodeIgniter\Boot::bootWeb(Object(Config\Paths))
DEBUG - 2026-03-04 14:24:51 --> Session: Class initialized using 'CodeIgniter\Session\Handlers\FileHandler' driver.
CRITICAL - 2026-03-04 14:24:52 --> ErrorException: Trying to access array offset on value of type null
[Method: GET, Route: /]
in SYSTEMPATH\Debug\Toolbar.php on line 217.
 1 SYSTEMPATH\Debug\Toolbar.php(217): CodeIgniter\Debug\Exceptions->errorHandler(2, 'Trying to access array offset on value of type null', 'C:\\xampp\\htdocs\\IM\\system\\Debug\\Toolbar.php', 217)
 2 SYSTEMPATH\Debug\Toolbar.php(200): CodeIgniter\Debug\Toolbar->renderTimelineRecursive([...], 1772605491.838338, 7, 10, [], 0)
 3 SYSTEMPATH\Debug\Toolbar\Views\toolbar.tpl.php(105): CodeIgniter\Debug\Toolbar->renderTimeline([...], 1772605491.838338, 7, 10, [])
 4 SYSTEMPATH\Debug\Toolbar.php(533): include('C:\\xampp\\htdocs\\IM\\system\\Debug\\Toolbar\\Views\\toolbar.tpl.php')
 5 SYSTEMPATH\Debug\Toolbar.php(496): CodeIgniter\Debug\Toolbar->format([...], 'html')
 6 APPPATH\Config\Events.php(47): CodeIgniter\Debug\Toolbar->respond()
 7 SYSTEMPATH\Events\Events.php(152): CodeIgniter\Events\Events::Config\{closure}()
 8 SYSTEMPATH\CodeIgniter.php(339): CodeIgniter\Events\Events::trigger('pre_system')
 9 SYSTEMPATH\Boot.php(363): CodeIgniter\CodeIgniter->run()
10 SYSTEMPATH\Boot.php(68): CodeIgniter\Boot::runCodeIgniter(Object(CodeIgniter\CodeIgniter))
11 FCPATH\index.php(59): CodeIgniter\Boot::bootWeb(Object(Config\Paths))
DEBUG - 2026-03-04 14:24:53 --> Session: Class initialized using 'CodeIgniter\Session\Handlers\FileHandler' driver.
CRITICAL - 2026-03-04 14:24:53 --> ErrorException: Trying to access array offset on value of type null
[Method: GET, Route: /]
in SYSTEMPATH\Debug\Toolbar.php on line 217.
 1 SYSTEMPATH\Debug\Toolbar.php(217): CodeIgniter\Debug\Exceptions->errorHandler(2, 'Trying to access array offset on value of type null', 'C:\\xampp\\htdocs\\IM\\system\\Debug\\Toolbar.php', 217)
 2 SYSTEMPATH\Debug\Toolbar.php(200): CodeIgniter\Debug\Toolbar->renderTimelineRecursive([...], 1772605493.102545, 7, 55, [], 0)
 3 SYSTEMPATH\Debug\Toolbar\Views\toolbar.tpl.php(105): CodeIgniter\Debug\Toolbar->renderTimeline([...], 1772605493.102545, 7, 55, [])
 4 SYSTEMPATH\Debug\Toolbar.php(533): include('C:\\xampp\\htdocs\\IM\\system\\Debug\\Toolbar\\Views\\toolbar.tpl.php')
 5 SYSTEMPATH\Debug\Toolbar.php(496): CodeIgniter\Debug\Toolbar->format([...], 'html')
 6 APPPATH\Config\Events.php(47): CodeIgniter\Debug\Toolbar->respond()
 7 SYSTEMPATH\Events\Events.php(152): CodeIgniter\Events\Events::Config\{closure}()
 8 SYSTEMPATH\CodeIgniter.php(339): CodeIgniter\Events\Events::trigger('pre_system')
 9 SYSTEMPATH\Boot.php(363): CodeIgniter\CodeIgniter->run()
10 SYSTEMPATH\Boot.php(68): CodeIgniter\Boot::runCodeIgniter(Object(CodeIgniter\CodeIgniter))
11 FCPATH\index.php(59): CodeIgniter\Boot::bootWeb(Object(Config\Paths))
DEBUG - 2026-03-04 14:24:59 --> Session: Class initialized using 'CodeIgniter\Session\Handlers\FileHandler' driver.
CRITICAL - 2026-03-04 14:24:59 --> ErrorException: Trying to access array offset on value of type null
[Method: GET, Route: /]
in SYSTEMPATH\Debug\Toolbar.php on line 217.
 1 SYSTEMPATH\Debug\Toolbar.php(217): CodeIgniter\Debug\Exceptions->errorHandler(2, 'Trying to access array offset on value of type null', 'C:\\xampp\\htdocs\\IM\\system\\Debug\\Toolbar.php', 217)
 2 SYSTEMPATH\Debug\Toolbar.php(200): CodeIgniter\Debug\Toolbar->renderTimelineRecursive([...], 1772605499.483679, 7, 10, [], 0)
 3 SYSTEMPATH\Debug\Toolbar\Views\toolbar.tpl.php(105): CodeIgniter\Debug\Toolbar->renderTimeline([...], 1772605499.483679, 7, 10, [])
 4 SYSTEMPATH\Debug\Toolbar.php(533): include('C:\\xampp\\htdocs\\IM\\system\\Debug\\Toolbar\\Views\\toolbar.tpl.php')
 5 SYSTEMPATH\Debug\Toolbar.php(496): CodeIgniter\Debug\Toolbar->format([...], 'html')
 6 APPPATH\Config\Events.php(47): CodeIgniter\Debug\Toolbar->respond()
 7 SYSTEMPATH\Events\Events.php(152): CodeIgniter\Events\Events::Config\{closure}()
 8 SYSTEMPATH\CodeIgniter.php(339): CodeIgniter\Events\Events::trigger('pre_system')
 9 SYSTEMPATH\Boot.php(363): CodeIgniter\CodeIgniter->run()
10 SYSTEMPATH\Boot.php(68): CodeIgniter\Boot::runCodeIgniter(Object(CodeIgniter\CodeIgniter))
11 FCPATH\index.php(59): CodeIgniter\Boot::bootWeb(Object(Config\Paths))
DEBUG - 2026-03-04 14:25:00 --> Session: Class initialized using 'CodeIgniter\Session\Handlers\FileHandler' driver.
CRITICAL - 2026-03-04 14:25:01 --> ErrorException: Trying to access array offset on value of type null
[Method: GET, Route: /]
in SYSTEMPATH\Debug\Toolbar.php on line 217.
 1 SYSTEMPATH\Debug\Toolbar.php(217): CodeIgniter\Debug\Exceptions->errorHandler(2, 'Trying to access array offset on value of type null', 'C:\\xampp\\htdocs\\IM\\system\\Debug\\Toolbar.php', 217)
 2 SYSTEMPATH\Debug\Toolbar.php(200): CodeIgniter\Debug\Toolbar->renderTimelineRecursive([...], 1772605500.674491, 7, 30, [], 0)
 3 SYSTEMPATH\Debug\Toolbar\Views\toolbar.tpl.php(105): CodeIgniter\Debug\Toolbar->renderTimeline([...], 1772605500.674491, 7, 30, [])
 4 SYSTEMPATH\Debug\Toolbar.php(533): include('C:\\xampp\\htdocs\\IM\\system\\Debug\\Toolbar\\Views\\toolbar.tpl.php')
 5 SYSTEMPATH\Debug\Toolbar.php(496): CodeIgniter\Debug\Toolbar->format([...], 'html')
 6 APPPATH\Config\Events.php(47): CodeIgniter\Debug\Toolbar->respond()
 7 SYSTEMPATH\Events\Events.php(152): CodeIgniter\Events\Events::Config\{closure}()
 8 SYSTEMPATH\CodeIgniter.php(339): CodeIgniter\Events\Events::trigger('pre_system')
 9 SYSTEMPATH\Boot.php(363): CodeIgniter\CodeIgniter->run()
10 SYSTEMPATH\Boot.php(68): CodeIgniter\Boot::runCodeIgniter(Object(CodeIgniter\CodeIgniter))
11 FCPATH\index.php(59): CodeIgniter\Boot::bootWeb(Object(Config\Paths))
WARNING - 2026-03-04 14:25:03 --> [DEPRECATED] Creation of dynamic property App\Controllers\ApplicationController::$contactsModel is deprecated in APPPATH\Controllers\ApplicationController.php on line 41.
 1 SYSTEMPATH\CodeIgniter.php(903): App\Controllers\ApplicationController->__construct()
 2 SYSTEMPATH\CodeIgniter.php(498): CodeIgniter\CodeIgniter->createController()
 3 SYSTEMPATH\CodeIgniter.php(354): CodeIgniter\CodeIgniter->handleRequest(null, Object(Config\Cache), false)
 4 SYSTEMPATH\Boot.php(363): CodeIgniter\CodeIgniter->run()
 5 SYSTEMPATH\Boot.php(68): CodeIgniter\Boot::runCodeIgniter(Object(CodeIgniter\CodeIgniter))
 6 FCPATH\index.php(59): CodeIgniter\Boot::bootWeb(Object(Config\Paths))
WARNING - 2026-03-04 14:25:03 --> [DEPRECATED] Creation of dynamic property App\Controllers\ApplicationController::$environmentsModel is deprecated in APPPATH\Controllers\ApplicationController.php on line 42.
 1 SYSTEMPATH\CodeIgniter.php(903): App\Controllers\ApplicationController->__construct()
 2 SYSTEMPATH\CodeIgniter.php(498): CodeIgniter\CodeIgniter->createController()
 3 SYSTEMPATH\CodeIgniter.php(354): CodeIgniter\CodeIgniter->handleRequest(null, Object(Config\Cache), false)
 4 SYSTEMPATH\Boot.php(363): CodeIgniter\CodeIgniter->run()
 5 SYSTEMPATH\Boot.php(68): CodeIgniter\Boot::runCodeIgniter(Object(CodeIgniter\CodeIgniter))
 6 FCPATH\index.php(59): CodeIgniter\Boot::bootWeb(Object(Config\Paths))
WARNING - 2026-03-04 14:25:03 --> [DEPRECATED] Creation of dynamic property App\Controllers\ApplicationController::$infrastructureModel is deprecated in APPPATH\Controllers\ApplicationController.php on line 43.
 1 SYSTEMPATH\CodeIgniter.php(903): App\Controllers\ApplicationController->__construct()
 2 SYSTEMPATH\CodeIgniter.php(498): CodeIgniter\CodeIgniter->createController()
 3 SYSTEMPATH\CodeIgniter.php(354): CodeIgniter\CodeIgniter->handleRequest(null, Object(Config\Cache), false)
 4 SYSTEMPATH\Boot.php(363): CodeIgniter\CodeIgniter->run()
 5 SYSTEMPATH\Boot.php(68): CodeIgniter\Boot::runCodeIgniter(Object(CodeIgniter\CodeIgniter))
 6 FCPATH\index.php(59): CodeIgniter\Boot::bootWeb(Object(Config\Paths))
WARNING - 2026-03-04 14:25:03 --> [DEPRECATED] Creation of dynamic property App\Controllers\ApplicationController::$complianceModel is deprecated in APPPATH\Controllers\ApplicationController.php on line 44.
 1 SYSTEMPATH\CodeIgniter.php(903): App\Controllers\ApplicationController->__construct()
 2 SYSTEMPATH\CodeIgniter.php(498): CodeIgniter\CodeIgniter->createController()
 3 SYSTEMPATH\CodeIgniter.php(354): CodeIgniter\CodeIgniter->handleRequest(null, Object(Config\Cache), false)
 4 SYSTEMPATH\Boot.php(363): CodeIgniter\CodeIgniter->run()
 5 SYSTEMPATH\Boot.php(68): CodeIgniter\Boot::runCodeIgniter(Object(CodeIgniter\CodeIgniter))
 6 FCPATH\index.php(59): CodeIgniter\Boot::bootWeb(Object(Config\Paths))
WARNING - 2026-03-04 14:25:03 --> [DEPRECATED] Creation of dynamic property App\Controllers\ApplicationController::$dependenciesModel is deprecated in APPPATH\Controllers\ApplicationController.php on line 45.
 1 SYSTEMPATH\CodeIgniter.php(903): App\Controllers\ApplicationController->__construct()
 2 SYSTEMPATH\CodeIgniter.php(498): CodeIgniter\CodeIgniter->createController()
 3 SYSTEMPATH\CodeIgniter.php(354): CodeIgniter\CodeIgniter->handleRequest(null, Object(Config\Cache), false)
 4 SYSTEMPATH\Boot.php(363): CodeIgniter\CodeIgniter->run()
 5 SYSTEMPATH\Boot.php(68): CodeIgniter\Boot::runCodeIgniter(Object(CodeIgniter\CodeIgniter))
 6 FCPATH\index.php(59): CodeIgniter\Boot::bootWeb(Object(Config\Paths))
WARNING - 2026-03-04 14:25:03 --> [DEPRECATED] Creation of dynamic property App\Controllers\ApplicationController::$vendorsModel is deprecated in APPPATH\Controllers\ApplicationController.php on line 46.
 1 SYSTEMPATH\CodeIgniter.php(903): App\Controllers\ApplicationController->__construct()
 2 SYSTEMPATH\CodeIgniter.php(498): CodeIgniter\CodeIgniter->createController()
 3 SYSTEMPATH\CodeIgniter.php(354): CodeIgniter\CodeIgniter->handleRequest(null, Object(Config\Cache), false)
 4 SYSTEMPATH\Boot.php(363): CodeIgniter\CodeIgniter->run()
 5 SYSTEMPATH\Boot.php(68): CodeIgniter\Boot::runCodeIgniter(Object(CodeIgniter\CodeIgniter))
 6 FCPATH\index.php(59): CodeIgniter\Boot::bootWeb(Object(Config\Paths))
WARNING - 2026-03-04 14:25:03 --> [DEPRECATED] Creation of dynamic property App\Controllers\ApplicationController::$batchModel is deprecated in APPPATH\Controllers\ApplicationController.php on line 47.
 1 SYSTEMPATH\CodeIgniter.php(903): App\Controllers\ApplicationController->__construct()
 2 SYSTEMPATH\CodeIgniter.php(498): CodeIgniter\CodeIgniter->createController()
 3 SYSTEMPATH\CodeIgniter.php(354): CodeIgniter\CodeIgniter->handleRequest(null, Object(Config\Cache), false)
 4 SYSTEMPATH\Boot.php(363): CodeIgniter\CodeIgniter->run()
 5 SYSTEMPATH\Boot.php(68): CodeIgniter\Boot::runCodeIgniter(Object(CodeIgniter\CodeIgniter))
 6 FCPATH\index.php(59): CodeIgniter\Boot::bootWeb(Object(Config\Paths))
WARNING - 2026-03-04 14:25:03 --> [DEPRECATED] Creation of dynamic property App\Controllers\ApplicationController::$licensingModel is deprecated in APPPATH\Controllers\ApplicationController.php on line 48.
 1 SYSTEMPATH\CodeIgniter.php(903): App\Controllers\ApplicationController->__construct()
 2 SYSTEMPATH\CodeIgniter.php(498): CodeIgniter\CodeIgniter->createController()
 3 SYSTEMPATH\CodeIgniter.php(354): CodeIgniter\CodeIgniter->handleRequest(null, Object(Config\Cache), false)
 4 SYSTEMPATH\Boot.php(363): CodeIgniter\CodeIgniter->run()
 5 SYSTEMPATH\Boot.php(68): CodeIgniter\Boot::runCodeIgniter(Object(CodeIgniter\CodeIgniter))
 6 FCPATH\index.php(59): CodeIgniter\Boot::bootWeb(Object(Config\Paths))
WARNING - 2026-03-04 14:25:03 --> [DEPRECATED] Creation of dynamic property App\Controllers\ApplicationController::$metricsModel is deprecated in APPPATH\Controllers\ApplicationController.php on line 49.
 1 SYSTEMPATH\CodeIgniter.php(903): App\Controllers\ApplicationController->__construct()
 2 SYSTEMPATH\CodeIgniter.php(498): CodeIgniter\CodeIgniter->createController()
 3 SYSTEMPATH\CodeIgniter.php(354): CodeIgniter\CodeIgniter->handleRequest(null, Object(Config\Cache), false)
 4 SYSTEMPATH\Boot.php(363): CodeIgniter\CodeIgniter->run()
 5 SYSTEMPATH\Boot.php(68): CodeIgniter\Boot::runCodeIgniter(Object(CodeIgniter\CodeIgniter))
 6 FCPATH\index.php(59): CodeIgniter\Boot::bootWeb(Object(Config\Paths))
WARNING - 2026-03-04 14:25:03 --> [DEPRECATED] Creation of dynamic property App\Controllers\ApplicationController::$techModel is deprecated in APPPATH\Controllers\ApplicationController.php on line 50.
 1 SYSTEMPATH\CodeIgniter.php(903): App\Controllers\ApplicationController->__construct()
 2 SYSTEMPATH\CodeIgniter.php(498): CodeIgniter\CodeIgniter->createController()
 3 SYSTEMPATH\CodeIgniter.php(354): CodeIgniter\CodeIgniter->handleRequest(null, Object(Config\Cache), false)
 4 SYSTEMPATH\Boot.php(363): CodeIgniter\CodeIgniter->run()
 5 SYSTEMPATH\Boot.php(68): CodeIgniter\Boot::runCodeIgniter(Object(CodeIgniter\CodeIgniter))
 6 FCPATH\index.php(59): CodeIgniter\Boot::bootWeb(Object(Config\Paths))
DEBUG - 2026-03-04 14:25:03 --> Session: Class initialized using 'CodeIgniter\Session\Handlers\FileHandler' driver.
CRITICAL - 2026-03-04 14:25:03 --> ErrorException: Trying to access array offset on value of type null
[Method: GET, Route: /]
in SYSTEMPATH\Debug\Toolbar.php on line 217.
 1 SYSTEMPATH\Debug\Toolbar.php(217): CodeIgniter\Debug\Exceptions->errorHandler(2, 'Trying to access array offset on value of type null', 'C:\\xampp\\htdocs\\IM\\system\\Debug\\Toolbar.php', 217)
 2 SYSTEMPATH\Debug\Toolbar.php(200): CodeIgniter\Debug\Toolbar->renderTimelineRecursive([...], 1772605503.340571, 6, 15, [], 0)
 3 SYSTEMPATH\Debug\Toolbar\Views\toolbar.tpl.php(105): CodeIgniter\Debug\Toolbar->renderTimeline([...], 1772605503.340571, 6, 15, [])
 4 SYSTEMPATH\Debug\Toolbar.php(533): include('C:\\xampp\\htdocs\\IM\\system\\Debug\\Toolbar\\Views\\toolbar.tpl.php')
 5 SYSTEMPATH\Debug\Toolbar.php(496): CodeIgniter\Debug\Toolbar->format([...], 'html')
 6 APPPATH\Config\Events.php(47): CodeIgniter\Debug\Toolbar->respond()
 7 SYSTEMPATH\Events\Events.php(152): CodeIgniter\Events\Events::Config\{closure}()
 8 SYSTEMPATH\CodeIgniter.php(339): CodeIgniter\Events\Events::trigger('pre_system')
 9 SYSTEMPATH\Boot.php(363): CodeIgniter\CodeIgniter->run()
10 SYSTEMPATH\Boot.php(68): CodeIgniter\Boot::runCodeIgniter(Object(CodeIgniter\CodeIgniter))
11 FCPATH\index.php(59): CodeIgniter\Boot::bootWeb(Object(Config\Paths))
WARNING - 2026-03-04 14:25:05 --> [DEPRECATED] Creation of dynamic property App\Controllers\ApplicationController::$contactsModel is deprecated in APPPATH\Controllers\ApplicationController.php on line 41.
 1 SYSTEMPATH\CodeIgniter.php(903): App\Controllers\ApplicationController->__construct()
 2 SYSTEMPATH\CodeIgniter.php(498): CodeIgniter\CodeIgniter->createController()
 3 SYSTEMPATH\CodeIgniter.php(354): CodeIgniter\CodeIgniter->handleRequest(null, Object(Config\Cache), false)
 4 SYSTEMPATH\Boot.php(363): CodeIgniter\CodeIgniter->run()
 5 SYSTEMPATH\Boot.php(68): CodeIgniter\Boot::runCodeIgniter(Object(CodeIgniter\CodeIgniter))
 6 FCPATH\index.php(59): CodeIgniter\Boot::bootWeb(Object(Config\Paths))
WARNING - 2026-03-04 14:25:05 --> [DEPRECATED] Creation of dynamic property App\Controllers\ApplicationController::$environmentsModel is deprecated in APPPATH\Controllers\ApplicationController.php on line 42.
 1 SYSTEMPATH\CodeIgniter.php(903): App\Controllers\ApplicationController->__construct()
 2 SYSTEMPATH\CodeIgniter.php(498): CodeIgniter\CodeIgniter->createController()
 3 SYSTEMPATH\CodeIgniter.php(354): CodeIgniter\CodeIgniter->handleRequest(null, Object(Config\Cache), false)
 4 SYSTEMPATH\Boot.php(363): CodeIgniter\CodeIgniter->run()
 5 SYSTEMPATH\Boot.php(68): CodeIgniter\Boot::runCodeIgniter(Object(CodeIgniter\CodeIgniter))
 6 FCPATH\index.php(59): CodeIgniter\Boot::bootWeb(Object(Config\Paths))
WARNING - 2026-03-04 14:25:05 --> [DEPRECATED] Creation of dynamic property App\Controllers\ApplicationController::$infrastructureModel is deprecated in APPPATH\Controllers\ApplicationController.php on line 43.
 1 SYSTEMPATH\CodeIgniter.php(903): App\Controllers\ApplicationController->__construct()
 2 SYSTEMPATH\CodeIgniter.php(498): CodeIgniter\CodeIgniter->createController()
 3 SYSTEMPATH\CodeIgniter.php(354): CodeIgniter\CodeIgniter->handleRequest(null, Object(Config\Cache), false)
 4 SYSTEMPATH\Boot.php(363): CodeIgniter\CodeIgniter->run()
 5 SYSTEMPATH\Boot.php(68): CodeIgniter\Boot::runCodeIgniter(Object(CodeIgniter\CodeIgniter))
 6 FCPATH\index.php(59): CodeIgniter\Boot::bootWeb(Object(Config\Paths))
WARNING - 2026-03-04 14:25:05 --> [DEPRECATED] Creation of dynamic property App\Controllers\ApplicationController::$complianceModel is deprecated in APPPATH\Controllers\ApplicationController.php on line 44.
 1 SYSTEMPATH\CodeIgniter.php(903): App\Controllers\ApplicationController->__construct()
 2 SYSTEMPATH\CodeIgniter.php(498): CodeIgniter\CodeIgniter->createController()
 3 SYSTEMPATH\CodeIgniter.php(354): CodeIgniter\CodeIgniter->handleRequest(null, Object(Config\Cache), false)
 4 SYSTEMPATH\Boot.php(363): CodeIgniter\CodeIgniter->run()
 5 SYSTEMPATH\Boot.php(68): CodeIgniter\Boot::runCodeIgniter(Object(CodeIgniter\CodeIgniter))
 6 FCPATH\index.php(59): CodeIgniter\Boot::bootWeb(Object(Config\Paths))
WARNING - 2026-03-04 14:25:05 --> [DEPRECATED] Creation of dynamic property App\Controllers\ApplicationController::$dependenciesModel is deprecated in APPPATH\Controllers\ApplicationController.php on line 45.
 1 SYSTEMPATH\CodeIgniter.php(903): App\Controllers\ApplicationController->__construct()
 2 SYSTEMPATH\CodeIgniter.php(498): CodeIgniter\CodeIgniter->createController()
 3 SYSTEMPATH\CodeIgniter.php(354): CodeIgniter\CodeIgniter->handleRequest(null, Object(Config\Cache), false)
 4 SYSTEMPATH\Boot.php(363): CodeIgniter\CodeIgniter->run()
 5 SYSTEMPATH\Boot.php(68): CodeIgniter\Boot::runCodeIgniter(Object(CodeIgniter\CodeIgniter))
 6 FCPATH\index.php(59): CodeIgniter\Boot::bootWeb(Object(Config\Paths))
WARNING - 2026-03-04 14:25:05 --> [DEPRECATED] Creation of dynamic property App\Controllers\ApplicationController::$vendorsModel is deprecated in APPPATH\Controllers\ApplicationController.php on line 46.
 1 SYSTEMPATH\CodeIgniter.php(903): App\Controllers\ApplicationController->__construct()
 2 SYSTEMPATH\CodeIgniter.php(498): CodeIgniter\CodeIgniter->createController()
 3 SYSTEMPATH\CodeIgniter.php(354): CodeIgniter\CodeIgniter->handleRequest(null, Object(Config\Cache), false)
 4 SYSTEMPATH\Boot.php(363): CodeIgniter\CodeIgniter->run()
 5 SYSTEMPATH\Boot.php(68): CodeIgniter\Boot::runCodeIgniter(Object(CodeIgniter\CodeIgniter))
 6 FCPATH\index.php(59): CodeIgniter\Boot::bootWeb(Object(Config\Paths))
WARNING - 2026-03-04 14:25:05 --> [DEPRECATED] Creation of dynamic property App\Controllers\ApplicationController::$batchModel is deprecated in APPPATH\Controllers\ApplicationController.php on line 47.
 1 SYSTEMPATH\CodeIgniter.php(903): App\Controllers\ApplicationController->__construct()
 2 SYSTEMPATH\CodeIgniter.php(498): CodeIgniter\CodeIgniter->createController()
 3 SYSTEMPATH\CodeIgniter.php(354): CodeIgniter\CodeIgniter->handleRequest(null, Object(Config\Cache), false)
 4 SYSTEMPATH\Boot.php(363): CodeIgniter\CodeIgniter->run()
 5 SYSTEMPATH\Boot.php(68): CodeIgniter\Boot::runCodeIgniter(Object(CodeIgniter\CodeIgniter))
 6 FCPATH\index.php(59): CodeIgniter\Boot::bootWeb(Object(Config\Paths))
WARNING - 2026-03-04 14:25:05 --> [DEPRECATED] Creation of dynamic property App\Controllers\ApplicationController::$licensingModel is deprecated in APPPATH\Controllers\ApplicationController.php on line 48.
 1 SYSTEMPATH\CodeIgniter.php(903): App\Controllers\ApplicationController->__construct()
 2 SYSTEMPATH\CodeIgniter.php(498): CodeIgniter\CodeIgniter->createController()
 3 SYSTEMPATH\CodeIgniter.php(354): CodeIgniter\CodeIgniter->handleRequest(null, Object(Config\Cache), false)
 4 SYSTEMPATH\Boot.php(363): CodeIgniter\CodeIgniter->run()
 5 SYSTEMPATH\Boot.php(68): CodeIgniter\Boot::runCodeIgniter(Object(CodeIgniter\CodeIgniter))
 6 FCPATH\index.php(59): CodeIgniter\Boot::bootWeb(Object(Config\Paths))
WARNING - 2026-03-04 14:25:05 --> [DEPRECATED] Creation of dynamic property App\Controllers\ApplicationController::$metricsModel is deprecated in APPPATH\Controllers\ApplicationController.php on line 49.
 1 SYSTEMPATH\CodeIgniter.php(903): App\Controllers\ApplicationController->__construct()
 2 SYSTEMPATH\CodeIgniter.php(498): CodeIgniter\CodeIgniter->createController()
 3 SYSTEMPATH\CodeIgniter.php(354): CodeIgniter\CodeIgniter->handleRequest(null, Object(Config\Cache), false)
 4 SYSTEMPATH\Boot.php(363): CodeIgniter\CodeIgniter->run()
 5 SYSTEMPATH\Boot.php(68): CodeIgniter\Boot::runCodeIgniter(Object(CodeIgniter\CodeIgniter))
 6 FCPATH\index.php(59): CodeIgniter\Boot::bootWeb(Object(Config\Paths))
WARNING - 2026-03-04 14:25:05 --> [DEPRECATED] Creation of dynamic property App\Controllers\ApplicationController::$techModel is deprecated in APPPATH\Controllers\ApplicationController.php on line 50.
 1 SYSTEMPATH\CodeIgniter.php(903): App\Controllers\ApplicationController->__construct()
 2 SYSTEMPATH\CodeIgniter.php(498): CodeIgniter\CodeIgniter->createController()
 3 SYSTEMPATH\CodeIgniter.php(354): CodeIgniter\CodeIgniter->handleRequest(null, Object(Config\Cache), false)
 4 SYSTEMPATH\Boot.php(363): CodeIgniter\CodeIgniter->run()
 5 SYSTEMPATH\Boot.php(68): CodeIgniter\Boot::runCodeIgniter(Object(CodeIgniter\CodeIgniter))
 6 FCPATH\index.php(59): CodeIgniter\Boot::bootWeb(Object(Config\Paths))
DEBUG - 2026-03-04 14:25:05 --> Session: Class initialized using 'CodeIgniter\Session\Handlers\FileHandler' driver.
CRITICAL - 2026-03-04 14:25:05 --> ErrorException: Trying to access array offset on value of type null
[Method: GET, Route: /]
in SYSTEMPATH\Debug\Toolbar.php on line 217.
 1 SYSTEMPATH\Debug\Toolbar.php(217): CodeIgniter\Debug\Exceptions->errorHandler(2, 'Trying to access array offset on value of type null', 'C:\\xampp\\htdocs\\IM\\system\\Debug\\Toolbar.php', 217)
 2 SYSTEMPATH\Debug\Toolbar.php(200): CodeIgniter\Debug\Toolbar->renderTimelineRecursive([...], 1772605505.264388, 7, 30, [], 0)
 3 SYSTEMPATH\Debug\Toolbar\Views\toolbar.tpl.php(105): CodeIgniter\Debug\Toolbar->renderTimeline([...], 1772605505.264388, 7, 30, [])
 4 SYSTEMPATH\Debug\Toolbar.php(533): include('C:\\xampp\\htdocs\\IM\\system\\Debug\\Toolbar\\Views\\toolbar.tpl.php')
 5 SYSTEMPATH\Debug\Toolbar.php(496): CodeIgniter\Debug\Toolbar->format([...], 'html')
 6 APPPATH\Config\Events.php(47): CodeIgniter\Debug\Toolbar->respond()
 7 SYSTEMPATH\Events\Events.php(152): CodeIgniter\Events\Events::Config\{closure}()
 8 SYSTEMPATH\CodeIgniter.php(339): CodeIgniter\Events\Events::trigger('pre_system')
 9 SYSTEMPATH\Boot.php(363): CodeIgniter\CodeIgniter->run()
10 SYSTEMPATH\Boot.php(68): CodeIgniter\Boot::runCodeIgniter(Object(CodeIgniter\CodeIgniter))
11 FCPATH\index.php(59): CodeIgniter\Boot::bootWeb(Object(Config\Paths))
DEBUG - 2026-03-04 14:25:07 --> Session: Class initialized using 'CodeIgniter\Session\Handlers\FileHandler' driver.
CRITICAL - 2026-03-04 14:25:08 --> ErrorException: Trying to access array offset on value of type null
[Method: GET, Route: /]
in SYSTEMPATH\Debug\Toolbar.php on line 217.
 1 SYSTEMPATH\Debug\Toolbar.php(217): CodeIgniter\Debug\Exceptions->errorHandler(2, 'Trying to access array offset on value of type null', 'C:\\xampp\\htdocs\\IM\\system\\Debug\\Toolbar.php', 217)
 2 SYSTEMPATH\Debug\Toolbar.php(200): CodeIgniter\Debug\Toolbar->renderTimelineRecursive([...], 1772605507.857495, 6, 20, [], 0)
 3 SYSTEMPATH\Debug\Toolbar\Views\toolbar.tpl.php(105): CodeIgniter\Debug\Toolbar->renderTimeline([...], 1772605507.857495, 6, 20, [])
 4 SYSTEMPATH\Debug\Toolbar.php(533): include('C:\\xampp\\htdocs\\IM\\system\\Debug\\Toolbar\\Views\\toolbar.tpl.php')
 5 SYSTEMPATH\Debug\Toolbar.php(496): CodeIgniter\Debug\Toolbar->format([...], 'html')
 6 APPPATH\Config\Events.php(47): CodeIgniter\Debug\Toolbar->respond()
 7 SYSTEMPATH\Events\Events.php(152): CodeIgniter\Events\Events::Config\{closure}()
 8 SYSTEMPATH\CodeIgniter.php(339): CodeIgniter\Events\Events::trigger('pre_system')
 9 SYSTEMPATH\Boot.php(363): CodeIgniter\CodeIgniter->run()
10 SYSTEMPATH\Boot.php(68): CodeIgniter\Boot::runCodeIgniter(Object(CodeIgniter\CodeIgniter))
11 FCPATH\index.php(59): CodeIgniter\Boot::bootWeb(Object(Config\Paths))
DEBUG - 2026-03-04 14:25:10 --> Session: Class initialized using 'CodeIgniter\Session\Handlers\FileHandler' driver.
CRITICAL - 2026-03-04 14:25:10 --> ErrorException: Trying to access array offset on value of type null
[Method: GET, Route: /]
in SYSTEMPATH\Debug\Toolbar.php on line 217.
 1 SYSTEMPATH\Debug\Toolbar.php(217): CodeIgniter\Debug\Exceptions->errorHandler(2, 'Trying to access array offset on value of type null', 'C:\\xampp\\htdocs\\IM\\system\\Debug\\Toolbar.php', 217)
 2 SYSTEMPATH\Debug\Toolbar.php(200): CodeIgniter\Debug\Toolbar->renderTimelineRecursive([...], 1772605510.518269, 7, 10, [], 0)
 3 SYSTEMPATH\Debug\Toolbar\Views\toolbar.tpl.php(105): CodeIgniter\Debug\Toolbar->renderTimeline([...], 1772605510.518269, 7, 10, [])
 4 SYSTEMPATH\Debug\Toolbar.php(533): include('C:\\xampp\\htdocs\\IM\\system\\Debug\\Toolbar\\Views\\toolbar.tpl.php')
 5 SYSTEMPATH\Debug\Toolbar.php(496): CodeIgniter\Debug\Toolbar->format([...], 'html')
 6 APPPATH\Config\Events.php(47): CodeIgniter\Debug\Toolbar->respond()
 7 SYSTEMPATH\Events\Events.php(152): CodeIgniter\Events\Events::Config\{closure}()
 8 SYSTEMPATH\CodeIgniter.php(339): CodeIgniter\Events\Events::trigger('pre_system')
 9 SYSTEMPATH\Boot.php(363): CodeIgniter\CodeIgniter->run()
10 SYSTEMPATH\Boot.php(68): CodeIgniter\Boot::runCodeIgniter(Object(CodeIgniter\CodeIgniter))
11 FCPATH\index.php(59): CodeIgniter\Boot::bootWeb(Object(Config\Paths))
DEBUG - 2026-03-04 14:25:12 --> Session: Class initialized using 'CodeIgniter\Session\Handlers\FileHandler' driver.
CRITICAL - 2026-03-04 14:25:12 --> ErrorException: Trying to access array offset on value of type null
[Method: GET, Route: /]
in SYSTEMPATH\Debug\Toolbar.php on line 217.
 1 SYSTEMPATH\Debug\Toolbar.php(217): CodeIgniter\Debug\Exceptions->errorHandler(2, 'Trying to access array offset on value of type null', 'C:\\xampp\\htdocs\\IM\\system\\Debug\\Toolbar.php', 217)
 2 SYSTEMPATH\Debug\Toolbar.php(200): CodeIgniter\Debug\Toolbar->renderTimelineRecursive([...], 1772605512.493933, 7, 10, [], 0)
 3 SYSTEMPATH\Debug\Toolbar\Views\toolbar.tpl.php(105): CodeIgniter\Debug\Toolbar->renderTimeline([...], 1772605512.493933, 7, 10, [])
 4 SYSTEMPATH\Debug\Toolbar.php(533): include('C:\\xampp\\htdocs\\IM\\system\\Debug\\Toolbar\\Views\\toolbar.tpl.php')
 5 SYSTEMPATH\Debug\Toolbar.php(496): CodeIgniter\Debug\Toolbar->format([...], 'html')
 6 APPPATH\Config\Events.php(47): CodeIgniter\Debug\Toolbar->respond()
 7 SYSTEMPATH\Events\Events.php(152): CodeIgniter\Events\Events::Config\{closure}()
 8 SYSTEMPATH\CodeIgniter.php(339): CodeIgniter\Events\Events::trigger('pre_system')
 9 SYSTEMPATH\Boot.php(363): CodeIgniter\CodeIgniter->run()
10 SYSTEMPATH\Boot.php(68): CodeIgniter\Boot::runCodeIgniter(Object(CodeIgniter\CodeIgniter))
11 FCPATH\index.php(59): CodeIgniter\Boot::bootWeb(Object(Config\Paths))
DEBUG - 2026-03-04 14:25:16 --> Session: Class initialized using 'CodeIgniter\Session\Handlers\FileHandler' driver.
CRITICAL - 2026-03-04 14:25:17 --> ErrorException: Trying to access array offset on value of type null
[Method: GET, Route: /]
in SYSTEMPATH\Debug\Toolbar.php on line 217.
 1 SYSTEMPATH\Debug\Toolbar.php(217): CodeIgniter\Debug\Exceptions->errorHandler(2, 'Trying to access array offset on value of type null', 'C:\\xampp\\htdocs\\IM\\system\\Debug\\Toolbar.php', 217)
 2 SYSTEMPATH\Debug\Toolbar.php(200): CodeIgniter\Debug\Toolbar->renderTimelineRecursive([...], 1772605516.501565, 7, 95, [], 0)
 3 SYSTEMPATH\Debug\Toolbar\Views\toolbar.tpl.php(105): CodeIgniter\Debug\Toolbar->renderTimeline([...], 1772605516.501565, 7, 95, [])
 4 SYSTEMPATH\Debug\Toolbar.php(533): include('C:\\xampp\\htdocs\\IM\\system\\Debug\\Toolbar\\Views\\toolbar.tpl.php')
 5 SYSTEMPATH\Debug\Toolbar.php(496): CodeIgniter\Debug\Toolbar->format([...], 'html')
 6 APPPATH\Config\Events.php(47): CodeIgniter\Debug\Toolbar->respond()
 7 SYSTEMPATH\Events\Events.php(152): CodeIgniter\Events\Events::Config\{closure}()
 8 SYSTEMPATH\CodeIgniter.php(339): CodeIgniter\Events\Events::trigger('pre_system')
 9 SYSTEMPATH\Boot.php(363): CodeIgniter\CodeIgniter->run()
10 SYSTEMPATH\Boot.php(68): CodeIgniter\Boot::runCodeIgniter(Object(CodeIgniter\CodeIgniter))
11 FCPATH\index.php(59): CodeIgniter\Boot::bootWeb(Object(Config\Paths))
DEBUG - 2026-03-04 14:29:44 --> Session: Class initialized using 'CodeIgniter\Session\Handlers\FileHandler' driver.
CRITICAL - 2026-03-04 14:29:44 --> ErrorException: Trying to access array offset on value of type null
[Method: GET, Route: /]
in SYSTEMPATH\Debug\Toolbar.php on line 217.
 1 SYSTEMPATH\Debug\Toolbar.php(217): CodeIgniter\Debug\Exceptions->errorHandler(2, 'Trying to access array offset on value of type null', 'C:\\xampp\\htdocs\\IM\\system\\Debug\\Toolbar.php', 217)
 2 SYSTEMPATH\Debug\Toolbar.php(200): CodeIgniter\Debug\Toolbar->renderTimelineRecursive([...], 1772605784.31288, 7, 20, [], 0)
 3 SYSTEMPATH\Debug\Toolbar\Views\toolbar.tpl.php(105): CodeIgniter\Debug\Toolbar->renderTimeline([...], 1772605784.31288, 7, 20, [])
 4 SYSTEMPATH\Debug\Toolbar.php(533): include('C:\\xampp\\htdocs\\IM\\system\\Debug\\Toolbar\\Views\\toolbar.tpl.php')
 5 SYSTEMPATH\Debug\Toolbar.php(496): CodeIgniter\Debug\Toolbar->format([...], 'html')
 6 APPPATH\Config\Events.php(47): CodeIgniter\Debug\Toolbar->respond()
 7 SYSTEMPATH\Events\Events.php(152): CodeIgniter\Events\Events::Config\{closure}()
 8 SYSTEMPATH\CodeIgniter.php(339): CodeIgniter\Events\Events::trigger('pre_system')
 9 SYSTEMPATH\Boot.php(363): CodeIgniter\CodeIgniter->run()
10 SYSTEMPATH\Boot.php(68): CodeIgniter\Boot::runCodeIgniter(Object(CodeIgniter\CodeIgniter))
11 FCPATH\index.php(59): CodeIgniter\Boot::bootWeb(Object(Config\Paths))
DEBUG - 2026-03-04 14:30:29 --> Session: Class initialized using 'CodeIgniter\Session\Handlers\FileHandler' driver.
CRITICAL - 2026-03-04 14:30:30 --> ErrorException: Trying to access array offset on value of type null
[Method: GET, Route: /]
in SYSTEMPATH\Debug\Toolbar.php on line 217.
 1 SYSTEMPATH\Debug\Toolbar.php(217): CodeIgniter\Debug\Exceptions->errorHandler(2, 'Trying to access array offset on value of type null', 'C:\\xampp\\htdocs\\IM\\system\\Debug\\Toolbar.php', 217)
 2 SYSTEMPATH\Debug\Toolbar.php(200): CodeIgniter\Debug\Toolbar->renderTimelineRecursive([...], 1772605829.676901, 6, 15, [], 0)
 3 SYSTEMPATH\Debug\Toolbar\Views\toolbar.tpl.php(105): CodeIgniter\Debug\Toolbar->renderTimeline([...], 1772605829.676901, 6, 15, [])
 4 SYSTEMPATH\Debug\Toolbar.php(533): include('C:\\xampp\\htdocs\\IM\\system\\Debug\\Toolbar\\Views\\toolbar.tpl.php')
 5 SYSTEMPATH\Debug\Toolbar.php(496): CodeIgniter\Debug\Toolbar->format([...], 'html')
 6 APPPATH\Config\Events.php(47): CodeIgniter\Debug\Toolbar->respond()
 7 SYSTEMPATH\Events\Events.php(152): CodeIgniter\Events\Events::Config\{closure}()
 8 SYSTEMPATH\CodeIgniter.php(339): CodeIgniter\Events\Events::trigger('pre_system')
 9 SYSTEMPATH\Boot.php(363): CodeIgniter\CodeIgniter->run()
10 SYSTEMPATH\Boot.php(68): CodeIgniter\Boot::runCodeIgniter(Object(CodeIgniter\CodeIgniter))
11 FCPATH\index.php(59): CodeIgniter\Boot::bootWeb(Object(Config\Paths))
DEBUG - 2026-03-04 14:30:30 --> Session: Class initialized using 'CodeIgniter\Session\Handlers\FileHandler' driver.
CRITICAL - 2026-03-04 14:30:31 --> ErrorException: Trying to access array offset on value of type null
[Method: GET, Route: /]
in SYSTEMPATH\Debug\Toolbar.php on line 217.
 1 SYSTEMPATH\Debug\Toolbar.php(217): CodeIgniter\Debug\Exceptions->errorHandler(2, 'Trying to access array offset on value of type null', 'C:\\xampp\\htdocs\\IM\\system\\Debug\\Toolbar.php', 217)
 2 SYSTEMPATH\Debug\Toolbar.php(200): CodeIgniter\Debug\Toolbar->renderTimelineRecursive([...], 1772605830.868005, 6, 15, [], 0)
 3 SYSTEMPATH\Debug\Toolbar\Views\toolbar.tpl.php(105): CodeIgniter\Debug\Toolbar->renderTimeline([...], 1772605830.868005, 6, 15, [])
 4 SYSTEMPATH\Debug\Toolbar.php(533): include('C:\\xampp\\htdocs\\IM\\system\\Debug\\Toolbar\\Views\\toolbar.tpl.php')
 5 SYSTEMPATH\Debug\Toolbar.php(496): CodeIgniter\Debug\Toolbar->format([...], 'html')
 6 APPPATH\Config\Events.php(47): CodeIgniter\Debug\Toolbar->respond()
 7 SYSTEMPATH\Events\Events.php(152): CodeIgniter\Events\Events::Config\{closure}()
 8 SYSTEMPATH\CodeIgniter.php(339): CodeIgniter\Events\Events::trigger('pre_system')
 9 SYSTEMPATH\Boot.php(363): CodeIgniter\CodeIgniter->run()
10 SYSTEMPATH\Boot.php(68): CodeIgniter\Boot::runCodeIgniter(Object(CodeIgniter\CodeIgniter))
11 FCPATH\index.php(59): CodeIgniter\Boot::bootWeb(Object(Config\Paths))
DEBUG - 2026-03-04 14:30:32 --> Session: Class initialized using 'CodeIgniter\Session\Handlers\FileHandler' driver.
CRITICAL - 2026-03-04 14:30:32 --> ErrorException: Trying to access array offset on value of type null
[Method: GET, Route: /]
in SYSTEMPATH\Debug\Toolbar.php on line 217.
 1 SYSTEMPATH\Debug\Toolbar.php(217): CodeIgniter\Debug\Exceptions->errorHandler(2, 'Trying to access array offset on value of type null', 'C:\\xampp\\htdocs\\IM\\system\\Debug\\Toolbar.php', 217)
 2 SYSTEMPATH\Debug\Toolbar.php(200): CodeIgniter\Debug\Toolbar->renderTimelineRecursive([...], 1772605832.439207, 6, 15, [], 0)
 3 SYSTEMPATH\Debug\Toolbar\Views\toolbar.tpl.php(105): CodeIgniter\Debug\Toolbar->renderTimeline([...], 1772605832.439207, 6, 15, [])
 4 SYSTEMPATH\Debug\Toolbar.php(533): include('C:\\xampp\\htdocs\\IM\\system\\Debug\\Toolbar\\Views\\toolbar.tpl.php')
 5 SYSTEMPATH\Debug\Toolbar.php(496): CodeIgniter\Debug\Toolbar->format([...], 'html')
 6 APPPATH\Config\Events.php(47): CodeIgniter\Debug\Toolbar->respond()
 7 SYSTEMPATH\Events\Events.php(152): CodeIgniter\Events\Events::Config\{closure}()
 8 SYSTEMPATH\CodeIgniter.php(339): CodeIgniter\Events\Events::trigger('pre_system')
 9 SYSTEMPATH\Boot.php(363): CodeIgniter\CodeIgniter->run()
10 SYSTEMPATH\Boot.php(68): CodeIgniter\Boot::runCodeIgniter(Object(CodeIgniter\CodeIgniter))
11 FCPATH\index.php(59): CodeIgniter\Boot::bootWeb(Object(Config\Paths))
DEBUG - 2026-03-04 14:31:41 --> Session: Class initialized using 'CodeIgniter\Session\Handlers\FileHandler' driver.
CRITICAL - 2026-03-04 14:31:41 --> ErrorException: Trying to access array offset on value of type null
[Method: GET, Route: /]
in SYSTEMPATH\Debug\Toolbar.php on line 217.
 1 SYSTEMPATH\Debug\Toolbar.php(217): CodeIgniter\Debug\Exceptions->errorHandler(2, 'Trying to access array offset on value of type null', 'C:\\xampp\\htdocs\\IM\\system\\Debug\\Toolbar.php', 217)
 2 SYSTEMPATH\Debug\Toolbar.php(200): CodeIgniter\Debug\Toolbar->renderTimelineRecursive([...], 1772605901.456977, 6, 15, [], 0)
 3 SYSTEMPATH\Debug\Toolbar\Views\toolbar.tpl.php(105): CodeIgniter\Debug\Toolbar->renderTimeline([...], 1772605901.456977, 6, 15, [])
 4 SYSTEMPATH\Debug\Toolbar.php(533): include('C:\\xampp\\htdocs\\IM\\system\\Debug\\Toolbar\\Views\\toolbar.tpl.php')
 5 SYSTEMPATH\Debug\Toolbar.php(496): CodeIgniter\Debug\Toolbar->format([...], 'html')
 6 APPPATH\Config\Events.php(47): CodeIgniter\Debug\Toolbar->respond()
 7 SYSTEMPATH\Events\Events.php(152): CodeIgniter\Events\Events::Config\{closure}()
 8 SYSTEMPATH\CodeIgniter.php(339): CodeIgniter\Events\Events::trigger('pre_system')
 9 SYSTEMPATH\Boot.php(363): CodeIgniter\CodeIgniter->run()
10 SYSTEMPATH\Boot.php(68): CodeIgniter\Boot::runCodeIgniter(Object(CodeIgniter\CodeIgniter))
11 FCPATH\index.php(59): CodeIgniter\Boot::bootWeb(Object(Config\Paths))
DEBUG - 2026-03-04 14:31:42 --> Session: Class initialized using 'CodeIgniter\Session\Handlers\FileHandler' driver.
CRITICAL - 2026-03-04 14:31:43 --> ErrorException: Trying to access array offset on value of type null
[Method: GET, Route: /]
in SYSTEMPATH\Debug\Toolbar.php on line 217.
 1 SYSTEMPATH\Debug\Toolbar.php(217): CodeIgniter\Debug\Exceptions->errorHandler(2, 'Trying to access array offset on value of type null', 'C:\\xampp\\htdocs\\IM\\system\\Debug\\Toolbar.php', 217)
 2 SYSTEMPATH\Debug\Toolbar.php(200): CodeIgniter\Debug\Toolbar->renderTimelineRecursive([...], 1772605902.671776, 7, 15, [], 0)
 3 SYSTEMPATH\Debug\Toolbar\Views\toolbar.tpl.php(105): CodeIgniter\Debug\Toolbar->renderTimeline([...], 1772605902.671776, 7, 15, [])
 4 SYSTEMPATH\Debug\Toolbar.php(533): include('C:\\xampp\\htdocs\\IM\\system\\Debug\\Toolbar\\Views\\toolbar.tpl.php')
 5 SYSTEMPATH\Debug\Toolbar.php(496): CodeIgniter\Debug\Toolbar->format([...], 'html')
 6 APPPATH\Config\Events.php(47): CodeIgniter\Debug\Toolbar->respond()
 7 SYSTEMPATH\Events\Events.php(152): CodeIgniter\Events\Events::Config\{closure}()
 8 SYSTEMPATH\CodeIgniter.php(339): CodeIgniter\Events\Events::trigger('pre_system')
 9 SYSTEMPATH\Boot.php(363): CodeIgniter\CodeIgniter->run()
10 SYSTEMPATH\Boot.php(68): CodeIgniter\Boot::runCodeIgniter(Object(CodeIgniter\CodeIgniter))
11 FCPATH\index.php(59): CodeIgniter\Boot::bootWeb(Object(Config\Paths))
CRITICAL - 2026-03-04 14:31:47 --> ParseError: syntax error, unexpected token "\"
[Method: GET, Route: dcf/form/c4a8d44d6445e3502a87dbf1b044a1e886028fd5012144822e92c3345d49bf7b]
in APPPATH\Controllers\DcfPublicController.php on line 342.
 1 SYSTEMPATH\Autoloader\Autoloader.php(295): CodeIgniter\Autoloader\Autoloader->includeFile('C:\\xampp\\htdocs\\IM\\app\\Controllers\\DcfPublicController.php')
 2 SYSTEMPATH\Autoloader\Autoloader.php(271): CodeIgniter\Autoloader\Autoloader->loadInNamespace('App\\Controllers\\DcfPublicController')
 3 [internal function]: CodeIgniter\Autoloader\Autoloader->loadClass('App\\Controllers\\DcfPublicController')
 4 SYSTEMPATH\CodeIgniter.php(885): class_exists('\\App\\Controllers\\DcfPublicController', true)
 5 SYSTEMPATH\CodeIgniter.php(494): CodeIgniter\CodeIgniter->startController()
 6 SYSTEMPATH\CodeIgniter.php(354): CodeIgniter\CodeIgniter->handleRequest(null, Object(Config\Cache), false)
 7 SYSTEMPATH\Boot.php(363): CodeIgniter\CodeIgniter->run()
 8 SYSTEMPATH\Boot.php(68): CodeIgniter\Boot::runCodeIgniter(Object(CodeIgniter\CodeIgniter))
 9 FCPATH\index.php(59): CodeIgniter\Boot::bootWeb(Object(Config\Paths))
DEBUG - 2026-03-04 14:31:55 --> Session: Class initialized using 'CodeIgniter\Session\Handlers\FileHandler' driver.
CRITICAL - 2026-03-04 14:31:55 --> ErrorException: Trying to access array offset on value of type null
[Method: GET, Route: /]
in SYSTEMPATH\Debug\Toolbar.php on line 217.
 1 SYSTEMPATH\Debug\Toolbar.php(217): CodeIgniter\Debug\Exceptions->errorHandler(2, 'Trying to access array offset on value of type null', 'C:\\xampp\\htdocs\\IM\\system\\Debug\\Toolbar.php', 217)
 2 SYSTEMPATH\Debug\Toolbar.php(200): CodeIgniter\Debug\Toolbar->renderTimelineRecursive([...], 1772605915.343456, 5, 15, [], 0)
 3 SYSTEMPATH\Debug\Toolbar\Views\toolbar.tpl.php(105): CodeIgniter\Debug\Toolbar->renderTimeline([...], 1772605915.343456, 5, 15, [])
 4 SYSTEMPATH\Debug\Toolbar.php(533): include('C:\\xampp\\htdocs\\IM\\system\\Debug\\Toolbar\\Views\\toolbar.tpl.php')
 5 SYSTEMPATH\Debug\Toolbar.php(496): CodeIgniter\Debug\Toolbar->format([...], 'html')
 6 APPPATH\Config\Events.php(47): CodeIgniter\Debug\Toolbar->respond()
 7 SYSTEMPATH\Events\Events.php(152): CodeIgniter\Events\Events::Config\{closure}()
 8 SYSTEMPATH\CodeIgniter.php(339): CodeIgniter\Events\Events::trigger('pre_system')
 9 SYSTEMPATH\Boot.php(363): CodeIgniter\CodeIgniter->run()
10 SYSTEMPATH\Boot.php(68): CodeIgniter\Boot::runCodeIgniter(Object(CodeIgniter\CodeIgniter))
11 FCPATH\index.php(59): CodeIgniter\Boot::bootWeb(Object(Config\Paths))
DEBUG - 2026-03-04 14:31:58 --> Session: Class initialized using 'CodeIgniter\Session\Handlers\FileHandler' driver.
CRITICAL - 2026-03-04 14:31:58 --> ErrorException: Trying to access array offset on value of type null
[Method: GET, Route: /]
in SYSTEMPATH\Debug\Toolbar.php on line 217.
 1 SYSTEMPATH\Debug\Toolbar.php(217): CodeIgniter\Debug\Exceptions->errorHandler(2, 'Trying to access array offset on value of type null', 'C:\\xampp\\htdocs\\IM\\system\\Debug\\Toolbar.php', 217)
 2 SYSTEMPATH\Debug\Toolbar.php(200): CodeIgniter\Debug\Toolbar->renderTimelineRecursive([...], 1772605918.299681, 7, 20, [], 0)
 3 SYSTEMPATH\Debug\Toolbar\Views\toolbar.tpl.php(105): CodeIgniter\Debug\Toolbar->renderTimeline([...], 1772605918.299681, 7, 20, [])
 4 SYSTEMPATH\Debug\Toolbar.php(533): include('C:\\xampp\\htdocs\\IM\\system\\Debug\\Toolbar\\Views\\toolbar.tpl.php')
 5 SYSTEMPATH\Debug\Toolbar.php(496): CodeIgniter\Debug\Toolbar->format([...], 'html')
 6 APPPATH\Config\Events.php(47): CodeIgniter\Debug\Toolbar->respond()
 7 SYSTEMPATH\Events\Events.php(152): CodeIgniter\Events\Events::Config\{closure}()
 8 SYSTEMPATH\CodeIgniter.php(339): CodeIgniter\Events\Events::trigger('pre_system')
 9 SYSTEMPATH\Boot.php(363): CodeIgniter\CodeIgniter->run()
10 SYSTEMPATH\Boot.php(68): CodeIgniter\Boot::runCodeIgniter(Object(CodeIgniter\CodeIgniter))
11 FCPATH\index.php(59): CodeIgniter\Boot::bootWeb(Object(Config\Paths))
CRITICAL - 2026-03-04 14:32:00 --> ParseError: syntax error, unexpected token "\"
[Method: GET, Route: dcf/form/9b1a3b36e57e12f2a7a5c29d741b13ce0e5522f2f5912a3d7ff27a0a11d7b950]
in APPPATH\Controllers\DcfPublicController.php on line 342.
 1 SYSTEMPATH\Autoloader\Autoloader.php(295): CodeIgniter\Autoloader\Autoloader->includeFile('C:\\xampp\\htdocs\\IM\\app\\Controllers\\DcfPublicController.php')
 2 SYSTEMPATH\Autoloader\Autoloader.php(271): CodeIgniter\Autoloader\Autoloader->loadInNamespace('App\\Controllers\\DcfPublicController')
 3 [internal function]: CodeIgniter\Autoloader\Autoloader->loadClass('App\\Controllers\\DcfPublicController')
 4 SYSTEMPATH\CodeIgniter.php(885): class_exists('\\App\\Controllers\\DcfPublicController', true)
 5 SYSTEMPATH\CodeIgniter.php(494): CodeIgniter\CodeIgniter->startController()
 6 SYSTEMPATH\CodeIgniter.php(354): CodeIgniter\CodeIgniter->handleRequest(null, Object(Config\Cache), false)
 7 SYSTEMPATH\Boot.php(363): CodeIgniter\CodeIgniter->run()
 8 SYSTEMPATH\Boot.php(68): CodeIgniter\Boot::runCodeIgniter(Object(CodeIgniter\CodeIgniter))
 9 FCPATH\index.php(59): CodeIgniter\Boot::bootWeb(Object(Config\Paths))
DEBUG - 2026-03-04 14:32:20 --> Session: Class initialized using 'CodeIgniter\Session\Handlers\FileHandler' driver.
CRITICAL - 2026-03-04 14:32:22 --> ErrorException: Trying to access array offset on value of type null
[Method: GET, Route: /]
in SYSTEMPATH\Debug\Toolbar.php on line 217.
 1 SYSTEMPATH\Debug\Toolbar.php(217): CodeIgniter\Debug\Exceptions->errorHandler(2, 'Trying to access array offset on value of type null', 'C:\\xampp\\htdocs\\IM\\system\\Debug\\Toolbar.php', 217)
 2 SYSTEMPATH\Debug\Toolbar.php(200): CodeIgniter\Debug\Toolbar->renderTimelineRecursive([...], 1772605939.509622, 7, 235, [], 0)
 3 SYSTEMPATH\Debug\Toolbar\Views\toolbar.tpl.php(105): CodeIgniter\Debug\Toolbar->renderTimeline([...], 1772605939.509622, 7, 235, [])
 4 SYSTEMPATH\Debug\Toolbar.php(533): include('C:\\xampp\\htdocs\\IM\\system\\Debug\\Toolbar\\Views\\toolbar.tpl.php')
 5 SYSTEMPATH\Debug\Toolbar.php(496): CodeIgniter\Debug\Toolbar->format([...], 'html')
 6 APPPATH\Config\Events.php(47): CodeIgniter\Debug\Toolbar->respond()
 7 SYSTEMPATH\Events\Events.php(152): CodeIgniter\Events\Events::Config\{closure}()
 8 SYSTEMPATH\CodeIgniter.php(339): CodeIgniter\Events\Events::trigger('pre_system')
 9 SYSTEMPATH\Boot.php(363): CodeIgniter\CodeIgniter->run()
10 SYSTEMPATH\Boot.php(68): CodeIgniter\Boot::runCodeIgniter(Object(CodeIgniter\CodeIgniter))
11 FCPATH\index.php(59): CodeIgniter\Boot::bootWeb(Object(Config\Paths))
DEBUG - 2026-03-04 14:33:16 --> Session: Class initialized using 'CodeIgniter\Session\Handlers\FileHandler' driver.
CRITICAL - 2026-03-04 14:33:16 --> ErrorException: Trying to access array offset on value of type null
[Method: GET, Route: /]
in SYSTEMPATH\Debug\Toolbar.php on line 217.
 1 SYSTEMPATH\Debug\Toolbar.php(217): CodeIgniter\Debug\Exceptions->errorHandler(2, 'Trying to access array offset on value of type null', 'C:\\xampp\\htdocs\\IM\\system\\Debug\\Toolbar.php', 217)
 2 SYSTEMPATH\Debug\Toolbar.php(200): CodeIgniter\Debug\Toolbar->renderTimelineRecursive([...], 1772605995.557973, 7, 100, [], 0)
 3 SYSTEMPATH\Debug\Toolbar\Views\toolbar.tpl.php(105): CodeIgniter\Debug\Toolbar->renderTimeline([...], 1772605995.557973, 7, 100, [])
 4 SYSTEMPATH\Debug\Toolbar.php(533): include('C:\\xampp\\htdocs\\IM\\system\\Debug\\Toolbar\\Views\\toolbar.tpl.php')
 5 SYSTEMPATH\Debug\Toolbar.php(496): CodeIgniter\Debug\Toolbar->format([...], 'html')
 6 APPPATH\Config\Events.php(47): CodeIgniter\Debug\Toolbar->respond()
 7 SYSTEMPATH\Events\Events.php(152): CodeIgniter\Events\Events::Config\{closure}()
 8 SYSTEMPATH\CodeIgniter.php(339): CodeIgniter\Events\Events::trigger('pre_system')
 9 SYSTEMPATH\Boot.php(363): CodeIgniter\CodeIgniter->run()
10 SYSTEMPATH\Boot.php(68): CodeIgniter\Boot::runCodeIgniter(Object(CodeIgniter\CodeIgniter))
11 FCPATH\index.php(59): CodeIgniter\Boot::bootWeb(Object(Config\Paths))
DEBUG - 2026-03-04 14:33:17 --> Session: Class initialized using 'CodeIgniter\Session\Handlers\FileHandler' driver.
CRITICAL - 2026-03-04 14:33:17 --> ErrorException: Trying to access array offset on value of type null
[Method: GET, Route: /]
in SYSTEMPATH\Debug\Toolbar.php on line 217.
 1 SYSTEMPATH\Debug\Toolbar.php(217): CodeIgniter\Debug\Exceptions->errorHandler(2, 'Trying to access array offset on value of type null', 'C:\\xampp\\htdocs\\IM\\system\\Debug\\Toolbar.php', 217)
 2 SYSTEMPATH\Debug\Toolbar.php(200): CodeIgniter\Debug\Toolbar->renderTimelineRecursive([...], 1772605997.091927, 7, 40, [], 0)
 3 SYSTEMPATH\Debug\Toolbar\Views\toolbar.tpl.php(105): CodeIgniter\Debug\Toolbar->renderTimeline([...], 1772605997.091927, 7, 40, [])
 4 SYSTEMPATH\Debug\Toolbar.php(533): include('C:\\xampp\\htdocs\\IM\\system\\Debug\\Toolbar\\Views\\toolbar.tpl.php')
 5 SYSTEMPATH\Debug\Toolbar.php(496): CodeIgniter\Debug\Toolbar->format([...], 'html')
 6 APPPATH\Config\Events.php(47): CodeIgniter\Debug\Toolbar->respond()
 7 SYSTEMPATH\Events\Events.php(152): CodeIgniter\Events\Events::Config\{closure}()
 8 SYSTEMPATH\CodeIgniter.php(339): CodeIgniter\Events\Events::trigger('pre_system')
 9 SYSTEMPATH\Boot.php(363): CodeIgniter\CodeIgniter->run()
10 SYSTEMPATH\Boot.php(68): CodeIgniter\Boot::runCodeIgniter(Object(CodeIgniter\CodeIgniter))
11 FCPATH\index.php(59): CodeIgniter\Boot::bootWeb(Object(Config\Paths))
DEBUG - 2026-03-04 14:33:23 --> Session: Class initialized using 'CodeIgniter\Session\Handlers\FileHandler' driver.
CRITICAL - 2026-03-04 14:33:23 --> ErrorException: Trying to access array offset on value of type null
[Method: GET, Route: /]
in SYSTEMPATH\Debug\Toolbar.php on line 217.
 1 SYSTEMPATH\Debug\Toolbar.php(217): CodeIgniter\Debug\Exceptions->errorHandler(2, 'Trying to access array offset on value of type null', 'C:\\xampp\\htdocs\\IM\\system\\Debug\\Toolbar.php', 217)
 2 SYSTEMPATH\Debug\Toolbar.php(200): CodeIgniter\Debug\Toolbar->renderTimelineRecursive([...], 1772606003.468693, 6, 15, [], 0)
 3 SYSTEMPATH\Debug\Toolbar\Views\toolbar.tpl.php(105): CodeIgniter\Debug\Toolbar->renderTimeline([...], 1772606003.468693, 6, 15, [])
 4 SYSTEMPATH\Debug\Toolbar.php(533): include('C:\\xampp\\htdocs\\IM\\system\\Debug\\Toolbar\\Views\\toolbar.tpl.php')
 5 SYSTEMPATH\Debug\Toolbar.php(496): CodeIgniter\Debug\Toolbar->format([...], 'html')
 6 APPPATH\Config\Events.php(47): CodeIgniter\Debug\Toolbar->respond()
 7 SYSTEMPATH\Events\Events.php(152): CodeIgniter\Events\Events::Config\{closure}()
 8 SYSTEMPATH\CodeIgniter.php(339): CodeIgniter\Events\Events::trigger('pre_system')
 9 SYSTEMPATH\Boot.php(363): CodeIgniter\CodeIgniter->run()
10 SYSTEMPATH\Boot.php(68): CodeIgniter\Boot::runCodeIgniter(Object(CodeIgniter\CodeIgniter))
11 FCPATH\index.php(59): CodeIgniter\Boot::bootWeb(Object(Config\Paths))
DEBUG - 2026-03-04 14:33:37 --> Session: Class initialized using 'CodeIgniter\Session\Handlers\FileHandler' driver.
CRITICAL - 2026-03-04 14:33:37 --> ErrorException: Trying to access array offset on value of type null
[Method: GET, Route: /]
in SYSTEMPATH\Debug\Toolbar.php on line 217.
 1 SYSTEMPATH\Debug\Toolbar.php(217): CodeIgniter\Debug\Exceptions->errorHandler(2, 'Trying to access array offset on value of type null', 'C:\\xampp\\htdocs\\IM\\system\\Debug\\Toolbar.php', 217)
 2 SYSTEMPATH\Debug\Toolbar.php(200): CodeIgniter\Debug\Toolbar->renderTimelineRecursive([...], 1772606017.381067, 7, 30, [], 0)
 3 SYSTEMPATH\Debug\Toolbar\Views\toolbar.tpl.php(105): CodeIgniter\Debug\Toolbar->renderTimeline([...], 1772606017.381067, 7, 30, [])
 4 SYSTEMPATH\Debug\Toolbar.php(533): include('C:\\xampp\\htdocs\\IM\\system\\Debug\\Toolbar\\Views\\toolbar.tpl.php')
 5 SYSTEMPATH\Debug\Toolbar.php(496): CodeIgniter\Debug\Toolbar->format([...], 'html')
 6 APPPATH\Config\Events.php(47): CodeIgniter\Debug\Toolbar->respond()
 7 SYSTEMPATH\Events\Events.php(152): CodeIgniter\Events\Events::Config\{closure}()
 8 SYSTEMPATH\CodeIgniter.php(339): CodeIgniter\Events\Events::trigger('pre_system')
 9 SYSTEMPATH\Boot.php(363): CodeIgniter\CodeIgniter->run()
10 SYSTEMPATH\Boot.php(68): CodeIgniter\Boot::runCodeIgniter(Object(CodeIgniter\CodeIgniter))
11 FCPATH\index.php(59): CodeIgniter\Boot::bootWeb(Object(Config\Paths))
CRITICAL - 2026-03-04 14:33:43 --> ParseError: syntax error, unexpected token "\"
[Method: GET, Route: dcf/form/9b1a3b36e57e12f2a7a5c29d741b13ce0e5522f2f5912a3d7ff27a0a11d7b950]
in APPPATH\Controllers\DcfPublicController.php on line 342.
 1 SYSTEMPATH\Autoloader\Autoloader.php(295): CodeIgniter\Autoloader\Autoloader->includeFile('C:\\xampp\\htdocs\\IM\\app\\Controllers\\DcfPublicController.php')
 2 SYSTEMPATH\Autoloader\Autoloader.php(271): CodeIgniter\Autoloader\Autoloader->loadInNamespace('App\\Controllers\\DcfPublicController')
 3 [internal function]: CodeIgniter\Autoloader\Autoloader->loadClass('App\\Controllers\\DcfPublicController')
 4 SYSTEMPATH\CodeIgniter.php(885): class_exists('\\App\\Controllers\\DcfPublicController', true)
 5 SYSTEMPATH\CodeIgniter.php(494): CodeIgniter\CodeIgniter->startController()
 6 SYSTEMPATH\CodeIgniter.php(354): CodeIgniter\CodeIgniter->handleRequest(null, Object(Config\Cache), false)
 7 SYSTEMPATH\Boot.php(363): CodeIgniter\CodeIgniter->run()
 8 SYSTEMPATH\Boot.php(68): CodeIgniter\Boot::runCodeIgniter(Object(CodeIgniter\CodeIgniter))
 9 FCPATH\index.php(59): CodeIgniter\Boot::bootWeb(Object(Config\Paths))
DEBUG - 2026-03-04 14:34:55 --> Session: Class initialized using 'CodeIgniter\Session\Handlers\FileHandler' driver.
CRITICAL - 2026-03-04 14:34:56 --> ErrorException: Trying to access array offset on value of type null
[Method: GET, Route: /]
in SYSTEMPATH\Debug\Toolbar.php on line 217.
 1 SYSTEMPATH\Debug\Toolbar.php(217): CodeIgniter\Debug\Exceptions->errorHandler(2, 'Trying to access array offset on value of type null', 'C:\\xampp\\htdocs\\IM\\system\\Debug\\Toolbar.php', 217)
 2 SYSTEMPATH\Debug\Toolbar.php(200): CodeIgniter\Debug\Toolbar->renderTimelineRecursive([...], 1772606095.212503, 7, 35, [], 0)
 3 SYSTEMPATH\Debug\Toolbar\Views\toolbar.tpl.php(105): CodeIgniter\Debug\Toolbar->renderTimeline([...], 1772606095.212503, 7, 35, [])
 4 SYSTEMPATH\Debug\Toolbar.php(533): include('C:\\xampp\\htdocs\\IM\\system\\Debug\\Toolbar\\Views\\toolbar.tpl.php')
 5 SYSTEMPATH\Debug\Toolbar.php(496): CodeIgniter\Debug\Toolbar->format([...], 'html')
 6 APPPATH\Config\Events.php(47): CodeIgniter\Debug\Toolbar->respond()
 7 SYSTEMPATH\Events\Events.php(152): CodeIgniter\Events\Events::Config\{closure}()
 8 SYSTEMPATH\CodeIgniter.php(339): CodeIgniter\Events\Events::trigger('pre_system')
 9 SYSTEMPATH\Boot.php(363): CodeIgniter\CodeIgniter->run()
10 SYSTEMPATH\Boot.php(68): CodeIgniter\Boot::runCodeIgniter(Object(CodeIgniter\CodeIgniter))
11 FCPATH\index.php(59): CodeIgniter\Boot::bootWeb(Object(Config\Paths))
DEBUG - 2026-03-04 14:36:00 --> Session: Class initialized using 'CodeIgniter\Session\Handlers\FileHandler' driver.
CRITICAL - 2026-03-04 14:36:01 --> ErrorException: Trying to access array offset on value of type null
[Method: GET, Route: /]
in SYSTEMPATH\Debug\Toolbar.php on line 217.
 1 SYSTEMPATH\Debug\Toolbar.php(217): CodeIgniter\Debug\Exceptions->errorHandler(2, 'Trying to access array offset on value of type null', 'C:\\xampp\\htdocs\\IM\\system\\Debug\\Toolbar.php', 217)
 2 SYSTEMPATH\Debug\Toolbar.php(200): CodeIgniter\Debug\Toolbar->renderTimelineRecursive([...], 1772606160.2933, 7, 70, [], 0)
 3 SYSTEMPATH\Debug\Toolbar\Views\toolbar.tpl.php(105): CodeIgniter\Debug\Toolbar->renderTimeline([...], 1772606160.2933, 7, 70, [])
 4 SYSTEMPATH\Debug\Toolbar.php(533): include('C:\\xampp\\htdocs\\IM\\system\\Debug\\Toolbar\\Views\\toolbar.tpl.php')
 5 SYSTEMPATH\Debug\Toolbar.php(496): CodeIgniter\Debug\Toolbar->format([...], 'html')
 6 APPPATH\Config\Events.php(47): CodeIgniter\Debug\Toolbar->respond()
 7 SYSTEMPATH\Events\Events.php(152): CodeIgniter\Events\Events::Config\{closure}()
 8 SYSTEMPATH\CodeIgniter.php(339): CodeIgniter\Events\Events::trigger('pre_system')
 9 SYSTEMPATH\Boot.php(363): CodeIgniter\CodeIgniter->run()
10 SYSTEMPATH\Boot.php(68): CodeIgniter\Boot::runCodeIgniter(Object(CodeIgniter\CodeIgniter))
11 FCPATH\index.php(59): CodeIgniter\Boot::bootWeb(Object(Config\Paths))
DEBUG - 2026-03-04 14:36:05 --> Session: Class initialized using 'CodeIgniter\Session\Handlers\FileHandler' driver.
DEBUG - 2026-03-04 14:36:13 --> Session: Class initialized using 'CodeIgniter\Session\Handlers\FileHandler' driver.
CRITICAL - 2026-03-04 14:36:13 --> ErrorException: Trying to access array offset on value of type null
[Method: GET, Route: /]
in SYSTEMPATH\Debug\Toolbar.php on line 217.
 1 SYSTEMPATH\Debug\Toolbar.php(217): CodeIgniter\Debug\Exceptions->errorHandler(2, 'Trying to access array offset on value of type null', 'C:\\xampp\\htdocs\\IM\\system\\Debug\\Toolbar.php', 217)
 2 SYSTEMPATH\Debug\Toolbar.php(200): CodeIgniter\Debug\Toolbar->renderTimelineRecursive([...], 1772606173.106014, 6, 20, [], 0)
 3 SYSTEMPATH\Debug\Toolbar\Views\toolbar.tpl.php(105): CodeIgniter\Debug\Toolbar->renderTimeline([...], 1772606173.106014, 6, 20, [])
 4 SYSTEMPATH\Debug\Toolbar.php(533): include('C:\\xampp\\htdocs\\IM\\system\\Debug\\Toolbar\\Views\\toolbar.tpl.php')
 5 SYSTEMPATH\Debug\Toolbar.php(496): CodeIgniter\Debug\Toolbar->format([...], 'html')
 6 APPPATH\Config\Events.php(47): CodeIgniter\Debug\Toolbar->respond()
 7 SYSTEMPATH\Events\Events.php(152): CodeIgniter\Events\Events::Config\{closure}()
 8 SYSTEMPATH\CodeIgniter.php(339): CodeIgniter\Events\Events::trigger('pre_system')
 9 SYSTEMPATH\Boot.php(363): CodeIgniter\CodeIgniter->run()
10 SYSTEMPATH\Boot.php(68): CodeIgniter\Boot::runCodeIgniter(Object(CodeIgniter\CodeIgniter))
11 FCPATH\index.php(59): CodeIgniter\Boot::bootWeb(Object(Config\Paths))
DEBUG - 2026-03-04 14:36:29 --> Session: Class initialized using 'CodeIgniter\Session\Handlers\FileHandler' driver.
DEBUG - 2026-03-04 14:36:38 --> Session: Class initialized using 'CodeIgniter\Session\Handlers\FileHandler' driver.
DEBUG - 2026-03-04 14:36:48 --> Session: Class initialized using 'CodeIgniter\Session\Handlers\FileHandler' driver.
DEBUG - 2026-03-04 14:36:57 --> Session: Class initialized using 'CodeIgniter\Session\Handlers\FileHandler' driver.
CRITICAL - 2026-03-04 14:36:57 --> ErrorException: Trying to access array offset on value of type null
[Method: GET, Route: /]
in SYSTEMPATH\Debug\Toolbar.php on line 217.
 1 SYSTEMPATH\Debug\Toolbar.php(217): CodeIgniter\Debug\Exceptions->errorHandler(2, 'Trying to access array offset on value of type null', 'C:\\xampp\\htdocs\\IM\\system\\Debug\\Toolbar.php', 217)
 2 SYSTEMPATH\Debug\Toolbar.php(200): CodeIgniter\Debug\Toolbar->renderTimelineRecursive([...], 1772606217.280994, 6, 15, [], 0)
 3 SYSTEMPATH\Debug\Toolbar\Views\toolbar.tpl.php(105): CodeIgniter\Debug\Toolbar->renderTimeline([...], 1772606217.280994, 6, 15, [])
 4 SYSTEMPATH\Debug\Toolbar.php(533): include('C:\\xampp\\htdocs\\IM\\system\\Debug\\Toolbar\\Views\\toolbar.tpl.php')
 5 SYSTEMPATH\Debug\Toolbar.php(496): CodeIgniter\Debug\Toolbar->format([...], 'html')
 6 APPPATH\Config\Events.php(47): CodeIgniter\Debug\Toolbar->respond()
 7 SYSTEMPATH\Events\Events.php(152): CodeIgniter\Events\Events::Config\{closure}()
 8 SYSTEMPATH\CodeIgniter.php(339): CodeIgniter\Events\Events::trigger('pre_system')
 9 SYSTEMPATH\Boot.php(363): CodeIgniter\CodeIgniter->run()
10 SYSTEMPATH\Boot.php(68): CodeIgniter\Boot::runCodeIgniter(Object(CodeIgniter\CodeIgniter))
11 FCPATH\index.php(59): CodeIgniter\Boot::bootWeb(Object(Config\Paths))
DEBUG - 2026-03-04 14:36:59 --> Session: Class initialized using 'CodeIgniter\Session\Handlers\FileHandler' driver.
CRITICAL - 2026-03-04 14:36:59 --> ErrorException: Trying to access array offset on value of type null
[Method: GET, Route: /]
in SYSTEMPATH\Debug\Toolbar.php on line 217.
 1 SYSTEMPATH\Debug\Toolbar.php(217): CodeIgniter\Debug\Exceptions->errorHandler(2, 'Trying to access array offset on value of type null', 'C:\\xampp\\htdocs\\IM\\system\\Debug\\Toolbar.php', 217)
 2 SYSTEMPATH\Debug\Toolbar.php(200): CodeIgniter\Debug\Toolbar->renderTimelineRecursive([...], 1772606219.406038, 7, 20, [], 0)
 3 SYSTEMPATH\Debug\Toolbar\Views\toolbar.tpl.php(105): CodeIgniter\Debug\Toolbar->renderTimeline([...], 1772606219.406038, 7, 20, [])
 4 SYSTEMPATH\Debug\Toolbar.php(533): include('C:\\xampp\\htdocs\\IM\\system\\Debug\\Toolbar\\Views\\toolbar.tpl.php')
 5 SYSTEMPATH\Debug\Toolbar.php(496): CodeIgniter\Debug\Toolbar->format([...], 'html')
 6 APPPATH\Config\Events.php(47): CodeIgniter\Debug\Toolbar->respond()
 7 SYSTEMPATH\Events\Events.php(152): CodeIgniter\Events\Events::Config\{closure}()
 8 SYSTEMPATH\CodeIgniter.php(339): CodeIgniter\Events\Events::trigger('pre_system')
 9 SYSTEMPATH\Boot.php(363): CodeIgniter\CodeIgniter->run()
10 SYSTEMPATH\Boot.php(68): CodeIgniter\Boot::runCodeIgniter(Object(CodeIgniter\CodeIgniter))
11 FCPATH\index.php(59): CodeIgniter\Boot::bootWeb(Object(Config\Paths))
DEBUG - 2026-03-04 14:37:15 --> Session: Class initialized using 'CodeIgniter\Session\Handlers\FileHandler' driver.
CRITICAL - 2026-03-04 14:37:15 --> ErrorException: Trying to access array offset on value of type null
[Method: GET, Route: /]
in SYSTEMPATH\Debug\Toolbar.php on line 217.
 1 SYSTEMPATH\Debug\Toolbar.php(217): CodeIgniter\Debug\Exceptions->errorHandler(2, 'Trying to access array offset on value of type null', 'C:\\xampp\\htdocs\\IM\\system\\Debug\\Toolbar.php', 217)
 2 SYSTEMPATH\Debug\Toolbar.php(200): CodeIgniter\Debug\Toolbar->renderTimelineRecursive([...], 1772606235.399472, 7, 20, [], 0)
 3 SYSTEMPATH\Debug\Toolbar\Views\toolbar.tpl.php(105): CodeIgniter\Debug\Toolbar->renderTimeline([...], 1772606235.399472, 7, 20, [])
 4 SYSTEMPATH\Debug\Toolbar.php(533): include('C:\\xampp\\htdocs\\IM\\system\\Debug\\Toolbar\\Views\\toolbar.tpl.php')
 5 SYSTEMPATH\Debug\Toolbar.php(496): CodeIgniter\Debug\Toolbar->format([...], 'html')
 6 APPPATH\Config\Events.php(47): CodeIgniter\Debug\Toolbar->respond()
 7 SYSTEMPATH\Events\Events.php(152): CodeIgniter\Events\Events::Config\{closure}()
 8 SYSTEMPATH\CodeIgniter.php(339): CodeIgniter\Events\Events::trigger('pre_system')
 9 SYSTEMPATH\Boot.php(363): CodeIgniter\CodeIgniter->run()
10 SYSTEMPATH\Boot.php(68): CodeIgniter\Boot::runCodeIgniter(Object(CodeIgniter\CodeIgniter))
11 FCPATH\index.php(59): CodeIgniter\Boot::bootWeb(Object(Config\Paths))
DEBUG - 2026-03-04 14:37:20 --> Session: Class initialized using 'CodeIgniter\Session\Handlers\FileHandler' driver.
CRITICAL - 2026-03-04 14:37:20 --> ErrorException: Trying to access array offset on value of type null
[Method: GET, Route: /]
in SYSTEMPATH\Debug\Toolbar.php on line 217.
 1 SYSTEMPATH\Debug\Toolbar.php(217): CodeIgniter\Debug\Exceptions->errorHandler(2, 'Trying to access array offset on value of type null', 'C:\\xampp\\htdocs\\IM\\system\\Debug\\Toolbar.php', 217)
 2 SYSTEMPATH\Debug\Toolbar.php(200): CodeIgniter\Debug\Toolbar->renderTimelineRecursive([...], 1772606240.403999, 6, 20, [], 0)
 3 SYSTEMPATH\Debug\Toolbar\Views\toolbar.tpl.php(105): CodeIgniter\Debug\Toolbar->renderTimeline([...], 1772606240.403999, 6, 20, [])
 4 SYSTEMPATH\Debug\Toolbar.php(533): include('C:\\xampp\\htdocs\\IM\\system\\Debug\\Toolbar\\Views\\toolbar.tpl.php')
 5 SYSTEMPATH\Debug\Toolbar.php(496): CodeIgniter\Debug\Toolbar->format([...], 'html')
 6 APPPATH\Config\Events.php(47): CodeIgniter\Debug\Toolbar->respond()
 7 SYSTEMPATH\Events\Events.php(152): CodeIgniter\Events\Events::Config\{closure}()
 8 SYSTEMPATH\CodeIgniter.php(339): CodeIgniter\Events\Events::trigger('pre_system')
 9 SYSTEMPATH\Boot.php(363): CodeIgniter\CodeIgniter->run()
10 SYSTEMPATH\Boot.php(68): CodeIgniter\Boot::runCodeIgniter(Object(CodeIgniter\CodeIgniter))
11 FCPATH\index.php(59): CodeIgniter\Boot::bootWeb(Object(Config\Paths))
DEBUG - 2026-03-04 14:38:17 --> Session: Class initialized using 'CodeIgniter\Session\Handlers\FileHandler' driver.
CRITICAL - 2026-03-04 14:38:17 --> ErrorException: Trying to access array offset on value of type null
[Method: GET, Route: /]
in SYSTEMPATH\Debug\Toolbar.php on line 217.
 1 SYSTEMPATH\Debug\Toolbar.php(217): CodeIgniter\Debug\Exceptions->errorHandler(2, 'Trying to access array offset on value of type null', 'C:\\xampp\\htdocs\\IM\\system\\Debug\\Toolbar.php', 217)
 2 SYSTEMPATH\Debug\Toolbar.php(200): CodeIgniter\Debug\Toolbar->renderTimelineRecursive([...], 1772606296.924732, 7, 35, [], 0)
 3 SYSTEMPATH\Debug\Toolbar\Views\toolbar.tpl.php(105): CodeIgniter\Debug\Toolbar->renderTimeline([...], 1772606296.924732, 7, 35, [])
 4 SYSTEMPATH\Debug\Toolbar.php(533): include('C:\\xampp\\htdocs\\IM\\system\\Debug\\Toolbar\\Views\\toolbar.tpl.php')
 5 SYSTEMPATH\Debug\Toolbar.php(496): CodeIgniter\Debug\Toolbar->format([...], 'html')
 6 APPPATH\Config\Events.php(47): CodeIgniter\Debug\Toolbar->respond()
 7 SYSTEMPATH\Events\Events.php(152): CodeIgniter\Events\Events::Config\{closure}()
 8 SYSTEMPATH\CodeIgniter.php(339): CodeIgniter\Events\Events::trigger('pre_system')
 9 SYSTEMPATH\Boot.php(363): CodeIgniter\CodeIgniter->run()
10 SYSTEMPATH\Boot.php(68): CodeIgniter\Boot::runCodeIgniter(Object(CodeIgniter\CodeIgniter))
11 FCPATH\index.php(59): CodeIgniter\Boot::bootWeb(Object(Config\Paths))
DEBUG - 2026-03-04 14:38:36 --> Session: Class initialized using 'CodeIgniter\Session\Handlers\FileHandler' driver.
CRITICAL - 2026-03-04 14:38:36 --> ErrorException: Trying to access array offset on value of type null
[Method: GET, Route: /]
in SYSTEMPATH\Debug\Toolbar.php on line 217.
 1 SYSTEMPATH\Debug\Toolbar.php(217): CodeIgniter\Debug\Exceptions->errorHandler(2, 'Trying to access array offset on value of type null', 'C:\\xampp\\htdocs\\IM\\system\\Debug\\Toolbar.php', 217)
 2 SYSTEMPATH\Debug\Toolbar.php(200): CodeIgniter\Debug\Toolbar->renderTimelineRecursive([...], 1772606316.629898, 5, 15, [], 0)
 3 SYSTEMPATH\Debug\Toolbar\Views\toolbar.tpl.php(105): CodeIgniter\Debug\Toolbar->renderTimeline([...], 1772606316.629898, 5, 15, [])
 4 SYSTEMPATH\Debug\Toolbar.php(533): include('C:\\xampp\\htdocs\\IM\\system\\Debug\\Toolbar\\Views\\toolbar.tpl.php')
 5 SYSTEMPATH\Debug\Toolbar.php(496): CodeIgniter\Debug\Toolbar->format([...], 'html')
 6 APPPATH\Config\Events.php(47): CodeIgniter\Debug\Toolbar->respond()
 7 SYSTEMPATH\Events\Events.php(152): CodeIgniter\Events\Events::Config\{closure}()
 8 SYSTEMPATH\CodeIgniter.php(339): CodeIgniter\Events\Events::trigger('pre_system')
 9 SYSTEMPATH\Boot.php(363): CodeIgniter\CodeIgniter->run()
10 SYSTEMPATH\Boot.php(68): CodeIgniter\Boot::runCodeIgniter(Object(CodeIgniter\CodeIgniter))
11 FCPATH\index.php(59): CodeIgniter\Boot::bootWeb(Object(Config\Paths))
DEBUG - 2026-03-04 14:38:38 --> Session: Class initialized using 'CodeIgniter\Session\Handlers\FileHandler' driver.
CRITICAL - 2026-03-04 14:38:38 --> ErrorException: Trying to access array offset on value of type null
[Method: GET, Route: /]
in SYSTEMPATH\Debug\Toolbar.php on line 217.
 1 SYSTEMPATH\Debug\Toolbar.php(217): CodeIgniter\Debug\Exceptions->errorHandler(2, 'Trying to access array offset on value of type null', 'C:\\xampp\\htdocs\\IM\\system\\Debug\\Toolbar.php', 217)
 2 SYSTEMPATH\Debug\Toolbar.php(200): CodeIgniter\Debug\Toolbar->renderTimelineRecursive([...], 1772606318.137229, 5, 10, [], 0)
 3 SYSTEMPATH\Debug\Toolbar\Views\toolbar.tpl.php(105): CodeIgniter\Debug\Toolbar->renderTimeline([...], 1772606318.137229, 5, 10, [])
 4 SYSTEMPATH\Debug\Toolbar.php(533): include('C:\\xampp\\htdocs\\IM\\system\\Debug\\Toolbar\\Views\\toolbar.tpl.php')
 5 SYSTEMPATH\Debug\Toolbar.php(496): CodeIgniter\Debug\Toolbar->format([...], 'html')
 6 APPPATH\Config\Events.php(47): CodeIgniter\Debug\Toolbar->respond()
 7 SYSTEMPATH\Events\Events.php(152): CodeIgniter\Events\Events::Config\{closure}()
 8 SYSTEMPATH\CodeIgniter.php(339): CodeIgniter\Events\Events::trigger('pre_system')
 9 SYSTEMPATH\Boot.php(363): CodeIgniter\CodeIgniter->run()
10 SYSTEMPATH\Boot.php(68): CodeIgniter\Boot::runCodeIgniter(Object(CodeIgniter\CodeIgniter))
11 FCPATH\index.php(59): CodeIgniter\Boot::bootWeb(Object(Config\Paths))
DEBUG - 2026-03-04 14:38:41 --> Session: Class initialized using 'CodeIgniter\Session\Handlers\FileHandler' driver.
CRITICAL - 2026-03-04 14:38:41 --> ErrorException: Trying to access array offset on value of type null
[Method: GET, Route: /]
in SYSTEMPATH\Debug\Toolbar.php on line 217.
 1 SYSTEMPATH\Debug\Toolbar.php(217): CodeIgniter\Debug\Exceptions->errorHandler(2, 'Trying to access array offset on value of type null', 'C:\\xampp\\htdocs\\IM\\system\\Debug\\Toolbar.php', 217)
 2 SYSTEMPATH\Debug\Toolbar.php(200): CodeIgniter\Debug\Toolbar->renderTimelineRecursive([...], 1772606321.41009, 5, 15, [], 0)
 3 SYSTEMPATH\Debug\Toolbar\Views\toolbar.tpl.php(105): CodeIgniter\Debug\Toolbar->renderTimeline([...], 1772606321.41009, 5, 15, [])
 4 SYSTEMPATH\Debug\Toolbar.php(533): include('C:\\xampp\\htdocs\\IM\\system\\Debug\\Toolbar\\Views\\toolbar.tpl.php')
 5 SYSTEMPATH\Debug\Toolbar.php(496): CodeIgniter\Debug\Toolbar->format([...], 'html')
 6 APPPATH\Config\Events.php(47): CodeIgniter\Debug\Toolbar->respond()
 7 SYSTEMPATH\Events\Events.php(152): CodeIgniter\Events\Events::Config\{closure}()
 8 SYSTEMPATH\CodeIgniter.php(339): CodeIgniter\Events\Events::trigger('pre_system')
 9 SYSTEMPATH\Boot.php(363): CodeIgniter\CodeIgniter->run()
10 SYSTEMPATH\Boot.php(68): CodeIgniter\Boot::runCodeIgniter(Object(CodeIgniter\CodeIgniter))
11 FCPATH\index.php(59): CodeIgniter\Boot::bootWeb(Object(Config\Paths))
DEBUG - 2026-03-04 14:39:53 --> Session: Class initialized using 'CodeIgniter\Session\Handlers\FileHandler' driver.
CRITICAL - 2026-03-04 14:39:53 --> ErrorException: Trying to access array offset on value of type null
[Method: GET, Route: /]
in SYSTEMPATH\Debug\Toolbar.php on line 217.
 1 SYSTEMPATH\Debug\Toolbar.php(217): CodeIgniter\Debug\Exceptions->errorHandler(2, 'Trying to access array offset on value of type null', 'C:\\xampp\\htdocs\\IM\\system\\Debug\\Toolbar.php', 217)
 2 SYSTEMPATH\Debug\Toolbar.php(200): CodeIgniter\Debug\Toolbar->renderTimelineRecursive([...], 1772606393.57234, 7, 15, [], 0)
 3 SYSTEMPATH\Debug\Toolbar\Views\toolbar.tpl.php(105): CodeIgniter\Debug\Toolbar->renderTimeline([...], 1772606393.57234, 7, 15, [])
 4 SYSTEMPATH\Debug\Toolbar.php(533): include('C:\\xampp\\htdocs\\IM\\system\\Debug\\Toolbar\\Views\\toolbar.tpl.php')
 5 SYSTEMPATH\Debug\Toolbar.php(496): CodeIgniter\Debug\Toolbar->format([...], 'html')
 6 APPPATH\Config\Events.php(47): CodeIgniter\Debug\Toolbar->respond()
 7 SYSTEMPATH\Events\Events.php(152): CodeIgniter\Events\Events::Config\{closure}()
 8 SYSTEMPATH\CodeIgniter.php(339): CodeIgniter\Events\Events::trigger('pre_system')
 9 SYSTEMPATH\Boot.php(363): CodeIgniter\CodeIgniter->run()
10 SYSTEMPATH\Boot.php(68): CodeIgniter\Boot::runCodeIgniter(Object(CodeIgniter\CodeIgniter))
11 FCPATH\index.php(59): CodeIgniter\Boot::bootWeb(Object(Config\Paths))
DEBUG - 2026-03-04 14:45:37 --> Session: Class initialized using 'CodeIgniter\Session\Handlers\FileHandler' driver.
CRITICAL - 2026-03-04 14:45:37 --> ErrorException: Trying to access array offset on value of type null
[Method: GET, Route: /]
in SYSTEMPATH\Debug\Toolbar.php on line 217.
 1 SYSTEMPATH\Debug\Toolbar.php(217): CodeIgniter\Debug\Exceptions->errorHandler(2, 'Trying to access array offset on value of type null', 'C:\\xampp\\htdocs\\IM\\system\\Debug\\Toolbar.php', 217)
 2 SYSTEMPATH\Debug\Toolbar.php(200): CodeIgniter\Debug\Toolbar->renderTimelineRecursive([...], 1772606736.916972, 7, 60, [], 0)
 3 SYSTEMPATH\Debug\Toolbar\Views\toolbar.tpl.php(105): CodeIgniter\Debug\Toolbar->renderTimeline([...], 1772606736.916972, 7, 60, [])
 4 SYSTEMPATH\Debug\Toolbar.php(533): include('C:\\xampp\\htdocs\\IM\\system\\Debug\\Toolbar\\Views\\toolbar.tpl.php')
 5 SYSTEMPATH\Debug\Toolbar.php(496): CodeIgniter\Debug\Toolbar->format([...], 'html')
 6 APPPATH\Config\Events.php(47): CodeIgniter\Debug\Toolbar->respond()
 7 SYSTEMPATH\Events\Events.php(152): CodeIgniter\Events\Events::Config\{closure}()
 8 SYSTEMPATH\CodeIgniter.php(339): CodeIgniter\Events\Events::trigger('pre_system')
 9 SYSTEMPATH\Boot.php(363): CodeIgniter\CodeIgniter->run()
10 SYSTEMPATH\Boot.php(68): CodeIgniter\Boot::runCodeIgniter(Object(CodeIgniter\CodeIgniter))
11 FCPATH\index.php(59): CodeIgniter\Boot::bootWeb(Object(Config\Paths))
DEBUG - 2026-03-04 14:45:57 --> Session: Class initialized using 'CodeIgniter\Session\Handlers\FileHandler' driver.
CRITICAL - 2026-03-04 14:45:58 --> ErrorException: Trying to access array offset on value of type null
[Method: GET, Route: /]
in SYSTEMPATH\Debug\Toolbar.php on line 217.
 1 SYSTEMPATH\Debug\Toolbar.php(217): CodeIgniter\Debug\Exceptions->errorHandler(2, 'Trying to access array offset on value of type null', 'C:\\xampp\\htdocs\\IM\\system\\Debug\\Toolbar.php', 217)
 2 SYSTEMPATH\Debug\Toolbar.php(200): CodeIgniter\Debug\Toolbar->renderTimelineRecursive([...], 1772606757.902626, 6, 15, [], 0)
 3 SYSTEMPATH\Debug\Toolbar\Views\toolbar.tpl.php(105): CodeIgniter\Debug\Toolbar->renderTimeline([...], 1772606757.902626, 6, 15, [])
 4 SYSTEMPATH\Debug\Toolbar.php(533): include('C:\\xampp\\htdocs\\IM\\system\\Debug\\Toolbar\\Views\\toolbar.tpl.php')
 5 SYSTEMPATH\Debug\Toolbar.php(496): CodeIgniter\Debug\Toolbar->format([...], 'html')
 6 APPPATH\Config\Events.php(47): CodeIgniter\Debug\Toolbar->respond()
 7 SYSTEMPATH\Events\Events.php(152): CodeIgniter\Events\Events::Config\{closure}()
 8 SYSTEMPATH\CodeIgniter.php(339): CodeIgniter\Events\Events::trigger('pre_system')
 9 SYSTEMPATH\Boot.php(363): CodeIgniter\CodeIgniter->run()
10 SYSTEMPATH\Boot.php(68): CodeIgniter\Boot::runCodeIgniter(Object(CodeIgniter\CodeIgniter))
11 FCPATH\index.php(59): CodeIgniter\Boot::bootWeb(Object(Config\Paths))
DEBUG - 2026-03-04 14:46:01 --> Session: Class initialized using 'CodeIgniter\Session\Handlers\FileHandler' driver.
CRITICAL - 2026-03-04 14:46:01 --> ErrorException: Trying to access array offset on value of type null
[Method: GET, Route: /]
in SYSTEMPATH\Debug\Toolbar.php on line 217.
 1 SYSTEMPATH\Debug\Toolbar.php(217): CodeIgniter\Debug\Exceptions->errorHandler(2, 'Trying to access array offset on value of type null', 'C:\\xampp\\htdocs\\IM\\system\\Debug\\Toolbar.php', 217)
 2 SYSTEMPATH\Debug\Toolbar.php(200): CodeIgniter\Debug\Toolbar->renderTimelineRecursive([...], 1772606761.040912, 6, 20, [], 0)
 3 SYSTEMPATH\Debug\Toolbar\Views\toolbar.tpl.php(105): CodeIgniter\Debug\Toolbar->renderTimeline([...], 1772606761.040912, 6, 20, [])
 4 SYSTEMPATH\Debug\Toolbar.php(533): include('C:\\xampp\\htdocs\\IM\\system\\Debug\\Toolbar\\Views\\toolbar.tpl.php')
 5 SYSTEMPATH\Debug\Toolbar.php(496): CodeIgniter\Debug\Toolbar->format([...], 'html')
 6 APPPATH\Config\Events.php(47): CodeIgniter\Debug\Toolbar->respond()
 7 SYSTEMPATH\Events\Events.php(152): CodeIgniter\Events\Events::Config\{closure}()
 8 SYSTEMPATH\CodeIgniter.php(339): CodeIgniter\Events\Events::trigger('pre_system')
 9 SYSTEMPATH\Boot.php(363): CodeIgniter\CodeIgniter->run()
10 SYSTEMPATH\Boot.php(68): CodeIgniter\Boot::runCodeIgniter(Object(CodeIgniter\CodeIgniter))
11 FCPATH\index.php(59): CodeIgniter\Boot::bootWeb(Object(Config\Paths))
DEBUG - 2026-03-04 14:46:01 --> Session: Class initialized using 'CodeIgniter\Session\Handlers\FileHandler' driver.
DEBUG - 2026-03-04 14:46:01 --> Session: Class initialized using 'CodeIgniter\Session\Handlers\FileHandler' driver.
CRITICAL - 2026-03-04 14:46:02 --> ErrorException: Trying to access array offset on value of type null
[Method: GET, Route: /]
in SYSTEMPATH\Debug\Toolbar.php on line 217.
 1 SYSTEMPATH\Debug\Toolbar.php(217): CodeIgniter\Debug\Exceptions->errorHandler(2, 'Trying to access array offset on value of type null', 'C:\\xampp\\htdocs\\IM\\system\\Debug\\Toolbar.php', 217)
 2 SYSTEMPATH\Debug\Toolbar.php(200): CodeIgniter\Debug\Toolbar->renderTimelineRecursive([...], 1772606761.754955, 7, 15, [], 0)
 3 SYSTEMPATH\Debug\Toolbar\Views\toolbar.tpl.php(105): CodeIgniter\Debug\Toolbar->renderTimeline([...], 1772606761.754955, 7, 15, [])
 4 SYSTEMPATH\Debug\Toolbar.php(533): include('C:\\xampp\\htdocs\\IM\\system\\Debug\\Toolbar\\Views\\toolbar.tpl.php')
 5 SYSTEMPATH\Debug\Toolbar.php(496): CodeIgniter\Debug\Toolbar->format([...], 'html')
 6 APPPATH\Config\Events.php(47): CodeIgniter\Debug\Toolbar->respond()
 7 SYSTEMPATH\Events\Events.php(152): CodeIgniter\Events\Events::Config\{closure}()
 8 SYSTEMPATH\CodeIgniter.php(339): CodeIgniter\Events\Events::trigger('pre_system')
 9 SYSTEMPATH\Boot.php(363): CodeIgniter\CodeIgniter->run()
10 SYSTEMPATH\Boot.php(68): CodeIgniter\Boot::runCodeIgniter(Object(CodeIgniter\CodeIgniter))
11 FCPATH\index.php(59): CodeIgniter\Boot::bootWeb(Object(Config\Paths))
DEBUG - 2026-03-04 14:46:03 --> Session: Class initialized using 'CodeIgniter\Session\Handlers\FileHandler' driver.
CRITICAL - 2026-03-04 14:46:04 --> ErrorException: Trying to access array offset on value of type null
[Method: GET, Route: /]
in SYSTEMPATH\Debug\Toolbar.php on line 217.
 1 SYSTEMPATH\Debug\Toolbar.php(217): CodeIgniter\Debug\Exceptions->errorHandler(2, 'Trying to access array offset on value of type null', 'C:\\xampp\\htdocs\\IM\\system\\Debug\\Toolbar.php', 217)
 2 SYSTEMPATH\Debug\Toolbar.php(200): CodeIgniter\Debug\Toolbar->renderTimelineRecursive([...], 1772606763.749388, 5, 15, [], 0)
 3 SYSTEMPATH\Debug\Toolbar\Views\toolbar.tpl.php(105): CodeIgniter\Debug\Toolbar->renderTimeline([...], 1772606763.749388, 5, 15, [])
 4 SYSTEMPATH\Debug\Toolbar.php(533): include('C:\\xampp\\htdocs\\IM\\system\\Debug\\Toolbar\\Views\\toolbar.tpl.php')
 5 SYSTEMPATH\Debug\Toolbar.php(496): CodeIgniter\Debug\Toolbar->format([...], 'html')
 6 APPPATH\Config\Events.php(47): CodeIgniter\Debug\Toolbar->respond()
 7 SYSTEMPATH\Events\Events.php(152): CodeIgniter\Events\Events::Config\{closure}()
 8 SYSTEMPATH\CodeIgniter.php(339): CodeIgniter\Events\Events::trigger('pre_system')
 9 SYSTEMPATH\Boot.php(363): CodeIgniter\CodeIgniter->run()
10 SYSTEMPATH\Boot.php(68): CodeIgniter\Boot::runCodeIgniter(Object(CodeIgniter\CodeIgniter))
11 FCPATH\index.php(59): CodeIgniter\Boot::bootWeb(Object(Config\Paths))
DEBUG - 2026-03-04 14:46:11 --> Session: Class initialized using 'CodeIgniter\Session\Handlers\FileHandler' driver.
CRITICAL - 2026-03-04 14:46:11 --> ErrorException: Trying to access array offset on value of type null
[Method: GET, Route: /]
in SYSTEMPATH\Debug\Toolbar.php on line 217.
 1 SYSTEMPATH\Debug\Toolbar.php(217): CodeIgniter\Debug\Exceptions->errorHandler(2, 'Trying to access array offset on value of type null', 'C:\\xampp\\htdocs\\IM\\system\\Debug\\Toolbar.php', 217)
 2 SYSTEMPATH\Debug\Toolbar.php(200): CodeIgniter\Debug\Toolbar->renderTimelineRecursive([...], 1772606771.531975, 5, 15, [], 0)
 3 SYSTEMPATH\Debug\Toolbar\Views\toolbar.tpl.php(105): CodeIgniter\Debug\Toolbar->renderTimeline([...], 1772606771.531975, 5, 15, [])
 4 SYSTEMPATH\Debug\Toolbar.php(533): include('C:\\xampp\\htdocs\\IM\\system\\Debug\\Toolbar\\Views\\toolbar.tpl.php')
 5 SYSTEMPATH\Debug\Toolbar.php(496): CodeIgniter\Debug\Toolbar->format([...], 'html')
 6 APPPATH\Config\Events.php(47): CodeIgniter\Debug\Toolbar->respond()
 7 SYSTEMPATH\Events\Events.php(152): CodeIgniter\Events\Events::Config\{closure}()
 8 SYSTEMPATH\CodeIgniter.php(339): CodeIgniter\Events\Events::trigger('pre_system')
 9 SYSTEMPATH\Boot.php(363): CodeIgniter\CodeIgniter->run()
10 SYSTEMPATH\Boot.php(68): CodeIgniter\Boot::runCodeIgniter(Object(CodeIgniter\CodeIgniter))
11 FCPATH\index.php(59): CodeIgniter\Boot::bootWeb(Object(Config\Paths))
DEBUG - 2026-03-04 14:46:20 --> Session: Class initialized using 'CodeIgniter\Session\Handlers\FileHandler' driver.
CRITICAL - 2026-03-04 14:46:20 --> ErrorException: Trying to access array offset on value of type null
[Method: GET, Route: /]
in SYSTEMPATH\Debug\Toolbar.php on line 217.
 1 SYSTEMPATH\Debug\Toolbar.php(217): CodeIgniter\Debug\Exceptions->errorHandler(2, 'Trying to access array offset on value of type null', 'C:\\xampp\\htdocs\\IM\\system\\Debug\\Toolbar.php', 217)
 2 SYSTEMPATH\Debug\Toolbar.php(200): CodeIgniter\Debug\Toolbar->renderTimelineRecursive([...], 1772606780.015817, 5, 15, [], 0)
 3 SYSTEMPATH\Debug\Toolbar\Views\toolbar.tpl.php(105): CodeIgniter\Debug\Toolbar->renderTimeline([...], 1772606780.015817, 5, 15, [])
 4 SYSTEMPATH\Debug\Toolbar.php(533): include('C:\\xampp\\htdocs\\IM\\system\\Debug\\Toolbar\\Views\\toolbar.tpl.php')
 5 SYSTEMPATH\Debug\Toolbar.php(496): CodeIgniter\Debug\Toolbar->format([...], 'html')
 6 APPPATH\Config\Events.php(47): CodeIgniter\Debug\Toolbar->respond()
 7 SYSTEMPATH\Events\Events.php(152): CodeIgniter\Events\Events::Config\{closure}()
 8 SYSTEMPATH\CodeIgniter.php(339): CodeIgniter\Events\Events::trigger('pre_system')
 9 SYSTEMPATH\Boot.php(363): CodeIgniter\CodeIgniter->run()
10 SYSTEMPATH\Boot.php(68): CodeIgniter\Boot::runCodeIgniter(Object(CodeIgniter\CodeIgniter))
11 FCPATH\index.php(59): CodeIgniter\Boot::bootWeb(Object(Config\Paths))
DEBUG - 2026-03-04 14:47:32 --> Session: Class initialized using 'CodeIgniter\Session\Handlers\FileHandler' driver.
DEBUG - 2026-03-04 14:47:32 --> Session: Class initialized using 'CodeIgniter\Session\Handlers\FileHandler' driver.
DEBUG - 2026-03-04 14:47:37 --> Session: Class initialized using 'CodeIgniter\Session\Handlers\FileHandler' driver.
CRITICAL - 2026-03-04 14:47:37 --> ErrorException: Trying to access array offset on value of type null
[Method: GET, Route: /]
in SYSTEMPATH\Debug\Toolbar.php on line 217.
 1 SYSTEMPATH\Debug\Toolbar.php(217): CodeIgniter\Debug\Exceptions->errorHandler(2, 'Trying to access array offset on value of type null', 'C:\\xampp\\htdocs\\IM\\system\\Debug\\Toolbar.php', 217)
 2 SYSTEMPATH\Debug\Toolbar.php(200): CodeIgniter\Debug\Toolbar->renderTimelineRecursive([...], 1772606857.06559, 5, 10, [], 0)
 3 SYSTEMPATH\Debug\Toolbar\Views\toolbar.tpl.php(105): CodeIgniter\Debug\Toolbar->renderTimeline([...], 1772606857.06559, 5, 10, [])
 4 SYSTEMPATH\Debug\Toolbar.php(533): include('C:\\xampp\\htdocs\\IM\\system\\Debug\\Toolbar\\Views\\toolbar.tpl.php')
 5 SYSTEMPATH\Debug\Toolbar.php(496): CodeIgniter\Debug\Toolbar->format([...], 'html')
 6 APPPATH\Config\Events.php(47): CodeIgniter\Debug\Toolbar->respond()
 7 SYSTEMPATH\Events\Events.php(152): CodeIgniter\Events\Events::Config\{closure}()
 8 SYSTEMPATH\CodeIgniter.php(339): CodeIgniter\Events\Events::trigger('pre_system')
 9 SYSTEMPATH\Boot.php(363): CodeIgniter\CodeIgniter->run()
10 SYSTEMPATH\Boot.php(68): CodeIgniter\Boot::runCodeIgniter(Object(CodeIgniter\CodeIgniter))
11 FCPATH\index.php(59): CodeIgniter\Boot::bootWeb(Object(Config\Paths))
DEBUG - 2026-03-04 14:47:38 --> Session: Class initialized using 'CodeIgniter\Session\Handlers\FileHandler' driver.
DEBUG - 2026-03-04 14:47:38 --> Session: Class initialized using 'CodeIgniter\Session\Handlers\FileHandler' driver.
CRITICAL - 2026-03-04 14:47:39 --> ErrorException: Trying to access array offset on value of type null
[Method: GET, Route: /]
in SYSTEMPATH\Debug\Toolbar.php on line 217.
 1 SYSTEMPATH\Debug\Toolbar.php(217): CodeIgniter\Debug\Exceptions->errorHandler(2, 'Trying to access array offset on value of type null', 'C:\\xampp\\htdocs\\IM\\system\\Debug\\Toolbar.php', 217)
 2 SYSTEMPATH\Debug\Toolbar.php(200): CodeIgniter\Debug\Toolbar->renderTimelineRecursive([...], 1772606858.882857, 5, 10, [], 0)
 3 SYSTEMPATH\Debug\Toolbar\Views\toolbar.tpl.php(105): CodeIgniter\Debug\Toolbar->renderTimeline([...], 1772606858.882857, 5, 10, [])
 4 SYSTEMPATH\Debug\Toolbar.php(533): include('C:\\xampp\\htdocs\\IM\\system\\Debug\\Toolbar\\Views\\toolbar.tpl.php')
 5 SYSTEMPATH\Debug\Toolbar.php(496): CodeIgniter\Debug\Toolbar->format([...], 'html')
 6 APPPATH\Config\Events.php(47): CodeIgniter\Debug\Toolbar->respond()
 7 SYSTEMPATH\Events\Events.php(152): CodeIgniter\Events\Events::Config\{closure}()
 8 SYSTEMPATH\CodeIgniter.php(339): CodeIgniter\Events\Events::trigger('pre_system')
 9 SYSTEMPATH\Boot.php(363): CodeIgniter\CodeIgniter->run()
10 SYSTEMPATH\Boot.php(68): CodeIgniter\Boot::runCodeIgniter(Object(CodeIgniter\CodeIgniter))
11 FCPATH\index.php(59): CodeIgniter\Boot::bootWeb(Object(Config\Paths))
DEBUG - 2026-03-04 14:47:39 --> Session: Class initialized using 'CodeIgniter\Session\Handlers\FileHandler' driver.
DEBUG - 2026-03-04 14:47:52 --> Session: Class initialized using 'CodeIgniter\Session\Handlers\FileHandler' driver.
DEBUG - 2026-03-04 14:47:55 --> Session: Class initialized using 'CodeIgniter\Session\Handlers\FileHandler' driver.
CRITICAL - 2026-03-04 14:47:56 --> ErrorException: Trying to access array offset on value of type null
[Method: GET, Route: /]
in SYSTEMPATH\Debug\Toolbar.php on line 217.
 1 SYSTEMPATH\Debug\Toolbar.php(217): CodeIgniter\Debug\Exceptions->errorHandler(2, 'Trying to access array offset on value of type null', 'C:\\xampp\\htdocs\\IM\\system\\Debug\\Toolbar.php', 217)
 2 SYSTEMPATH\Debug\Toolbar.php(200): CodeIgniter\Debug\Toolbar->renderTimelineRecursive([...], 1772606875.564442, 5, 10, [], 0)
 3 SYSTEMPATH\Debug\Toolbar\Views\toolbar.tpl.php(105): CodeIgniter\Debug\Toolbar->renderTimeline([...], 1772606875.564442, 5, 10, [])
 4 SYSTEMPATH\Debug\Toolbar.php(533): include('C:\\xampp\\htdocs\\IM\\system\\Debug\\Toolbar\\Views\\toolbar.tpl.php')
 5 SYSTEMPATH\Debug\Toolbar.php(496): CodeIgniter\Debug\Toolbar->format([...], 'html')
 6 APPPATH\Config\Events.php(47): CodeIgniter\Debug\Toolbar->respond()
 7 SYSTEMPATH\Events\Events.php(152): CodeIgniter\Events\Events::Config\{closure}()
 8 SYSTEMPATH\CodeIgniter.php(339): CodeIgniter\Events\Events::trigger('pre_system')
 9 SYSTEMPATH\Boot.php(363): CodeIgniter\CodeIgniter->run()
10 SYSTEMPATH\Boot.php(68): CodeIgniter\Boot::runCodeIgniter(Object(CodeIgniter\CodeIgniter))
11 FCPATH\index.php(59): CodeIgniter\Boot::bootWeb(Object(Config\Paths))
DEBUG - 2026-03-04 14:48:39 --> Session: Class initialized using 'CodeIgniter\Session\Handlers\FileHandler' driver.
CRITICAL - 2026-03-04 14:48:40 --> ErrorException: Trying to access array offset on value of type null
[Method: GET, Route: /]
in SYSTEMPATH\Debug\Toolbar.php on line 217.
 1 SYSTEMPATH\Debug\Toolbar.php(217): CodeIgniter\Debug\Exceptions->errorHandler(2, 'Trying to access array offset on value of type null', 'C:\\xampp\\htdocs\\IM\\system\\Debug\\Toolbar.php', 217)
 2 SYSTEMPATH\Debug\Toolbar.php(200): CodeIgniter\Debug\Toolbar->renderTimelineRecursive([...], 1772606919.476854, 7, 10, [], 0)
 3 SYSTEMPATH\Debug\Toolbar\Views\toolbar.tpl.php(105): CodeIgniter\Debug\Toolbar->renderTimeline([...], 1772606919.476854, 7, 10, [])
 4 SYSTEMPATH\Debug\Toolbar.php(533): include('C:\\xampp\\htdocs\\IM\\system\\Debug\\Toolbar\\Views\\toolbar.tpl.php')
 5 SYSTEMPATH\Debug\Toolbar.php(496): CodeIgniter\Debug\Toolbar->format([...], 'html')
 6 APPPATH\Config\Events.php(47): CodeIgniter\Debug\Toolbar->respond()
 7 SYSTEMPATH\Events\Events.php(152): CodeIgniter\Events\Events::Config\{closure}()
 8 SYSTEMPATH\CodeIgniter.php(339): CodeIgniter\Events\Events::trigger('pre_system')
 9 SYSTEMPATH\Boot.php(363): CodeIgniter\CodeIgniter->run()
10 SYSTEMPATH\Boot.php(68): CodeIgniter\Boot::runCodeIgniter(Object(CodeIgniter\CodeIgniter))
11 FCPATH\index.php(59): CodeIgniter\Boot::bootWeb(Object(Config\Paths))
DEBUG - 2026-03-04 14:48:45 --> Session: Class initialized using 'CodeIgniter\Session\Handlers\FileHandler' driver.
CRITICAL - 2026-03-04 14:48:45 --> ErrorException: Trying to access array offset on value of type null
[Method: GET, Route: /]
in SYSTEMPATH\Debug\Toolbar.php on line 217.
 1 SYSTEMPATH\Debug\Toolbar.php(217): CodeIgniter\Debug\Exceptions->errorHandler(2, 'Trying to access array offset on value of type null', 'C:\\xampp\\htdocs\\IM\\system\\Debug\\Toolbar.php', 217)
 2 SYSTEMPATH\Debug\Toolbar.php(200): CodeIgniter\Debug\Toolbar->renderTimelineRecursive([...], 1772606925.426549, 7, 25, [], 0)
 3 SYSTEMPATH\Debug\Toolbar\Views\toolbar.tpl.php(105): CodeIgniter\Debug\Toolbar->renderTimeline([...], 1772606925.426549, 7, 25, [])
 4 SYSTEMPATH\Debug\Toolbar.php(533): include('C:\\xampp\\htdocs\\IM\\system\\Debug\\Toolbar\\Views\\toolbar.tpl.php')
 5 SYSTEMPATH\Debug\Toolbar.php(496): CodeIgniter\Debug\Toolbar->format([...], 'html')
 6 APPPATH\Config\Events.php(47): CodeIgniter\Debug\Toolbar->respond()
 7 SYSTEMPATH\Events\Events.php(152): CodeIgniter\Events\Events::Config\{closure}()
 8 SYSTEMPATH\CodeIgniter.php(339): CodeIgniter\Events\Events::trigger('pre_system')
 9 SYSTEMPATH\Boot.php(363): CodeIgniter\CodeIgniter->run()
10 SYSTEMPATH\Boot.php(68): CodeIgniter\Boot::runCodeIgniter(Object(CodeIgniter\CodeIgniter))
11 FCPATH\index.php(59): CodeIgniter\Boot::bootWeb(Object(Config\Paths))
DEBUG - 2026-03-04 14:53:44 --> Session: Class initialized using 'CodeIgniter\Session\Handlers\FileHandler' driver.
DEBUG - 2026-03-04 14:53:44 --> Session: Class initialized using 'CodeIgniter\Session\Handlers\FileHandler' driver.
CRITICAL - 2026-03-04 14:53:44 --> ErrorException: Trying to access array offset on value of type null
[Method: GET, Route: /]
in SYSTEMPATH\Debug\Toolbar.php on line 217.
 1 SYSTEMPATH\Debug\Toolbar.php(217): CodeIgniter\Debug\Exceptions->errorHandler(2, 'Trying to access array offset on value of type null', 'C:\\xampp\\htdocs\\IM\\system\\Debug\\Toolbar.php', 217)
 2 SYSTEMPATH\Debug\Toolbar.php(200): CodeIgniter\Debug\Toolbar->renderTimelineRecursive([...], 1772607224.341301, 5, 10, [], 0)
 3 SYSTEMPATH\Debug\Toolbar\Views\toolbar.tpl.php(105): CodeIgniter\Debug\Toolbar->renderTimeline([...], 1772607224.341301, 5, 10, [])
 4 SYSTEMPATH\Debug\Toolbar.php(533): include('C:\\xampp\\htdocs\\IM\\system\\Debug\\Toolbar\\Views\\toolbar.tpl.php')
 5 SYSTEMPATH\Debug\Toolbar.php(496): CodeIgniter\Debug\Toolbar->format([...], 'html')
 6 APPPATH\Config\Events.php(47): CodeIgniter\Debug\Toolbar->respond()
 7 SYSTEMPATH\Events\Events.php(152): CodeIgniter\Events\Events::Config\{closure}()
 8 SYSTEMPATH\CodeIgniter.php(339): CodeIgniter\Events\Events::trigger('pre_system')
 9 SYSTEMPATH\Boot.php(363): CodeIgniter\CodeIgniter->run()
10 SYSTEMPATH\Boot.php(68): CodeIgniter\Boot::runCodeIgniter(Object(CodeIgniter\CodeIgniter))
11 FCPATH\index.php(59): CodeIgniter\Boot::bootWeb(Object(Config\Paths))
DEBUG - 2026-03-04 14:53:46 --> Session: Class initialized using 'CodeIgniter\Session\Handlers\FileHandler' driver.
DEBUG - 2026-03-04 14:57:01 --> Session: Class initialized using 'CodeIgniter\Session\Handlers\FileHandler' driver.
CRITICAL - 2026-03-04 14:57:02 --> ErrorException: Trying to access array offset on value of type null
[Method: GET, Route: /]
in SYSTEMPATH\Debug\Toolbar.php on line 217.
 1 SYSTEMPATH\Debug\Toolbar.php(217): CodeIgniter\Debug\Exceptions->errorHandler(2, 'Trying to access array offset on value of type null', 'C:\\xampp\\htdocs\\IM\\system\\Debug\\Toolbar.php', 217)
 2 SYSTEMPATH\Debug\Toolbar.php(200): CodeIgniter\Debug\Toolbar->renderTimelineRecursive([...], 1772607421.675792, 7, 20, [], 0)
 3 SYSTEMPATH\Debug\Toolbar\Views\toolbar.tpl.php(105): CodeIgniter\Debug\Toolbar->renderTimeline([...], 1772607421.675792, 7, 20, [])
 4 SYSTEMPATH\Debug\Toolbar.php(533): include('C:\\xampp\\htdocs\\IM\\system\\Debug\\Toolbar\\Views\\toolbar.tpl.php')
 5 SYSTEMPATH\Debug\Toolbar.php(496): CodeIgniter\Debug\Toolbar->format([...], 'html')
 6 APPPATH\Config\Events.php(47): CodeIgniter\Debug\Toolbar->respond()
 7 SYSTEMPATH\Events\Events.php(152): CodeIgniter\Events\Events::Config\{closure}()
 8 SYSTEMPATH\CodeIgniter.php(339): CodeIgniter\Events\Events::trigger('pre_system')
 9 SYSTEMPATH\Boot.php(363): CodeIgniter\CodeIgniter->run()
10 SYSTEMPATH\Boot.php(68): CodeIgniter\Boot::runCodeIgniter(Object(CodeIgniter\CodeIgniter))
11 FCPATH\index.php(59): CodeIgniter\Boot::bootWeb(Object(Config\Paths))
DEBUG - 2026-03-04 14:57:15 --> Session: Class initialized using 'CodeIgniter\Session\Handlers\FileHandler' driver.
DEBUG - 2026-03-04 14:57:15 --> Session: Class initialized using 'CodeIgniter\Session\Handlers\FileHandler' driver.
CRITICAL - 2026-03-04 14:57:15 --> ErrorException: Trying to access array offset on value of type null
[Method: GET, Route: /]
in SYSTEMPATH\Debug\Toolbar.php on line 217.
 1 SYSTEMPATH\Debug\Toolbar.php(217): CodeIgniter\Debug\Exceptions->errorHandler(2, 'Trying to access array offset on value of type null', 'C:\\xampp\\htdocs\\IM\\system\\Debug\\Toolbar.php', 217)
 2 SYSTEMPATH\Debug\Toolbar.php(200): CodeIgniter\Debug\Toolbar->renderTimelineRecursive([...], 1772607435.439318, 5, 10, [], 0)
 3 SYSTEMPATH\Debug\Toolbar\Views\toolbar.tpl.php(105): CodeIgniter\Debug\Toolbar->renderTimeline([...], 1772607435.439318, 5, 10, [])
 4 SYSTEMPATH\Debug\Toolbar.php(533): include('C:\\xampp\\htdocs\\IM\\system\\Debug\\Toolbar\\Views\\toolbar.tpl.php')
 5 SYSTEMPATH\Debug\Toolbar.php(496): CodeIgniter\Debug\Toolbar->format([...], 'html')
 6 APPPATH\Config\Events.php(47): CodeIgniter\Debug\Toolbar->respond()
 7 SYSTEMPATH\Events\Events.php(152): CodeIgniter\Events\Events::Config\{closure}()
 8 SYSTEMPATH\CodeIgniter.php(339): CodeIgniter\Events\Events::trigger('pre_system')
 9 SYSTEMPATH\Boot.php(363): CodeIgniter\CodeIgniter->run()
10 SYSTEMPATH\Boot.php(68): CodeIgniter\Boot::runCodeIgniter(Object(CodeIgniter\CodeIgniter))
11 FCPATH\index.php(59): CodeIgniter\Boot::bootWeb(Object(Config\Paths))
DEBUG - 2026-03-04 14:57:16 --> Session: Class initialized using 'CodeIgniter\Session\Handlers\FileHandler' driver.
CRITICAL - 2026-03-04 14:57:17 --> ErrorException: Trying to access array offset on value of type null
[Method: GET, Route: /]
in SYSTEMPATH\Debug\Toolbar.php on line 217.
 1 SYSTEMPATH\Debug\Toolbar.php(217): CodeIgniter\Debug\Exceptions->errorHandler(2, 'Trying to access array offset on value of type null', 'C:\\xampp\\htdocs\\IM\\system\\Debug\\Toolbar.php', 217)
 2 SYSTEMPATH\Debug\Toolbar.php(200): CodeIgniter\Debug\Toolbar->renderTimelineRecursive([...], 1772607436.67504, 6, 15, [], 0)
 3 SYSTEMPATH\Debug\Toolbar\Views\toolbar.tpl.php(105): CodeIgniter\Debug\Toolbar->renderTimeline([...], 1772607436.67504, 6, 15, [])
 4 SYSTEMPATH\Debug\Toolbar.php(533): include('C:\\xampp\\htdocs\\IM\\system\\Debug\\Toolbar\\Views\\toolbar.tpl.php')
 5 SYSTEMPATH\Debug\Toolbar.php(496): CodeIgniter\Debug\Toolbar->format([...], 'html')
 6 APPPATH\Config\Events.php(47): CodeIgniter\Debug\Toolbar->respond()
 7 SYSTEMPATH\Events\Events.php(152): CodeIgniter\Events\Events::Config\{closure}()
 8 SYSTEMPATH\CodeIgniter.php(339): CodeIgniter\Events\Events::trigger('pre_system')
 9 SYSTEMPATH\Boot.php(363): CodeIgniter\CodeIgniter->run()
10 SYSTEMPATH\Boot.php(68): CodeIgniter\Boot::runCodeIgniter(Object(CodeIgniter\CodeIgniter))
11 FCPATH\index.php(59): CodeIgniter\Boot::bootWeb(Object(Config\Paths))
DEBUG - 2026-03-04 15:12:29 --> Session: Class initialized using 'CodeIgniter\Session\Handlers\FileHandler' driver.
DEBUG - 2026-03-04 15:12:31 --> Session: Class initialized using 'CodeIgniter\Session\Handlers\FileHandler' driver.
ERROR - 2026-03-04 15:35:58 --> mysqli_sql_exception: Table 'users' already exists in C:\xampp\htdocs\IM\system\Database\MySQLi\Connection.php:327
Stack trace:
#0 C:\xampp\htdocs\IM\system\Database\MySQLi\Connection.php(327): mysqli->query('CREATE TABLE `u...', 0)
#1 C:\xampp\htdocs\IM\system\Database\BaseConnection.php(729): CodeIgniter\Database\MySQLi\Connection->execute('CREATE TABLE `u...')
#2 C:\xampp\htdocs\IM\system\Database\BaseConnection.php(646): CodeIgniter\Database\BaseConnection->simpleQuery('CREATE TABLE `u...')
#3 C:\xampp\htdocs\IM\system\Database\Forge.php(570): CodeIgniter\Database\BaseConnection->query('CREATE TABLE `u...')
#4 C:\xampp\htdocs\IM\app\Database\Migrations\2026-01-19-201010_CreateUserTable.php(48): CodeIgniter\Database\Forge->createTable('users')
#5 C:\xampp\htdocs\IM\system\Database\MigrationRunner.php(874): App\Database\Migrations\CreateUserTable->up()
#6 C:\xampp\htdocs\IM\system\Database\MigrationRunner.php(180): CodeIgniter\Database\MigrationRunner->migrate('up', Object(stdClass))
#7 C:\xampp\htdocs\IM\system\Commands\Database\Migrate.php(85): CodeIgniter\Database\MigrationRunner->latest(NULL)
#8 C:\xampp\htdocs\IM\system\CLI\Commands.php(74): CodeIgniter\Commands\Database\Migrate->run(Array)
#9 C:\xampp\htdocs\IM\system\CLI\Console.php(47): CodeIgniter\CLI\Commands->run('migrate', Array)
#10 C:\xampp\htdocs\IM\system\Boot.php(388): CodeIgniter\CLI\Console->run()
#11 C:\xampp\htdocs\IM\system\Boot.php(133): CodeIgniter\Boot::runCommand(Object(CodeIgniter\CLI\Console))
#12 C:\xampp\htdocs\IM\spark(87): CodeIgniter\Boot::bootSpark(Object(Config\Paths))
#13 {main}
DEBUG - 2026-03-04 16:06:05 --> Session: Class initialized using 'CodeIgniter\Session\Handlers\FileHandler' driver.
CRITICAL - 2026-03-04 16:06:17 --> ErrorException: Trying to access array offset on value of type null
[Method: GET, Route: /]
in SYSTEMPATH\Debug\Toolbar.php on line 217.
 1 SYSTEMPATH\Debug\Toolbar.php(217): CodeIgniter\Debug\Exceptions->errorHandler(2, 'Trying to access array offset on value of type null', 'C:\\xampp\\htdocs\\IM\\system\\Debug\\Toolbar.php', 217)
 2 SYSTEMPATH\Debug\Toolbar.php(200): CodeIgniter\Debug\Toolbar->renderTimelineRecursive([...], 1772611562.612807, 7, 470, [], 0)
 3 SYSTEMPATH\Debug\Toolbar\Views\toolbar.tpl.php(105): CodeIgniter\Debug\Toolbar->renderTimeline([...], 1772611562.612807, 7, 470, [])
 4 SYSTEMPATH\Debug\Toolbar.php(533): include('C:\\xampp\\htdocs\\IM\\system\\Debug\\Toolbar\\Views\\toolbar.tpl.php')
 5 SYSTEMPATH\Debug\Toolbar.php(496): CodeIgniter\Debug\Toolbar->format([...], 'html')
 6 APPPATH\Config\Events.php(47): CodeIgniter\Debug\Toolbar->respond()
 7 SYSTEMPATH\Events\Events.php(152): CodeIgniter\Events\Events::Config\{closure}()
 8 SYSTEMPATH\CodeIgniter.php(339): CodeIgniter\Events\Events::trigger('pre_system')
 9 SYSTEMPATH\Boot.php(363): CodeIgniter\CodeIgniter->run()
10 SYSTEMPATH\Boot.php(68): CodeIgniter\Boot::runCodeIgniter(Object(CodeIgniter\CodeIgniter))
11 FCPATH\index.php(59): CodeIgniter\Boot::bootWeb(Object(Config\Paths))
DEBUG - 2026-03-04 16:10:48 --> Session: Class initialized using 'CodeIgniter\Session\Handlers\FileHandler' driver.
CRITICAL - 2026-03-04 16:11:30 --> ErrorException: Trying to access array offset on value of type null
[Method: GET, Route: /]
in SYSTEMPATH\Debug\Toolbar.php on line 217.
 1 SYSTEMPATH\Debug\Toolbar.php(217): CodeIgniter\Debug\Exceptions->errorHandler(2, 'Trying to access array offset on value of type null', 'C:\\xampp\\htdocs\\IM\\system\\Debug\\Toolbar.php', 217)
 2 SYSTEMPATH\Debug\Toolbar.php(200): CodeIgniter\Debug\Toolbar->renderTimelineRecursive([...], 1772611844.851833, 7, 2215, [], 0)
 3 SYSTEMPATH\Debug\Toolbar\Views\toolbar.tpl.php(105): CodeIgniter\Debug\Toolbar->renderTimeline([...], 1772611844.851833, 7, 2215, [])
 4 SYSTEMPATH\Debug\Toolbar.php(533): include('C:\\xampp\\htdocs\\IM\\system\\Debug\\Toolbar\\Views\\toolbar.tpl.php')
 5 SYSTEMPATH\Debug\Toolbar.php(496): CodeIgniter\Debug\Toolbar->format([...], 'html')
 6 APPPATH\Config\Events.php(47): CodeIgniter\Debug\Toolbar->respond()
 7 SYSTEMPATH\Events\Events.php(152): CodeIgniter\Events\Events::Config\{closure}()
 8 SYSTEMPATH\CodeIgniter.php(339): CodeIgniter\Events\Events::trigger('pre_system')
 9 SYSTEMPATH\Boot.php(363): CodeIgniter\CodeIgniter->run()
10 SYSTEMPATH\Boot.php(68): CodeIgniter\Boot::runCodeIgniter(Object(CodeIgniter\CodeIgniter))
11 FCPATH\index.php(59): CodeIgniter\Boot::bootWeb(Object(Config\Paths))
DEBUG - 2026-03-04 16:11:37 --> Session: Class initialized using 'CodeIgniter\Session\Handlers\FileHandler' driver.
CRITICAL - 2026-03-04 16:11:45 --> ErrorException: Trying to access array offset on value of type null
[Method: GET, Route: /]
in SYSTEMPATH\Debug\Toolbar.php on line 217.
 1 SYSTEMPATH\Debug\Toolbar.php(217): CodeIgniter\Debug\Exceptions->errorHandler(2, 'Trying to access array offset on value of type null', 'C:\\xampp\\htdocs\\IM\\system\\Debug\\Toolbar.php', 217)
 2 SYSTEMPATH\Debug\Toolbar.php(200): CodeIgniter\Debug\Toolbar->renderTimelineRecursive([...], 1772611896.80179, 7, 855, [], 0)
 3 SYSTEMPATH\Debug\Toolbar\Views\toolbar.tpl.php(105): CodeIgniter\Debug\Toolbar->renderTimeline([...], 1772611896.80179, 7, 855, [])
 4 SYSTEMPATH\Debug\Toolbar.php(533): include('C:\\xampp\\htdocs\\IM\\system\\Debug\\Toolbar\\Views\\toolbar.tpl.php')
 5 SYSTEMPATH\Debug\Toolbar.php(496): CodeIgniter\Debug\Toolbar->format([...], 'html')
 6 APPPATH\Config\Events.php(47): CodeIgniter\Debug\Toolbar->respond()
 7 SYSTEMPATH\Events\Events.php(152): CodeIgniter\Events\Events::Config\{closure}()
 8 SYSTEMPATH\CodeIgniter.php(339): CodeIgniter\Events\Events::trigger('pre_system')
 9 SYSTEMPATH\Boot.php(363): CodeIgniter\CodeIgniter->run()
10 SYSTEMPATH\Boot.php(68): CodeIgniter\Boot::runCodeIgniter(Object(CodeIgniter\CodeIgniter))
11 FCPATH\index.php(59): CodeIgniter\Boot::bootWeb(Object(Config\Paths))
