DEBUG - 2026-02-23 10:52:05 --> Session: Class initialized using 'CodeIgniter\Session\Handlers\FileHandler' driver.
DEBUG - 2026-02-23 10:52:17 --> Session: Class initialized using 'CodeIgniter\Session\Handlers\FileHandler' driver.
CRITICAL - 2026-02-23 10:52:29 --> ErrorException: Trying to access array offset on value of type null
[Method: GET, Route: /]
in SYSTEMPATH\Debug\Toolbar.php on line 217.
 1 SYSTEMPATH\Debug\Toolbar.php(217): CodeIgniter\Debug\Exceptions->errorHandler(2, 'Trying to access array offset on value of type null', 'C:\\xampp\\htdocs\\IM\\system\\Debug\\Toolbar.php', 217)
 2 SYSTEMPATH\Debug\Toolbar.php(200): CodeIgniter\Debug\Toolbar->renderTimelineRecursive([...], 1771815134.328623, 7, 480, [], 0)
 3 SYSTEMPATH\Debug\Toolbar\Views\toolbar.tpl.php(105): CodeIgniter\Debug\Toolbar->renderTimeline([...], 1771815134.328623, 7, 480, [])
 4 SYSTEMPATH\Debug\Toolbar.php(533): include('C:\\xampp\\htdocs\\IM\\system\\Debug\\Toolbar\\Views\\toolbar.tpl.php')
 5 SYSTEMPATH\Debug\Toolbar.php(496): CodeIgniter\Debug\Toolbar->format([...], 'html')
 6 APPPATH\Config\Events.php(47): CodeIgniter\Debug\Toolbar->respond()
 7 SYSTEMPATH\Events\Events.php(152): CodeIgniter\Events\Events::Config\{closure}()
 8 SYSTEMPATH\CodeIgniter.php(339): CodeIgniter\Events\Events::trigger('pre_system')
 9 SYSTEMPATH\Boot.php(363): CodeIgniter\CodeIgniter->run()
10 SYSTEMPATH\Boot.php(68): CodeIgniter\Boot::runCodeIgniter(Object(CodeIgniter\CodeIgniter))
11 FCPATH\index.php(59): CodeIgniter\Boot::bootWeb(Object(Config\Paths))
DEBUG - 2026-02-23 10:52:35 --> Session: Class initialized using 'CodeIgniter\Session\Handlers\FileHandler' driver.
DEBUG - 2026-02-23 10:52:35 --> Session: Class initialized using 'CodeIgniter\Session\Handlers\FileHandler' driver.
CRITICAL - 2026-02-23 10:52:37 --> ErrorException: Trying to access array offset on value of type null
[Method: GET, Route: /]
in SYSTEMPATH\Debug\Toolbar.php on line 217.
 1 SYSTEMPATH\Debug\Toolbar.php(217): CodeIgniter\Debug\Exceptions->errorHandler(2, 'Trying to access array offset on value of type null', 'C:\\xampp\\htdocs\\IM\\system\\Debug\\Toolbar.php', 217)
 2 SYSTEMPATH\Debug\Toolbar.php(200): CodeIgniter\Debug\Toolbar->renderTimelineRecursive([...], 1771815155.337958, 7, 120, [], 0)
 3 SYSTEMPATH\Debug\Toolbar\Views\toolbar.tpl.php(105): CodeIgniter\Debug\Toolbar->renderTimeline([...], 1771815155.337958, 7, 120, [])
 4 SYSTEMPATH\Debug\Toolbar.php(533): include('C:\\xampp\\htdocs\\IM\\system\\Debug\\Toolbar\\Views\\toolbar.tpl.php')
 5 SYSTEMPATH\Debug\Toolbar.php(496): CodeIgniter\Debug\Toolbar->format([...], 'html')
 6 APPPATH\Config\Events.php(47): CodeIgniter\Debug\Toolbar->respond()
 7 SYSTEMPATH\Events\Events.php(152): CodeIgniter\Events\Events::Config\{closure}()
 8 SYSTEMPATH\CodeIgniter.php(339): CodeIgniter\Events\Events::trigger('pre_system')
 9 SYSTEMPATH\Boot.php(363): CodeIgniter\CodeIgniter->run()
10 SYSTEMPATH\Boot.php(68): CodeIgniter\Boot::runCodeIgniter(Object(CodeIgniter\CodeIgniter))
11 FCPATH\index.php(59): CodeIgniter\Boot::bootWeb(Object(Config\Paths))
DEBUG - 2026-02-23 10:52:42 --> Session: Class initialized using 'CodeIgniter\Session\Handlers\FileHandler' driver.
CRITICAL - 2026-02-23 10:52:43 --> ErrorException: Trying to access array offset on value of type null
[Method: GET, Route: /]
in SYSTEMPATH\Debug\Toolbar.php on line 217.
 1 SYSTEMPATH\Debug\Toolbar.php(217): CodeIgniter\Debug\Exceptions->errorHandler(2, 'Trying to access array offset on value of type null', 'C:\\xampp\\htdocs\\IM\\system\\Debug\\Toolbar.php', 217)
 2 SYSTEMPATH\Debug\Toolbar.php(200): CodeIgniter\Debug\Toolbar->renderTimelineRecursive([...], 1771815161.776107, 7, 150, [], 0)
 3 SYSTEMPATH\Debug\Toolbar\Views\toolbar.tpl.php(105): CodeIgniter\Debug\Toolbar->renderTimeline([...], 1771815161.776107, 7, 150, [])
 4 SYSTEMPATH\Debug\Toolbar.php(533): include('C:\\xampp\\htdocs\\IM\\system\\Debug\\Toolbar\\Views\\toolbar.tpl.php')
 5 SYSTEMPATH\Debug\Toolbar.php(496): CodeIgniter\Debug\Toolbar->format([...], 'html')
 6 APPPATH\Config\Events.php(47): CodeIgniter\Debug\Toolbar->respond()
 7 SYSTEMPATH\Events\Events.php(152): CodeIgniter\Events\Events::Config\{closure}()
 8 SYSTEMPATH\CodeIgniter.php(339): CodeIgniter\Events\Events::trigger('pre_system')
 9 SYSTEMPATH\Boot.php(363): CodeIgniter\CodeIgniter->run()
10 SYSTEMPATH\Boot.php(68): CodeIgniter\Boot::runCodeIgniter(Object(CodeIgniter\CodeIgniter))
11 FCPATH\index.php(59): CodeIgniter\Boot::bootWeb(Object(Config\Paths))
DEBUG - 2026-02-23 10:53:06 --> Session: Class initialized using 'CodeIgniter\Session\Handlers\FileHandler' driver.
CRITICAL - 2026-02-23 10:53:07 --> ErrorException: Trying to access array offset on value of type null
[Method: GET, Route: /]
in SYSTEMPATH\Debug\Toolbar.php on line 217.
 1 SYSTEMPATH\Debug\Toolbar.php(217): CodeIgniter\Debug\Exceptions->errorHandler(2, 'Trying to access array offset on value of type null', 'C:\\xampp\\htdocs\\IM\\system\\Debug\\Toolbar.php', 217)
 2 SYSTEMPATH\Debug\Toolbar.php(200): CodeIgniter\Debug\Toolbar->renderTimelineRecursive([...], 1771815186.600794, 7, 50, [], 0)
 3 SYSTEMPATH\Debug\Toolbar\Views\toolbar.tpl.php(105): CodeIgniter\Debug\Toolbar->renderTimeline([...], 1771815186.600794, 7, 50, [])
 4 SYSTEMPATH\Debug\Toolbar.php(533): include('C:\\xampp\\htdocs\\IM\\system\\Debug\\Toolbar\\Views\\toolbar.tpl.php')
 5 SYSTEMPATH\Debug\Toolbar.php(496): CodeIgniter\Debug\Toolbar->format([...], 'html')
 6 APPPATH\Config\Events.php(47): CodeIgniter\Debug\Toolbar->respond()
 7 SYSTEMPATH\Events\Events.php(152): CodeIgniter\Events\Events::Config\{closure}()
 8 SYSTEMPATH\CodeIgniter.php(339): CodeIgniter\Events\Events::trigger('pre_system')
 9 SYSTEMPATH\Boot.php(363): CodeIgniter\CodeIgniter->run()
10 SYSTEMPATH\Boot.php(68): CodeIgniter\Boot::runCodeIgniter(Object(CodeIgniter\CodeIgniter))
11 FCPATH\index.php(59): CodeIgniter\Boot::bootWeb(Object(Config\Paths))
DEBUG - 2026-02-23 10:54:06 --> Session: Class initialized using 'CodeIgniter\Session\Handlers\FileHandler' driver.
CRITICAL - 2026-02-23 10:54:06 --> ErrorException: Trying to access array offset on value of type null
[Method: GET, Route: /]
in SYSTEMPATH\Debug\Toolbar.php on line 217.
 1 SYSTEMPATH\Debug\Toolbar.php(217): CodeIgniter\Debug\Exceptions->errorHandler(2, 'Trying to access array offset on value of type null', 'C:\\xampp\\htdocs\\IM\\system\\Debug\\Toolbar.php', 217)
 2 SYSTEMPATH\Debug\Toolbar.php(200): CodeIgniter\Debug\Toolbar->renderTimelineRecursive([...], 1771815246.350553, 6, 15, [], 0)
 3 SYSTEMPATH\Debug\Toolbar\Views\toolbar.tpl.php(105): CodeIgniter\Debug\Toolbar->renderTimeline([...], 1771815246.350553, 6, 15, [])
 4 SYSTEMPATH\Debug\Toolbar.php(533): include('C:\\xampp\\htdocs\\IM\\system\\Debug\\Toolbar\\Views\\toolbar.tpl.php')
 5 SYSTEMPATH\Debug\Toolbar.php(496): CodeIgniter\Debug\Toolbar->format([...], 'html')
 6 APPPATH\Config\Events.php(47): CodeIgniter\Debug\Toolbar->respond()
 7 SYSTEMPATH\Events\Events.php(152): CodeIgniter\Events\Events::Config\{closure}()
 8 SYSTEMPATH\CodeIgniter.php(339): CodeIgniter\Events\Events::trigger('pre_system')
 9 SYSTEMPATH\Boot.php(363): CodeIgniter\CodeIgniter->run()
10 SYSTEMPATH\Boot.php(68): CodeIgniter\Boot::runCodeIgniter(Object(CodeIgniter\CodeIgniter))
11 FCPATH\index.php(59): CodeIgniter\Boot::bootWeb(Object(Config\Paths))
DEBUG - 2026-02-23 10:54:11 --> Session: Class initialized using 'CodeIgniter\Session\Handlers\FileHandler' driver.
CRITICAL - 2026-02-23 10:54:12 --> ErrorException: Trying to access array offset on value of type null
[Method: GET, Route: /]
in SYSTEMPATH\Debug\Toolbar.php on line 217.
 1 SYSTEMPATH\Debug\Toolbar.php(217): CodeIgniter\Debug\Exceptions->errorHandler(2, 'Trying to access array offset on value of type null', 'C:\\xampp\\htdocs\\IM\\system\\Debug\\Toolbar.php', 217)
 2 SYSTEMPATH\Debug\Toolbar.php(200): CodeIgniter\Debug\Toolbar->renderTimelineRecursive([...], 1771815251.454685, 7, 45, [], 0)
 3 SYSTEMPATH\Debug\Toolbar\Views\toolbar.tpl.php(105): CodeIgniter\Debug\Toolbar->renderTimeline([...], 1771815251.454685, 7, 45, [])
 4 SYSTEMPATH\Debug\Toolbar.php(533): include('C:\\xampp\\htdocs\\IM\\system\\Debug\\Toolbar\\Views\\toolbar.tpl.php')
 5 SYSTEMPATH\Debug\Toolbar.php(496): CodeIgniter\Debug\Toolbar->format([...], 'html')
 6 APPPATH\Config\Events.php(47): CodeIgniter\Debug\Toolbar->respond()
 7 SYSTEMPATH\Events\Events.php(152): CodeIgniter\Events\Events::Config\{closure}()
 8 SYSTEMPATH\CodeIgniter.php(339): CodeIgniter\Events\Events::trigger('pre_system')
 9 SYSTEMPATH\Boot.php(363): CodeIgniter\CodeIgniter->run()
10 SYSTEMPATH\Boot.php(68): CodeIgniter\Boot::runCodeIgniter(Object(CodeIgniter\CodeIgniter))
11 FCPATH\index.php(59): CodeIgniter\Boot::bootWeb(Object(Config\Paths))
DEBUG - 2026-02-23 10:54:14 --> Session: Class initialized using 'CodeIgniter\Session\Handlers\FileHandler' driver.
CRITICAL - 2026-02-23 10:54:14 --> ErrorException: Trying to access array offset on value of type null
[Method: GET, Route: /]
in SYSTEMPATH\Debug\Toolbar.php on line 217.
 1 SYSTEMPATH\Debug\Toolbar.php(217): CodeIgniter\Debug\Exceptions->errorHandler(2, 'Trying to access array offset on value of type null', 'C:\\xampp\\htdocs\\IM\\system\\Debug\\Toolbar.php', 217)
 2 SYSTEMPATH\Debug\Toolbar.php(200): CodeIgniter\Debug\Toolbar->renderTimelineRecursive([...], 1771815254.582981, 6, 15, [], 0)
 3 SYSTEMPATH\Debug\Toolbar\Views\toolbar.tpl.php(105): CodeIgniter\Debug\Toolbar->renderTimeline([...], 1771815254.582981, 6, 15, [])
 4 SYSTEMPATH\Debug\Toolbar.php(533): include('C:\\xampp\\htdocs\\IM\\system\\Debug\\Toolbar\\Views\\toolbar.tpl.php')
 5 SYSTEMPATH\Debug\Toolbar.php(496): CodeIgniter\Debug\Toolbar->format([...], 'html')
 6 APPPATH\Config\Events.php(47): CodeIgniter\Debug\Toolbar->respond()
 7 SYSTEMPATH\Events\Events.php(152): CodeIgniter\Events\Events::Config\{closure}()
 8 SYSTEMPATH\CodeIgniter.php(339): CodeIgniter\Events\Events::trigger('pre_system')
 9 SYSTEMPATH\Boot.php(363): CodeIgniter\CodeIgniter->run()
10 SYSTEMPATH\Boot.php(68): CodeIgniter\Boot::runCodeIgniter(Object(CodeIgniter\CodeIgniter))
11 FCPATH\index.php(59): CodeIgniter\Boot::bootWeb(Object(Config\Paths))
DEBUG - 2026-02-23 10:54:15 --> Session: Class initialized using 'CodeIgniter\Session\Handlers\FileHandler' driver.
CRITICAL - 2026-02-23 10:54:17 --> ErrorException: Trying to access array offset on value of type null
[Method: GET, Route: /]
in SYSTEMPATH\Debug\Toolbar.php on line 217.
 1 SYSTEMPATH\Debug\Toolbar.php(217): CodeIgniter\Debug\Exceptions->errorHandler(2, 'Trying to access array offset on value of type null', 'C:\\xampp\\htdocs\\IM\\system\\Debug\\Toolbar.php', 217)
 2 SYSTEMPATH\Debug\Toolbar.php(200): CodeIgniter\Debug\Toolbar->renderTimelineRecursive([...], 1771815255.911763, 7, 35, [], 0)
 3 SYSTEMPATH\Debug\Toolbar\Views\toolbar.tpl.php(105): CodeIgniter\Debug\Toolbar->renderTimeline([...], 1771815255.911763, 7, 35, [])
 4 SYSTEMPATH\Debug\Toolbar.php(533): include('C:\\xampp\\htdocs\\IM\\system\\Debug\\Toolbar\\Views\\toolbar.tpl.php')
 5 SYSTEMPATH\Debug\Toolbar.php(496): CodeIgniter\Debug\Toolbar->format([...], 'html')
 6 APPPATH\Config\Events.php(47): CodeIgniter\Debug\Toolbar->respond()
 7 SYSTEMPATH\Events\Events.php(152): CodeIgniter\Events\Events::Config\{closure}()
 8 SYSTEMPATH\CodeIgniter.php(339): CodeIgniter\Events\Events::trigger('pre_system')
 9 SYSTEMPATH\Boot.php(363): CodeIgniter\CodeIgniter->run()
10 SYSTEMPATH\Boot.php(68): CodeIgniter\Boot::runCodeIgniter(Object(CodeIgniter\CodeIgniter))
11 FCPATH\index.php(59): CodeIgniter\Boot::bootWeb(Object(Config\Paths))
DEBUG - 2026-02-23 10:54:39 --> Session: Class initialized using 'CodeIgniter\Session\Handlers\FileHandler' driver.
CRITICAL - 2026-02-23 10:54:39 --> ErrorException: Trying to access array offset on value of type null
[Method: GET, Route: /]
in SYSTEMPATH\Debug\Toolbar.php on line 217.
 1 SYSTEMPATH\Debug\Toolbar.php(217): CodeIgniter\Debug\Exceptions->errorHandler(2, 'Trying to access array offset on value of type null', 'C:\\xampp\\htdocs\\IM\\system\\Debug\\Toolbar.php', 217)
 2 SYSTEMPATH\Debug\Toolbar.php(200): CodeIgniter\Debug\Toolbar->renderTimelineRecursive([...], 1771815279.43497, 7, 40, [], 0)
 3 SYSTEMPATH\Debug\Toolbar\Views\toolbar.tpl.php(105): CodeIgniter\Debug\Toolbar->renderTimeline([...], 1771815279.43497, 7, 40, [])
 4 SYSTEMPATH\Debug\Toolbar.php(533): include('C:\\xampp\\htdocs\\IM\\system\\Debug\\Toolbar\\Views\\toolbar.tpl.php')
 5 SYSTEMPATH\Debug\Toolbar.php(496): CodeIgniter\Debug\Toolbar->format([...], 'html')
 6 APPPATH\Config\Events.php(47): CodeIgniter\Debug\Toolbar->respond()
 7 SYSTEMPATH\Events\Events.php(152): CodeIgniter\Events\Events::Config\{closure}()
 8 SYSTEMPATH\CodeIgniter.php(339): CodeIgniter\Events\Events::trigger('pre_system')
 9 SYSTEMPATH\Boot.php(363): CodeIgniter\CodeIgniter->run()
10 SYSTEMPATH\Boot.php(68): CodeIgniter\Boot::runCodeIgniter(Object(CodeIgniter\CodeIgniter))
11 FCPATH\index.php(59): CodeIgniter\Boot::bootWeb(Object(Config\Paths))
DEBUG - 2026-02-23 10:54:53 --> Session: Class initialized using 'CodeIgniter\Session\Handlers\FileHandler' driver.
DEBUG - 2026-02-23 10:54:54 --> Session: Class initialized using 'CodeIgniter\Session\Handlers\FileHandler' driver.
CRITICAL - 2026-02-23 10:54:54 --> ErrorException: Trying to access array offset on value of type null
[Method: GET, Route: /]
in SYSTEMPATH\Debug\Toolbar.php on line 217.
 1 SYSTEMPATH\Debug\Toolbar.php(217): CodeIgniter\Debug\Exceptions->errorHandler(2, 'Trying to access array offset on value of type null', 'C:\\xampp\\htdocs\\IM\\system\\Debug\\Toolbar.php', 217)
 2 SYSTEMPATH\Debug\Toolbar.php(200): CodeIgniter\Debug\Toolbar->renderTimelineRecursive([...], 1771815294.465606, 7, 30, [], 0)
 3 SYSTEMPATH\Debug\Toolbar\Views\toolbar.tpl.php(105): CodeIgniter\Debug\Toolbar->renderTimeline([...], 1771815294.465606, 7, 30, [])
 4 SYSTEMPATH\Debug\Toolbar.php(533): include('C:\\xampp\\htdocs\\IM\\system\\Debug\\Toolbar\\Views\\toolbar.tpl.php')
 5 SYSTEMPATH\Debug\Toolbar.php(496): CodeIgniter\Debug\Toolbar->format([...], 'html')
 6 APPPATH\Config\Events.php(47): CodeIgniter\Debug\Toolbar->respond()
 7 SYSTEMPATH\Events\Events.php(152): CodeIgniter\Events\Events::Config\{closure}()
 8 SYSTEMPATH\CodeIgniter.php(339): CodeIgniter\Events\Events::trigger('pre_system')
 9 SYSTEMPATH\Boot.php(363): CodeIgniter\CodeIgniter->run()
10 SYSTEMPATH\Boot.php(68): CodeIgniter\Boot::runCodeIgniter(Object(CodeIgniter\CodeIgniter))
11 FCPATH\index.php(59): CodeIgniter\Boot::bootWeb(Object(Config\Paths))
DEBUG - 2026-02-23 10:54:58 --> Session: Class initialized using 'CodeIgniter\Session\Handlers\FileHandler' driver.
CRITICAL - 2026-02-23 10:54:59 --> ErrorException: Trying to access array offset on value of type null
[Method: GET, Route: /]
in SYSTEMPATH\Debug\Toolbar.php on line 217.
 1 SYSTEMPATH\Debug\Toolbar.php(217): CodeIgniter\Debug\Exceptions->errorHandler(2, 'Trying to access array offset on value of type null', 'C:\\xampp\\htdocs\\IM\\system\\Debug\\Toolbar.php', 217)
 2 SYSTEMPATH\Debug\Toolbar.php(200): CodeIgniter\Debug\Toolbar->renderTimelineRecursive([...], 1771815298.890358, 6, 15, [], 0)
 3 SYSTEMPATH\Debug\Toolbar\Views\toolbar.tpl.php(105): CodeIgniter\Debug\Toolbar->renderTimeline([...], 1771815298.890358, 6, 15, [])
 4 SYSTEMPATH\Debug\Toolbar.php(533): include('C:\\xampp\\htdocs\\IM\\system\\Debug\\Toolbar\\Views\\toolbar.tpl.php')
 5 SYSTEMPATH\Debug\Toolbar.php(496): CodeIgniter\Debug\Toolbar->format([...], 'html')
 6 APPPATH\Config\Events.php(47): CodeIgniter\Debug\Toolbar->respond()
 7 SYSTEMPATH\Events\Events.php(152): CodeIgniter\Events\Events::Config\{closure}()
 8 SYSTEMPATH\CodeIgniter.php(339): CodeIgniter\Events\Events::trigger('pre_system')
 9 SYSTEMPATH\Boot.php(363): CodeIgniter\CodeIgniter->run()
10 SYSTEMPATH\Boot.php(68): CodeIgniter\Boot::runCodeIgniter(Object(CodeIgniter\CodeIgniter))
11 FCPATH\index.php(59): CodeIgniter\Boot::bootWeb(Object(Config\Paths))
DEBUG - 2026-02-23 10:55:00 --> Session: Class initialized using 'CodeIgniter\Session\Handlers\FileHandler' driver.
CRITICAL - 2026-02-23 10:55:00 --> ErrorException: Trying to access array offset on value of type null
[Method: GET, Route: /]
in SYSTEMPATH\Debug\Toolbar.php on line 217.
 1 SYSTEMPATH\Debug\Toolbar.php(217): CodeIgniter\Debug\Exceptions->errorHandler(2, 'Trying to access array offset on value of type null', 'C:\\xampp\\htdocs\\IM\\system\\Debug\\Toolbar.php', 217)
 2 SYSTEMPATH\Debug\Toolbar.php(200): CodeIgniter\Debug\Toolbar->renderTimelineRecursive([...], 1771815300.497838, 7, 15, [], 0)
 3 SYSTEMPATH\Debug\Toolbar\Views\toolbar.tpl.php(105): CodeIgniter\Debug\Toolbar->renderTimeline([...], 1771815300.497838, 7, 15, [])
 4 SYSTEMPATH\Debug\Toolbar.php(533): include('C:\\xampp\\htdocs\\IM\\system\\Debug\\Toolbar\\Views\\toolbar.tpl.php')
 5 SYSTEMPATH\Debug\Toolbar.php(496): CodeIgniter\Debug\Toolbar->format([...], 'html')
 6 APPPATH\Config\Events.php(47): CodeIgniter\Debug\Toolbar->respond()
 7 SYSTEMPATH\Events\Events.php(152): CodeIgniter\Events\Events::Config\{closure}()
 8 SYSTEMPATH\CodeIgniter.php(339): CodeIgniter\Events\Events::trigger('pre_system')
 9 SYSTEMPATH\Boot.php(363): CodeIgniter\CodeIgniter->run()
10 SYSTEMPATH\Boot.php(68): CodeIgniter\Boot::runCodeIgniter(Object(CodeIgniter\CodeIgniter))
11 FCPATH\index.php(59): CodeIgniter\Boot::bootWeb(Object(Config\Paths))
DEBUG - 2026-02-23 10:55:18 --> Session: Class initialized using 'CodeIgniter\Session\Handlers\FileHandler' driver.
CRITICAL - 2026-02-23 10:55:18 --> ErrorException: Trying to access array offset on value of type null
[Method: GET, Route: /]
in SYSTEMPATH\Debug\Toolbar.php on line 217.
 1 SYSTEMPATH\Debug\Toolbar.php(217): CodeIgniter\Debug\Exceptions->errorHandler(2, 'Trying to access array offset on value of type null', 'C:\\xampp\\htdocs\\IM\\system\\Debug\\Toolbar.php', 217)
 2 SYSTEMPATH\Debug\Toolbar.php(200): CodeIgniter\Debug\Toolbar->renderTimelineRecursive([...], 1771815318.655955, 6, 15, [], 0)
 3 SYSTEMPATH\Debug\Toolbar\Views\toolbar.tpl.php(105): CodeIgniter\Debug\Toolbar->renderTimeline([...], 1771815318.655955, 6, 15, [])
 4 SYSTEMPATH\Debug\Toolbar.php(533): include('C:\\xampp\\htdocs\\IM\\system\\Debug\\Toolbar\\Views\\toolbar.tpl.php')
 5 SYSTEMPATH\Debug\Toolbar.php(496): CodeIgniter\Debug\Toolbar->format([...], 'html')
 6 APPPATH\Config\Events.php(47): CodeIgniter\Debug\Toolbar->respond()
 7 SYSTEMPATH\Events\Events.php(152): CodeIgniter\Events\Events::Config\{closure}()
 8 SYSTEMPATH\CodeIgniter.php(339): CodeIgniter\Events\Events::trigger('pre_system')
 9 SYSTEMPATH\Boot.php(363): CodeIgniter\CodeIgniter->run()
10 SYSTEMPATH\Boot.php(68): CodeIgniter\Boot::runCodeIgniter(Object(CodeIgniter\CodeIgniter))
11 FCPATH\index.php(59): CodeIgniter\Boot::bootWeb(Object(Config\Paths))
DEBUG - 2026-02-23 11:02:11 --> Session: Class initialized using 'CodeIgniter\Session\Handlers\FileHandler' driver.
CRITICAL - 2026-02-23 11:02:11 --> ErrorException: Trying to access array offset on value of type null
[Method: GET, Route: /]
in SYSTEMPATH\Debug\Toolbar.php on line 217.
 1 SYSTEMPATH\Debug\Toolbar.php(217): CodeIgniter\Debug\Exceptions->errorHandler(2, 'Trying to access array offset on value of type null', 'C:\\xampp\\htdocs\\IM\\system\\Debug\\Toolbar.php', 217)
 2 SYSTEMPATH\Debug\Toolbar.php(200): CodeIgniter\Debug\Toolbar->renderTimelineRecursive([...], 1771815731.249761, 7, 30, [], 0)
 3 SYSTEMPATH\Debug\Toolbar\Views\toolbar.tpl.php(105): CodeIgniter\Debug\Toolbar->renderTimeline([...], 1771815731.249761, 7, 30, [])
 4 SYSTEMPATH\Debug\Toolbar.php(533): include('C:\\xampp\\htdocs\\IM\\system\\Debug\\Toolbar\\Views\\toolbar.tpl.php')
 5 SYSTEMPATH\Debug\Toolbar.php(496): CodeIgniter\Debug\Toolbar->format([...], 'html')
 6 APPPATH\Config\Events.php(47): CodeIgniter\Debug\Toolbar->respond()
 7 SYSTEMPATH\Events\Events.php(152): CodeIgniter\Events\Events::Config\{closure}()
 8 SYSTEMPATH\CodeIgniter.php(339): CodeIgniter\Events\Events::trigger('pre_system')
 9 SYSTEMPATH\Boot.php(363): CodeIgniter\CodeIgniter->run()
10 SYSTEMPATH\Boot.php(68): CodeIgniter\Boot::runCodeIgniter(Object(CodeIgniter\CodeIgniter))
11 FCPATH\index.php(59): CodeIgniter\Boot::bootWeb(Object(Config\Paths))
DEBUG - 2026-02-23 11:03:54 --> Session: Class initialized using 'CodeIgniter\Session\Handlers\FileHandler' driver.
CRITICAL - 2026-02-23 11:03:55 --> ErrorException: Trying to access array offset on value of type null
[Method: GET, Route: /]
in SYSTEMPATH\Debug\Toolbar.php on line 217.
 1 SYSTEMPATH\Debug\Toolbar.php(217): CodeIgniter\Debug\Exceptions->errorHandler(2, 'Trying to access array offset on value of type null', 'C:\\xampp\\htdocs\\IM\\system\\Debug\\Toolbar.php', 217)
 2 SYSTEMPATH\Debug\Toolbar.php(200): CodeIgniter\Debug\Toolbar->renderTimelineRecursive([...], 1771815834.759001, 7, 35, [], 0)
 3 SYSTEMPATH\Debug\Toolbar\Views\toolbar.tpl.php(105): CodeIgniter\Debug\Toolbar->renderTimeline([...], 1771815834.759001, 7, 35, [])
 4 SYSTEMPATH\Debug\Toolbar.php(533): include('C:\\xampp\\htdocs\\IM\\system\\Debug\\Toolbar\\Views\\toolbar.tpl.php')
 5 SYSTEMPATH\Debug\Toolbar.php(496): CodeIgniter\Debug\Toolbar->format([...], 'html')
 6 APPPATH\Config\Events.php(47): CodeIgniter\Debug\Toolbar->respond()
 7 SYSTEMPATH\Events\Events.php(152): CodeIgniter\Events\Events::Config\{closure}()
 8 SYSTEMPATH\CodeIgniter.php(339): CodeIgniter\Events\Events::trigger('pre_system')
 9 SYSTEMPATH\Boot.php(363): CodeIgniter\CodeIgniter->run()
10 SYSTEMPATH\Boot.php(68): CodeIgniter\Boot::runCodeIgniter(Object(CodeIgniter\CodeIgniter))
11 FCPATH\index.php(59): CodeIgniter\Boot::bootWeb(Object(Config\Paths))
DEBUG - 2026-02-23 11:06:54 --> Session: Class initialized using 'CodeIgniter\Session\Handlers\FileHandler' driver.
CRITICAL - 2026-02-23 11:06:55 --> ErrorException: Trying to access array offset on value of type null
[Method: GET, Route: /]
in SYSTEMPATH\Debug\Toolbar.php on line 217.
 1 SYSTEMPATH\Debug\Toolbar.php(217): CodeIgniter\Debug\Exceptions->errorHandler(2, 'Trying to access array offset on value of type null', 'C:\\xampp\\htdocs\\IM\\system\\Debug\\Toolbar.php', 217)
 2 SYSTEMPATH\Debug\Toolbar.php(200): CodeIgniter\Debug\Toolbar->renderTimelineRecursive([...], 1771816014.831546, 6, 20, [], 0)
 3 SYSTEMPATH\Debug\Toolbar\Views\toolbar.tpl.php(105): CodeIgniter\Debug\Toolbar->renderTimeline([...], 1771816014.831546, 6, 20, [])
 4 SYSTEMPATH\Debug\Toolbar.php(533): include('C:\\xampp\\htdocs\\IM\\system\\Debug\\Toolbar\\Views\\toolbar.tpl.php')
 5 SYSTEMPATH\Debug\Toolbar.php(496): CodeIgniter\Debug\Toolbar->format([...], 'html')
 6 APPPATH\Config\Events.php(47): CodeIgniter\Debug\Toolbar->respond()
 7 SYSTEMPATH\Events\Events.php(152): CodeIgniter\Events\Events::Config\{closure}()
 8 SYSTEMPATH\CodeIgniter.php(339): CodeIgniter\Events\Events::trigger('pre_system')
 9 SYSTEMPATH\Boot.php(363): CodeIgniter\CodeIgniter->run()
10 SYSTEMPATH\Boot.php(68): CodeIgniter\Boot::runCodeIgniter(Object(CodeIgniter\CodeIgniter))
11 FCPATH\index.php(59): CodeIgniter\Boot::bootWeb(Object(Config\Paths))
DEBUG - 2026-02-23 11:07:01 --> Session: Class initialized using 'CodeIgniter\Session\Handlers\FileHandler' driver.
CRITICAL - 2026-02-23 11:07:01 --> ErrorException: Trying to access array offset on value of type null
[Method: GET, Route: /]
in SYSTEMPATH\Debug\Toolbar.php on line 217.
 1 SYSTEMPATH\Debug\Toolbar.php(217): CodeIgniter\Debug\Exceptions->errorHandler(2, 'Trying to access array offset on value of type null', 'C:\\xampp\\htdocs\\IM\\system\\Debug\\Toolbar.php', 217)
 2 SYSTEMPATH\Debug\Toolbar.php(200): CodeIgniter\Debug\Toolbar->renderTimelineRecursive([...], 1771816021.141973, 6, 15, [], 0)
 3 SYSTEMPATH\Debug\Toolbar\Views\toolbar.tpl.php(105): CodeIgniter\Debug\Toolbar->renderTimeline([...], 1771816021.141973, 6, 15, [])
 4 SYSTEMPATH\Debug\Toolbar.php(533): include('C:\\xampp\\htdocs\\IM\\system\\Debug\\Toolbar\\Views\\toolbar.tpl.php')
 5 SYSTEMPATH\Debug\Toolbar.php(496): CodeIgniter\Debug\Toolbar->format([...], 'html')
 6 APPPATH\Config\Events.php(47): CodeIgniter\Debug\Toolbar->respond()
 7 SYSTEMPATH\Events\Events.php(152): CodeIgniter\Events\Events::Config\{closure}()
 8 SYSTEMPATH\CodeIgniter.php(339): CodeIgniter\Events\Events::trigger('pre_system')
 9 SYSTEMPATH\Boot.php(363): CodeIgniter\CodeIgniter->run()
10 SYSTEMPATH\Boot.php(68): CodeIgniter\Boot::runCodeIgniter(Object(CodeIgniter\CodeIgniter))
11 FCPATH\index.php(59): CodeIgniter\Boot::bootWeb(Object(Config\Paths))
DEBUG - 2026-02-23 11:09:25 --> Session: Class initialized using 'CodeIgniter\Session\Handlers\FileHandler' driver.
CRITICAL - 2026-02-23 11:09:25 --> ErrorException: Trying to access array offset on value of type null
[Method: GET, Route: /]
in SYSTEMPATH\Debug\Toolbar.php on line 217.
 1 SYSTEMPATH\Debug\Toolbar.php(217): CodeIgniter\Debug\Exceptions->errorHandler(2, 'Trying to access array offset on value of type null', 'C:\\xampp\\htdocs\\IM\\system\\Debug\\Toolbar.php', 217)
 2 SYSTEMPATH\Debug\Toolbar.php(200): CodeIgniter\Debug\Toolbar->renderTimelineRecursive([...], 1771816165.268458, 7, 35, [], 0)
 3 SYSTEMPATH\Debug\Toolbar\Views\toolbar.tpl.php(105): CodeIgniter\Debug\Toolbar->renderTimeline([...], 1771816165.268458, 7, 35, [])
 4 SYSTEMPATH\Debug\Toolbar.php(533): include('C:\\xampp\\htdocs\\IM\\system\\Debug\\Toolbar\\Views\\toolbar.tpl.php')
 5 SYSTEMPATH\Debug\Toolbar.php(496): CodeIgniter\Debug\Toolbar->format([...], 'html')
 6 APPPATH\Config\Events.php(47): CodeIgniter\Debug\Toolbar->respond()
 7 SYSTEMPATH\Events\Events.php(152): CodeIgniter\Events\Events::Config\{closure}()
 8 SYSTEMPATH\CodeIgniter.php(339): CodeIgniter\Events\Events::trigger('pre_system')
 9 SYSTEMPATH\Boot.php(363): CodeIgniter\CodeIgniter->run()
10 SYSTEMPATH\Boot.php(68): CodeIgniter\Boot::runCodeIgniter(Object(CodeIgniter\CodeIgniter))
11 FCPATH\index.php(59): CodeIgniter\Boot::bootWeb(Object(Config\Paths))
DEBUG - 2026-02-23 11:22:12 --> Session: Class initialized using 'CodeIgniter\Session\Handlers\FileHandler' driver.
CRITICAL - 2026-02-23 11:22:13 --> ErrorException: Trying to access array offset on value of type null
[Method: GET, Route: /]
in SYSTEMPATH\Debug\Toolbar.php on line 217.
 1 SYSTEMPATH\Debug\Toolbar.php(217): CodeIgniter\Debug\Exceptions->errorHandler(2, 'Trying to access array offset on value of type null', 'C:\\xampp\\htdocs\\IM\\system\\Debug\\Toolbar.php', 217)
 2 SYSTEMPATH\Debug\Toolbar.php(200): CodeIgniter\Debug\Toolbar->renderTimelineRecursive([...], 1771816932.821586, 7, 45, [], 0)
 3 SYSTEMPATH\Debug\Toolbar\Views\toolbar.tpl.php(105): CodeIgniter\Debug\Toolbar->renderTimeline([...], 1771816932.821586, 7, 45, [])
 4 SYSTEMPATH\Debug\Toolbar.php(533): include('C:\\xampp\\htdocs\\IM\\system\\Debug\\Toolbar\\Views\\toolbar.tpl.php')
 5 SYSTEMPATH\Debug\Toolbar.php(496): CodeIgniter\Debug\Toolbar->format([...], 'html')
 6 APPPATH\Config\Events.php(47): CodeIgniter\Debug\Toolbar->respond()
 7 SYSTEMPATH\Events\Events.php(152): CodeIgniter\Events\Events::Config\{closure}()
 8 SYSTEMPATH\CodeIgniter.php(339): CodeIgniter\Events\Events::trigger('pre_system')
 9 SYSTEMPATH\Boot.php(363): CodeIgniter\CodeIgniter->run()
10 SYSTEMPATH\Boot.php(68): CodeIgniter\Boot::runCodeIgniter(Object(CodeIgniter\CodeIgniter))
11 FCPATH\index.php(59): CodeIgniter\Boot::bootWeb(Object(Config\Paths))
DEBUG - 2026-02-23 11:53:30 --> Session: Class initialized using 'CodeIgniter\Session\Handlers\FileHandler' driver.
DEBUG - 2026-02-23 11:53:30 --> Session: Class initialized using 'CodeIgniter\Session\Handlers\FileHandler' driver.
CRITICAL - 2026-02-23 11:53:31 --> ErrorException: Trying to access array offset on value of type null
[Method: GET, Route: /]
in SYSTEMPATH\Debug\Toolbar.php on line 217.
 1 SYSTEMPATH\Debug\Toolbar.php(217): CodeIgniter\Debug\Exceptions->errorHandler(2, 'Trying to access array offset on value of type null', 'C:\\xampp\\htdocs\\IM\\system\\Debug\\Toolbar.php', 217)
 2 SYSTEMPATH\Debug\Toolbar.php(200): CodeIgniter\Debug\Toolbar->renderTimelineRecursive([...], 1771818810.94562, 6, 10, [], 0)
 3 SYSTEMPATH\Debug\Toolbar\Views\toolbar.tpl.php(105): CodeIgniter\Debug\Toolbar->renderTimeline([...], 1771818810.94562, 6, 10, [])
 4 SYSTEMPATH\Debug\Toolbar.php(533): include('C:\\xampp\\htdocs\\IM\\system\\Debug\\Toolbar\\Views\\toolbar.tpl.php')
 5 SYSTEMPATH\Debug\Toolbar.php(496): CodeIgniter\Debug\Toolbar->format([...], 'html')
 6 APPPATH\Config\Events.php(47): CodeIgniter\Debug\Toolbar->respond()
 7 SYSTEMPATH\Events\Events.php(152): CodeIgniter\Events\Events::Config\{closure}()
 8 SYSTEMPATH\CodeIgniter.php(339): CodeIgniter\Events\Events::trigger('pre_system')
 9 SYSTEMPATH\Boot.php(363): CodeIgniter\CodeIgniter->run()
10 SYSTEMPATH\Boot.php(68): CodeIgniter\Boot::runCodeIgniter(Object(CodeIgniter\CodeIgniter))
11 FCPATH\index.php(59): CodeIgniter\Boot::bootWeb(Object(Config\Paths))
DEBUG - 2026-02-23 11:53:46 --> Session: Class initialized using 'CodeIgniter\Session\Handlers\FileHandler' driver.
CRITICAL - 2026-02-23 11:53:47 --> ErrorException: Trying to access array offset on value of type null
[Method: GET, Route: /]
in SYSTEMPATH\Debug\Toolbar.php on line 217.
 1 SYSTEMPATH\Debug\Toolbar.php(217): CodeIgniter\Debug\Exceptions->errorHandler(2, 'Trying to access array offset on value of type null', 'C:\\xampp\\htdocs\\IM\\system\\Debug\\Toolbar.php', 217)
 2 SYSTEMPATH\Debug\Toolbar.php(200): CodeIgniter\Debug\Toolbar->renderTimelineRecursive([...], 1771818826.757069, 6, 15, [], 0)
 3 SYSTEMPATH\Debug\Toolbar\Views\toolbar.tpl.php(105): CodeIgniter\Debug\Toolbar->renderTimeline([...], 1771818826.757069, 6, 15, [])
 4 SYSTEMPATH\Debug\Toolbar.php(533): include('C:\\xampp\\htdocs\\IM\\system\\Debug\\Toolbar\\Views\\toolbar.tpl.php')
 5 SYSTEMPATH\Debug\Toolbar.php(496): CodeIgniter\Debug\Toolbar->format([...], 'html')
 6 APPPATH\Config\Events.php(47): CodeIgniter\Debug\Toolbar->respond()
 7 SYSTEMPATH\Events\Events.php(152): CodeIgniter\Events\Events::Config\{closure}()
 8 SYSTEMPATH\CodeIgniter.php(339): CodeIgniter\Events\Events::trigger('pre_system')
 9 SYSTEMPATH\Boot.php(363): CodeIgniter\CodeIgniter->run()
10 SYSTEMPATH\Boot.php(68): CodeIgniter\Boot::runCodeIgniter(Object(CodeIgniter\CodeIgniter))
11 FCPATH\index.php(59): CodeIgniter\Boot::bootWeb(Object(Config\Paths))
DEBUG - 2026-02-23 11:53:51 --> Session: Class initialized using 'CodeIgniter\Session\Handlers\FileHandler' driver.
DEBUG - 2026-02-23 11:53:51 --> Session: Class initialized using 'CodeIgniter\Session\Handlers\FileHandler' driver.
CRITICAL - 2026-02-23 11:53:51 --> ErrorException: Trying to access array offset on value of type null
[Method: GET, Route: /]
in SYSTEMPATH\Debug\Toolbar.php on line 217.
 1 SYSTEMPATH\Debug\Toolbar.php(217): CodeIgniter\Debug\Exceptions->errorHandler(2, 'Trying to access array offset on value of type null', 'C:\\xampp\\htdocs\\IM\\system\\Debug\\Toolbar.php', 217)
 2 SYSTEMPATH\Debug\Toolbar.php(200): CodeIgniter\Debug\Toolbar->renderTimelineRecursive([...], 1771818831.671444, 5, 10, [], 0)
 3 SYSTEMPATH\Debug\Toolbar\Views\toolbar.tpl.php(105): CodeIgniter\Debug\Toolbar->renderTimeline([...], 1771818831.671444, 5, 10, [])
 4 SYSTEMPATH\Debug\Toolbar.php(533): include('C:\\xampp\\htdocs\\IM\\system\\Debug\\Toolbar\\Views\\toolbar.tpl.php')
 5 SYSTEMPATH\Debug\Toolbar.php(496): CodeIgniter\Debug\Toolbar->format([...], 'html')
 6 APPPATH\Config\Events.php(47): CodeIgniter\Debug\Toolbar->respond()
 7 SYSTEMPATH\Events\Events.php(152): CodeIgniter\Events\Events::Config\{closure}()
 8 SYSTEMPATH\CodeIgniter.php(339): CodeIgniter\Events\Events::trigger('pre_system')
 9 SYSTEMPATH\Boot.php(363): CodeIgniter\CodeIgniter->run()
10 SYSTEMPATH\Boot.php(68): CodeIgniter\Boot::runCodeIgniter(Object(CodeIgniter\CodeIgniter))
11 FCPATH\index.php(59): CodeIgniter\Boot::bootWeb(Object(Config\Paths))
DEBUG - 2026-02-23 11:53:59 --> Session: Class initialized using 'CodeIgniter\Session\Handlers\FileHandler' driver.
CRITICAL - 2026-02-23 11:53:59 --> ErrorException: Trying to access array offset on value of type null
[Method: GET, Route: /]
in SYSTEMPATH\Debug\Toolbar.php on line 217.
 1 SYSTEMPATH\Debug\Toolbar.php(217): CodeIgniter\Debug\Exceptions->errorHandler(2, 'Trying to access array offset on value of type null', 'C:\\xampp\\htdocs\\IM\\system\\Debug\\Toolbar.php', 217)
 2 SYSTEMPATH\Debug\Toolbar.php(200): CodeIgniter\Debug\Toolbar->renderTimelineRecursive([...], 1771818839.613182, 6, 15, [], 0)
 3 SYSTEMPATH\Debug\Toolbar\Views\toolbar.tpl.php(105): CodeIgniter\Debug\Toolbar->renderTimeline([...], 1771818839.613182, 6, 15, [])
 4 SYSTEMPATH\Debug\Toolbar.php(533): include('C:\\xampp\\htdocs\\IM\\system\\Debug\\Toolbar\\Views\\toolbar.tpl.php')
 5 SYSTEMPATH\Debug\Toolbar.php(496): CodeIgniter\Debug\Toolbar->format([...], 'html')
 6 APPPATH\Config\Events.php(47): CodeIgniter\Debug\Toolbar->respond()
 7 SYSTEMPATH\Events\Events.php(152): CodeIgniter\Events\Events::Config\{closure}()
 8 SYSTEMPATH\CodeIgniter.php(339): CodeIgniter\Events\Events::trigger('pre_system')
 9 SYSTEMPATH\Boot.php(363): CodeIgniter\CodeIgniter->run()
10 SYSTEMPATH\Boot.php(68): CodeIgniter\Boot::runCodeIgniter(Object(CodeIgniter\CodeIgniter))
11 FCPATH\index.php(59): CodeIgniter\Boot::bootWeb(Object(Config\Paths))
DEBUG - 2026-02-23 11:54:53 --> Session: Class initialized using 'CodeIgniter\Session\Handlers\FileHandler' driver.
CRITICAL - 2026-02-23 11:54:53 --> ErrorException: Trying to access array offset on value of type null
[Method: GET, Route: /]
in SYSTEMPATH\Debug\Toolbar.php on line 217.
 1 SYSTEMPATH\Debug\Toolbar.php(217): CodeIgniter\Debug\Exceptions->errorHandler(2, 'Trying to access array offset on value of type null', 'C:\\xampp\\htdocs\\IM\\system\\Debug\\Toolbar.php', 217)
 2 SYSTEMPATH\Debug\Toolbar.php(200): CodeIgniter\Debug\Toolbar->renderTimelineRecursive([...], 1771818893.644563, 6, 10, [], 0)
 3 SYSTEMPATH\Debug\Toolbar\Views\toolbar.tpl.php(105): CodeIgniter\Debug\Toolbar->renderTimeline([...], 1771818893.644563, 6, 10, [])
 4 SYSTEMPATH\Debug\Toolbar.php(533): include('C:\\xampp\\htdocs\\IM\\system\\Debug\\Toolbar\\Views\\toolbar.tpl.php')
 5 SYSTEMPATH\Debug\Toolbar.php(496): CodeIgniter\Debug\Toolbar->format([...], 'html')
 6 APPPATH\Config\Events.php(47): CodeIgniter\Debug\Toolbar->respond()
 7 SYSTEMPATH\Events\Events.php(152): CodeIgniter\Events\Events::Config\{closure}()
 8 SYSTEMPATH\CodeIgniter.php(339): CodeIgniter\Events\Events::trigger('pre_system')
 9 SYSTEMPATH\Boot.php(363): CodeIgniter\CodeIgniter->run()
10 SYSTEMPATH\Boot.php(68): CodeIgniter\Boot::runCodeIgniter(Object(CodeIgniter\CodeIgniter))
11 FCPATH\index.php(59): CodeIgniter\Boot::bootWeb(Object(Config\Paths))
DEBUG - 2026-02-23 11:54:54 --> Session: Class initialized using 'CodeIgniter\Session\Handlers\FileHandler' driver.
DEBUG - 2026-02-23 11:54:55 --> Session: Class initialized using 'CodeIgniter\Session\Handlers\FileHandler' driver.
CRITICAL - 2026-02-23 11:54:55 --> ErrorException: Trying to access array offset on value of type null
[Method: GET, Route: /]
in SYSTEMPATH\Debug\Toolbar.php on line 217.
 1 SYSTEMPATH\Debug\Toolbar.php(217): CodeIgniter\Debug\Exceptions->errorHandler(2, 'Trying to access array offset on value of type null', 'C:\\xampp\\htdocs\\IM\\system\\Debug\\Toolbar.php', 217)
 2 SYSTEMPATH\Debug\Toolbar.php(200): CodeIgniter\Debug\Toolbar->renderTimelineRecursive([...], 1771818895.031295, 7, 10, [], 0)
 3 SYSTEMPATH\Debug\Toolbar\Views\toolbar.tpl.php(105): CodeIgniter\Debug\Toolbar->renderTimeline([...], 1771818895.031295, 7, 10, [])
 4 SYSTEMPATH\Debug\Toolbar.php(533): include('C:\\xampp\\htdocs\\IM\\system\\Debug\\Toolbar\\Views\\toolbar.tpl.php')
 5 SYSTEMPATH\Debug\Toolbar.php(496): CodeIgniter\Debug\Toolbar->format([...], 'html')
 6 APPPATH\Config\Events.php(47): CodeIgniter\Debug\Toolbar->respond()
 7 SYSTEMPATH\Events\Events.php(152): CodeIgniter\Events\Events::Config\{closure}()
 8 SYSTEMPATH\CodeIgniter.php(339): CodeIgniter\Events\Events::trigger('pre_system')
 9 SYSTEMPATH\Boot.php(363): CodeIgniter\CodeIgniter->run()
10 SYSTEMPATH\Boot.php(68): CodeIgniter\Boot::runCodeIgniter(Object(CodeIgniter\CodeIgniter))
11 FCPATH\index.php(59): CodeIgniter\Boot::bootWeb(Object(Config\Paths))
DEBUG - 2026-02-23 11:54:59 --> Session: Class initialized using 'CodeIgniter\Session\Handlers\FileHandler' driver.
CRITICAL - 2026-02-23 11:54:59 --> ErrorException: Trying to access array offset on value of type null
[Method: GET, Route: /]
in SYSTEMPATH\Debug\Toolbar.php on line 217.
 1 SYSTEMPATH\Debug\Toolbar.php(217): CodeIgniter\Debug\Exceptions->errorHandler(2, 'Trying to access array offset on value of type null', 'C:\\xampp\\htdocs\\IM\\system\\Debug\\Toolbar.php', 217)
 2 SYSTEMPATH\Debug\Toolbar.php(200): CodeIgniter\Debug\Toolbar->renderTimelineRecursive([...], 1771818899.122772, 5, 15, [], 0)
 3 SYSTEMPATH\Debug\Toolbar\Views\toolbar.tpl.php(105): CodeIgniter\Debug\Toolbar->renderTimeline([...], 1771818899.122772, 5, 15, [])
 4 SYSTEMPATH\Debug\Toolbar.php(533): include('C:\\xampp\\htdocs\\IM\\system\\Debug\\Toolbar\\Views\\toolbar.tpl.php')
 5 SYSTEMPATH\Debug\Toolbar.php(496): CodeIgniter\Debug\Toolbar->format([...], 'html')
 6 APPPATH\Config\Events.php(47): CodeIgniter\Debug\Toolbar->respond()
 7 SYSTEMPATH\Events\Events.php(152): CodeIgniter\Events\Events::Config\{closure}()
 8 SYSTEMPATH\CodeIgniter.php(339): CodeIgniter\Events\Events::trigger('pre_system')
 9 SYSTEMPATH\Boot.php(363): CodeIgniter\CodeIgniter->run()
10 SYSTEMPATH\Boot.php(68): CodeIgniter\Boot::runCodeIgniter(Object(CodeIgniter\CodeIgniter))
11 FCPATH\index.php(59): CodeIgniter\Boot::bootWeb(Object(Config\Paths))
DEBUG - 2026-02-23 11:55:47 --> Session: Class initialized using 'CodeIgniter\Session\Handlers\FileHandler' driver.
CRITICAL - 2026-02-23 11:55:47 --> ErrorException: Trying to access array offset on value of type null
[Method: GET, Route: /]
in SYSTEMPATH\Debug\Toolbar.php on line 217.
 1 SYSTEMPATH\Debug\Toolbar.php(217): CodeIgniter\Debug\Exceptions->errorHandler(2, 'Trying to access array offset on value of type null', 'C:\\xampp\\htdocs\\IM\\system\\Debug\\Toolbar.php', 217)
 2 SYSTEMPATH\Debug\Toolbar.php(200): CodeIgniter\Debug\Toolbar->renderTimelineRecursive([...], 1771818947.106278, 7, 55, [], 0)
 3 SYSTEMPATH\Debug\Toolbar\Views\toolbar.tpl.php(105): CodeIgniter\Debug\Toolbar->renderTimeline([...], 1771818947.106278, 7, 55, [])
 4 SYSTEMPATH\Debug\Toolbar.php(533): include('C:\\xampp\\htdocs\\IM\\system\\Debug\\Toolbar\\Views\\toolbar.tpl.php')
 5 SYSTEMPATH\Debug\Toolbar.php(496): CodeIgniter\Debug\Toolbar->format([...], 'html')
 6 APPPATH\Config\Events.php(47): CodeIgniter\Debug\Toolbar->respond()
 7 SYSTEMPATH\Events\Events.php(152): CodeIgniter\Events\Events::Config\{closure}()
 8 SYSTEMPATH\CodeIgniter.php(339): CodeIgniter\Events\Events::trigger('pre_system')
 9 SYSTEMPATH\Boot.php(363): CodeIgniter\CodeIgniter->run()
10 SYSTEMPATH\Boot.php(68): CodeIgniter\Boot::runCodeIgniter(Object(CodeIgniter\CodeIgniter))
11 FCPATH\index.php(59): CodeIgniter\Boot::bootWeb(Object(Config\Paths))
DEBUG - 2026-02-23 11:55:48 --> Session: Class initialized using 'CodeIgniter\Session\Handlers\FileHandler' driver.
CRITICAL - 2026-02-23 11:55:48 --> ErrorException: Trying to access array offset on value of type null
[Method: GET, Route: /]
in SYSTEMPATH\Debug\Toolbar.php on line 217.
 1 SYSTEMPATH\Debug\Toolbar.php(217): CodeIgniter\Debug\Exceptions->errorHandler(2, 'Trying to access array offset on value of type null', 'C:\\xampp\\htdocs\\IM\\system\\Debug\\Toolbar.php', 217)
 2 SYSTEMPATH\Debug\Toolbar.php(200): CodeIgniter\Debug\Toolbar->renderTimelineRecursive([...], 1771818948.512332, 6, 15, [], 0)
 3 SYSTEMPATH\Debug\Toolbar\Views\toolbar.tpl.php(105): CodeIgniter\Debug\Toolbar->renderTimeline([...], 1771818948.512332, 6, 15, [])
 4 SYSTEMPATH\Debug\Toolbar.php(533): include('C:\\xampp\\htdocs\\IM\\system\\Debug\\Toolbar\\Views\\toolbar.tpl.php')
 5 SYSTEMPATH\Debug\Toolbar.php(496): CodeIgniter\Debug\Toolbar->format([...], 'html')
 6 APPPATH\Config\Events.php(47): CodeIgniter\Debug\Toolbar->respond()
 7 SYSTEMPATH\Events\Events.php(152): CodeIgniter\Events\Events::Config\{closure}()
 8 SYSTEMPATH\CodeIgniter.php(339): CodeIgniter\Events\Events::trigger('pre_system')
 9 SYSTEMPATH\Boot.php(363): CodeIgniter\CodeIgniter->run()
10 SYSTEMPATH\Boot.php(68): CodeIgniter\Boot::runCodeIgniter(Object(CodeIgniter\CodeIgniter))
11 FCPATH\index.php(59): CodeIgniter\Boot::bootWeb(Object(Config\Paths))
WARNING - 2026-02-23 11:55:50 --> [DEPRECATED] Creation of dynamic property App\Controllers\ApplicationController::$contactsModel is deprecated in APPPATH\Controllers\ApplicationController.php on line 41.
 1 SYSTEMPATH\CodeIgniter.php(903): App\Controllers\ApplicationController->__construct()
 2 SYSTEMPATH\CodeIgniter.php(498): CodeIgniter\CodeIgniter->createController()
 3 SYSTEMPATH\CodeIgniter.php(354): CodeIgniter\CodeIgniter->handleRequest(null, Object(Config\Cache), false)
 4 SYSTEMPATH\Boot.php(363): CodeIgniter\CodeIgniter->run()
 5 SYSTEMPATH\Boot.php(68): CodeIgniter\Boot::runCodeIgniter(Object(CodeIgniter\CodeIgniter))
 6 FCPATH\index.php(59): CodeIgniter\Boot::bootWeb(Object(Config\Paths))
WARNING - 2026-02-23 11:55:50 --> [DEPRECATED] Creation of dynamic property App\Controllers\ApplicationController::$environmentsModel is deprecated in APPPATH\Controllers\ApplicationController.php on line 42.
 1 SYSTEMPATH\CodeIgniter.php(903): App\Controllers\ApplicationController->__construct()
 2 SYSTEMPATH\CodeIgniter.php(498): CodeIgniter\CodeIgniter->createController()
 3 SYSTEMPATH\CodeIgniter.php(354): CodeIgniter\CodeIgniter->handleRequest(null, Object(Config\Cache), false)
 4 SYSTEMPATH\Boot.php(363): CodeIgniter\CodeIgniter->run()
 5 SYSTEMPATH\Boot.php(68): CodeIgniter\Boot::runCodeIgniter(Object(CodeIgniter\CodeIgniter))
 6 FCPATH\index.php(59): CodeIgniter\Boot::bootWeb(Object(Config\Paths))
WARNING - 2026-02-23 11:55:50 --> [DEPRECATED] Creation of dynamic property App\Controllers\ApplicationController::$infrastructureModel is deprecated in APPPATH\Controllers\ApplicationController.php on line 43.
 1 SYSTEMPATH\CodeIgniter.php(903): App\Controllers\ApplicationController->__construct()
 2 SYSTEMPATH\CodeIgniter.php(498): CodeIgniter\CodeIgniter->createController()
 3 SYSTEMPATH\CodeIgniter.php(354): CodeIgniter\CodeIgniter->handleRequest(null, Object(Config\Cache), false)
 4 SYSTEMPATH\Boot.php(363): CodeIgniter\CodeIgniter->run()
 5 SYSTEMPATH\Boot.php(68): CodeIgniter\Boot::runCodeIgniter(Object(CodeIgniter\CodeIgniter))
 6 FCPATH\index.php(59): CodeIgniter\Boot::bootWeb(Object(Config\Paths))
WARNING - 2026-02-23 11:55:50 --> [DEPRECATED] Creation of dynamic property App\Controllers\ApplicationController::$complianceModel is deprecated in APPPATH\Controllers\ApplicationController.php on line 44.
 1 SYSTEMPATH\CodeIgniter.php(903): App\Controllers\ApplicationController->__construct()
 2 SYSTEMPATH\CodeIgniter.php(498): CodeIgniter\CodeIgniter->createController()
 3 SYSTEMPATH\CodeIgniter.php(354): CodeIgniter\CodeIgniter->handleRequest(null, Object(Config\Cache), false)
 4 SYSTEMPATH\Boot.php(363): CodeIgniter\CodeIgniter->run()
 5 SYSTEMPATH\Boot.php(68): CodeIgniter\Boot::runCodeIgniter(Object(CodeIgniter\CodeIgniter))
 6 FCPATH\index.php(59): CodeIgniter\Boot::bootWeb(Object(Config\Paths))
WARNING - 2026-02-23 11:55:50 --> [DEPRECATED] Creation of dynamic property App\Controllers\ApplicationController::$dependenciesModel is deprecated in APPPATH\Controllers\ApplicationController.php on line 45.
 1 SYSTEMPATH\CodeIgniter.php(903): App\Controllers\ApplicationController->__construct()
 2 SYSTEMPATH\CodeIgniter.php(498): CodeIgniter\CodeIgniter->createController()
 3 SYSTEMPATH\CodeIgniter.php(354): CodeIgniter\CodeIgniter->handleRequest(null, Object(Config\Cache), false)
 4 SYSTEMPATH\Boot.php(363): CodeIgniter\CodeIgniter->run()
 5 SYSTEMPATH\Boot.php(68): CodeIgniter\Boot::runCodeIgniter(Object(CodeIgniter\CodeIgniter))
 6 FCPATH\index.php(59): CodeIgniter\Boot::bootWeb(Object(Config\Paths))
WARNING - 2026-02-23 11:55:50 --> [DEPRECATED] Creation of dynamic property App\Controllers\ApplicationController::$vendorsModel is deprecated in APPPATH\Controllers\ApplicationController.php on line 46.
 1 SYSTEMPATH\CodeIgniter.php(903): App\Controllers\ApplicationController->__construct()
 2 SYSTEMPATH\CodeIgniter.php(498): CodeIgniter\CodeIgniter->createController()
 3 SYSTEMPATH\CodeIgniter.php(354): CodeIgniter\CodeIgniter->handleRequest(null, Object(Config\Cache), false)
 4 SYSTEMPATH\Boot.php(363): CodeIgniter\CodeIgniter->run()
 5 SYSTEMPATH\Boot.php(68): CodeIgniter\Boot::runCodeIgniter(Object(CodeIgniter\CodeIgniter))
 6 FCPATH\index.php(59): CodeIgniter\Boot::bootWeb(Object(Config\Paths))
WARNING - 2026-02-23 11:55:51 --> [DEPRECATED] Creation of dynamic property App\Controllers\ApplicationController::$batchModel is deprecated in APPPATH\Controllers\ApplicationController.php on line 47.
 1 SYSTEMPATH\CodeIgniter.php(903): App\Controllers\ApplicationController->__construct()
 2 SYSTEMPATH\CodeIgniter.php(498): CodeIgniter\CodeIgniter->createController()
 3 SYSTEMPATH\CodeIgniter.php(354): CodeIgniter\CodeIgniter->handleRequest(null, Object(Config\Cache), false)
 4 SYSTEMPATH\Boot.php(363): CodeIgniter\CodeIgniter->run()
 5 SYSTEMPATH\Boot.php(68): CodeIgniter\Boot::runCodeIgniter(Object(CodeIgniter\CodeIgniter))
 6 FCPATH\index.php(59): CodeIgniter\Boot::bootWeb(Object(Config\Paths))
WARNING - 2026-02-23 11:55:51 --> [DEPRECATED] Creation of dynamic property App\Controllers\ApplicationController::$licensingModel is deprecated in APPPATH\Controllers\ApplicationController.php on line 48.
 1 SYSTEMPATH\CodeIgniter.php(903): App\Controllers\ApplicationController->__construct()
 2 SYSTEMPATH\CodeIgniter.php(498): CodeIgniter\CodeIgniter->createController()
 3 SYSTEMPATH\CodeIgniter.php(354): CodeIgniter\CodeIgniter->handleRequest(null, Object(Config\Cache), false)
 4 SYSTEMPATH\Boot.php(363): CodeIgniter\CodeIgniter->run()
 5 SYSTEMPATH\Boot.php(68): CodeIgniter\Boot::runCodeIgniter(Object(CodeIgniter\CodeIgniter))
 6 FCPATH\index.php(59): CodeIgniter\Boot::bootWeb(Object(Config\Paths))
WARNING - 2026-02-23 11:55:51 --> [DEPRECATED] Creation of dynamic property App\Controllers\ApplicationController::$metricsModel is deprecated in APPPATH\Controllers\ApplicationController.php on line 49.
 1 SYSTEMPATH\CodeIgniter.php(903): App\Controllers\ApplicationController->__construct()
 2 SYSTEMPATH\CodeIgniter.php(498): CodeIgniter\CodeIgniter->createController()
 3 SYSTEMPATH\CodeIgniter.php(354): CodeIgniter\CodeIgniter->handleRequest(null, Object(Config\Cache), false)
 4 SYSTEMPATH\Boot.php(363): CodeIgniter\CodeIgniter->run()
 5 SYSTEMPATH\Boot.php(68): CodeIgniter\Boot::runCodeIgniter(Object(CodeIgniter\CodeIgniter))
 6 FCPATH\index.php(59): CodeIgniter\Boot::bootWeb(Object(Config\Paths))
WARNING - 2026-02-23 11:55:51 --> [DEPRECATED] Creation of dynamic property App\Controllers\ApplicationController::$techModel is deprecated in APPPATH\Controllers\ApplicationController.php on line 50.
 1 SYSTEMPATH\CodeIgniter.php(903): App\Controllers\ApplicationController->__construct()
 2 SYSTEMPATH\CodeIgniter.php(498): CodeIgniter\CodeIgniter->createController()
 3 SYSTEMPATH\CodeIgniter.php(354): CodeIgniter\CodeIgniter->handleRequest(null, Object(Config\Cache), false)
 4 SYSTEMPATH\Boot.php(363): CodeIgniter\CodeIgniter->run()
 5 SYSTEMPATH\Boot.php(68): CodeIgniter\Boot::runCodeIgniter(Object(CodeIgniter\CodeIgniter))
 6 FCPATH\index.php(59): CodeIgniter\Boot::bootWeb(Object(Config\Paths))
DEBUG - 2026-02-23 11:55:51 --> Session: Class initialized using 'CodeIgniter\Session\Handlers\FileHandler' driver.
CRITICAL - 2026-02-23 11:55:51 --> ErrorException: Trying to access array offset on value of type null
[Method: GET, Route: /]
in SYSTEMPATH\Debug\Toolbar.php on line 217.
 1 SYSTEMPATH\Debug\Toolbar.php(217): CodeIgniter\Debug\Exceptions->errorHandler(2, 'Trying to access array offset on value of type null', 'C:\\xampp\\htdocs\\IM\\system\\Debug\\Toolbar.php', 217)
 2 SYSTEMPATH\Debug\Toolbar.php(200): CodeIgniter\Debug\Toolbar->renderTimelineRecursive([...], 1771818950.127897, 7, 185, [], 0)
 3 SYSTEMPATH\Debug\Toolbar\Views\toolbar.tpl.php(105): CodeIgniter\Debug\Toolbar->renderTimeline([...], 1771818950.127897, 7, 185, [])
 4 SYSTEMPATH\Debug\Toolbar.php(533): include('C:\\xampp\\htdocs\\IM\\system\\Debug\\Toolbar\\Views\\toolbar.tpl.php')
 5 SYSTEMPATH\Debug\Toolbar.php(496): CodeIgniter\Debug\Toolbar->format([...], 'html')
 6 APPPATH\Config\Events.php(47): CodeIgniter\Debug\Toolbar->respond()
 7 SYSTEMPATH\Events\Events.php(152): CodeIgniter\Events\Events::Config\{closure}()
 8 SYSTEMPATH\CodeIgniter.php(339): CodeIgniter\Events\Events::trigger('pre_system')
 9 SYSTEMPATH\Boot.php(363): CodeIgniter\CodeIgniter->run()
10 SYSTEMPATH\Boot.php(68): CodeIgniter\Boot::runCodeIgniter(Object(CodeIgniter\CodeIgniter))
11 FCPATH\index.php(59): CodeIgniter\Boot::bootWeb(Object(Config\Paths))
DEBUG - 2026-02-23 11:56:00 --> Session: Class initialized using 'CodeIgniter\Session\Handlers\FileHandler' driver.
CRITICAL - 2026-02-23 11:56:01 --> ErrorException: Trying to access array offset on value of type null
[Method: GET, Route: /]
in SYSTEMPATH\Debug\Toolbar.php on line 217.
 1 SYSTEMPATH\Debug\Toolbar.php(217): CodeIgniter\Debug\Exceptions->errorHandler(2, 'Trying to access array offset on value of type null', 'C:\\xampp\\htdocs\\IM\\system\\Debug\\Toolbar.php', 217)
 2 SYSTEMPATH\Debug\Toolbar.php(200): CodeIgniter\Debug\Toolbar->renderTimelineRecursive([...], 1771818960.641203, 7, 80, [], 0)
 3 SYSTEMPATH\Debug\Toolbar\Views\toolbar.tpl.php(105): CodeIgniter\Debug\Toolbar->renderTimeline([...], 1771818960.641203, 7, 80, [])
 4 SYSTEMPATH\Debug\Toolbar.php(533): include('C:\\xampp\\htdocs\\IM\\system\\Debug\\Toolbar\\Views\\toolbar.tpl.php')
 5 SYSTEMPATH\Debug\Toolbar.php(496): CodeIgniter\Debug\Toolbar->format([...], 'html')
 6 APPPATH\Config\Events.php(47): CodeIgniter\Debug\Toolbar->respond()
 7 SYSTEMPATH\Events\Events.php(152): CodeIgniter\Events\Events::Config\{closure}()
 8 SYSTEMPATH\CodeIgniter.php(339): CodeIgniter\Events\Events::trigger('pre_system')
 9 SYSTEMPATH\Boot.php(363): CodeIgniter\CodeIgniter->run()
10 SYSTEMPATH\Boot.php(68): CodeIgniter\Boot::runCodeIgniter(Object(CodeIgniter\CodeIgniter))
11 FCPATH\index.php(59): CodeIgniter\Boot::bootWeb(Object(Config\Paths))
DEBUG - 2026-02-23 11:56:09 --> Session: Class initialized using 'CodeIgniter\Session\Handlers\FileHandler' driver.
CRITICAL - 2026-02-23 11:56:10 --> ErrorException: Trying to access array offset on value of type null
[Method: GET, Route: /]
in SYSTEMPATH\Debug\Toolbar.php on line 217.
 1 SYSTEMPATH\Debug\Toolbar.php(217): CodeIgniter\Debug\Exceptions->errorHandler(2, 'Trying to access array offset on value of type null', 'C:\\xampp\\htdocs\\IM\\system\\Debug\\Toolbar.php', 217)
 2 SYSTEMPATH\Debug\Toolbar.php(200): CodeIgniter\Debug\Toolbar->renderTimelineRecursive([...], 1771818969.349539, 7, 45, [], 0)
 3 SYSTEMPATH\Debug\Toolbar\Views\toolbar.tpl.php(105): CodeIgniter\Debug\Toolbar->renderTimeline([...], 1771818969.349539, 7, 45, [])
 4 SYSTEMPATH\Debug\Toolbar.php(533): include('C:\\xampp\\htdocs\\IM\\system\\Debug\\Toolbar\\Views\\toolbar.tpl.php')
 5 SYSTEMPATH\Debug\Toolbar.php(496): CodeIgniter\Debug\Toolbar->format([...], 'html')
 6 APPPATH\Config\Events.php(47): CodeIgniter\Debug\Toolbar->respond()
 7 SYSTEMPATH\Events\Events.php(152): CodeIgniter\Events\Events::Config\{closure}()
 8 SYSTEMPATH\CodeIgniter.php(339): CodeIgniter\Events\Events::trigger('pre_system')
 9 SYSTEMPATH\Boot.php(363): CodeIgniter\CodeIgniter->run()
10 SYSTEMPATH\Boot.php(68): CodeIgniter\Boot::runCodeIgniter(Object(CodeIgniter\CodeIgniter))
11 FCPATH\index.php(59): CodeIgniter\Boot::bootWeb(Object(Config\Paths))
DEBUG - 2026-02-23 11:56:17 --> Session: Class initialized using 'CodeIgniter\Session\Handlers\FileHandler' driver.
CRITICAL - 2026-02-23 11:56:17 --> ErrorException: Trying to access array offset on value of type null
[Method: GET, Route: /]
in SYSTEMPATH\Debug\Toolbar.php on line 217.
 1 SYSTEMPATH\Debug\Toolbar.php(217): CodeIgniter\Debug\Exceptions->errorHandler(2, 'Trying to access array offset on value of type null', 'C:\\xampp\\htdocs\\IM\\system\\Debug\\Toolbar.php', 217)
 2 SYSTEMPATH\Debug\Toolbar.php(200): CodeIgniter\Debug\Toolbar->renderTimelineRecursive([...], 1771818977.241568, 6, 20, [], 0)
 3 SYSTEMPATH\Debug\Toolbar\Views\toolbar.tpl.php(105): CodeIgniter\Debug\Toolbar->renderTimeline([...], 1771818977.241568, 6, 20, [])
 4 SYSTEMPATH\Debug\Toolbar.php(533): include('C:\\xampp\\htdocs\\IM\\system\\Debug\\Toolbar\\Views\\toolbar.tpl.php')
 5 SYSTEMPATH\Debug\Toolbar.php(496): CodeIgniter\Debug\Toolbar->format([...], 'html')
 6 APPPATH\Config\Events.php(47): CodeIgniter\Debug\Toolbar->respond()
 7 SYSTEMPATH\Events\Events.php(152): CodeIgniter\Events\Events::Config\{closure}()
 8 SYSTEMPATH\CodeIgniter.php(339): CodeIgniter\Events\Events::trigger('pre_system')
 9 SYSTEMPATH\Boot.php(363): CodeIgniter\CodeIgniter->run()
10 SYSTEMPATH\Boot.php(68): CodeIgniter\Boot::runCodeIgniter(Object(CodeIgniter\CodeIgniter))
11 FCPATH\index.php(59): CodeIgniter\Boot::bootWeb(Object(Config\Paths))
DEBUG - 2026-02-23 11:56:52 --> Session: Class initialized using 'CodeIgniter\Session\Handlers\FileHandler' driver.
CRITICAL - 2026-02-23 11:56:52 --> ErrorException: Trying to access array offset on value of type null
[Method: GET, Route: /]
in SYSTEMPATH\Debug\Toolbar.php on line 217.
 1 SYSTEMPATH\Debug\Toolbar.php(217): CodeIgniter\Debug\Exceptions->errorHandler(2, 'Trying to access array offset on value of type null', 'C:\\xampp\\htdocs\\IM\\system\\Debug\\Toolbar.php', 217)
 2 SYSTEMPATH\Debug\Toolbar.php(200): CodeIgniter\Debug\Toolbar->renderTimelineRecursive([...], 1771819011.922931, 7, 40, [], 0)
 3 SYSTEMPATH\Debug\Toolbar\Views\toolbar.tpl.php(105): CodeIgniter\Debug\Toolbar->renderTimeline([...], 1771819011.922931, 7, 40, [])
 4 SYSTEMPATH\Debug\Toolbar.php(533): include('C:\\xampp\\htdocs\\IM\\system\\Debug\\Toolbar\\Views\\toolbar.tpl.php')
 5 SYSTEMPATH\Debug\Toolbar.php(496): CodeIgniter\Debug\Toolbar->format([...], 'html')
 6 APPPATH\Config\Events.php(47): CodeIgniter\Debug\Toolbar->respond()
 7 SYSTEMPATH\Events\Events.php(152): CodeIgniter\Events\Events::Config\{closure}()
 8 SYSTEMPATH\CodeIgniter.php(339): CodeIgniter\Events\Events::trigger('pre_system')
 9 SYSTEMPATH\Boot.php(363): CodeIgniter\CodeIgniter->run()
10 SYSTEMPATH\Boot.php(68): CodeIgniter\Boot::runCodeIgniter(Object(CodeIgniter\CodeIgniter))
11 FCPATH\index.php(59): CodeIgniter\Boot::bootWeb(Object(Config\Paths))
DEBUG - 2026-02-23 12:49:31 --> Session: Class initialized using 'CodeIgniter\Session\Handlers\FileHandler' driver.
CRITICAL - 2026-02-23 12:49:31 --> ErrorException: Trying to access array offset on value of type null
[Method: GET, Route: /]
in SYSTEMPATH\Debug\Toolbar.php on line 217.
 1 SYSTEMPATH\Debug\Toolbar.php(217): CodeIgniter\Debug\Exceptions->errorHandler(2, 'Trying to access array offset on value of type null', 'C:\\xampp\\htdocs\\IM\\system\\Debug\\Toolbar.php', 217)
 2 SYSTEMPATH\Debug\Toolbar.php(200): CodeIgniter\Debug\Toolbar->renderTimelineRecursive([...], 1771822171.337366, 7, 30, [], 0)
 3 SYSTEMPATH\Debug\Toolbar\Views\toolbar.tpl.php(105): CodeIgniter\Debug\Toolbar->renderTimeline([...], 1771822171.337366, 7, 30, [])
 4 SYSTEMPATH\Debug\Toolbar.php(533): include('C:\\xampp\\htdocs\\IM\\system\\Debug\\Toolbar\\Views\\toolbar.tpl.php')
 5 SYSTEMPATH\Debug\Toolbar.php(496): CodeIgniter\Debug\Toolbar->format([...], 'html')
 6 APPPATH\Config\Events.php(47): CodeIgniter\Debug\Toolbar->respond()
 7 SYSTEMPATH\Events\Events.php(152): CodeIgniter\Events\Events::Config\{closure}()
 8 SYSTEMPATH\CodeIgniter.php(339): CodeIgniter\Events\Events::trigger('pre_system')
 9 SYSTEMPATH\Boot.php(363): CodeIgniter\CodeIgniter->run()
10 SYSTEMPATH\Boot.php(68): CodeIgniter\Boot::runCodeIgniter(Object(CodeIgniter\CodeIgniter))
11 FCPATH\index.php(59): CodeIgniter\Boot::bootWeb(Object(Config\Paths))
DEBUG - 2026-02-23 12:51:25 --> Session: Class initialized using 'CodeIgniter\Session\Handlers\FileHandler' driver.
CRITICAL - 2026-02-23 12:51:25 --> ErrorException: Trying to access array offset on value of type null
[Method: GET, Route: /]
in SYSTEMPATH\Debug\Toolbar.php on line 217.
 1 SYSTEMPATH\Debug\Toolbar.php(217): CodeIgniter\Debug\Exceptions->errorHandler(2, 'Trying to access array offset on value of type null', 'C:\\xampp\\htdocs\\IM\\system\\Debug\\Toolbar.php', 217)
 2 SYSTEMPATH\Debug\Toolbar.php(200): CodeIgniter\Debug\Toolbar->renderTimelineRecursive([...], 1771822285.263903, 7, 15, [], 0)
 3 SYSTEMPATH\Debug\Toolbar\Views\toolbar.tpl.php(105): CodeIgniter\Debug\Toolbar->renderTimeline([...], 1771822285.263903, 7, 15, [])
 4 SYSTEMPATH\Debug\Toolbar.php(533): include('C:\\xampp\\htdocs\\IM\\system\\Debug\\Toolbar\\Views\\toolbar.tpl.php')
 5 SYSTEMPATH\Debug\Toolbar.php(496): CodeIgniter\Debug\Toolbar->format([...], 'html')
 6 APPPATH\Config\Events.php(47): CodeIgniter\Debug\Toolbar->respond()
 7 SYSTEMPATH\Events\Events.php(152): CodeIgniter\Events\Events::Config\{closure}()
 8 SYSTEMPATH\CodeIgniter.php(339): CodeIgniter\Events\Events::trigger('pre_system')
 9 SYSTEMPATH\Boot.php(363): CodeIgniter\CodeIgniter->run()
10 SYSTEMPATH\Boot.php(68): CodeIgniter\Boot::runCodeIgniter(Object(CodeIgniter\CodeIgniter))
11 FCPATH\index.php(59): CodeIgniter\Boot::bootWeb(Object(Config\Paths))
DEBUG - 2026-02-23 12:51:26 --> Session: Class initialized using 'CodeIgniter\Session\Handlers\FileHandler' driver.
CRITICAL - 2026-02-23 12:51:26 --> ErrorException: Trying to access array offset on value of type null
[Method: GET, Route: /]
in SYSTEMPATH\Debug\Toolbar.php on line 217.
 1 SYSTEMPATH\Debug\Toolbar.php(217): CodeIgniter\Debug\Exceptions->errorHandler(2, 'Trying to access array offset on value of type null', 'C:\\xampp\\htdocs\\IM\\system\\Debug\\Toolbar.php', 217)
 2 SYSTEMPATH\Debug\Toolbar.php(200): CodeIgniter\Debug\Toolbar->renderTimelineRecursive([...], 1771822286.573615, 7, 20, [], 0)
 3 SYSTEMPATH\Debug\Toolbar\Views\toolbar.tpl.php(105): CodeIgniter\Debug\Toolbar->renderTimeline([...], 1771822286.573615, 7, 20, [])
 4 SYSTEMPATH\Debug\Toolbar.php(533): include('C:\\xampp\\htdocs\\IM\\system\\Debug\\Toolbar\\Views\\toolbar.tpl.php')
 5 SYSTEMPATH\Debug\Toolbar.php(496): CodeIgniter\Debug\Toolbar->format([...], 'html')
 6 APPPATH\Config\Events.php(47): CodeIgniter\Debug\Toolbar->respond()
 7 SYSTEMPATH\Events\Events.php(152): CodeIgniter\Events\Events::Config\{closure}()
 8 SYSTEMPATH\CodeIgniter.php(339): CodeIgniter\Events\Events::trigger('pre_system')
 9 SYSTEMPATH\Boot.php(363): CodeIgniter\CodeIgniter->run()
10 SYSTEMPATH\Boot.php(68): CodeIgniter\Boot::runCodeIgniter(Object(CodeIgniter\CodeIgniter))
11 FCPATH\index.php(59): CodeIgniter\Boot::bootWeb(Object(Config\Paths))
DEBUG - 2026-02-23 12:51:31 --> Session: Class initialized using 'CodeIgniter\Session\Handlers\FileHandler' driver.
CRITICAL - 2026-02-23 12:51:31 --> ErrorException: Trying to access array offset on value of type null
[Method: GET, Route: /]
in SYSTEMPATH\Debug\Toolbar.php on line 217.
 1 SYSTEMPATH\Debug\Toolbar.php(217): CodeIgniter\Debug\Exceptions->errorHandler(2, 'Trying to access array offset on value of type null', 'C:\\xampp\\htdocs\\IM\\system\\Debug\\Toolbar.php', 217)
 2 SYSTEMPATH\Debug\Toolbar.php(200): CodeIgniter\Debug\Toolbar->renderTimelineRecursive([...], 1771822291.579101, 5, 15, [], 0)
 3 SYSTEMPATH\Debug\Toolbar\Views\toolbar.tpl.php(105): CodeIgniter\Debug\Toolbar->renderTimeline([...], 1771822291.579101, 5, 15, [])
 4 SYSTEMPATH\Debug\Toolbar.php(533): include('C:\\xampp\\htdocs\\IM\\system\\Debug\\Toolbar\\Views\\toolbar.tpl.php')
 5 SYSTEMPATH\Debug\Toolbar.php(496): CodeIgniter\Debug\Toolbar->format([...], 'html')
 6 APPPATH\Config\Events.php(47): CodeIgniter\Debug\Toolbar->respond()
 7 SYSTEMPATH\Events\Events.php(152): CodeIgniter\Events\Events::Config\{closure}()
 8 SYSTEMPATH\CodeIgniter.php(339): CodeIgniter\Events\Events::trigger('pre_system')
 9 SYSTEMPATH\Boot.php(363): CodeIgniter\CodeIgniter->run()
10 SYSTEMPATH\Boot.php(68): CodeIgniter\Boot::runCodeIgniter(Object(CodeIgniter\CodeIgniter))
11 FCPATH\index.php(59): CodeIgniter\Boot::bootWeb(Object(Config\Paths))
DEBUG - 2026-02-23 12:52:23 --> Session: Class initialized using 'CodeIgniter\Session\Handlers\FileHandler' driver.
CRITICAL - 2026-02-23 12:52:23 --> ErrorException: Trying to access array offset on value of type null
[Method: GET, Route: /]
in SYSTEMPATH\Debug\Toolbar.php on line 217.
 1 SYSTEMPATH\Debug\Toolbar.php(217): CodeIgniter\Debug\Exceptions->errorHandler(2, 'Trying to access array offset on value of type null', 'C:\\xampp\\htdocs\\IM\\system\\Debug\\Toolbar.php', 217)
 2 SYSTEMPATH\Debug\Toolbar.php(200): CodeIgniter\Debug\Toolbar->renderTimelineRecursive([...], 1771822343.306097, 7, 15, [], 0)
 3 SYSTEMPATH\Debug\Toolbar\Views\toolbar.tpl.php(105): CodeIgniter\Debug\Toolbar->renderTimeline([...], 1771822343.306097, 7, 15, [])
 4 SYSTEMPATH\Debug\Toolbar.php(533): include('C:\\xampp\\htdocs\\IM\\system\\Debug\\Toolbar\\Views\\toolbar.tpl.php')
 5 SYSTEMPATH\Debug\Toolbar.php(496): CodeIgniter\Debug\Toolbar->format([...], 'html')
 6 APPPATH\Config\Events.php(47): CodeIgniter\Debug\Toolbar->respond()
 7 SYSTEMPATH\Events\Events.php(152): CodeIgniter\Events\Events::Config\{closure}()
 8 SYSTEMPATH\CodeIgniter.php(339): CodeIgniter\Events\Events::trigger('pre_system')
 9 SYSTEMPATH\Boot.php(363): CodeIgniter\CodeIgniter->run()
10 SYSTEMPATH\Boot.php(68): CodeIgniter\Boot::runCodeIgniter(Object(CodeIgniter\CodeIgniter))
11 FCPATH\index.php(59): CodeIgniter\Boot::bootWeb(Object(Config\Paths))
DEBUG - 2026-02-23 13:03:23 --> Session: Class initialized using 'CodeIgniter\Session\Handlers\FileHandler' driver.
CRITICAL - 2026-02-23 13:03:24 --> ErrorException: Trying to access array offset on value of type null
[Method: GET, Route: /]
in SYSTEMPATH\Debug\Toolbar.php on line 217.
 1 SYSTEMPATH\Debug\Toolbar.php(217): CodeIgniter\Debug\Exceptions->errorHandler(2, 'Trying to access array offset on value of type null', 'C:\\xampp\\htdocs\\IM\\system\\Debug\\Toolbar.php', 217)
 2 SYSTEMPATH\Debug\Toolbar.php(200): CodeIgniter\Debug\Toolbar->renderTimelineRecursive([...], 1771823002.39444, 7, 155, [], 0)
 3 SYSTEMPATH\Debug\Toolbar\Views\toolbar.tpl.php(105): CodeIgniter\Debug\Toolbar->renderTimeline([...], 1771823002.39444, 7, 155, [])
 4 SYSTEMPATH\Debug\Toolbar.php(533): include('C:\\xampp\\htdocs\\IM\\system\\Debug\\Toolbar\\Views\\toolbar.tpl.php')
 5 SYSTEMPATH\Debug\Toolbar.php(496): CodeIgniter\Debug\Toolbar->format([...], 'html')
 6 APPPATH\Config\Events.php(47): CodeIgniter\Debug\Toolbar->respond()
 7 SYSTEMPATH\Events\Events.php(152): CodeIgniter\Events\Events::Config\{closure}()
 8 SYSTEMPATH\CodeIgniter.php(339): CodeIgniter\Events\Events::trigger('pre_system')
 9 SYSTEMPATH\Boot.php(363): CodeIgniter\CodeIgniter->run()
10 SYSTEMPATH\Boot.php(68): CodeIgniter\Boot::runCodeIgniter(Object(CodeIgniter\CodeIgniter))
11 FCPATH\index.php(59): CodeIgniter\Boot::bootWeb(Object(Config\Paths))
DEBUG - 2026-02-23 13:03:25 --> Session: Class initialized using 'CodeIgniter\Session\Handlers\FileHandler' driver.
CRITICAL - 2026-02-23 13:03:26 --> ErrorException: Trying to access array offset on value of type null
[Method: GET, Route: /]
in SYSTEMPATH\Debug\Toolbar.php on line 217.
 1 SYSTEMPATH\Debug\Toolbar.php(217): CodeIgniter\Debug\Exceptions->errorHandler(2, 'Trying to access array offset on value of type null', 'C:\\xampp\\htdocs\\IM\\system\\Debug\\Toolbar.php', 217)
 2 SYSTEMPATH\Debug\Toolbar.php(200): CodeIgniter\Debug\Toolbar->renderTimelineRecursive([...], 1771823005.781489, 7, 25, [], 0)
 3 SYSTEMPATH\Debug\Toolbar\Views\toolbar.tpl.php(105): CodeIgniter\Debug\Toolbar->renderTimeline([...], 1771823005.781489, 7, 25, [])
 4 SYSTEMPATH\Debug\Toolbar.php(533): include('C:\\xampp\\htdocs\\IM\\system\\Debug\\Toolbar\\Views\\toolbar.tpl.php')
 5 SYSTEMPATH\Debug\Toolbar.php(496): CodeIgniter\Debug\Toolbar->format([...], 'html')
 6 APPPATH\Config\Events.php(47): CodeIgniter\Debug\Toolbar->respond()
 7 SYSTEMPATH\Events\Events.php(152): CodeIgniter\Events\Events::Config\{closure}()
 8 SYSTEMPATH\CodeIgniter.php(339): CodeIgniter\Events\Events::trigger('pre_system')
 9 SYSTEMPATH\Boot.php(363): CodeIgniter\CodeIgniter->run()
10 SYSTEMPATH\Boot.php(68): CodeIgniter\Boot::runCodeIgniter(Object(CodeIgniter\CodeIgniter))
11 FCPATH\index.php(59): CodeIgniter\Boot::bootWeb(Object(Config\Paths))
DEBUG - 2026-02-23 13:03:27 --> Session: Class initialized using 'CodeIgniter\Session\Handlers\FileHandler' driver.
CRITICAL - 2026-02-23 13:03:27 --> ErrorException: Trying to access array offset on value of type null
[Method: GET, Route: /]
in SYSTEMPATH\Debug\Toolbar.php on line 217.
 1 SYSTEMPATH\Debug\Toolbar.php(217): CodeIgniter\Debug\Exceptions->errorHandler(2, 'Trying to access array offset on value of type null', 'C:\\xampp\\htdocs\\IM\\system\\Debug\\Toolbar.php', 217)
 2 SYSTEMPATH\Debug\Toolbar.php(200): CodeIgniter\Debug\Toolbar->renderTimelineRecursive([...], 1771823007.588241, 6, 15, [], 0)
 3 SYSTEMPATH\Debug\Toolbar\Views\toolbar.tpl.php(105): CodeIgniter\Debug\Toolbar->renderTimeline([...], 1771823007.588241, 6, 15, [])
 4 SYSTEMPATH\Debug\Toolbar.php(533): include('C:\\xampp\\htdocs\\IM\\system\\Debug\\Toolbar\\Views\\toolbar.tpl.php')
 5 SYSTEMPATH\Debug\Toolbar.php(496): CodeIgniter\Debug\Toolbar->format([...], 'html')
 6 APPPATH\Config\Events.php(47): CodeIgniter\Debug\Toolbar->respond()
 7 SYSTEMPATH\Events\Events.php(152): CodeIgniter\Events\Events::Config\{closure}()
 8 SYSTEMPATH\CodeIgniter.php(339): CodeIgniter\Events\Events::trigger('pre_system')
 9 SYSTEMPATH\Boot.php(363): CodeIgniter\CodeIgniter->run()
10 SYSTEMPATH\Boot.php(68): CodeIgniter\Boot::runCodeIgniter(Object(CodeIgniter\CodeIgniter))
11 FCPATH\index.php(59): CodeIgniter\Boot::bootWeb(Object(Config\Paths))
DEBUG - 2026-02-23 13:03:43 --> Session: Class initialized using 'CodeIgniter\Session\Handlers\FileHandler' driver.
CRITICAL - 2026-02-23 13:03:44 --> ErrorException: Trying to access array offset on value of type null
[Method: GET, Route: /]
in SYSTEMPATH\Debug\Toolbar.php on line 217.
 1 SYSTEMPATH\Debug\Toolbar.php(217): CodeIgniter\Debug\Exceptions->errorHandler(2, 'Trying to access array offset on value of type null', 'C:\\xampp\\htdocs\\IM\\system\\Debug\\Toolbar.php', 217)
 2 SYSTEMPATH\Debug\Toolbar.php(200): CodeIgniter\Debug\Toolbar->renderTimelineRecursive([...], 1771823023.930753, 6, 15, [], 0)
 3 SYSTEMPATH\Debug\Toolbar\Views\toolbar.tpl.php(105): CodeIgniter\Debug\Toolbar->renderTimeline([...], 1771823023.930753, 6, 15, [])
 4 SYSTEMPATH\Debug\Toolbar.php(533): include('C:\\xampp\\htdocs\\IM\\system\\Debug\\Toolbar\\Views\\toolbar.tpl.php')
 5 SYSTEMPATH\Debug\Toolbar.php(496): CodeIgniter\Debug\Toolbar->format([...], 'html')
 6 APPPATH\Config\Events.php(47): CodeIgniter\Debug\Toolbar->respond()
 7 SYSTEMPATH\Events\Events.php(152): CodeIgniter\Events\Events::Config\{closure}()
 8 SYSTEMPATH\CodeIgniter.php(339): CodeIgniter\Events\Events::trigger('pre_system')
 9 SYSTEMPATH\Boot.php(363): CodeIgniter\CodeIgniter->run()
10 SYSTEMPATH\Boot.php(68): CodeIgniter\Boot::runCodeIgniter(Object(CodeIgniter\CodeIgniter))
11 FCPATH\index.php(59): CodeIgniter\Boot::bootWeb(Object(Config\Paths))
DEBUG - 2026-02-23 13:03:59 --> Session: Class initialized using 'CodeIgniter\Session\Handlers\FileHandler' driver.
CRITICAL - 2026-02-23 13:04:00 --> ErrorException: Trying to access array offset on value of type null
[Method: GET, Route: /]
in SYSTEMPATH\Debug\Toolbar.php on line 217.
 1 SYSTEMPATH\Debug\Toolbar.php(217): CodeIgniter\Debug\Exceptions->errorHandler(2, 'Trying to access array offset on value of type null', 'C:\\xampp\\htdocs\\IM\\system\\Debug\\Toolbar.php', 217)
 2 SYSTEMPATH\Debug\Toolbar.php(200): CodeIgniter\Debug\Toolbar->renderTimelineRecursive([...], 1771823039.807261, 6, 20, [], 0)
 3 SYSTEMPATH\Debug\Toolbar\Views\toolbar.tpl.php(105): CodeIgniter\Debug\Toolbar->renderTimeline([...], 1771823039.807261, 6, 20, [])
 4 SYSTEMPATH\Debug\Toolbar.php(533): include('C:\\xampp\\htdocs\\IM\\system\\Debug\\Toolbar\\Views\\toolbar.tpl.php')
 5 SYSTEMPATH\Debug\Toolbar.php(496): CodeIgniter\Debug\Toolbar->format([...], 'html')
 6 APPPATH\Config\Events.php(47): CodeIgniter\Debug\Toolbar->respond()
 7 SYSTEMPATH\Events\Events.php(152): CodeIgniter\Events\Events::Config\{closure}()
 8 SYSTEMPATH\CodeIgniter.php(339): CodeIgniter\Events\Events::trigger('pre_system')
 9 SYSTEMPATH\Boot.php(363): CodeIgniter\CodeIgniter->run()
10 SYSTEMPATH\Boot.php(68): CodeIgniter\Boot::runCodeIgniter(Object(CodeIgniter\CodeIgniter))
11 FCPATH\index.php(59): CodeIgniter\Boot::bootWeb(Object(Config\Paths))
DEBUG - 2026-02-23 13:22:18 --> Session: Class initialized using 'CodeIgniter\Session\Handlers\FileHandler' driver.
CRITICAL - 2026-02-23 13:22:19 --> ErrorException: Trying to access array offset on value of type null
[Method: GET, Route: /]
in SYSTEMPATH\Debug\Toolbar.php on line 217.
 1 SYSTEMPATH\Debug\Toolbar.php(217): CodeIgniter\Debug\Exceptions->errorHandler(2, 'Trying to access array offset on value of type null', 'C:\\xampp\\htdocs\\IM\\system\\Debug\\Toolbar.php', 217)
 2 SYSTEMPATH\Debug\Toolbar.php(200): CodeIgniter\Debug\Toolbar->renderTimelineRecursive([...], 1771824136.643833, 7, 320, [], 0)
 3 SYSTEMPATH\Debug\Toolbar\Views\toolbar.tpl.php(105): CodeIgniter\Debug\Toolbar->renderTimeline([...], 1771824136.643833, 7, 320, [])
 4 SYSTEMPATH\Debug\Toolbar.php(533): include('C:\\xampp\\htdocs\\IM\\system\\Debug\\Toolbar\\Views\\toolbar.tpl.php')
 5 SYSTEMPATH\Debug\Toolbar.php(496): CodeIgniter\Debug\Toolbar->format([...], 'html')
 6 APPPATH\Config\Events.php(47): CodeIgniter\Debug\Toolbar->respond()
 7 SYSTEMPATH\Events\Events.php(152): CodeIgniter\Events\Events::Config\{closure}()
 8 SYSTEMPATH\CodeIgniter.php(339): CodeIgniter\Events\Events::trigger('pre_system')
 9 SYSTEMPATH\Boot.php(363): CodeIgniter\CodeIgniter->run()
10 SYSTEMPATH\Boot.php(68): CodeIgniter\Boot::runCodeIgniter(Object(CodeIgniter\CodeIgniter))
11 FCPATH\index.php(59): CodeIgniter\Boot::bootWeb(Object(Config\Paths))
DEBUG - 2026-02-23 13:37:15 --> Session: Class initialized using 'CodeIgniter\Session\Handlers\FileHandler' driver.
CRITICAL - 2026-02-23 13:37:15 --> ErrorException: Trying to access array offset on value of type null
[Method: GET, Route: /]
in SYSTEMPATH\Debug\Toolbar.php on line 217.
 1 SYSTEMPATH\Debug\Toolbar.php(217): CodeIgniter\Debug\Exceptions->errorHandler(2, 'Trying to access array offset on value of type null', 'C:\\xampp\\htdocs\\IM\\system\\Debug\\Toolbar.php', 217)
 2 SYSTEMPATH\Debug\Toolbar.php(200): CodeIgniter\Debug\Toolbar->renderTimelineRecursive([...], 1771825034.935712, 7, 40, [], 0)
 3 SYSTEMPATH\Debug\Toolbar\Views\toolbar.tpl.php(105): CodeIgniter\Debug\Toolbar->renderTimeline([...], 1771825034.935712, 7, 40, [])
 4 SYSTEMPATH\Debug\Toolbar.php(533): include('C:\\xampp\\htdocs\\IM\\system\\Debug\\Toolbar\\Views\\toolbar.tpl.php')
 5 SYSTEMPATH\Debug\Toolbar.php(496): CodeIgniter\Debug\Toolbar->format([...], 'html')
 6 APPPATH\Config\Events.php(47): CodeIgniter\Debug\Toolbar->respond()
 7 SYSTEMPATH\Events\Events.php(152): CodeIgniter\Events\Events::Config\{closure}()
 8 SYSTEMPATH\CodeIgniter.php(339): CodeIgniter\Events\Events::trigger('pre_system')
 9 SYSTEMPATH\Boot.php(363): CodeIgniter\CodeIgniter->run()
10 SYSTEMPATH\Boot.php(68): CodeIgniter\Boot::runCodeIgniter(Object(CodeIgniter\CodeIgniter))
11 FCPATH\index.php(59): CodeIgniter\Boot::bootWeb(Object(Config\Paths))
DEBUG - 2026-02-23 13:37:18 --> Session: Class initialized using 'CodeIgniter\Session\Handlers\FileHandler' driver.
CRITICAL - 2026-02-23 13:37:18 --> ErrorException: Trying to access array offset on value of type null
[Method: GET, Route: /]
in SYSTEMPATH\Debug\Toolbar.php on line 217.
 1 SYSTEMPATH\Debug\Toolbar.php(217): CodeIgniter\Debug\Exceptions->errorHandler(2, 'Trying to access array offset on value of type null', 'C:\\xampp\\htdocs\\IM\\system\\Debug\\Toolbar.php', 217)
 2 SYSTEMPATH\Debug\Toolbar.php(200): CodeIgniter\Debug\Toolbar->renderTimelineRecursive([...], 1771825038.604013, 5, 15, [], 0)
 3 SYSTEMPATH\Debug\Toolbar\Views\toolbar.tpl.php(105): CodeIgniter\Debug\Toolbar->renderTimeline([...], 1771825038.604013, 5, 15, [])
 4 SYSTEMPATH\Debug\Toolbar.php(533): include('C:\\xampp\\htdocs\\IM\\system\\Debug\\Toolbar\\Views\\toolbar.tpl.php')
 5 SYSTEMPATH\Debug\Toolbar.php(496): CodeIgniter\Debug\Toolbar->format([...], 'html')
 6 APPPATH\Config\Events.php(47): CodeIgniter\Debug\Toolbar->respond()
 7 SYSTEMPATH\Events\Events.php(152): CodeIgniter\Events\Events::Config\{closure}()
 8 SYSTEMPATH\CodeIgniter.php(339): CodeIgniter\Events\Events::trigger('pre_system')
 9 SYSTEMPATH\Boot.php(363): CodeIgniter\CodeIgniter->run()
10 SYSTEMPATH\Boot.php(68): CodeIgniter\Boot::runCodeIgniter(Object(CodeIgniter\CodeIgniter))
11 FCPATH\index.php(59): CodeIgniter\Boot::bootWeb(Object(Config\Paths))
DEBUG - 2026-02-23 13:37:22 --> Session: Class initialized using 'CodeIgniter\Session\Handlers\FileHandler' driver.
CRITICAL - 2026-02-23 13:37:22 --> ErrorException: Trying to access array offset on value of type null
[Method: GET, Route: /]
in SYSTEMPATH\Debug\Toolbar.php on line 217.
 1 SYSTEMPATH\Debug\Toolbar.php(217): CodeIgniter\Debug\Exceptions->errorHandler(2, 'Trying to access array offset on value of type null', 'C:\\xampp\\htdocs\\IM\\system\\Debug\\Toolbar.php', 217)
 2 SYSTEMPATH\Debug\Toolbar.php(200): CodeIgniter\Debug\Toolbar->renderTimelineRecursive([...], 1771825042.389805, 7, 10, [], 0)
 3 SYSTEMPATH\Debug\Toolbar\Views\toolbar.tpl.php(105): CodeIgniter\Debug\Toolbar->renderTimeline([...], 1771825042.389805, 7, 10, [])
 4 SYSTEMPATH\Debug\Toolbar.php(533): include('C:\\xampp\\htdocs\\IM\\system\\Debug\\Toolbar\\Views\\toolbar.tpl.php')
 5 SYSTEMPATH\Debug\Toolbar.php(496): CodeIgniter\Debug\Toolbar->format([...], 'html')
 6 APPPATH\Config\Events.php(47): CodeIgniter\Debug\Toolbar->respond()
 7 SYSTEMPATH\Events\Events.php(152): CodeIgniter\Events\Events::Config\{closure}()
 8 SYSTEMPATH\CodeIgniter.php(339): CodeIgniter\Events\Events::trigger('pre_system')
 9 SYSTEMPATH\Boot.php(363): CodeIgniter\CodeIgniter->run()
10 SYSTEMPATH\Boot.php(68): CodeIgniter\Boot::runCodeIgniter(Object(CodeIgniter\CodeIgniter))
11 FCPATH\index.php(59): CodeIgniter\Boot::bootWeb(Object(Config\Paths))
DEBUG - 2026-02-23 13:37:40 --> Session: Class initialized using 'CodeIgniter\Session\Handlers\FileHandler' driver.
DEBUG - 2026-02-23 13:39:13 --> Session: Class initialized using 'CodeIgniter\Session\Handlers\FileHandler' driver.
DEBUG - 2026-02-23 13:39:15 --> Session: Class initialized using 'CodeIgniter\Session\Handlers\FileHandler' driver.
CRITICAL - 2026-02-23 13:39:15 --> ErrorException: Trying to access array offset on value of type null
[Method: GET, Route: /]
in SYSTEMPATH\Debug\Toolbar.php on line 217.
 1 SYSTEMPATH\Debug\Toolbar.php(217): CodeIgniter\Debug\Exceptions->errorHandler(2, 'Trying to access array offset on value of type null', 'C:\\xampp\\htdocs\\IM\\system\\Debug\\Toolbar.php', 217)
 2 SYSTEMPATH\Debug\Toolbar.php(200): CodeIgniter\Debug\Toolbar->renderTimelineRecursive([...], 1771825155.06863, 6, 15, [], 0)
 3 SYSTEMPATH\Debug\Toolbar\Views\toolbar.tpl.php(105): CodeIgniter\Debug\Toolbar->renderTimeline([...], 1771825155.06863, 6, 15, [])
 4 SYSTEMPATH\Debug\Toolbar.php(533): include('C:\\xampp\\htdocs\\IM\\system\\Debug\\Toolbar\\Views\\toolbar.tpl.php')
 5 SYSTEMPATH\Debug\Toolbar.php(496): CodeIgniter\Debug\Toolbar->format([...], 'html')
 6 APPPATH\Config\Events.php(47): CodeIgniter\Debug\Toolbar->respond()
 7 SYSTEMPATH\Events\Events.php(152): CodeIgniter\Events\Events::Config\{closure}()
 8 SYSTEMPATH\CodeIgniter.php(339): CodeIgniter\Events\Events::trigger('pre_system')
 9 SYSTEMPATH\Boot.php(363): CodeIgniter\CodeIgniter->run()
10 SYSTEMPATH\Boot.php(68): CodeIgniter\Boot::runCodeIgniter(Object(CodeIgniter\CodeIgniter))
11 FCPATH\index.php(59): CodeIgniter\Boot::bootWeb(Object(Config\Paths))
DEBUG - 2026-02-23 13:39:18 --> Session: Class initialized using 'CodeIgniter\Session\Handlers\FileHandler' driver.
CRITICAL - 2026-02-23 13:39:19 --> ErrorException: Trying to access array offset on value of type null
[Method: GET, Route: /]
in SYSTEMPATH\Debug\Toolbar.php on line 217.
 1 SYSTEMPATH\Debug\Toolbar.php(217): CodeIgniter\Debug\Exceptions->errorHandler(2, 'Trying to access array offset on value of type null', 'C:\\xampp\\htdocs\\IM\\system\\Debug\\Toolbar.php', 217)
 2 SYSTEMPATH\Debug\Toolbar.php(200): CodeIgniter\Debug\Toolbar->renderTimelineRecursive([...], 1771825158.771659, 7, 10, [], 0)
 3 SYSTEMPATH\Debug\Toolbar\Views\toolbar.tpl.php(105): CodeIgniter\Debug\Toolbar->renderTimeline([...], 1771825158.771659, 7, 10, [])
 4 SYSTEMPATH\Debug\Toolbar.php(533): include('C:\\xampp\\htdocs\\IM\\system\\Debug\\Toolbar\\Views\\toolbar.tpl.php')
 5 SYSTEMPATH\Debug\Toolbar.php(496): CodeIgniter\Debug\Toolbar->format([...], 'html')
 6 APPPATH\Config\Events.php(47): CodeIgniter\Debug\Toolbar->respond()
 7 SYSTEMPATH\Events\Events.php(152): CodeIgniter\Events\Events::Config\{closure}()
 8 SYSTEMPATH\CodeIgniter.php(339): CodeIgniter\Events\Events::trigger('pre_system')
 9 SYSTEMPATH\Boot.php(363): CodeIgniter\CodeIgniter->run()
10 SYSTEMPATH\Boot.php(68): CodeIgniter\Boot::runCodeIgniter(Object(CodeIgniter\CodeIgniter))
11 FCPATH\index.php(59): CodeIgniter\Boot::bootWeb(Object(Config\Paths))
DEBUG - 2026-02-23 13:39:27 --> Session: Class initialized using 'CodeIgniter\Session\Handlers\FileHandler' driver.
CRITICAL - 2026-02-23 13:39:27 --> ErrorException: Trying to access array offset on value of type null
[Method: GET, Route: /]
in SYSTEMPATH\Debug\Toolbar.php on line 217.
 1 SYSTEMPATH\Debug\Toolbar.php(217): CodeIgniter\Debug\Exceptions->errorHandler(2, 'Trying to access array offset on value of type null', 'C:\\xampp\\htdocs\\IM\\system\\Debug\\Toolbar.php', 217)
 2 SYSTEMPATH\Debug\Toolbar.php(200): CodeIgniter\Debug\Toolbar->renderTimelineRecursive([...], 1771825167.358218, 6, 15, [], 0)
 3 SYSTEMPATH\Debug\Toolbar\Views\toolbar.tpl.php(105): CodeIgniter\Debug\Toolbar->renderTimeline([...], 1771825167.358218, 6, 15, [])
 4 SYSTEMPATH\Debug\Toolbar.php(533): include('C:\\xampp\\htdocs\\IM\\system\\Debug\\Toolbar\\Views\\toolbar.tpl.php')
 5 SYSTEMPATH\Debug\Toolbar.php(496): CodeIgniter\Debug\Toolbar->format([...], 'html')
 6 APPPATH\Config\Events.php(47): CodeIgniter\Debug\Toolbar->respond()
 7 SYSTEMPATH\Events\Events.php(152): CodeIgniter\Events\Events::Config\{closure}()
 8 SYSTEMPATH\CodeIgniter.php(339): CodeIgniter\Events\Events::trigger('pre_system')
 9 SYSTEMPATH\Boot.php(363): CodeIgniter\CodeIgniter->run()
10 SYSTEMPATH\Boot.php(68): CodeIgniter\Boot::runCodeIgniter(Object(CodeIgniter\CodeIgniter))
11 FCPATH\index.php(59): CodeIgniter\Boot::bootWeb(Object(Config\Paths))
DEBUG - 2026-02-23 13:39:30 --> Session: Class initialized using 'CodeIgniter\Session\Handlers\FileHandler' driver.
DEBUG - 2026-02-23 13:39:36 --> Session: Class initialized using 'CodeIgniter\Session\Handlers\FileHandler' driver.
CRITICAL - 2026-02-23 13:39:36 --> ErrorException: Trying to access array offset on value of type null
[Method: GET, Route: /]
in SYSTEMPATH\Debug\Toolbar.php on line 217.
 1 SYSTEMPATH\Debug\Toolbar.php(217): CodeIgniter\Debug\Exceptions->errorHandler(2, 'Trying to access array offset on value of type null', 'C:\\xampp\\htdocs\\IM\\system\\Debug\\Toolbar.php', 217)
 2 SYSTEMPATH\Debug\Toolbar.php(200): CodeIgniter\Debug\Toolbar->renderTimelineRecursive([...], 1771825176.294367, 6, 15, [], 0)
 3 SYSTEMPATH\Debug\Toolbar\Views\toolbar.tpl.php(105): CodeIgniter\Debug\Toolbar->renderTimeline([...], 1771825176.294367, 6, 15, [])
 4 SYSTEMPATH\Debug\Toolbar.php(533): include('C:\\xampp\\htdocs\\IM\\system\\Debug\\Toolbar\\Views\\toolbar.tpl.php')
 5 SYSTEMPATH\Debug\Toolbar.php(496): CodeIgniter\Debug\Toolbar->format([...], 'html')
 6 APPPATH\Config\Events.php(47): CodeIgniter\Debug\Toolbar->respond()
 7 SYSTEMPATH\Events\Events.php(152): CodeIgniter\Events\Events::Config\{closure}()
 8 SYSTEMPATH\CodeIgniter.php(339): CodeIgniter\Events\Events::trigger('pre_system')
 9 SYSTEMPATH\Boot.php(363): CodeIgniter\CodeIgniter->run()
10 SYSTEMPATH\Boot.php(68): CodeIgniter\Boot::runCodeIgniter(Object(CodeIgniter\CodeIgniter))
11 FCPATH\index.php(59): CodeIgniter\Boot::bootWeb(Object(Config\Paths))
DEBUG - 2026-02-23 13:39:44 --> Session: Class initialized using 'CodeIgniter\Session\Handlers\FileHandler' driver.
CRITICAL - 2026-02-23 13:39:44 --> ErrorException: Trying to access array offset on value of type null
[Method: GET, Route: /]
in SYSTEMPATH\Debug\Toolbar.php on line 217.
 1 SYSTEMPATH\Debug\Toolbar.php(217): CodeIgniter\Debug\Exceptions->errorHandler(2, 'Trying to access array offset on value of type null', 'C:\\xampp\\htdocs\\IM\\system\\Debug\\Toolbar.php', 217)
 2 SYSTEMPATH\Debug\Toolbar.php(200): CodeIgniter\Debug\Toolbar->renderTimelineRecursive([...], 1771825184.319263, 6, 15, [], 0)
 3 SYSTEMPATH\Debug\Toolbar\Views\toolbar.tpl.php(105): CodeIgniter\Debug\Toolbar->renderTimeline([...], 1771825184.319263, 6, 15, [])
 4 SYSTEMPATH\Debug\Toolbar.php(533): include('C:\\xampp\\htdocs\\IM\\system\\Debug\\Toolbar\\Views\\toolbar.tpl.php')
 5 SYSTEMPATH\Debug\Toolbar.php(496): CodeIgniter\Debug\Toolbar->format([...], 'html')
 6 APPPATH\Config\Events.php(47): CodeIgniter\Debug\Toolbar->respond()
 7 SYSTEMPATH\Events\Events.php(152): CodeIgniter\Events\Events::Config\{closure}()
 8 SYSTEMPATH\CodeIgniter.php(339): CodeIgniter\Events\Events::trigger('pre_system')
 9 SYSTEMPATH\Boot.php(363): CodeIgniter\CodeIgniter->run()
10 SYSTEMPATH\Boot.php(68): CodeIgniter\Boot::runCodeIgniter(Object(CodeIgniter\CodeIgniter))
11 FCPATH\index.php(59): CodeIgniter\Boot::bootWeb(Object(Config\Paths))
DEBUG - 2026-02-23 13:40:53 --> Session: Class initialized using 'CodeIgniter\Session\Handlers\FileHandler' driver.
DEBUG - 2026-02-23 13:41:33 --> Session: Class initialized using 'CodeIgniter\Session\Handlers\FileHandler' driver.
CRITICAL - 2026-02-23 13:41:33 --> ErrorException: Trying to access array offset on value of type null
[Method: GET, Route: /]
in SYSTEMPATH\Debug\Toolbar.php on line 217.
 1 SYSTEMPATH\Debug\Toolbar.php(217): CodeIgniter\Debug\Exceptions->errorHandler(2, 'Trying to access array offset on value of type null', 'C:\\xampp\\htdocs\\IM\\system\\Debug\\Toolbar.php', 217)
 2 SYSTEMPATH\Debug\Toolbar.php(200): CodeIgniter\Debug\Toolbar->renderTimelineRecursive([...], 1771825293.218995, 7, 20, [], 0)
 3 SYSTEMPATH\Debug\Toolbar\Views\toolbar.tpl.php(105): CodeIgniter\Debug\Toolbar->renderTimeline([...], 1771825293.218995, 7, 20, [])
 4 SYSTEMPATH\Debug\Toolbar.php(533): include('C:\\xampp\\htdocs\\IM\\system\\Debug\\Toolbar\\Views\\toolbar.tpl.php')
 5 SYSTEMPATH\Debug\Toolbar.php(496): CodeIgniter\Debug\Toolbar->format([...], 'html')
 6 APPPATH\Config\Events.php(47): CodeIgniter\Debug\Toolbar->respond()
 7 SYSTEMPATH\Events\Events.php(152): CodeIgniter\Events\Events::Config\{closure}()
 8 SYSTEMPATH\CodeIgniter.php(339): CodeIgniter\Events\Events::trigger('pre_system')
 9 SYSTEMPATH\Boot.php(363): CodeIgniter\CodeIgniter->run()
10 SYSTEMPATH\Boot.php(68): CodeIgniter\Boot::runCodeIgniter(Object(CodeIgniter\CodeIgniter))
11 FCPATH\index.php(59): CodeIgniter\Boot::bootWeb(Object(Config\Paths))
DEBUG - 2026-02-23 13:41:43 --> Session: Class initialized using 'CodeIgniter\Session\Handlers\FileHandler' driver.
DEBUG - 2026-02-23 13:41:56 --> Session: Class initialized using 'CodeIgniter\Session\Handlers\FileHandler' driver.
DEBUG - 2026-02-23 13:44:29 --> Session: Class initialized using 'CodeIgniter\Session\Handlers\FileHandler' driver.
CRITICAL - 2026-02-23 13:44:30 --> ErrorException: Trying to access array offset on value of type null
[Method: GET, Route: /]
in SYSTEMPATH\Debug\Toolbar.php on line 217.
 1 SYSTEMPATH\Debug\Toolbar.php(217): CodeIgniter\Debug\Exceptions->errorHandler(2, 'Trying to access array offset on value of type null', 'C:\\xampp\\htdocs\\IM\\system\\Debug\\Toolbar.php', 217)
 2 SYSTEMPATH\Debug\Toolbar.php(200): CodeIgniter\Debug\Toolbar->renderTimelineRecursive([...], 1771825469.885127, 6, 15, [], 0)
 3 SYSTEMPATH\Debug\Toolbar\Views\toolbar.tpl.php(105): CodeIgniter\Debug\Toolbar->renderTimeline([...], 1771825469.885127, 6, 15, [])
 4 SYSTEMPATH\Debug\Toolbar.php(533): include('C:\\xampp\\htdocs\\IM\\system\\Debug\\Toolbar\\Views\\toolbar.tpl.php')
 5 SYSTEMPATH\Debug\Toolbar.php(496): CodeIgniter\Debug\Toolbar->format([...], 'html')
 6 APPPATH\Config\Events.php(47): CodeIgniter\Debug\Toolbar->respond()
 7 SYSTEMPATH\Events\Events.php(152): CodeIgniter\Events\Events::Config\{closure}()
 8 SYSTEMPATH\CodeIgniter.php(339): CodeIgniter\Events\Events::trigger('pre_system')
 9 SYSTEMPATH\Boot.php(363): CodeIgniter\CodeIgniter->run()
10 SYSTEMPATH\Boot.php(68): CodeIgniter\Boot::runCodeIgniter(Object(CodeIgniter\CodeIgniter))
11 FCPATH\index.php(59): CodeIgniter\Boot::bootWeb(Object(Config\Paths))
DEBUG - 2026-02-23 13:44:35 --> Session: Class initialized using 'CodeIgniter\Session\Handlers\FileHandler' driver.
CRITICAL - 2026-02-23 13:44:35 --> ErrorException: Trying to access array offset on value of type null
[Method: GET, Route: /]
in SYSTEMPATH\Debug\Toolbar.php on line 217.
 1 SYSTEMPATH\Debug\Toolbar.php(217): CodeIgniter\Debug\Exceptions->errorHandler(2, 'Trying to access array offset on value of type null', 'C:\\xampp\\htdocs\\IM\\system\\Debug\\Toolbar.php', 217)
 2 SYSTEMPATH\Debug\Toolbar.php(200): CodeIgniter\Debug\Toolbar->renderTimelineRecursive([...], 1771825475.062223, 6, 15, [], 0)
 3 SYSTEMPATH\Debug\Toolbar\Views\toolbar.tpl.php(105): CodeIgniter\Debug\Toolbar->renderTimeline([...], 1771825475.062223, 6, 15, [])
 4 SYSTEMPATH\Debug\Toolbar.php(533): include('C:\\xampp\\htdocs\\IM\\system\\Debug\\Toolbar\\Views\\toolbar.tpl.php')
 5 SYSTEMPATH\Debug\Toolbar.php(496): CodeIgniter\Debug\Toolbar->format([...], 'html')
 6 APPPATH\Config\Events.php(47): CodeIgniter\Debug\Toolbar->respond()
 7 SYSTEMPATH\Events\Events.php(152): CodeIgniter\Events\Events::Config\{closure}()
 8 SYSTEMPATH\CodeIgniter.php(339): CodeIgniter\Events\Events::trigger('pre_system')
 9 SYSTEMPATH\Boot.php(363): CodeIgniter\CodeIgniter->run()
10 SYSTEMPATH\Boot.php(68): CodeIgniter\Boot::runCodeIgniter(Object(CodeIgniter\CodeIgniter))
11 FCPATH\index.php(59): CodeIgniter\Boot::bootWeb(Object(Config\Paths))
DEBUG - 2026-02-23 13:44:37 --> Session: Class initialized using 'CodeIgniter\Session\Handlers\FileHandler' driver.
CRITICAL - 2026-02-23 13:44:38 --> ErrorException: Trying to access array offset on value of type null
[Method: GET, Route: /]
in SYSTEMPATH\Debug\Toolbar.php on line 217.
 1 SYSTEMPATH\Debug\Toolbar.php(217): CodeIgniter\Debug\Exceptions->errorHandler(2, 'Trying to access array offset on value of type null', 'C:\\xampp\\htdocs\\IM\\system\\Debug\\Toolbar.php', 217)
 2 SYSTEMPATH\Debug\Toolbar.php(200): CodeIgniter\Debug\Toolbar->renderTimelineRecursive([...], 1771825477.916987, 7, 15, [], 0)
 3 SYSTEMPATH\Debug\Toolbar\Views\toolbar.tpl.php(105): CodeIgniter\Debug\Toolbar->renderTimeline([...], 1771825477.916987, 7, 15, [])
 4 SYSTEMPATH\Debug\Toolbar.php(533): include('C:\\xampp\\htdocs\\IM\\system\\Debug\\Toolbar\\Views\\toolbar.tpl.php')
 5 SYSTEMPATH\Debug\Toolbar.php(496): CodeIgniter\Debug\Toolbar->format([...], 'html')
 6 APPPATH\Config\Events.php(47): CodeIgniter\Debug\Toolbar->respond()
 7 SYSTEMPATH\Events\Events.php(152): CodeIgniter\Events\Events::Config\{closure}()
 8 SYSTEMPATH\CodeIgniter.php(339): CodeIgniter\Events\Events::trigger('pre_system')
 9 SYSTEMPATH\Boot.php(363): CodeIgniter\CodeIgniter->run()
10 SYSTEMPATH\Boot.php(68): CodeIgniter\Boot::runCodeIgniter(Object(CodeIgniter\CodeIgniter))
11 FCPATH\index.php(59): CodeIgniter\Boot::bootWeb(Object(Config\Paths))
DEBUG - 2026-02-23 13:44:39 --> Session: Class initialized using 'CodeIgniter\Session\Handlers\FileHandler' driver.
CRITICAL - 2026-02-23 13:44:40 --> ErrorException: Trying to access array offset on value of type null
[Method: GET, Route: /]
in SYSTEMPATH\Debug\Toolbar.php on line 217.
 1 SYSTEMPATH\Debug\Toolbar.php(217): CodeIgniter\Debug\Exceptions->errorHandler(2, 'Trying to access array offset on value of type null', 'C:\\xampp\\htdocs\\IM\\system\\Debug\\Toolbar.php', 217)
 2 SYSTEMPATH\Debug\Toolbar.php(200): CodeIgniter\Debug\Toolbar->renderTimelineRecursive([...], 1771825479.813695, 6, 15, [], 0)
 3 SYSTEMPATH\Debug\Toolbar\Views\toolbar.tpl.php(105): CodeIgniter\Debug\Toolbar->renderTimeline([...], 1771825479.813695, 6, 15, [])
 4 SYSTEMPATH\Debug\Toolbar.php(533): include('C:\\xampp\\htdocs\\IM\\system\\Debug\\Toolbar\\Views\\toolbar.tpl.php')
 5 SYSTEMPATH\Debug\Toolbar.php(496): CodeIgniter\Debug\Toolbar->format([...], 'html')
 6 APPPATH\Config\Events.php(47): CodeIgniter\Debug\Toolbar->respond()
 7 SYSTEMPATH\Events\Events.php(152): CodeIgniter\Events\Events::Config\{closure}()
 8 SYSTEMPATH\CodeIgniter.php(339): CodeIgniter\Events\Events::trigger('pre_system')
 9 SYSTEMPATH\Boot.php(363): CodeIgniter\CodeIgniter->run()
10 SYSTEMPATH\Boot.php(68): CodeIgniter\Boot::runCodeIgniter(Object(CodeIgniter\CodeIgniter))
11 FCPATH\index.php(59): CodeIgniter\Boot::bootWeb(Object(Config\Paths))
DEBUG - 2026-02-23 13:44:43 --> Session: Class initialized using 'CodeIgniter\Session\Handlers\FileHandler' driver.
CRITICAL - 2026-02-23 13:44:43 --> ErrorException: Trying to access array offset on value of type null
[Method: GET, Route: /]
in SYSTEMPATH\Debug\Toolbar.php on line 217.
 1 SYSTEMPATH\Debug\Toolbar.php(217): CodeIgniter\Debug\Exceptions->errorHandler(2, 'Trying to access array offset on value of type null', 'C:\\xampp\\htdocs\\IM\\system\\Debug\\Toolbar.php', 217)
 2 SYSTEMPATH\Debug\Toolbar.php(200): CodeIgniter\Debug\Toolbar->renderTimelineRecursive([...], 1771825483.201447, 6, 15, [], 0)
 3 SYSTEMPATH\Debug\Toolbar\Views\toolbar.tpl.php(105): CodeIgniter\Debug\Toolbar->renderTimeline([...], 1771825483.201447, 6, 15, [])
 4 SYSTEMPATH\Debug\Toolbar.php(533): include('C:\\xampp\\htdocs\\IM\\system\\Debug\\Toolbar\\Views\\toolbar.tpl.php')
 5 SYSTEMPATH\Debug\Toolbar.php(496): CodeIgniter\Debug\Toolbar->format([...], 'html')
 6 APPPATH\Config\Events.php(47): CodeIgniter\Debug\Toolbar->respond()
 7 SYSTEMPATH\Events\Events.php(152): CodeIgniter\Events\Events::Config\{closure}()
 8 SYSTEMPATH\CodeIgniter.php(339): CodeIgniter\Events\Events::trigger('pre_system')
 9 SYSTEMPATH\Boot.php(363): CodeIgniter\CodeIgniter->run()
10 SYSTEMPATH\Boot.php(68): CodeIgniter\Boot::runCodeIgniter(Object(CodeIgniter\CodeIgniter))
11 FCPATH\index.php(59): CodeIgniter\Boot::bootWeb(Object(Config\Paths))
DEBUG - 2026-02-23 13:51:25 --> Session: Class initialized using 'CodeIgniter\Session\Handlers\FileHandler' driver.
CRITICAL - 2026-02-23 13:51:25 --> ErrorException: Trying to access array offset on value of type null
[Method: GET, Route: /]
in SYSTEMPATH\Debug\Toolbar.php on line 217.
 1 SYSTEMPATH\Debug\Toolbar.php(217): CodeIgniter\Debug\Exceptions->errorHandler(2, 'Trying to access array offset on value of type null', 'C:\\xampp\\htdocs\\IM\\system\\Debug\\Toolbar.php', 217)
 2 SYSTEMPATH\Debug\Toolbar.php(200): CodeIgniter\Debug\Toolbar->renderTimelineRecursive([...], 1771825885.654349, 6, 15, [], 0)
 3 SYSTEMPATH\Debug\Toolbar\Views\toolbar.tpl.php(105): CodeIgniter\Debug\Toolbar->renderTimeline([...], 1771825885.654349, 6, 15, [])
 4 SYSTEMPATH\Debug\Toolbar.php(533): include('C:\\xampp\\htdocs\\IM\\system\\Debug\\Toolbar\\Views\\toolbar.tpl.php')
 5 SYSTEMPATH\Debug\Toolbar.php(496): CodeIgniter\Debug\Toolbar->format([...], 'html')
 6 APPPATH\Config\Events.php(47): CodeIgniter\Debug\Toolbar->respond()
 7 SYSTEMPATH\Events\Events.php(152): CodeIgniter\Events\Events::Config\{closure}()
 8 SYSTEMPATH\CodeIgniter.php(339): CodeIgniter\Events\Events::trigger('pre_system')
 9 SYSTEMPATH\Boot.php(363): CodeIgniter\CodeIgniter->run()
10 SYSTEMPATH\Boot.php(68): CodeIgniter\Boot::runCodeIgniter(Object(CodeIgniter\CodeIgniter))
11 FCPATH\index.php(59): CodeIgniter\Boot::bootWeb(Object(Config\Paths))
DEBUG - 2026-02-23 14:17:17 --> Session: Class initialized using 'CodeIgniter\Session\Handlers\FileHandler' driver.
CRITICAL - 2026-02-23 14:17:20 --> ErrorException: Trying to access array offset on value of type null
[Method: GET, Route: /]
in SYSTEMPATH\Debug\Toolbar.php on line 217.
 1 SYSTEMPATH\Debug\Toolbar.php(217): CodeIgniter\Debug\Exceptions->errorHandler(2, 'Trying to access array offset on value of type null', 'C:\\xampp\\htdocs\\IM\\system\\Debug\\Toolbar.php', 217)
 2 SYSTEMPATH\Debug\Toolbar.php(200): CodeIgniter\Debug\Toolbar->renderTimelineRecursive([...], 1771827436.165965, 7, 390, [], 0)
 3 SYSTEMPATH\Debug\Toolbar\Views\toolbar.tpl.php(105): CodeIgniter\Debug\Toolbar->renderTimeline([...], 1771827436.165965, 7, 390, [])
 4 SYSTEMPATH\Debug\Toolbar.php(533): include('C:\\xampp\\htdocs\\IM\\system\\Debug\\Toolbar\\Views\\toolbar.tpl.php')
 5 SYSTEMPATH\Debug\Toolbar.php(496): CodeIgniter\Debug\Toolbar->format([...], 'html')
 6 APPPATH\Config\Events.php(47): CodeIgniter\Debug\Toolbar->respond()
 7 SYSTEMPATH\Events\Events.php(152): CodeIgniter\Events\Events::Config\{closure}()
 8 SYSTEMPATH\CodeIgniter.php(339): CodeIgniter\Events\Events::trigger('pre_system')
 9 SYSTEMPATH\Boot.php(363): CodeIgniter\CodeIgniter->run()
10 SYSTEMPATH\Boot.php(68): CodeIgniter\Boot::runCodeIgniter(Object(CodeIgniter\CodeIgniter))
11 FCPATH\index.php(59): CodeIgniter\Boot::bootWeb(Object(Config\Paths))
DEBUG - 2026-02-23 14:17:25 --> Session: Class initialized using 'CodeIgniter\Session\Handlers\FileHandler' driver.
CRITICAL - 2026-02-23 14:17:26 --> ErrorException: Trying to access array offset on value of type null
[Method: GET, Route: /]
in SYSTEMPATH\Debug\Toolbar.php on line 217.
 1 SYSTEMPATH\Debug\Toolbar.php(217): CodeIgniter\Debug\Exceptions->errorHandler(2, 'Trying to access array offset on value of type null', 'C:\\xampp\\htdocs\\IM\\system\\Debug\\Toolbar.php', 217)
 2 SYSTEMPATH\Debug\Toolbar.php(200): CodeIgniter\Debug\Toolbar->renderTimelineRecursive([...], 1771827445.288737, 7, 35, [], 0)
 3 SYSTEMPATH\Debug\Toolbar\Views\toolbar.tpl.php(105): CodeIgniter\Debug\Toolbar->renderTimeline([...], 1771827445.288737, 7, 35, [])
 4 SYSTEMPATH\Debug\Toolbar.php(533): include('C:\\xampp\\htdocs\\IM\\system\\Debug\\Toolbar\\Views\\toolbar.tpl.php')
 5 SYSTEMPATH\Debug\Toolbar.php(496): CodeIgniter\Debug\Toolbar->format([...], 'html')
 6 APPPATH\Config\Events.php(47): CodeIgniter\Debug\Toolbar->respond()
 7 SYSTEMPATH\Events\Events.php(152): CodeIgniter\Events\Events::Config\{closure}()
 8 SYSTEMPATH\CodeIgniter.php(339): CodeIgniter\Events\Events::trigger('pre_system')
 9 SYSTEMPATH\Boot.php(363): CodeIgniter\CodeIgniter->run()
10 SYSTEMPATH\Boot.php(68): CodeIgniter\Boot::runCodeIgniter(Object(CodeIgniter\CodeIgniter))
11 FCPATH\index.php(59): CodeIgniter\Boot::bootWeb(Object(Config\Paths))
DEBUG - 2026-02-23 14:28:21 --> Session: Class initialized using 'CodeIgniter\Session\Handlers\FileHandler' driver.
CRITICAL - 2026-02-23 14:28:22 --> ErrorException: Trying to access array offset on value of type null
[Method: GET, Route: /]
in SYSTEMPATH\Debug\Toolbar.php on line 217.
 1 SYSTEMPATH\Debug\Toolbar.php(217): CodeIgniter\Debug\Exceptions->errorHandler(2, 'Trying to access array offset on value of type null', 'C:\\xampp\\htdocs\\IM\\system\\Debug\\Toolbar.php', 217)
 2 SYSTEMPATH\Debug\Toolbar.php(200): CodeIgniter\Debug\Toolbar->renderTimelineRecursive([...], 1771828101.040542, 7, 85, [], 0)
 3 SYSTEMPATH\Debug\Toolbar\Views\toolbar.tpl.php(105): CodeIgniter\Debug\Toolbar->renderTimeline([...], 1771828101.040542, 7, 85, [])
 4 SYSTEMPATH\Debug\Toolbar.php(533): include('C:\\xampp\\htdocs\\IM\\system\\Debug\\Toolbar\\Views\\toolbar.tpl.php')
 5 SYSTEMPATH\Debug\Toolbar.php(496): CodeIgniter\Debug\Toolbar->format([...], 'html')
 6 APPPATH\Config\Events.php(47): CodeIgniter\Debug\Toolbar->respond()
 7 SYSTEMPATH\Events\Events.php(152): CodeIgniter\Events\Events::Config\{closure}()
 8 SYSTEMPATH\CodeIgniter.php(339): CodeIgniter\Events\Events::trigger('pre_system')
 9 SYSTEMPATH\Boot.php(363): CodeIgniter\CodeIgniter->run()
10 SYSTEMPATH\Boot.php(68): CodeIgniter\Boot::runCodeIgniter(Object(CodeIgniter\CodeIgniter))
11 FCPATH\index.php(59): CodeIgniter\Boot::bootWeb(Object(Config\Paths))
DEBUG - 2026-02-23 14:29:02 --> Session: Class initialized using 'CodeIgniter\Session\Handlers\FileHandler' driver.
CRITICAL - 2026-02-23 14:29:05 --> ErrorException: Trying to access array offset on value of type null
[Method: GET, Route: /]
in SYSTEMPATH\Debug\Toolbar.php on line 217.
 1 SYSTEMPATH\Debug\Toolbar.php(217): CodeIgniter\Debug\Exceptions->errorHandler(2, 'Trying to access array offset on value of type null', 'C:\\xampp\\htdocs\\IM\\system\\Debug\\Toolbar.php', 217)
 2 SYSTEMPATH\Debug\Toolbar.php(200): CodeIgniter\Debug\Toolbar->renderTimelineRecursive([...], 1771828142.120228, 7, 120, [], 0)
 3 SYSTEMPATH\Debug\Toolbar\Views\toolbar.tpl.php(105): CodeIgniter\Debug\Toolbar->renderTimeline([...], 1771828142.120228, 7, 120, [])
 4 SYSTEMPATH\Debug\Toolbar.php(533): include('C:\\xampp\\htdocs\\IM\\system\\Debug\\Toolbar\\Views\\toolbar.tpl.php')
 5 SYSTEMPATH\Debug\Toolbar.php(496): CodeIgniter\Debug\Toolbar->format([...], 'html')
 6 APPPATH\Config\Events.php(47): CodeIgniter\Debug\Toolbar->respond()
 7 SYSTEMPATH\Events\Events.php(152): CodeIgniter\Events\Events::Config\{closure}()
 8 SYSTEMPATH\CodeIgniter.php(339): CodeIgniter\Events\Events::trigger('pre_system')
 9 SYSTEMPATH\Boot.php(363): CodeIgniter\CodeIgniter->run()
10 SYSTEMPATH\Boot.php(68): CodeIgniter\Boot::runCodeIgniter(Object(CodeIgniter\CodeIgniter))
11 FCPATH\index.php(59): CodeIgniter\Boot::bootWeb(Object(Config\Paths))
DEBUG - 2026-02-23 14:29:05 --> Session: Class initialized using 'CodeIgniter\Session\Handlers\FileHandler' driver.
CRITICAL - 2026-02-23 14:29:06 --> ErrorException: Trying to access array offset on value of type null
[Method: GET, Route: /]
in SYSTEMPATH\Debug\Toolbar.php on line 217.
 1 SYSTEMPATH\Debug\Toolbar.php(217): CodeIgniter\Debug\Exceptions->errorHandler(2, 'Trying to access array offset on value of type null', 'C:\\xampp\\htdocs\\IM\\system\\Debug\\Toolbar.php', 217)
 2 SYSTEMPATH\Debug\Toolbar.php(200): CodeIgniter\Debug\Toolbar->renderTimelineRecursive([...], 1771828145.607071, 7, 110, [], 0)
 3 SYSTEMPATH\Debug\Toolbar\Views\toolbar.tpl.php(105): CodeIgniter\Debug\Toolbar->renderTimeline([...], 1771828145.607071, 7, 110, [])
 4 SYSTEMPATH\Debug\Toolbar.php(533): include('C:\\xampp\\htdocs\\IM\\system\\Debug\\Toolbar\\Views\\toolbar.tpl.php')
 5 SYSTEMPATH\Debug\Toolbar.php(496): CodeIgniter\Debug\Toolbar->format([...], 'html')
 6 APPPATH\Config\Events.php(47): CodeIgniter\Debug\Toolbar->respond()
 7 SYSTEMPATH\Events\Events.php(152): CodeIgniter\Events\Events::Config\{closure}()
 8 SYSTEMPATH\CodeIgniter.php(339): CodeIgniter\Events\Events::trigger('pre_system')
 9 SYSTEMPATH\Boot.php(363): CodeIgniter\CodeIgniter->run()
10 SYSTEMPATH\Boot.php(68): CodeIgniter\Boot::runCodeIgniter(Object(CodeIgniter\CodeIgniter))
11 FCPATH\index.php(59): CodeIgniter\Boot::bootWeb(Object(Config\Paths))
DEBUG - 2026-02-23 14:29:21 --> Session: Class initialized using 'CodeIgniter\Session\Handlers\FileHandler' driver.
DEBUG - 2026-02-23 14:29:39 --> Session: Class initialized using 'CodeIgniter\Session\Handlers\FileHandler' driver.
ERROR - 2026-02-23 14:29:39 --> mysqli_sql_exception: Duplicate entry '' for key 'uniq_dcfs_name' in C:\xampp\htdocs\IM\system\Database\MySQLi\Connection.php:327
Stack trace:
#0 C:\xampp\htdocs\IM\system\Database\MySQLi\Connection.php(327): mysqli->query('INSERT INTO `dc...', 0)
#1 C:\xampp\htdocs\IM\system\Database\BaseConnection.php(729): CodeIgniter\Database\MySQLi\Connection->execute('INSERT INTO `dc...')
#2 C:\xampp\htdocs\IM\system\Database\BaseConnection.php(646): CodeIgniter\Database\BaseConnection->simpleQuery('INSERT INTO `dc...')
#3 C:\xampp\htdocs\IM\system\Database\BaseBuilder.php(2345): CodeIgniter\Database\BaseConnection->query('INSERT INTO `dc...', Array, false)
#4 C:\xampp\htdocs\IM\system\Model.php(394): CodeIgniter\Database\BaseBuilder->insert()
#5 C:\xampp\htdocs\IM\system\BaseModel.php(838): CodeIgniter\Model->doInsert(Array)
#6 C:\xampp\htdocs\IM\system\Model.php(797): CodeIgniter\BaseModel->insert(Array, true)
#7 C:\xampp\htdocs\IM\app\Controllers\DcfController.php(91): CodeIgniter\Model->insert(Array)
#8 C:\xampp\htdocs\IM\system\CodeIgniter.php(933): App\Controllers\DcfController->store()
#9 C:\xampp\htdocs\IM\system\CodeIgniter.php(507): CodeIgniter\CodeIgniter->runController(Object(App\Controllers\DcfController))
#10 C:\xampp\htdocs\IM\system\CodeIgniter.php(354): CodeIgniter\CodeIgniter->handleRequest(NULL, Object(Config\Cache), false)
#11 C:\xampp\htdocs\IM\system\Boot.php(363): CodeIgniter\CodeIgniter->run()
#12 C:\xampp\htdocs\IM\system\Boot.php(68): CodeIgniter\Boot::runCodeIgniter(Object(CodeIgniter\CodeIgniter))
#13 C:\xampp\htdocs\IM\index.php(59): CodeIgniter\Boot::bootWeb(Object(Config\Paths))
#14 {main}
DEBUG - 2026-02-23 14:29:40 --> Session: Class initialized using 'CodeIgniter\Session\Handlers\FileHandler' driver.
CRITICAL - 2026-02-23 14:29:40 --> ErrorException: Trying to access array offset on value of type null
[Method: GET, Route: /]
in SYSTEMPATH\Debug\Toolbar.php on line 217.
 1 SYSTEMPATH\Debug\Toolbar.php(217): CodeIgniter\Debug\Exceptions->errorHandler(2, 'Trying to access array offset on value of type null', 'C:\\xampp\\htdocs\\IM\\system\\Debug\\Toolbar.php', 217)
 2 SYSTEMPATH\Debug\Toolbar.php(200): CodeIgniter\Debug\Toolbar->renderTimelineRecursive([...], 1771828180.463214, 7, 10, [], 0)
 3 SYSTEMPATH\Debug\Toolbar\Views\toolbar.tpl.php(105): CodeIgniter\Debug\Toolbar->renderTimeline([...], 1771828180.463214, 7, 10, [])
 4 SYSTEMPATH\Debug\Toolbar.php(533): include('C:\\xampp\\htdocs\\IM\\system\\Debug\\Toolbar\\Views\\toolbar.tpl.php')
 5 SYSTEMPATH\Debug\Toolbar.php(496): CodeIgniter\Debug\Toolbar->format([...], 'html')
 6 APPPATH\Config\Events.php(47): CodeIgniter\Debug\Toolbar->respond()
 7 SYSTEMPATH\Events\Events.php(152): CodeIgniter\Events\Events::Config\{closure}()
 8 SYSTEMPATH\CodeIgniter.php(339): CodeIgniter\Events\Events::trigger('pre_system')
 9 SYSTEMPATH\Boot.php(363): CodeIgniter\CodeIgniter->run()
10 SYSTEMPATH\Boot.php(68): CodeIgniter\Boot::runCodeIgniter(Object(CodeIgniter\CodeIgniter))
11 FCPATH\index.php(59): CodeIgniter\Boot::bootWeb(Object(Config\Paths))
DEBUG - 2026-02-23 14:29:52 --> Session: Class initialized using 'CodeIgniter\Session\Handlers\FileHandler' driver.
CRITICAL - 2026-02-23 14:29:53 --> ErrorException: Trying to access array offset on value of type null
[Method: GET, Route: /]
in SYSTEMPATH\Debug\Toolbar.php on line 217.
 1 SYSTEMPATH\Debug\Toolbar.php(217): CodeIgniter\Debug\Exceptions->errorHandler(2, 'Trying to access array offset on value of type null', 'C:\\xampp\\htdocs\\IM\\system\\Debug\\Toolbar.php', 217)
 2 SYSTEMPATH\Debug\Toolbar.php(200): CodeIgniter\Debug\Toolbar->renderTimelineRecursive([...], 1771828192.822085, 6, 15, [], 0)
 3 SYSTEMPATH\Debug\Toolbar\Views\toolbar.tpl.php(105): CodeIgniter\Debug\Toolbar->renderTimeline([...], 1771828192.822085, 6, 15, [])
 4 SYSTEMPATH\Debug\Toolbar.php(533): include('C:\\xampp\\htdocs\\IM\\system\\Debug\\Toolbar\\Views\\toolbar.tpl.php')
 5 SYSTEMPATH\Debug\Toolbar.php(496): CodeIgniter\Debug\Toolbar->format([...], 'html')
 6 APPPATH\Config\Events.php(47): CodeIgniter\Debug\Toolbar->respond()
 7 SYSTEMPATH\Events\Events.php(152): CodeIgniter\Events\Events::Config\{closure}()
 8 SYSTEMPATH\CodeIgniter.php(339): CodeIgniter\Events\Events::trigger('pre_system')
 9 SYSTEMPATH\Boot.php(363): CodeIgniter\CodeIgniter->run()
10 SYSTEMPATH\Boot.php(68): CodeIgniter\Boot::runCodeIgniter(Object(CodeIgniter\CodeIgniter))
11 FCPATH\index.php(59): CodeIgniter\Boot::bootWeb(Object(Config\Paths))
DEBUG - 2026-02-23 14:29:54 --> Session: Class initialized using 'CodeIgniter\Session\Handlers\FileHandler' driver.
CRITICAL - 2026-02-23 14:29:55 --> ErrorException: Trying to access array offset on value of type null
[Method: GET, Route: /]
in SYSTEMPATH\Debug\Toolbar.php on line 217.
 1 SYSTEMPATH\Debug\Toolbar.php(217): CodeIgniter\Debug\Exceptions->errorHandler(2, 'Trying to access array offset on value of type null', 'C:\\xampp\\htdocs\\IM\\system\\Debug\\Toolbar.php', 217)
 2 SYSTEMPATH\Debug\Toolbar.php(200): CodeIgniter\Debug\Toolbar->renderTimelineRecursive([...], 1771828194.736644, 6, 15, [], 0)
 3 SYSTEMPATH\Debug\Toolbar\Views\toolbar.tpl.php(105): CodeIgniter\Debug\Toolbar->renderTimeline([...], 1771828194.736644, 6, 15, [])
 4 SYSTEMPATH\Debug\Toolbar.php(533): include('C:\\xampp\\htdocs\\IM\\system\\Debug\\Toolbar\\Views\\toolbar.tpl.php')
 5 SYSTEMPATH\Debug\Toolbar.php(496): CodeIgniter\Debug\Toolbar->format([...], 'html')
 6 APPPATH\Config\Events.php(47): CodeIgniter\Debug\Toolbar->respond()
 7 SYSTEMPATH\Events\Events.php(152): CodeIgniter\Events\Events::Config\{closure}()
 8 SYSTEMPATH\CodeIgniter.php(339): CodeIgniter\Events\Events::trigger('pre_system')
 9 SYSTEMPATH\Boot.php(363): CodeIgniter\CodeIgniter->run()
10 SYSTEMPATH\Boot.php(68): CodeIgniter\Boot::runCodeIgniter(Object(CodeIgniter\CodeIgniter))
11 FCPATH\index.php(59): CodeIgniter\Boot::bootWeb(Object(Config\Paths))
DEBUG - 2026-02-23 14:30:16 --> Session: Class initialized using 'CodeIgniter\Session\Handlers\FileHandler' driver.
DEBUG - 2026-02-23 14:30:21 --> Session: Class initialized using 'CodeIgniter\Session\Handlers\FileHandler' driver.
ERROR - 2026-02-23 14:30:21 --> mysqli_sql_exception: Duplicate entry '' for key 'uniq_dcfs_name' in C:\xampp\htdocs\IM\system\Database\MySQLi\Connection.php:327
Stack trace:
#0 C:\xampp\htdocs\IM\system\Database\MySQLi\Connection.php(327): mysqli->query('INSERT INTO `dc...', 0)
#1 C:\xampp\htdocs\IM\system\Database\BaseConnection.php(729): CodeIgniter\Database\MySQLi\Connection->execute('INSERT INTO `dc...')
#2 C:\xampp\htdocs\IM\system\Database\BaseConnection.php(646): CodeIgniter\Database\BaseConnection->simpleQuery('INSERT INTO `dc...')
#3 C:\xampp\htdocs\IM\system\Database\BaseBuilder.php(2345): CodeIgniter\Database\BaseConnection->query('INSERT INTO `dc...', Array, false)
#4 C:\xampp\htdocs\IM\system\Model.php(394): CodeIgniter\Database\BaseBuilder->insert()
#5 C:\xampp\htdocs\IM\system\BaseModel.php(838): CodeIgniter\Model->doInsert(Array)
#6 C:\xampp\htdocs\IM\system\Model.php(797): CodeIgniter\BaseModel->insert(Array, true)
#7 C:\xampp\htdocs\IM\app\Controllers\DcfController.php(91): CodeIgniter\Model->insert(Array)
#8 C:\xampp\htdocs\IM\system\CodeIgniter.php(933): App\Controllers\DcfController->store()
#9 C:\xampp\htdocs\IM\system\CodeIgniter.php(507): CodeIgniter\CodeIgniter->runController(Object(App\Controllers\DcfController))
#10 C:\xampp\htdocs\IM\system\CodeIgniter.php(354): CodeIgniter\CodeIgniter->handleRequest(NULL, Object(Config\Cache), false)
#11 C:\xampp\htdocs\IM\system\Boot.php(363): CodeIgniter\CodeIgniter->run()
#12 C:\xampp\htdocs\IM\system\Boot.php(68): CodeIgniter\Boot::runCodeIgniter(Object(CodeIgniter\CodeIgniter))
#13 C:\xampp\htdocs\IM\index.php(59): CodeIgniter\Boot::bootWeb(Object(Config\Paths))
#14 {main}
DEBUG - 2026-02-23 14:30:22 --> Session: Class initialized using 'CodeIgniter\Session\Handlers\FileHandler' driver.
CRITICAL - 2026-02-23 14:30:22 --> ErrorException: Trying to access array offset on value of type null
[Method: GET, Route: /]
in SYSTEMPATH\Debug\Toolbar.php on line 217.
 1 SYSTEMPATH\Debug\Toolbar.php(217): CodeIgniter\Debug\Exceptions->errorHandler(2, 'Trying to access array offset on value of type null', 'C:\\xampp\\htdocs\\IM\\system\\Debug\\Toolbar.php', 217)
 2 SYSTEMPATH\Debug\Toolbar.php(200): CodeIgniter\Debug\Toolbar->renderTimelineRecursive([...], 1771828222.284399, 5, 15, [], 0)
 3 SYSTEMPATH\Debug\Toolbar\Views\toolbar.tpl.php(105): CodeIgniter\Debug\Toolbar->renderTimeline([...], 1771828222.284399, 5, 15, [])
 4 SYSTEMPATH\Debug\Toolbar.php(533): include('C:\\xampp\\htdocs\\IM\\system\\Debug\\Toolbar\\Views\\toolbar.tpl.php')
 5 SYSTEMPATH\Debug\Toolbar.php(496): CodeIgniter\Debug\Toolbar->format([...], 'html')
 6 APPPATH\Config\Events.php(47): CodeIgniter\Debug\Toolbar->respond()
 7 SYSTEMPATH\Events\Events.php(152): CodeIgniter\Events\Events::Config\{closure}()
 8 SYSTEMPATH\CodeIgniter.php(339): CodeIgniter\Events\Events::trigger('pre_system')
 9 SYSTEMPATH\Boot.php(363): CodeIgniter\CodeIgniter->run()
10 SYSTEMPATH\Boot.php(68): CodeIgniter\Boot::runCodeIgniter(Object(CodeIgniter\CodeIgniter))
11 FCPATH\index.php(59): CodeIgniter\Boot::bootWeb(Object(Config\Paths))
DEBUG - 2026-02-23 14:31:00 --> Session: Class initialized using 'CodeIgniter\Session\Handlers\FileHandler' driver.
CRITICAL - 2026-02-23 14:31:00 --> ErrorException: Trying to access array offset on value of type null
[Method: GET, Route: /]
in SYSTEMPATH\Debug\Toolbar.php on line 217.
 1 SYSTEMPATH\Debug\Toolbar.php(217): CodeIgniter\Debug\Exceptions->errorHandler(2, 'Trying to access array offset on value of type null', 'C:\\xampp\\htdocs\\IM\\system\\Debug\\Toolbar.php', 217)
 2 SYSTEMPATH\Debug\Toolbar.php(200): CodeIgniter\Debug\Toolbar->renderTimelineRecursive([...], 1771828260.632998, 6, 20, [], 0)
 3 SYSTEMPATH\Debug\Toolbar\Views\toolbar.tpl.php(105): CodeIgniter\Debug\Toolbar->renderTimeline([...], 1771828260.632998, 6, 20, [])
 4 SYSTEMPATH\Debug\Toolbar.php(533): include('C:\\xampp\\htdocs\\IM\\system\\Debug\\Toolbar\\Views\\toolbar.tpl.php')
 5 SYSTEMPATH\Debug\Toolbar.php(496): CodeIgniter\Debug\Toolbar->format([...], 'html')
 6 APPPATH\Config\Events.php(47): CodeIgniter\Debug\Toolbar->respond()
 7 SYSTEMPATH\Events\Events.php(152): CodeIgniter\Events\Events::Config\{closure}()
 8 SYSTEMPATH\CodeIgniter.php(339): CodeIgniter\Events\Events::trigger('pre_system')
 9 SYSTEMPATH\Boot.php(363): CodeIgniter\CodeIgniter->run()
10 SYSTEMPATH\Boot.php(68): CodeIgniter\Boot::runCodeIgniter(Object(CodeIgniter\CodeIgniter))
11 FCPATH\index.php(59): CodeIgniter\Boot::bootWeb(Object(Config\Paths))
DEBUG - 2026-02-23 14:31:02 --> Session: Class initialized using 'CodeIgniter\Session\Handlers\FileHandler' driver.
CRITICAL - 2026-02-23 14:31:02 --> ErrorException: Trying to access array offset on value of type null
[Method: GET, Route: /]
in SYSTEMPATH\Debug\Toolbar.php on line 217.
 1 SYSTEMPATH\Debug\Toolbar.php(217): CodeIgniter\Debug\Exceptions->errorHandler(2, 'Trying to access array offset on value of type null', 'C:\\xampp\\htdocs\\IM\\system\\Debug\\Toolbar.php', 217)
 2 SYSTEMPATH\Debug\Toolbar.php(200): CodeIgniter\Debug\Toolbar->renderTimelineRecursive([...], 1771828262.636589, 7, 10, [], 0)
 3 SYSTEMPATH\Debug\Toolbar\Views\toolbar.tpl.php(105): CodeIgniter\Debug\Toolbar->renderTimeline([...], 1771828262.636589, 7, 10, [])
 4 SYSTEMPATH\Debug\Toolbar.php(533): include('C:\\xampp\\htdocs\\IM\\system\\Debug\\Toolbar\\Views\\toolbar.tpl.php')
 5 SYSTEMPATH\Debug\Toolbar.php(496): CodeIgniter\Debug\Toolbar->format([...], 'html')
 6 APPPATH\Config\Events.php(47): CodeIgniter\Debug\Toolbar->respond()
 7 SYSTEMPATH\Events\Events.php(152): CodeIgniter\Events\Events::Config\{closure}()
 8 SYSTEMPATH\CodeIgniter.php(339): CodeIgniter\Events\Events::trigger('pre_system')
 9 SYSTEMPATH\Boot.php(363): CodeIgniter\CodeIgniter->run()
10 SYSTEMPATH\Boot.php(68): CodeIgniter\Boot::runCodeIgniter(Object(CodeIgniter\CodeIgniter))
11 FCPATH\index.php(59): CodeIgniter\Boot::bootWeb(Object(Config\Paths))
DEBUG - 2026-02-23 14:32:18 --> Session: Class initialized using 'CodeIgniter\Session\Handlers\FileHandler' driver.
CRITICAL - 2026-02-23 14:32:18 --> ErrorException: Trying to access array offset on value of type null
[Method: GET, Route: /]
in SYSTEMPATH\Debug\Toolbar.php on line 217.
 1 SYSTEMPATH\Debug\Toolbar.php(217): CodeIgniter\Debug\Exceptions->errorHandler(2, 'Trying to access array offset on value of type null', 'C:\\xampp\\htdocs\\IM\\system\\Debug\\Toolbar.php', 217)
 2 SYSTEMPATH\Debug\Toolbar.php(200): CodeIgniter\Debug\Toolbar->renderTimelineRecursive([...], 1771828338.041357, 6, 15, [], 0)
 3 SYSTEMPATH\Debug\Toolbar\Views\toolbar.tpl.php(105): CodeIgniter\Debug\Toolbar->renderTimeline([...], 1771828338.041357, 6, 15, [])
 4 SYSTEMPATH\Debug\Toolbar.php(533): include('C:\\xampp\\htdocs\\IM\\system\\Debug\\Toolbar\\Views\\toolbar.tpl.php')
 5 SYSTEMPATH\Debug\Toolbar.php(496): CodeIgniter\Debug\Toolbar->format([...], 'html')
 6 APPPATH\Config\Events.php(47): CodeIgniter\Debug\Toolbar->respond()
 7 SYSTEMPATH\Events\Events.php(152): CodeIgniter\Events\Events::Config\{closure}()
 8 SYSTEMPATH\CodeIgniter.php(339): CodeIgniter\Events\Events::trigger('pre_system')
 9 SYSTEMPATH\Boot.php(363): CodeIgniter\CodeIgniter->run()
10 SYSTEMPATH\Boot.php(68): CodeIgniter\Boot::runCodeIgniter(Object(CodeIgniter\CodeIgniter))
11 FCPATH\index.php(59): CodeIgniter\Boot::bootWeb(Object(Config\Paths))
DEBUG - 2026-02-23 14:32:19 --> Session: Class initialized using 'CodeIgniter\Session\Handlers\FileHandler' driver.
CRITICAL - 2026-02-23 14:32:20 --> ErrorException: Trying to access array offset on value of type null
[Method: GET, Route: /]
in SYSTEMPATH\Debug\Toolbar.php on line 217.
 1 SYSTEMPATH\Debug\Toolbar.php(217): CodeIgniter\Debug\Exceptions->errorHandler(2, 'Trying to access array offset on value of type null', 'C:\\xampp\\htdocs\\IM\\system\\Debug\\Toolbar.php', 217)
 2 SYSTEMPATH\Debug\Toolbar.php(200): CodeIgniter\Debug\Toolbar->renderTimelineRecursive([...], 1771828339.944853, 6, 15, [], 0)
 3 SYSTEMPATH\Debug\Toolbar\Views\toolbar.tpl.php(105): CodeIgniter\Debug\Toolbar->renderTimeline([...], 1771828339.944853, 6, 15, [])
 4 SYSTEMPATH\Debug\Toolbar.php(533): include('C:\\xampp\\htdocs\\IM\\system\\Debug\\Toolbar\\Views\\toolbar.tpl.php')
 5 SYSTEMPATH\Debug\Toolbar.php(496): CodeIgniter\Debug\Toolbar->format([...], 'html')
 6 APPPATH\Config\Events.php(47): CodeIgniter\Debug\Toolbar->respond()
 7 SYSTEMPATH\Events\Events.php(152): CodeIgniter\Events\Events::Config\{closure}()
 8 SYSTEMPATH\CodeIgniter.php(339): CodeIgniter\Events\Events::trigger('pre_system')
 9 SYSTEMPATH\Boot.php(363): CodeIgniter\CodeIgniter->run()
10 SYSTEMPATH\Boot.php(68): CodeIgniter\Boot::runCodeIgniter(Object(CodeIgniter\CodeIgniter))
11 FCPATH\index.php(59): CodeIgniter\Boot::bootWeb(Object(Config\Paths))
DEBUG - 2026-02-23 14:32:30 --> Session: Class initialized using 'CodeIgniter\Session\Handlers\FileHandler' driver.
DEBUG - 2026-02-23 14:32:36 --> Session: Class initialized using 'CodeIgniter\Session\Handlers\FileHandler' driver.
ERROR - 2026-02-23 14:32:37 --> mysqli_sql_exception: Duplicate entry '' for key 'uniq_dcfs_name' in C:\xampp\htdocs\IM\system\Database\MySQLi\Connection.php:327
Stack trace:
#0 C:\xampp\htdocs\IM\system\Database\MySQLi\Connection.php(327): mysqli->query('INSERT INTO `dc...', 0)
#1 C:\xampp\htdocs\IM\system\Database\BaseConnection.php(729): CodeIgniter\Database\MySQLi\Connection->execute('INSERT INTO `dc...')
#2 C:\xampp\htdocs\IM\system\Database\BaseConnection.php(646): CodeIgniter\Database\BaseConnection->simpleQuery('INSERT INTO `dc...')
#3 C:\xampp\htdocs\IM\system\Database\BaseBuilder.php(2345): CodeIgniter\Database\BaseConnection->query('INSERT INTO `dc...', Array, false)
#4 C:\xampp\htdocs\IM\system\Model.php(394): CodeIgniter\Database\BaseBuilder->insert()
#5 C:\xampp\htdocs\IM\system\BaseModel.php(838): CodeIgniter\Model->doInsert(Array)
#6 C:\xampp\htdocs\IM\system\Model.php(797): CodeIgniter\BaseModel->insert(Array, true)
#7 C:\xampp\htdocs\IM\app\Controllers\DcfController.php(91): CodeIgniter\Model->insert(Array)
#8 C:\xampp\htdocs\IM\system\CodeIgniter.php(933): App\Controllers\DcfController->store()
#9 C:\xampp\htdocs\IM\system\CodeIgniter.php(507): CodeIgniter\CodeIgniter->runController(Object(App\Controllers\DcfController))
#10 C:\xampp\htdocs\IM\system\CodeIgniter.php(354): CodeIgniter\CodeIgniter->handleRequest(NULL, Object(Config\Cache), false)
#11 C:\xampp\htdocs\IM\system\Boot.php(363): CodeIgniter\CodeIgniter->run()
#12 C:\xampp\htdocs\IM\system\Boot.php(68): CodeIgniter\Boot::runCodeIgniter(Object(CodeIgniter\CodeIgniter))
#13 C:\xampp\htdocs\IM\index.php(59): CodeIgniter\Boot::bootWeb(Object(Config\Paths))
#14 {main}
DEBUG - 2026-02-23 14:32:37 --> Session: Class initialized using 'CodeIgniter\Session\Handlers\FileHandler' driver.
CRITICAL - 2026-02-23 14:32:37 --> ErrorException: Trying to access array offset on value of type null
[Method: GET, Route: /]
in SYSTEMPATH\Debug\Toolbar.php on line 217.
 1 SYSTEMPATH\Debug\Toolbar.php(217): CodeIgniter\Debug\Exceptions->errorHandler(2, 'Trying to access array offset on value of type null', 'C:\\xampp\\htdocs\\IM\\system\\Debug\\Toolbar.php', 217)
 2 SYSTEMPATH\Debug\Toolbar.php(200): CodeIgniter\Debug\Toolbar->renderTimelineRecursive([...], 1771828357.150239, 5, 15, [], 0)
 3 SYSTEMPATH\Debug\Toolbar\Views\toolbar.tpl.php(105): CodeIgniter\Debug\Toolbar->renderTimeline([...], 1771828357.150239, 5, 15, [])
 4 SYSTEMPATH\Debug\Toolbar.php(533): include('C:\\xampp\\htdocs\\IM\\system\\Debug\\Toolbar\\Views\\toolbar.tpl.php')
 5 SYSTEMPATH\Debug\Toolbar.php(496): CodeIgniter\Debug\Toolbar->format([...], 'html')
 6 APPPATH\Config\Events.php(47): CodeIgniter\Debug\Toolbar->respond()
 7 SYSTEMPATH\Events\Events.php(152): CodeIgniter\Events\Events::Config\{closure}()
 8 SYSTEMPATH\CodeIgniter.php(339): CodeIgniter\Events\Events::trigger('pre_system')
 9 SYSTEMPATH\Boot.php(363): CodeIgniter\CodeIgniter->run()
10 SYSTEMPATH\Boot.php(68): CodeIgniter\Boot::runCodeIgniter(Object(CodeIgniter\CodeIgniter))
11 FCPATH\index.php(59): CodeIgniter\Boot::bootWeb(Object(Config\Paths))
DEBUG - 2026-02-23 14:32:41 --> Session: Class initialized using 'CodeIgniter\Session\Handlers\FileHandler' driver.
CRITICAL - 2026-02-23 14:32:41 --> ErrorException: Trying to access array offset on value of type null
[Method: GET, Route: /]
in SYSTEMPATH\Debug\Toolbar.php on line 217.
 1 SYSTEMPATH\Debug\Toolbar.php(217): CodeIgniter\Debug\Exceptions->errorHandler(2, 'Trying to access array offset on value of type null', 'C:\\xampp\\htdocs\\IM\\system\\Debug\\Toolbar.php', 217)
 2 SYSTEMPATH\Debug\Toolbar.php(200): CodeIgniter\Debug\Toolbar->renderTimelineRecursive([...], 1771828361.215406, 6, 15, [], 0)
 3 SYSTEMPATH\Debug\Toolbar\Views\toolbar.tpl.php(105): CodeIgniter\Debug\Toolbar->renderTimeline([...], 1771828361.215406, 6, 15, [])
 4 SYSTEMPATH\Debug\Toolbar.php(533): include('C:\\xampp\\htdocs\\IM\\system\\Debug\\Toolbar\\Views\\toolbar.tpl.php')
 5 SYSTEMPATH\Debug\Toolbar.php(496): CodeIgniter\Debug\Toolbar->format([...], 'html')
 6 APPPATH\Config\Events.php(47): CodeIgniter\Debug\Toolbar->respond()
 7 SYSTEMPATH\Events\Events.php(152): CodeIgniter\Events\Events::Config\{closure}()
 8 SYSTEMPATH\CodeIgniter.php(339): CodeIgniter\Events\Events::trigger('pre_system')
 9 SYSTEMPATH\Boot.php(363): CodeIgniter\CodeIgniter->run()
10 SYSTEMPATH\Boot.php(68): CodeIgniter\Boot::runCodeIgniter(Object(CodeIgniter\CodeIgniter))
11 FCPATH\index.php(59): CodeIgniter\Boot::bootWeb(Object(Config\Paths))
DEBUG - 2026-02-23 14:35:03 --> Session: Class initialized using 'CodeIgniter\Session\Handlers\FileHandler' driver.
DEBUG - 2026-02-23 14:35:03 --> Session: Class initialized using 'CodeIgniter\Session\Handlers\FileHandler' driver.
DEBUG - 2026-02-23 14:35:03 --> Session: Class initialized using 'CodeIgniter\Session\Handlers\FileHandler' driver.
CRITICAL - 2026-02-23 14:35:03 --> ErrorException: Trying to access array offset on value of type null
[Method: GET, Route: /]
in SYSTEMPATH\Debug\Toolbar.php on line 217.
 1 SYSTEMPATH\Debug\Toolbar.php(217): CodeIgniter\Debug\Exceptions->errorHandler(2, 'Trying to access array offset on value of type null', 'C:\\xampp\\htdocs\\IM\\system\\Debug\\Toolbar.php', 217)
 2 SYSTEMPATH\Debug\Toolbar.php(200): CodeIgniter\Debug\Toolbar->renderTimelineRecursive([...], 1771828503.474364, 7, 20, [], 0)
 3 SYSTEMPATH\Debug\Toolbar\Views\toolbar.tpl.php(105): CodeIgniter\Debug\Toolbar->renderTimeline([...], 1771828503.474364, 7, 20, [])
 4 SYSTEMPATH\Debug\Toolbar.php(533): include('C:\\xampp\\htdocs\\IM\\system\\Debug\\Toolbar\\Views\\toolbar.tpl.php')
 5 SYSTEMPATH\Debug\Toolbar.php(496): CodeIgniter\Debug\Toolbar->format([...], 'html')
 6 APPPATH\Config\Events.php(47): CodeIgniter\Debug\Toolbar->respond()
 7 SYSTEMPATH\Events\Events.php(152): CodeIgniter\Events\Events::Config\{closure}()
 8 SYSTEMPATH\CodeIgniter.php(339): CodeIgniter\Events\Events::trigger('pre_system')
 9 SYSTEMPATH\Boot.php(363): CodeIgniter\CodeIgniter->run()
10 SYSTEMPATH\Boot.php(68): CodeIgniter\Boot::runCodeIgniter(Object(CodeIgniter\CodeIgniter))
11 FCPATH\index.php(59): CodeIgniter\Boot::bootWeb(Object(Config\Paths))
DEBUG - 2026-02-23 14:35:04 --> Session: Class initialized using 'CodeIgniter\Session\Handlers\FileHandler' driver.
CRITICAL - 2026-02-23 14:35:04 --> ErrorException: Trying to access array offset on value of type null
[Method: GET, Route: /]
in SYSTEMPATH\Debug\Toolbar.php on line 217.
 1 SYSTEMPATH\Debug\Toolbar.php(217): CodeIgniter\Debug\Exceptions->errorHandler(2, 'Trying to access array offset on value of type null', 'C:\\xampp\\htdocs\\IM\\system\\Debug\\Toolbar.php', 217)
 2 SYSTEMPATH\Debug\Toolbar.php(200): CodeIgniter\Debug\Toolbar->renderTimelineRecursive([...], 1771828504.388214, 7, 25, [], 0)
 3 SYSTEMPATH\Debug\Toolbar\Views\toolbar.tpl.php(105): CodeIgniter\Debug\Toolbar->renderTimeline([...], 1771828504.388214, 7, 25, [])
 4 SYSTEMPATH\Debug\Toolbar.php(533): include('C:\\xampp\\htdocs\\IM\\system\\Debug\\Toolbar\\Views\\toolbar.tpl.php')
 5 SYSTEMPATH\Debug\Toolbar.php(496): CodeIgniter\Debug\Toolbar->format([...], 'html')
 6 APPPATH\Config\Events.php(47): CodeIgniter\Debug\Toolbar->respond()
 7 SYSTEMPATH\Events\Events.php(152): CodeIgniter\Events\Events::Config\{closure}()
 8 SYSTEMPATH\CodeIgniter.php(339): CodeIgniter\Events\Events::trigger('pre_system')
 9 SYSTEMPATH\Boot.php(363): CodeIgniter\CodeIgniter->run()
10 SYSTEMPATH\Boot.php(68): CodeIgniter\Boot::runCodeIgniter(Object(CodeIgniter\CodeIgniter))
11 FCPATH\index.php(59): CodeIgniter\Boot::bootWeb(Object(Config\Paths))
DEBUG - 2026-02-23 14:35:12 --> Session: Class initialized using 'CodeIgniter\Session\Handlers\FileHandler' driver.
DEBUG - 2026-02-23 14:35:22 --> Session: Class initialized using 'CodeIgniter\Session\Handlers\FileHandler' driver.
DEBUG - 2026-02-23 14:35:22 --> DCF Store - Title: test DCF 2
DEBUG - 2026-02-23 14:35:22 --> DCF Store - Raw Questions: [{"question_text":"Q5","is_required":"1","answer_type":"paragraph"},{"question_text":"Q4","is_required":"1","answer_type":"short_answer"},{"question_text":"Q3","is_required":"1","answer_type":"dropdown","options":["1","2","3"]},{"question_text":"Q2","is_required":"1","answer_type":"checkbox","options":["a","b","c"]},{"question_text":"Q1","is_required":"1","answer_type":"multiple_choice","options":["a","b","c"]}]
DEBUG - 2026-02-23 14:35:22 --> Normalized questions count: 5
ERROR - 2026-02-23 14:35:22 --> mysqli_sql_exception: Duplicate entry '' for key 'uniq_dcfs_name' in C:\xampp\htdocs\IM\system\Database\MySQLi\Connection.php:327
Stack trace:
#0 C:\xampp\htdocs\IM\system\Database\MySQLi\Connection.php(327): mysqli->query('INSERT INTO `dc...', 0)
#1 C:\xampp\htdocs\IM\system\Database\BaseConnection.php(729): CodeIgniter\Database\MySQLi\Connection->execute('INSERT INTO `dc...')
#2 C:\xampp\htdocs\IM\system\Database\BaseConnection.php(646): CodeIgniter\Database\BaseConnection->simpleQuery('INSERT INTO `dc...')
#3 C:\xampp\htdocs\IM\system\Database\BaseBuilder.php(2345): CodeIgniter\Database\BaseConnection->query('INSERT INTO `dc...', Array, false)
#4 C:\xampp\htdocs\IM\system\Model.php(394): CodeIgniter\Database\BaseBuilder->insert()
#5 C:\xampp\htdocs\IM\system\BaseModel.php(838): CodeIgniter\Model->doInsert(Array)
#6 C:\xampp\htdocs\IM\system\Model.php(797): CodeIgniter\BaseModel->insert(Array, false)
#7 C:\xampp\htdocs\IM\app\Controllers\DcfController.php(104): CodeIgniter\Model->insert(Array, false)
#8 C:\xampp\htdocs\IM\system\CodeIgniter.php(933): App\Controllers\DcfController->store()
#9 C:\xampp\htdocs\IM\system\CodeIgniter.php(507): CodeIgniter\CodeIgniter->runController(Object(App\Controllers\DcfController))
#10 C:\xampp\htdocs\IM\system\CodeIgniter.php(354): CodeIgniter\CodeIgniter->handleRequest(NULL, Object(Config\Cache), false)
#11 C:\xampp\htdocs\IM\system\Boot.php(363): CodeIgniter\CodeIgniter->run()
#12 C:\xampp\htdocs\IM\system\Boot.php(68): CodeIgniter\Boot::runCodeIgniter(Object(CodeIgniter\CodeIgniter))
#13 C:\xampp\htdocs\IM\index.php(59): CodeIgniter\Boot::bootWeb(Object(Config\Paths))
#14 {main}
ERROR - 2026-02-23 14:35:22 --> Failed to insert DCF
DEBUG - 2026-02-23 14:35:22 --> Session: Class initialized using 'CodeIgniter\Session\Handlers\FileHandler' driver.
CRITICAL - 2026-02-23 14:35:22 --> ErrorException: Trying to access array offset on value of type null
[Method: GET, Route: /]
in SYSTEMPATH\Debug\Toolbar.php on line 217.
 1 SYSTEMPATH\Debug\Toolbar.php(217): CodeIgniter\Debug\Exceptions->errorHandler(2, 'Trying to access array offset on value of type null', 'C:\\xampp\\htdocs\\IM\\system\\Debug\\Toolbar.php', 217)
 2 SYSTEMPATH\Debug\Toolbar.php(200): CodeIgniter\Debug\Toolbar->renderTimelineRecursive([...], 1771828522.562128, 6, 15, [], 0)
 3 SYSTEMPATH\Debug\Toolbar\Views\toolbar.tpl.php(105): CodeIgniter\Debug\Toolbar->renderTimeline([...], 1771828522.562128, 6, 15, [])
 4 SYSTEMPATH\Debug\Toolbar.php(533): include('C:\\xampp\\htdocs\\IM\\system\\Debug\\Toolbar\\Views\\toolbar.tpl.php')
 5 SYSTEMPATH\Debug\Toolbar.php(496): CodeIgniter\Debug\Toolbar->format([...], 'html')
 6 APPPATH\Config\Events.php(47): CodeIgniter\Debug\Toolbar->respond()
 7 SYSTEMPATH\Events\Events.php(152): CodeIgniter\Events\Events::Config\{closure}()
 8 SYSTEMPATH\CodeIgniter.php(339): CodeIgniter\Events\Events::trigger('pre_system')
 9 SYSTEMPATH\Boot.php(363): CodeIgniter\CodeIgniter->run()
10 SYSTEMPATH\Boot.php(68): CodeIgniter\Boot::runCodeIgniter(Object(CodeIgniter\CodeIgniter))
11 FCPATH\index.php(59): CodeIgniter\Boot::bootWeb(Object(Config\Paths))
DEBUG - 2026-02-23 14:36:31 --> Session: Class initialized using 'CodeIgniter\Session\Handlers\FileHandler' driver.
CRITICAL - 2026-02-23 14:36:32 --> ErrorException: Trying to access array offset on value of type null
[Method: GET, Route: /]
in SYSTEMPATH\Debug\Toolbar.php on line 217.
 1 SYSTEMPATH\Debug\Toolbar.php(217): CodeIgniter\Debug\Exceptions->errorHandler(2, 'Trying to access array offset on value of type null', 'C:\\xampp\\htdocs\\IM\\system\\Debug\\Toolbar.php', 217)
 2 SYSTEMPATH\Debug\Toolbar.php(200): CodeIgniter\Debug\Toolbar->renderTimelineRecursive([...], 1771828591.773891, 7, 20, [], 0)
 3 SYSTEMPATH\Debug\Toolbar\Views\toolbar.tpl.php(105): CodeIgniter\Debug\Toolbar->renderTimeline([...], 1771828591.773891, 7, 20, [])
 4 SYSTEMPATH\Debug\Toolbar.php(533): include('C:\\xampp\\htdocs\\IM\\system\\Debug\\Toolbar\\Views\\toolbar.tpl.php')
 5 SYSTEMPATH\Debug\Toolbar.php(496): CodeIgniter\Debug\Toolbar->format([...], 'html')
 6 APPPATH\Config\Events.php(47): CodeIgniter\Debug\Toolbar->respond()
 7 SYSTEMPATH\Events\Events.php(152): CodeIgniter\Events\Events::Config\{closure}()
 8 SYSTEMPATH\CodeIgniter.php(339): CodeIgniter\Events\Events::trigger('pre_system')
 9 SYSTEMPATH\Boot.php(363): CodeIgniter\CodeIgniter->run()
10 SYSTEMPATH\Boot.php(68): CodeIgniter\Boot::runCodeIgniter(Object(CodeIgniter\CodeIgniter))
11 FCPATH\index.php(59): CodeIgniter\Boot::bootWeb(Object(Config\Paths))
DEBUG - 2026-02-23 14:36:32 --> Session: Class initialized using 'CodeIgniter\Session\Handlers\FileHandler' driver.
CRITICAL - 2026-02-23 14:36:32 --> ErrorException: Trying to access array offset on value of type null
[Method: GET, Route: /]
in SYSTEMPATH\Debug\Toolbar.php on line 217.
 1 SYSTEMPATH\Debug\Toolbar.php(217): CodeIgniter\Debug\Exceptions->errorHandler(2, 'Trying to access array offset on value of type null', 'C:\\xampp\\htdocs\\IM\\system\\Debug\\Toolbar.php', 217)
 2 SYSTEMPATH\Debug\Toolbar.php(200): CodeIgniter\Debug\Toolbar->renderTimelineRecursive([...], 1771828592.496034, 6, 15, [], 0)
 3 SYSTEMPATH\Debug\Toolbar\Views\toolbar.tpl.php(105): CodeIgniter\Debug\Toolbar->renderTimeline([...], 1771828592.496034, 6, 15, [])
 4 SYSTEMPATH\Debug\Toolbar.php(533): include('C:\\xampp\\htdocs\\IM\\system\\Debug\\Toolbar\\Views\\toolbar.tpl.php')
 5 SYSTEMPATH\Debug\Toolbar.php(496): CodeIgniter\Debug\Toolbar->format([...], 'html')
 6 APPPATH\Config\Events.php(47): CodeIgniter\Debug\Toolbar->respond()
 7 SYSTEMPATH\Events\Events.php(152): CodeIgniter\Events\Events::Config\{closure}()
 8 SYSTEMPATH\CodeIgniter.php(339): CodeIgniter\Events\Events::trigger('pre_system')
 9 SYSTEMPATH\Boot.php(363): CodeIgniter\CodeIgniter->run()
10 SYSTEMPATH\Boot.php(68): CodeIgniter\Boot::runCodeIgniter(Object(CodeIgniter\CodeIgniter))
11 FCPATH\index.php(59): CodeIgniter\Boot::bootWeb(Object(Config\Paths))
DEBUG - 2026-02-23 14:39:29 --> Session: Class initialized using 'CodeIgniter\Session\Handlers\FileHandler' driver.
CRITICAL - 2026-02-23 14:39:29 --> ErrorException: Trying to access array offset on value of type null
[Method: GET, Route: /]
in SYSTEMPATH\Debug\Toolbar.php on line 217.
 1 SYSTEMPATH\Debug\Toolbar.php(217): CodeIgniter\Debug\Exceptions->errorHandler(2, 'Trying to access array offset on value of type null', 'C:\\xampp\\htdocs\\IM\\system\\Debug\\Toolbar.php', 217)
 2 SYSTEMPATH\Debug\Toolbar.php(200): CodeIgniter\Debug\Toolbar->renderTimelineRecursive([...], 1771828769.135592, 6, 20, [], 0)
 3 SYSTEMPATH\Debug\Toolbar\Views\toolbar.tpl.php(105): CodeIgniter\Debug\Toolbar->renderTimeline([...], 1771828769.135592, 6, 20, [])
 4 SYSTEMPATH\Debug\Toolbar.php(533): include('C:\\xampp\\htdocs\\IM\\system\\Debug\\Toolbar\\Views\\toolbar.tpl.php')
 5 SYSTEMPATH\Debug\Toolbar.php(496): CodeIgniter\Debug\Toolbar->format([...], 'html')
 6 APPPATH\Config\Events.php(47): CodeIgniter\Debug\Toolbar->respond()
 7 SYSTEMPATH\Events\Events.php(152): CodeIgniter\Events\Events::Config\{closure}()
 8 SYSTEMPATH\CodeIgniter.php(339): CodeIgniter\Events\Events::trigger('pre_system')
 9 SYSTEMPATH\Boot.php(363): CodeIgniter\CodeIgniter->run()
10 SYSTEMPATH\Boot.php(68): CodeIgniter\Boot::runCodeIgniter(Object(CodeIgniter\CodeIgniter))
11 FCPATH\index.php(59): CodeIgniter\Boot::bootWeb(Object(Config\Paths))
DEBUG - 2026-02-23 14:39:30 --> Session: Class initialized using 'CodeIgniter\Session\Handlers\FileHandler' driver.
CRITICAL - 2026-02-23 14:39:31 --> ErrorException: Trying to access array offset on value of type null
[Method: GET, Route: /]
in SYSTEMPATH\Debug\Toolbar.php on line 217.
 1 SYSTEMPATH\Debug\Toolbar.php(217): CodeIgniter\Debug\Exceptions->errorHandler(2, 'Trying to access array offset on value of type null', 'C:\\xampp\\htdocs\\IM\\system\\Debug\\Toolbar.php', 217)
 2 SYSTEMPATH\Debug\Toolbar.php(200): CodeIgniter\Debug\Toolbar->renderTimelineRecursive([...], 1771828770.760697, 5, 15, [], 0)
 3 SYSTEMPATH\Debug\Toolbar\Views\toolbar.tpl.php(105): CodeIgniter\Debug\Toolbar->renderTimeline([...], 1771828770.760697, 5, 15, [])
 4 SYSTEMPATH\Debug\Toolbar.php(533): include('C:\\xampp\\htdocs\\IM\\system\\Debug\\Toolbar\\Views\\toolbar.tpl.php')
 5 SYSTEMPATH\Debug\Toolbar.php(496): CodeIgniter\Debug\Toolbar->format([...], 'html')
 6 APPPATH\Config\Events.php(47): CodeIgniter\Debug\Toolbar->respond()
 7 SYSTEMPATH\Events\Events.php(152): CodeIgniter\Events\Events::Config\{closure}()
 8 SYSTEMPATH\CodeIgniter.php(339): CodeIgniter\Events\Events::trigger('pre_system')
 9 SYSTEMPATH\Boot.php(363): CodeIgniter\CodeIgniter->run()
10 SYSTEMPATH\Boot.php(68): CodeIgniter\Boot::runCodeIgniter(Object(CodeIgniter\CodeIgniter))
11 FCPATH\index.php(59): CodeIgniter\Boot::bootWeb(Object(Config\Paths))
DEBUG - 2026-02-23 14:39:41 --> Session: Class initialized using 'CodeIgniter\Session\Handlers\FileHandler' driver.
DEBUG - 2026-02-23 14:39:47 --> Session: Class initialized using 'CodeIgniter\Session\Handlers\FileHandler' driver.
DEBUG - 2026-02-23 14:39:47 --> DCF Store - Title: test DCF 2
DEBUG - 2026-02-23 14:39:47 --> DCF Store - Raw Questions: [{"question_text":"Q5","is_required":"1","answer_type":"paragraph"},{"question_text":"Q4","is_required":"1","answer_type":"short_answer"},{"question_text":"Q3","is_required":"1","answer_type":"dropdown","options":["1","2","3"]},{"question_text":"Q2","is_required":"1","answer_type":"checkbox","options":["a","b","c"]},{"question_text":"Q1","is_required":"1","answer_type":"multiple_choice","options":["a","b","c"]}]
DEBUG - 2026-02-23 14:39:47 --> Normalized questions count: 5
DEBUG - 2026-02-23 14:39:47 --> About to insert DCF with data: {"title":"test DCF 2","name":"test_dcf_2_1771828787","description":"123","due_date":"2026-03-14","department_id":9}
DEBUG - 2026-02-23 14:39:47 --> DCF created with ID: 6
INFO - 2026-02-23 14:39:48 --> DCF created successfully with ID: 6
DEBUG - 2026-02-23 14:39:48 --> Session: Class initialized using 'CodeIgniter\Session\Handlers\FileHandler' driver.
CRITICAL - 2026-02-23 14:39:48 --> ErrorException: Trying to access array offset on value of type null
[Method: GET, Route: /]
in SYSTEMPATH\Debug\Toolbar.php on line 217.
 1 SYSTEMPATH\Debug\Toolbar.php(217): CodeIgniter\Debug\Exceptions->errorHandler(2, 'Trying to access array offset on value of type null', 'C:\\xampp\\htdocs\\IM\\system\\Debug\\Toolbar.php', 217)
 2 SYSTEMPATH\Debug\Toolbar.php(200): CodeIgniter\Debug\Toolbar->renderTimelineRecursive([...], 1771828788.320298, 6, 15, [], 0)
 3 SYSTEMPATH\Debug\Toolbar\Views\toolbar.tpl.php(105): CodeIgniter\Debug\Toolbar->renderTimeline([...], 1771828788.320298, 6, 15, [])
 4 SYSTEMPATH\Debug\Toolbar.php(533): include('C:\\xampp\\htdocs\\IM\\system\\Debug\\Toolbar\\Views\\toolbar.tpl.php')
 5 SYSTEMPATH\Debug\Toolbar.php(496): CodeIgniter\Debug\Toolbar->format([...], 'html')
 6 APPPATH\Config\Events.php(47): CodeIgniter\Debug\Toolbar->respond()
 7 SYSTEMPATH\Events\Events.php(152): CodeIgniter\Events\Events::Config\{closure}()
 8 SYSTEMPATH\CodeIgniter.php(339): CodeIgniter\Events\Events::trigger('pre_system')
 9 SYSTEMPATH\Boot.php(363): CodeIgniter\CodeIgniter->run()
10 SYSTEMPATH\Boot.php(68): CodeIgniter\Boot::runCodeIgniter(Object(CodeIgniter\CodeIgniter))
11 FCPATH\index.php(59): CodeIgniter\Boot::bootWeb(Object(Config\Paths))
DEBUG - 2026-02-23 14:39:53 --> Session: Class initialized using 'CodeIgniter\Session\Handlers\FileHandler' driver.
CRITICAL - 2026-02-23 14:39:53 --> ErrorException: Trying to access array offset on value of type null
[Method: GET, Route: /]
in SYSTEMPATH\Debug\Toolbar.php on line 217.
 1 SYSTEMPATH\Debug\Toolbar.php(217): CodeIgniter\Debug\Exceptions->errorHandler(2, 'Trying to access array offset on value of type null', 'C:\\xampp\\htdocs\\IM\\system\\Debug\\Toolbar.php', 217)
 2 SYSTEMPATH\Debug\Toolbar.php(200): CodeIgniter\Debug\Toolbar->renderTimelineRecursive([...], 1771828793.047229, 7, 20, [], 0)
 3 SYSTEMPATH\Debug\Toolbar\Views\toolbar.tpl.php(105): CodeIgniter\Debug\Toolbar->renderTimeline([...], 1771828793.047229, 7, 20, [])
 4 SYSTEMPATH\Debug\Toolbar.php(533): include('C:\\xampp\\htdocs\\IM\\system\\Debug\\Toolbar\\Views\\toolbar.tpl.php')
 5 SYSTEMPATH\Debug\Toolbar.php(496): CodeIgniter\Debug\Toolbar->format([...], 'html')
 6 APPPATH\Config\Events.php(47): CodeIgniter\Debug\Toolbar->respond()
 7 SYSTEMPATH\Events\Events.php(152): CodeIgniter\Events\Events::Config\{closure}()
 8 SYSTEMPATH\CodeIgniter.php(339): CodeIgniter\Events\Events::trigger('pre_system')
 9 SYSTEMPATH\Boot.php(363): CodeIgniter\CodeIgniter->run()
10 SYSTEMPATH\Boot.php(68): CodeIgniter\Boot::runCodeIgniter(Object(CodeIgniter\CodeIgniter))
11 FCPATH\index.php(59): CodeIgniter\Boot::bootWeb(Object(Config\Paths))
DEBUG - 2026-02-23 14:40:07 --> Session: Class initialized using 'CodeIgniter\Session\Handlers\FileHandler' driver.
CRITICAL - 2026-02-23 14:40:09 --> ErrorException: Trying to access array offset on value of type null
[Method: GET, Route: /]
in SYSTEMPATH\Debug\Toolbar.php on line 217.
 1 SYSTEMPATH\Debug\Toolbar.php(217): CodeIgniter\Debug\Exceptions->errorHandler(2, 'Trying to access array offset on value of type null', 'C:\\xampp\\htdocs\\IM\\system\\Debug\\Toolbar.php', 217)
 2 SYSTEMPATH\Debug\Toolbar.php(200): CodeIgniter\Debug\Toolbar->renderTimelineRecursive([...], 1771828807.850483, 7, 45, [], 0)
 3 SYSTEMPATH\Debug\Toolbar\Views\toolbar.tpl.php(105): CodeIgniter\Debug\Toolbar->renderTimeline([...], 1771828807.850483, 7, 45, [])
 4 SYSTEMPATH\Debug\Toolbar.php(533): include('C:\\xampp\\htdocs\\IM\\system\\Debug\\Toolbar\\Views\\toolbar.tpl.php')
 5 SYSTEMPATH\Debug\Toolbar.php(496): CodeIgniter\Debug\Toolbar->format([...], 'html')
 6 APPPATH\Config\Events.php(47): CodeIgniter\Debug\Toolbar->respond()
 7 SYSTEMPATH\Events\Events.php(152): CodeIgniter\Events\Events::Config\{closure}()
 8 SYSTEMPATH\CodeIgniter.php(339): CodeIgniter\Events\Events::trigger('pre_system')
 9 SYSTEMPATH\Boot.php(363): CodeIgniter\CodeIgniter->run()
10 SYSTEMPATH\Boot.php(68): CodeIgniter\Boot::runCodeIgniter(Object(CodeIgniter\CodeIgniter))
11 FCPATH\index.php(59): CodeIgniter\Boot::bootWeb(Object(Config\Paths))
DEBUG - 2026-02-23 14:40:43 --> Session: Class initialized using 'CodeIgniter\Session\Handlers\FileHandler' driver.
DEBUG - 2026-02-23 14:40:46 --> Session: Class initialized using 'CodeIgniter\Session\Handlers\FileHandler' driver.
CRITICAL - 2026-02-23 14:40:46 --> ErrorException: Trying to access array offset on value of type null
[Method: GET, Route: /]
in SYSTEMPATH\Debug\Toolbar.php on line 217.
 1 SYSTEMPATH\Debug\Toolbar.php(217): CodeIgniter\Debug\Exceptions->errorHandler(2, 'Trying to access array offset on value of type null', 'C:\\xampp\\htdocs\\IM\\system\\Debug\\Toolbar.php', 217)
 2 SYSTEMPATH\Debug\Toolbar.php(200): CodeIgniter\Debug\Toolbar->renderTimelineRecursive([...], 1771828846.206672, 5, 15, [], 0)
 3 SYSTEMPATH\Debug\Toolbar\Views\toolbar.tpl.php(105): CodeIgniter\Debug\Toolbar->renderTimeline([...], 1771828846.206672, 5, 15, [])
 4 SYSTEMPATH\Debug\Toolbar.php(533): include('C:\\xampp\\htdocs\\IM\\system\\Debug\\Toolbar\\Views\\toolbar.tpl.php')
 5 SYSTEMPATH\Debug\Toolbar.php(496): CodeIgniter\Debug\Toolbar->format([...], 'html')
 6 APPPATH\Config\Events.php(47): CodeIgniter\Debug\Toolbar->respond()
 7 SYSTEMPATH\Events\Events.php(152): CodeIgniter\Events\Events::Config\{closure}()
 8 SYSTEMPATH\CodeIgniter.php(339): CodeIgniter\Events\Events::trigger('pre_system')
 9 SYSTEMPATH\Boot.php(363): CodeIgniter\CodeIgniter->run()
10 SYSTEMPATH\Boot.php(68): CodeIgniter\Boot::runCodeIgniter(Object(CodeIgniter\CodeIgniter))
11 FCPATH\index.php(59): CodeIgniter\Boot::bootWeb(Object(Config\Paths))
DEBUG - 2026-02-23 14:41:06 --> Session: Class initialized using 'CodeIgniter\Session\Handlers\FileHandler' driver.
CRITICAL - 2026-02-23 14:41:06 --> ErrorException: Trying to access array offset on value of type null
[Method: GET, Route: /]
in SYSTEMPATH\Debug\Toolbar.php on line 217.
 1 SYSTEMPATH\Debug\Toolbar.php(217): CodeIgniter\Debug\Exceptions->errorHandler(2, 'Trying to access array offset on value of type null', 'C:\\xampp\\htdocs\\IM\\system\\Debug\\Toolbar.php', 217)
 2 SYSTEMPATH\Debug\Toolbar.php(200): CodeIgniter\Debug\Toolbar->renderTimelineRecursive([...], 1771828866.053737, 7, 25, [], 0)
 3 SYSTEMPATH\Debug\Toolbar\Views\toolbar.tpl.php(105): CodeIgniter\Debug\Toolbar->renderTimeline([...], 1771828866.053737, 7, 25, [])
 4 SYSTEMPATH\Debug\Toolbar.php(533): include('C:\\xampp\\htdocs\\IM\\system\\Debug\\Toolbar\\Views\\toolbar.tpl.php')
 5 SYSTEMPATH\Debug\Toolbar.php(496): CodeIgniter\Debug\Toolbar->format([...], 'html')
 6 APPPATH\Config\Events.php(47): CodeIgniter\Debug\Toolbar->respond()
 7 SYSTEMPATH\Events\Events.php(152): CodeIgniter\Events\Events::Config\{closure}()
 8 SYSTEMPATH\CodeIgniter.php(339): CodeIgniter\Events\Events::trigger('pre_system')
 9 SYSTEMPATH\Boot.php(363): CodeIgniter\CodeIgniter->run()
10 SYSTEMPATH\Boot.php(68): CodeIgniter\Boot::runCodeIgniter(Object(CodeIgniter\CodeIgniter))
11 FCPATH\index.php(59): CodeIgniter\Boot::bootWeb(Object(Config\Paths))
DEBUG - 2026-02-23 15:41:48 --> Session: Class initialized using 'CodeIgniter\Session\Handlers\FileHandler' driver.
CRITICAL - 2026-02-23 15:41:51 --> ErrorException: Trying to access array offset on value of type null
[Method: GET, Route: /]
in SYSTEMPATH\Debug\Toolbar.php on line 217.
 1 SYSTEMPATH\Debug\Toolbar.php(217): CodeIgniter\Debug\Exceptions->errorHandler(2, 'Trying to access array offset on value of type null', 'C:\\xampp\\htdocs\\IM\\system\\Debug\\Toolbar.php', 217)
 2 SYSTEMPATH\Debug\Toolbar.php(200): CodeIgniter\Debug\Toolbar->renderTimelineRecursive([...], 1771832508.330068, 7, 30, [], 0)
 3 SYSTEMPATH\Debug\Toolbar\Views\toolbar.tpl.php(105): CodeIgniter\Debug\Toolbar->renderTimeline([...], 1771832508.330068, 7, 30, [])
 4 SYSTEMPATH\Debug\Toolbar.php(533): include('C:\\xampp\\htdocs\\IM\\system\\Debug\\Toolbar\\Views\\toolbar.tpl.php')
 5 SYSTEMPATH\Debug\Toolbar.php(496): CodeIgniter\Debug\Toolbar->format([...], 'html')
 6 APPPATH\Config\Events.php(47): CodeIgniter\Debug\Toolbar->respond()
 7 SYSTEMPATH\Events\Events.php(152): CodeIgniter\Events\Events::Config\{closure}()
 8 SYSTEMPATH\CodeIgniter.php(339): CodeIgniter\Events\Events::trigger('pre_system')
 9 SYSTEMPATH\Boot.php(363): CodeIgniter\CodeIgniter->run()
10 SYSTEMPATH\Boot.php(68): CodeIgniter\Boot::runCodeIgniter(Object(CodeIgniter\CodeIgniter))
11 FCPATH\index.php(59): CodeIgniter\Boot::bootWeb(Object(Config\Paths))
DEBUG - 2026-02-23 15:42:45 --> Session: Class initialized using 'CodeIgniter\Session\Handlers\FileHandler' driver.
CRITICAL - 2026-02-23 15:42:45 --> ErrorException: Trying to access array offset on value of type null
[Method: GET, Route: /]
in SYSTEMPATH\Debug\Toolbar.php on line 217.
 1 SYSTEMPATH\Debug\Toolbar.php(217): CodeIgniter\Debug\Exceptions->errorHandler(2, 'Trying to access array offset on value of type null', 'C:\\xampp\\htdocs\\IM\\system\\Debug\\Toolbar.php', 217)
 2 SYSTEMPATH\Debug\Toolbar.php(200): CodeIgniter\Debug\Toolbar->renderTimelineRecursive([...], 1771832564.981264, 6, 15, [], 0)
 3 SYSTEMPATH\Debug\Toolbar\Views\toolbar.tpl.php(105): CodeIgniter\Debug\Toolbar->renderTimeline([...], 1771832564.981264, 6, 15, [])
 4 SYSTEMPATH\Debug\Toolbar.php(533): include('C:\\xampp\\htdocs\\IM\\system\\Debug\\Toolbar\\Views\\toolbar.tpl.php')
 5 SYSTEMPATH\Debug\Toolbar.php(496): CodeIgniter\Debug\Toolbar->format([...], 'html')
 6 APPPATH\Config\Events.php(47): CodeIgniter\Debug\Toolbar->respond()
 7 SYSTEMPATH\Events\Events.php(152): CodeIgniter\Events\Events::Config\{closure}()
 8 SYSTEMPATH\CodeIgniter.php(339): CodeIgniter\Events\Events::trigger('pre_system')
 9 SYSTEMPATH\Boot.php(363): CodeIgniter\CodeIgniter->run()
10 SYSTEMPATH\Boot.php(68): CodeIgniter\Boot::runCodeIgniter(Object(CodeIgniter\CodeIgniter))
11 FCPATH\index.php(59): CodeIgniter\Boot::bootWeb(Object(Config\Paths))
DEBUG - 2026-02-23 15:42:46 --> Session: Class initialized using 'CodeIgniter\Session\Handlers\FileHandler' driver.
CRITICAL - 2026-02-23 15:42:46 --> ErrorException: Trying to access array offset on value of type null
[Method: GET, Route: /]
in SYSTEMPATH\Debug\Toolbar.php on line 217.
 1 SYSTEMPATH\Debug\Toolbar.php(217): CodeIgniter\Debug\Exceptions->errorHandler(2, 'Trying to access array offset on value of type null', 'C:\\xampp\\htdocs\\IM\\system\\Debug\\Toolbar.php', 217)
 2 SYSTEMPATH\Debug\Toolbar.php(200): CodeIgniter\Debug\Toolbar->renderTimelineRecursive([...], 1771832566.311215, 6, 15, [], 0)
 3 SYSTEMPATH\Debug\Toolbar\Views\toolbar.tpl.php(105): CodeIgniter\Debug\Toolbar->renderTimeline([...], 1771832566.311215, 6, 15, [])
 4 SYSTEMPATH\Debug\Toolbar.php(533): include('C:\\xampp\\htdocs\\IM\\system\\Debug\\Toolbar\\Views\\toolbar.tpl.php')
 5 SYSTEMPATH\Debug\Toolbar.php(496): CodeIgniter\Debug\Toolbar->format([...], 'html')
 6 APPPATH\Config\Events.php(47): CodeIgniter\Debug\Toolbar->respond()
 7 SYSTEMPATH\Events\Events.php(152): CodeIgniter\Events\Events::Config\{closure}()
 8 SYSTEMPATH\CodeIgniter.php(339): CodeIgniter\Events\Events::trigger('pre_system')
 9 SYSTEMPATH\Boot.php(363): CodeIgniter\CodeIgniter->run()
10 SYSTEMPATH\Boot.php(68): CodeIgniter\Boot::runCodeIgniter(Object(CodeIgniter\CodeIgniter))
11 FCPATH\index.php(59): CodeIgniter\Boot::bootWeb(Object(Config\Paths))
DEBUG - 2026-02-23 15:42:55 --> Session: Class initialized using 'CodeIgniter\Session\Handlers\FileHandler' driver.
DEBUG - 2026-02-23 15:43:28 --> Session: Class initialized using 'CodeIgniter\Session\Handlers\FileHandler' driver.
DEBUG - 2026-02-23 15:43:36 --> Session: Class initialized using 'CodeIgniter\Session\Handlers\FileHandler' driver.
DEBUG - 2026-02-23 15:46:45 --> Session: Class initialized using 'CodeIgniter\Session\Handlers\FileHandler' driver.
CRITICAL - 2026-02-23 15:46:45 --> ErrorException: Trying to access array offset on value of type null
[Method: GET, Route: /]
in SYSTEMPATH\Debug\Toolbar.php on line 217.
 1 SYSTEMPATH\Debug\Toolbar.php(217): CodeIgniter\Debug\Exceptions->errorHandler(2, 'Trying to access array offset on value of type null', 'C:\\xampp\\htdocs\\IM\\system\\Debug\\Toolbar.php', 217)
 2 SYSTEMPATH\Debug\Toolbar.php(200): CodeIgniter\Debug\Toolbar->renderTimelineRecursive([...], 1771832805.249458, 7, 20, [], 0)
 3 SYSTEMPATH\Debug\Toolbar\Views\toolbar.tpl.php(105): CodeIgniter\Debug\Toolbar->renderTimeline([...], 1771832805.249458, 7, 20, [])
 4 SYSTEMPATH\Debug\Toolbar.php(533): include('C:\\xampp\\htdocs\\IM\\system\\Debug\\Toolbar\\Views\\toolbar.tpl.php')
 5 SYSTEMPATH\Debug\Toolbar.php(496): CodeIgniter\Debug\Toolbar->format([...], 'html')
 6 APPPATH\Config\Events.php(47): CodeIgniter\Debug\Toolbar->respond()
 7 SYSTEMPATH\Events\Events.php(152): CodeIgniter\Events\Events::Config\{closure}()
 8 SYSTEMPATH\CodeIgniter.php(339): CodeIgniter\Events\Events::trigger('pre_system')
 9 SYSTEMPATH\Boot.php(363): CodeIgniter\CodeIgniter->run()
10 SYSTEMPATH\Boot.php(68): CodeIgniter\Boot::runCodeIgniter(Object(CodeIgniter\CodeIgniter))
11 FCPATH\index.php(59): CodeIgniter\Boot::bootWeb(Object(Config\Paths))
DEBUG - 2026-02-23 15:46:52 --> Session: Class initialized using 'CodeIgniter\Session\Handlers\FileHandler' driver.
CRITICAL - 2026-02-23 15:46:52 --> ErrorException: Trying to access array offset on value of type null
[Method: GET, Route: /]
in SYSTEMPATH\Debug\Toolbar.php on line 217.
 1 SYSTEMPATH\Debug\Toolbar.php(217): CodeIgniter\Debug\Exceptions->errorHandler(2, 'Trying to access array offset on value of type null', 'C:\\xampp\\htdocs\\IM\\system\\Debug\\Toolbar.php', 217)
 2 SYSTEMPATH\Debug\Toolbar.php(200): CodeIgniter\Debug\Toolbar->renderTimelineRecursive([...], 1771832812.54672, 7, 15, [], 0)
 3 SYSTEMPATH\Debug\Toolbar\Views\toolbar.tpl.php(105): CodeIgniter\Debug\Toolbar->renderTimeline([...], 1771832812.54672, 7, 15, [])
 4 SYSTEMPATH\Debug\Toolbar.php(533): include('C:\\xampp\\htdocs\\IM\\system\\Debug\\Toolbar\\Views\\toolbar.tpl.php')
 5 SYSTEMPATH\Debug\Toolbar.php(496): CodeIgniter\Debug\Toolbar->format([...], 'html')
 6 APPPATH\Config\Events.php(47): CodeIgniter\Debug\Toolbar->respond()
 7 SYSTEMPATH\Events\Events.php(152): CodeIgniter\Events\Events::Config\{closure}()
 8 SYSTEMPATH\CodeIgniter.php(339): CodeIgniter\Events\Events::trigger('pre_system')
 9 SYSTEMPATH\Boot.php(363): CodeIgniter\CodeIgniter->run()
10 SYSTEMPATH\Boot.php(68): CodeIgniter\Boot::runCodeIgniter(Object(CodeIgniter\CodeIgniter))
11 FCPATH\index.php(59): CodeIgniter\Boot::bootWeb(Object(Config\Paths))
DEBUG - 2026-02-23 15:48:50 --> Session: Class initialized using 'CodeIgniter\Session\Handlers\FileHandler' driver.
CRITICAL - 2026-02-23 15:48:51 --> ErrorException: Trying to access array offset on value of type null
[Method: GET, Route: /]
in SYSTEMPATH\Debug\Toolbar.php on line 217.
 1 SYSTEMPATH\Debug\Toolbar.php(217): CodeIgniter\Debug\Exceptions->errorHandler(2, 'Trying to access array offset on value of type null', 'C:\\xampp\\htdocs\\IM\\system\\Debug\\Toolbar.php', 217)
 2 SYSTEMPATH\Debug\Toolbar.php(200): CodeIgniter\Debug\Toolbar->renderTimelineRecursive([...], 1771832930.893304, 6, 15, [], 0)
 3 SYSTEMPATH\Debug\Toolbar\Views\toolbar.tpl.php(105): CodeIgniter\Debug\Toolbar->renderTimeline([...], 1771832930.893304, 6, 15, [])
 4 SYSTEMPATH\Debug\Toolbar.php(533): include('C:\\xampp\\htdocs\\IM\\system\\Debug\\Toolbar\\Views\\toolbar.tpl.php')
 5 SYSTEMPATH\Debug\Toolbar.php(496): CodeIgniter\Debug\Toolbar->format([...], 'html')
 6 APPPATH\Config\Events.php(47): CodeIgniter\Debug\Toolbar->respond()
 7 SYSTEMPATH\Events\Events.php(152): CodeIgniter\Events\Events::Config\{closure}()
 8 SYSTEMPATH\CodeIgniter.php(339): CodeIgniter\Events\Events::trigger('pre_system')
 9 SYSTEMPATH\Boot.php(363): CodeIgniter\CodeIgniter->run()
10 SYSTEMPATH\Boot.php(68): CodeIgniter\Boot::runCodeIgniter(Object(CodeIgniter\CodeIgniter))
11 FCPATH\index.php(59): CodeIgniter\Boot::bootWeb(Object(Config\Paths))
DEBUG - 2026-02-23 15:54:59 --> Session: Class initialized using 'CodeIgniter\Session\Handlers\FileHandler' driver.
CRITICAL - 2026-02-23 15:54:59 --> ErrorException: Trying to access array offset on value of type null
[Method: GET, Route: /]
in SYSTEMPATH\Debug\Toolbar.php on line 217.
 1 SYSTEMPATH\Debug\Toolbar.php(217): CodeIgniter\Debug\Exceptions->errorHandler(2, 'Trying to access array offset on value of type null', 'C:\\xampp\\htdocs\\IM\\system\\Debug\\Toolbar.php', 217)
 2 SYSTEMPATH\Debug\Toolbar.php(200): CodeIgniter\Debug\Toolbar->renderTimelineRecursive([...], 1771833299.071087, 6, 15, [], 0)
 3 SYSTEMPATH\Debug\Toolbar\Views\toolbar.tpl.php(105): CodeIgniter\Debug\Toolbar->renderTimeline([...], 1771833299.071087, 6, 15, [])
 4 SYSTEMPATH\Debug\Toolbar.php(533): include('C:\\xampp\\htdocs\\IM\\system\\Debug\\Toolbar\\Views\\toolbar.tpl.php')
 5 SYSTEMPATH\Debug\Toolbar.php(496): CodeIgniter\Debug\Toolbar->format([...], 'html')
 6 APPPATH\Config\Events.php(47): CodeIgniter\Debug\Toolbar->respond()
 7 SYSTEMPATH\Events\Events.php(152): CodeIgniter\Events\Events::Config\{closure}()
 8 SYSTEMPATH\CodeIgniter.php(339): CodeIgniter\Events\Events::trigger('pre_system')
 9 SYSTEMPATH\Boot.php(363): CodeIgniter\CodeIgniter->run()
10 SYSTEMPATH\Boot.php(68): CodeIgniter\Boot::runCodeIgniter(Object(CodeIgniter\CodeIgniter))
11 FCPATH\index.php(59): CodeIgniter\Boot::bootWeb(Object(Config\Paths))
DEBUG - 2026-02-23 15:54:59 --> Session: Class initialized using 'CodeIgniter\Session\Handlers\FileHandler' driver.
CRITICAL - 2026-02-23 15:55:00 --> ErrorException: Trying to access array offset on value of type null
[Method: GET, Route: /]
in SYSTEMPATH\Debug\Toolbar.php on line 217.
 1 SYSTEMPATH\Debug\Toolbar.php(217): CodeIgniter\Debug\Exceptions->errorHandler(2, 'Trying to access array offset on value of type null', 'C:\\xampp\\htdocs\\IM\\system\\Debug\\Toolbar.php', 217)
 2 SYSTEMPATH\Debug\Toolbar.php(200): CodeIgniter\Debug\Toolbar->renderTimelineRecursive([...], 1771833299.747443, 5, 15, [], 0)
 3 SYSTEMPATH\Debug\Toolbar\Views\toolbar.tpl.php(105): CodeIgniter\Debug\Toolbar->renderTimeline([...], 1771833299.747443, 5, 15, [])
 4 SYSTEMPATH\Debug\Toolbar.php(533): include('C:\\xampp\\htdocs\\IM\\system\\Debug\\Toolbar\\Views\\toolbar.tpl.php')
 5 SYSTEMPATH\Debug\Toolbar.php(496): CodeIgniter\Debug\Toolbar->format([...], 'html')
 6 APPPATH\Config\Events.php(47): CodeIgniter\Debug\Toolbar->respond()
 7 SYSTEMPATH\Events\Events.php(152): CodeIgniter\Events\Events::Config\{closure}()
 8 SYSTEMPATH\CodeIgniter.php(339): CodeIgniter\Events\Events::trigger('pre_system')
 9 SYSTEMPATH\Boot.php(363): CodeIgniter\CodeIgniter->run()
10 SYSTEMPATH\Boot.php(68): CodeIgniter\Boot::runCodeIgniter(Object(CodeIgniter\CodeIgniter))
11 FCPATH\index.php(59): CodeIgniter\Boot::bootWeb(Object(Config\Paths))
DEBUG - 2026-02-23 15:55:01 --> Session: Class initialized using 'CodeIgniter\Session\Handlers\FileHandler' driver.
CRITICAL - 2026-02-23 15:55:02 --> ErrorException: Trying to access array offset on value of type null
[Method: GET, Route: /]
in SYSTEMPATH\Debug\Toolbar.php on line 217.
 1 SYSTEMPATH\Debug\Toolbar.php(217): CodeIgniter\Debug\Exceptions->errorHandler(2, 'Trying to access array offset on value of type null', 'C:\\xampp\\htdocs\\IM\\system\\Debug\\Toolbar.php', 217)
 2 SYSTEMPATH\Debug\Toolbar.php(200): CodeIgniter\Debug\Toolbar->renderTimelineRecursive([...], 1771833301.57675, 7, 30, [], 0)
 3 SYSTEMPATH\Debug\Toolbar\Views\toolbar.tpl.php(105): CodeIgniter\Debug\Toolbar->renderTimeline([...], 1771833301.57675, 7, 30, [])
 4 SYSTEMPATH\Debug\Toolbar.php(533): include('C:\\xampp\\htdocs\\IM\\system\\Debug\\Toolbar\\Views\\toolbar.tpl.php')
 5 SYSTEMPATH\Debug\Toolbar.php(496): CodeIgniter\Debug\Toolbar->format([...], 'html')
 6 APPPATH\Config\Events.php(47): CodeIgniter\Debug\Toolbar->respond()
 7 SYSTEMPATH\Events\Events.php(152): CodeIgniter\Events\Events::Config\{closure}()
 8 SYSTEMPATH\CodeIgniter.php(339): CodeIgniter\Events\Events::trigger('pre_system')
 9 SYSTEMPATH\Boot.php(363): CodeIgniter\CodeIgniter->run()
10 SYSTEMPATH\Boot.php(68): CodeIgniter\Boot::runCodeIgniter(Object(CodeIgniter\CodeIgniter))
11 FCPATH\index.php(59): CodeIgniter\Boot::bootWeb(Object(Config\Paths))
DEBUG - 2026-02-23 15:55:21 --> Session: Class initialized using 'CodeIgniter\Session\Handlers\FileHandler' driver.
ERROR - 2026-02-23 15:55:21 --> mysqli_sql_exception: You have an error in your SQL syntax; check the manual that corresponds to your MariaDB server version for the right syntax to use near '@gmail.com
 LIMIT 1' at line 4 in C:\xampp\htdocs\IM\system\Database\MySQLi\Connection.php:327
Stack trace:
#0 C:\xampp\htdocs\IM\system\Database\MySQLi\Connection.php(327): mysqli->query('SELECT *\nFROM `...', 0)
#1 C:\xampp\htdocs\IM\system\Database\BaseConnection.php(729): CodeIgniter\Database\MySQLi\Connection->execute('SELECT *\nFROM `...')
#2 C:\xampp\htdocs\IM\system\Database\BaseConnection.php(646): CodeIgniter\Database\BaseConnection->simpleQuery('SELECT *\nFROM `...')
#3 C:\xampp\htdocs\IM\system\Database\BaseBuilder.php(1649): CodeIgniter\Database\BaseConnection->query('SELECT *\nFROM `...', Array, false)
#4 C:\xampp\htdocs\IM\system\Model.php(330): CodeIgniter\Database\BaseBuilder->get()
#5 C:\xampp\htdocs\IM\system\BaseModel.php(715): CodeIgniter\Model->doFirst()
#6 C:\xampp\htdocs\IM\app\Controllers\DcfPublicController.php(69): CodeIgniter\BaseModel->first()
#7 C:\xampp\htdocs\IM\system\CodeIgniter.php(933): App\Controllers\DcfPublicController->submit('01bb3ac3bc77877...')
#8 C:\xampp\htdocs\IM\system\CodeIgniter.php(507): CodeIgniter\CodeIgniter->runController(Object(App\Controllers\DcfPublicController))
#9 C:\xampp\htdocs\IM\system\CodeIgniter.php(354): CodeIgniter\CodeIgniter->handleRequest(NULL, Object(Config\Cache), false)
#10 C:\xampp\htdocs\IM\system\Boot.php(363): CodeIgniter\CodeIgniter->run()
#11 C:\xampp\htdocs\IM\system\Boot.php(68): CodeIgniter\Boot::runCodeIgniter(Object(CodeIgniter\CodeIgniter))
#12 C:\xampp\htdocs\IM\index.php(59): CodeIgniter\Boot::bootWeb(Object(Config\Paths))
#13 {main}
CRITICAL - 2026-02-23 15:55:21 --> CodeIgniter\Database\Exceptions\DatabaseException: You have an error in your SQL syntax; check the manual that corresponds to your MariaDB server version for the right syntax to use near '@gmail.com
 LIMIT 1' at line 4
[Method: POST, Route: dcf/submit/01bb3ac3bc77877fc6ff19367c08aaf89fa05500fc3d88f7c3d51a352afc7854]
in SYSTEMPATH\Database\BaseConnection.php on line 684.
 1 SYSTEMPATH\Database\BaseBuilder.php(1649): CodeIgniter\Database\BaseConnection->query('SELECT *
FROM `dcf_responses`
WHERE `dcf_id` = :dcf_id:
AND LOWER(respondent_email) = :LOWER(respondent_email):
 LIMIT 1', [...], false)
 2 SYSTEMPATH\Model.php(330): CodeIgniter\Database\BaseBuilder->get()
 3 SYSTEMPATH\BaseModel.php(715): CodeIgniter\Model->doFirst()
 4 APPPATH\Controllers\DcfPublicController.php(69): CodeIgniter\BaseModel->first()
 5 SYSTEMPATH\CodeIgniter.php(933): App\Controllers\DcfPublicController->submit('01bb3ac3bc77877fc6ff19367c08aaf89fa05500fc3d88f7c3d51a352afc7854')
 6 SYSTEMPATH\CodeIgniter.php(507): CodeIgniter\CodeIgniter->runController(Object(App\Controllers\DcfPublicController))
 7 SYSTEMPATH\CodeIgniter.php(354): CodeIgniter\CodeIgniter->handleRequest(null, Object(Config\Cache), false)
 8 SYSTEMPATH\Boot.php(363): CodeIgniter\CodeIgniter->run()
 9 SYSTEMPATH\Boot.php(68): CodeIgniter\Boot::runCodeIgniter(Object(CodeIgniter\CodeIgniter))
10 FCPATH\index.php(59): CodeIgniter\Boot::bootWeb(Object(Config\Paths))
CRITICAL - 2026-02-23 15:55:21 --> [Caused by] CodeIgniter\Database\Exceptions\DatabaseException: You have an error in your SQL syntax; check the manual that corresponds to your MariaDB server version for the right syntax to use near '@gmail.com
 LIMIT 1' at line 4
in SYSTEMPATH\Database\MySQLi\Connection.php on line 332.
 1 SYSTEMPATH\Database\BaseConnection.php(729): CodeIgniter\Database\MySQLi\Connection->execute('SELECT *
FROM `dcf_responses`
WHERE `dcf_id` = \'6\'
AND LOWER(respondent_email) = wrvymm@gmail.com
 LIMIT 1')
 2 SYSTEMPATH\Database\BaseConnection.php(646): CodeIgniter\Database\BaseConnection->simpleQuery('SELECT *
FROM `dcf_responses`
WHERE `dcf_id` = \'6\'
AND LOWER(respondent_email) = wrvymm@gmail.com
 LIMIT 1')
 3 SYSTEMPATH\Database\BaseBuilder.php(1649): CodeIgniter\Database\BaseConnection->query('SELECT *
FROM `dcf_responses`
WHERE `dcf_id` = :dcf_id:
AND LOWER(respondent_email) = :LOWER(respondent_email):
 LIMIT 1', [...], false)
 4 SYSTEMPATH\Model.php(330): CodeIgniter\Database\BaseBuilder->get()
 5 SYSTEMPATH\BaseModel.php(715): CodeIgniter\Model->doFirst()
 6 APPPATH\Controllers\DcfPublicController.php(69): CodeIgniter\BaseModel->first()
 7 SYSTEMPATH\CodeIgniter.php(933): App\Controllers\DcfPublicController->submit('01bb3ac3bc77877fc6ff19367c08aaf89fa05500fc3d88f7c3d51a352afc7854')
 8 SYSTEMPATH\CodeIgniter.php(507): CodeIgniter\CodeIgniter->runController(Object(App\Controllers\DcfPublicController))
 9 SYSTEMPATH\CodeIgniter.php(354): CodeIgniter\CodeIgniter->handleRequest(null, Object(Config\Cache), false)
10 SYSTEMPATH\Boot.php(363): CodeIgniter\CodeIgniter->run()
11 SYSTEMPATH\Boot.php(68): CodeIgniter\Boot::runCodeIgniter(Object(CodeIgniter\CodeIgniter))
12 FCPATH\index.php(59): CodeIgniter\Boot::bootWeb(Object(Config\Paths))
CRITICAL - 2026-02-23 15:55:21 --> [Caused by] mysqli_sql_exception: You have an error in your SQL syntax; check the manual that corresponds to your MariaDB server version for the right syntax to use near '@gmail.com
 LIMIT 1' at line 4
in SYSTEMPATH\Database\MySQLi\Connection.php on line 327.
 1 SYSTEMPATH\Database\MySQLi\Connection.php(327): mysqli->query('SELECT *
FROM `dcf_responses`
WHERE `dcf_id` = \'6\'
AND LOWER(respondent_email) = wrvymm@gmail.com
 LIMIT 1', 0)
 2 SYSTEMPATH\Database\BaseConnection.php(729): CodeIgniter\Database\MySQLi\Connection->execute('SELECT *
FROM `dcf_responses`
WHERE `dcf_id` = \'6\'
AND LOWER(respondent_email) = wrvymm@gmail.com
 LIMIT 1')
 3 SYSTEMPATH\Database\BaseConnection.php(646): CodeIgniter\Database\BaseConnection->simpleQuery('SELECT *
FROM `dcf_responses`
WHERE `dcf_id` = \'6\'
AND LOWER(respondent_email) = wrvymm@gmail.com
 LIMIT 1')
 4 SYSTEMPATH\Database\BaseBuilder.php(1649): CodeIgniter\Database\BaseConnection->query('SELECT *
FROM `dcf_responses`
WHERE `dcf_id` = :dcf_id:
AND LOWER(respondent_email) = :LOWER(respondent_email):
 LIMIT 1', [...], false)
 5 SYSTEMPATH\Model.php(330): CodeIgniter\Database\BaseBuilder->get()
 6 SYSTEMPATH\BaseModel.php(715): CodeIgniter\Model->doFirst()
 7 APPPATH\Controllers\DcfPublicController.php(69): CodeIgniter\BaseModel->first()
 8 SYSTEMPATH\CodeIgniter.php(933): App\Controllers\DcfPublicController->submit('01bb3ac3bc77877fc6ff19367c08aaf89fa05500fc3d88f7c3d51a352afc7854')
 9 SYSTEMPATH\CodeIgniter.php(507): CodeIgniter\CodeIgniter->runController(Object(App\Controllers\DcfPublicController))
10 SYSTEMPATH\CodeIgniter.php(354): CodeIgniter\CodeIgniter->handleRequest(null, Object(Config\Cache), false)
11 SYSTEMPATH\Boot.php(363): CodeIgniter\CodeIgniter->run()
12 SYSTEMPATH\Boot.php(68): CodeIgniter\Boot::runCodeIgniter(Object(CodeIgniter\CodeIgniter))
13 FCPATH\index.php(59): CodeIgniter\Boot::bootWeb(Object(Config\Paths))
DEBUG - 2026-02-23 15:56:38 --> Session: Class initialized using 'CodeIgniter\Session\Handlers\FileHandler' driver.
CRITICAL - 2026-02-23 15:56:39 --> ErrorException: Trying to access array offset on value of type null
[Method: GET, Route: /]
in SYSTEMPATH\Debug\Toolbar.php on line 217.
 1 SYSTEMPATH\Debug\Toolbar.php(217): CodeIgniter\Debug\Exceptions->errorHandler(2, 'Trying to access array offset on value of type null', 'C:\\xampp\\htdocs\\IM\\system\\Debug\\Toolbar.php', 217)
 2 SYSTEMPATH\Debug\Toolbar.php(200): CodeIgniter\Debug\Toolbar->renderTimelineRecursive([...], 1771833398.92693, 5, 15, [], 0)
 3 SYSTEMPATH\Debug\Toolbar\Views\toolbar.tpl.php(105): CodeIgniter\Debug\Toolbar->renderTimeline([...], 1771833398.92693, 5, 15, [])
 4 SYSTEMPATH\Debug\Toolbar.php(533): include('C:\\xampp\\htdocs\\IM\\system\\Debug\\Toolbar\\Views\\toolbar.tpl.php')
 5 SYSTEMPATH\Debug\Toolbar.php(496): CodeIgniter\Debug\Toolbar->format([...], 'html')
 6 APPPATH\Config\Events.php(47): CodeIgniter\Debug\Toolbar->respond()
 7 SYSTEMPATH\Events\Events.php(152): CodeIgniter\Events\Events::Config\{closure}()
 8 SYSTEMPATH\CodeIgniter.php(339): CodeIgniter\Events\Events::trigger('pre_system')
 9 SYSTEMPATH\Boot.php(363): CodeIgniter\CodeIgniter->run()
10 SYSTEMPATH\Boot.php(68): CodeIgniter\Boot::runCodeIgniter(Object(CodeIgniter\CodeIgniter))
11 FCPATH\index.php(59): CodeIgniter\Boot::bootWeb(Object(Config\Paths))
DEBUG - 2026-02-23 15:56:40 --> Session: Class initialized using 'CodeIgniter\Session\Handlers\FileHandler' driver.
CRITICAL - 2026-02-23 15:56:40 --> ErrorException: Trying to access array offset on value of type null
[Method: GET, Route: /]
in SYSTEMPATH\Debug\Toolbar.php on line 217.
 1 SYSTEMPATH\Debug\Toolbar.php(217): CodeIgniter\Debug\Exceptions->errorHandler(2, 'Trying to access array offset on value of type null', 'C:\\xampp\\htdocs\\IM\\system\\Debug\\Toolbar.php', 217)
 2 SYSTEMPATH\Debug\Toolbar.php(200): CodeIgniter\Debug\Toolbar->renderTimelineRecursive([...], 1771833400.460895, 5, 15, [], 0)
 3 SYSTEMPATH\Debug\Toolbar\Views\toolbar.tpl.php(105): CodeIgniter\Debug\Toolbar->renderTimeline([...], 1771833400.460895, 5, 15, [])
 4 SYSTEMPATH\Debug\Toolbar.php(533): include('C:\\xampp\\htdocs\\IM\\system\\Debug\\Toolbar\\Views\\toolbar.tpl.php')
 5 SYSTEMPATH\Debug\Toolbar.php(496): CodeIgniter\Debug\Toolbar->format([...], 'html')
 6 APPPATH\Config\Events.php(47): CodeIgniter\Debug\Toolbar->respond()
 7 SYSTEMPATH\Events\Events.php(152): CodeIgniter\Events\Events::Config\{closure}()
 8 SYSTEMPATH\CodeIgniter.php(339): CodeIgniter\Events\Events::trigger('pre_system')
 9 SYSTEMPATH\Boot.php(363): CodeIgniter\CodeIgniter->run()
10 SYSTEMPATH\Boot.php(68): CodeIgniter\Boot::runCodeIgniter(Object(CodeIgniter\CodeIgniter))
11 FCPATH\index.php(59): CodeIgniter\Boot::bootWeb(Object(Config\Paths))
DEBUG - 2026-02-23 15:56:42 --> Session: Class initialized using 'CodeIgniter\Session\Handlers\FileHandler' driver.
CRITICAL - 2026-02-23 15:56:42 --> ErrorException: Trying to access array offset on value of type null
[Method: GET, Route: /]
in SYSTEMPATH\Debug\Toolbar.php on line 217.
 1 SYSTEMPATH\Debug\Toolbar.php(217): CodeIgniter\Debug\Exceptions->errorHandler(2, 'Trying to access array offset on value of type null', 'C:\\xampp\\htdocs\\IM\\system\\Debug\\Toolbar.php', 217)
 2 SYSTEMPATH\Debug\Toolbar.php(200): CodeIgniter\Debug\Toolbar->renderTimelineRecursive([...], 1771833402.007473, 7, 10, [], 0)
 3 SYSTEMPATH\Debug\Toolbar\Views\toolbar.tpl.php(105): CodeIgniter\Debug\Toolbar->renderTimeline([...], 1771833402.007473, 7, 10, [])
 4 SYSTEMPATH\Debug\Toolbar.php(533): include('C:\\xampp\\htdocs\\IM\\system\\Debug\\Toolbar\\Views\\toolbar.tpl.php')
 5 SYSTEMPATH\Debug\Toolbar.php(496): CodeIgniter\Debug\Toolbar->format([...], 'html')
 6 APPPATH\Config\Events.php(47): CodeIgniter\Debug\Toolbar->respond()
 7 SYSTEMPATH\Events\Events.php(152): CodeIgniter\Events\Events::Config\{closure}()
 8 SYSTEMPATH\CodeIgniter.php(339): CodeIgniter\Events\Events::trigger('pre_system')
 9 SYSTEMPATH\Boot.php(363): CodeIgniter\CodeIgniter->run()
10 SYSTEMPATH\Boot.php(68): CodeIgniter\Boot::runCodeIgniter(Object(CodeIgniter\CodeIgniter))
11 FCPATH\index.php(59): CodeIgniter\Boot::bootWeb(Object(Config\Paths))
DEBUG - 2026-02-23 15:56:43 --> Session: Class initialized using 'CodeIgniter\Session\Handlers\FileHandler' driver.
CRITICAL - 2026-02-23 15:56:43 --> ErrorException: Trying to access array offset on value of type null
[Method: GET, Route: /]
in SYSTEMPATH\Debug\Toolbar.php on line 217.
 1 SYSTEMPATH\Debug\Toolbar.php(217): CodeIgniter\Debug\Exceptions->errorHandler(2, 'Trying to access array offset on value of type null', 'C:\\xampp\\htdocs\\IM\\system\\Debug\\Toolbar.php', 217)
 2 SYSTEMPATH\Debug\Toolbar.php(200): CodeIgniter\Debug\Toolbar->renderTimelineRecursive([...], 1771833403.055268, 7, 15, [], 0)
 3 SYSTEMPATH\Debug\Toolbar\Views\toolbar.tpl.php(105): CodeIgniter\Debug\Toolbar->renderTimeline([...], 1771833403.055268, 7, 15, [])
 4 SYSTEMPATH\Debug\Toolbar.php(533): include('C:\\xampp\\htdocs\\IM\\system\\Debug\\Toolbar\\Views\\toolbar.tpl.php')
 5 SYSTEMPATH\Debug\Toolbar.php(496): CodeIgniter\Debug\Toolbar->format([...], 'html')
 6 APPPATH\Config\Events.php(47): CodeIgniter\Debug\Toolbar->respond()
 7 SYSTEMPATH\Events\Events.php(152): CodeIgniter\Events\Events::Config\{closure}()
 8 SYSTEMPATH\CodeIgniter.php(339): CodeIgniter\Events\Events::trigger('pre_system')
 9 SYSTEMPATH\Boot.php(363): CodeIgniter\CodeIgniter->run()
10 SYSTEMPATH\Boot.php(68): CodeIgniter\Boot::runCodeIgniter(Object(CodeIgniter\CodeIgniter))
11 FCPATH\index.php(59): CodeIgniter\Boot::bootWeb(Object(Config\Paths))
DEBUG - 2026-02-23 15:56:49 --> Session: Class initialized using 'CodeIgniter\Session\Handlers\FileHandler' driver.
CRITICAL - 2026-02-23 15:56:50 --> ErrorException: Trying to access array offset on value of type null
[Method: GET, Route: /]
in SYSTEMPATH\Debug\Toolbar.php on line 217.
 1 SYSTEMPATH\Debug\Toolbar.php(217): CodeIgniter\Debug\Exceptions->errorHandler(2, 'Trying to access array offset on value of type null', 'C:\\xampp\\htdocs\\IM\\system\\Debug\\Toolbar.php', 217)
 2 SYSTEMPATH\Debug\Toolbar.php(200): CodeIgniter\Debug\Toolbar->renderTimelineRecursive([...], 1771833409.567887, 6, 15, [], 0)
 3 SYSTEMPATH\Debug\Toolbar\Views\toolbar.tpl.php(105): CodeIgniter\Debug\Toolbar->renderTimeline([...], 1771833409.567887, 6, 15, [])
 4 SYSTEMPATH\Debug\Toolbar.php(533): include('C:\\xampp\\htdocs\\IM\\system\\Debug\\Toolbar\\Views\\toolbar.tpl.php')
 5 SYSTEMPATH\Debug\Toolbar.php(496): CodeIgniter\Debug\Toolbar->format([...], 'html')
 6 APPPATH\Config\Events.php(47): CodeIgniter\Debug\Toolbar->respond()
 7 SYSTEMPATH\Events\Events.php(152): CodeIgniter\Events\Events::Config\{closure}()
 8 SYSTEMPATH\CodeIgniter.php(339): CodeIgniter\Events\Events::trigger('pre_system')
 9 SYSTEMPATH\Boot.php(363): CodeIgniter\CodeIgniter->run()
10 SYSTEMPATH\Boot.php(68): CodeIgniter\Boot::runCodeIgniter(Object(CodeIgniter\CodeIgniter))
11 FCPATH\index.php(59): CodeIgniter\Boot::bootWeb(Object(Config\Paths))
DEBUG - 2026-02-23 15:56:59 --> Session: Class initialized using 'CodeIgniter\Session\Handlers\FileHandler' driver.
DEBUG - 2026-02-23 15:57:11 --> Session: Class initialized using 'CodeIgniter\Session\Handlers\FileHandler' driver.
CRITICAL - 2026-02-23 15:57:11 --> ErrorException: Trying to access array offset on value of type null
[Method: GET, Route: /]
in SYSTEMPATH\Debug\Toolbar.php on line 217.
 1 SYSTEMPATH\Debug\Toolbar.php(217): CodeIgniter\Debug\Exceptions->errorHandler(2, 'Trying to access array offset on value of type null', 'C:\\xampp\\htdocs\\IM\\system\\Debug\\Toolbar.php', 217)
 2 SYSTEMPATH\Debug\Toolbar.php(200): CodeIgniter\Debug\Toolbar->renderTimelineRecursive([...], 1771833431.449521, 6, 20, [], 0)
 3 SYSTEMPATH\Debug\Toolbar\Views\toolbar.tpl.php(105): CodeIgniter\Debug\Toolbar->renderTimeline([...], 1771833431.449521, 6, 20, [])
 4 SYSTEMPATH\Debug\Toolbar.php(533): include('C:\\xampp\\htdocs\\IM\\system\\Debug\\Toolbar\\Views\\toolbar.tpl.php')
 5 SYSTEMPATH\Debug\Toolbar.php(496): CodeIgniter\Debug\Toolbar->format([...], 'html')
 6 APPPATH\Config\Events.php(47): CodeIgniter\Debug\Toolbar->respond()
 7 SYSTEMPATH\Events\Events.php(152): CodeIgniter\Events\Events::Config\{closure}()
 8 SYSTEMPATH\CodeIgniter.php(339): CodeIgniter\Events\Events::trigger('pre_system')
 9 SYSTEMPATH\Boot.php(363): CodeIgniter\CodeIgniter->run()
10 SYSTEMPATH\Boot.php(68): CodeIgniter\Boot::runCodeIgniter(Object(CodeIgniter\CodeIgniter))
11 FCPATH\index.php(59): CodeIgniter\Boot::bootWeb(Object(Config\Paths))
DEBUG - 2026-02-23 15:57:39 --> Session: Class initialized using 'CodeIgniter\Session\Handlers\FileHandler' driver.
CRITICAL - 2026-02-23 15:57:39 --> ErrorException: Trying to access array offset on value of type null
[Method: GET, Route: /]
in SYSTEMPATH\Debug\Toolbar.php on line 217.
 1 SYSTEMPATH\Debug\Toolbar.php(217): CodeIgniter\Debug\Exceptions->errorHandler(2, 'Trying to access array offset on value of type null', 'C:\\xampp\\htdocs\\IM\\system\\Debug\\Toolbar.php', 217)
 2 SYSTEMPATH\Debug\Toolbar.php(200): CodeIgniter\Debug\Toolbar->renderTimelineRecursive([...], 1771833459.582012, 6, 10, [], 0)
 3 SYSTEMPATH\Debug\Toolbar\Views\toolbar.tpl.php(105): CodeIgniter\Debug\Toolbar->renderTimeline([...], 1771833459.582012, 6, 10, [])
 4 SYSTEMPATH\Debug\Toolbar.php(533): include('C:\\xampp\\htdocs\\IM\\system\\Debug\\Toolbar\\Views\\toolbar.tpl.php')
 5 SYSTEMPATH\Debug\Toolbar.php(496): CodeIgniter\Debug\Toolbar->format([...], 'html')
 6 APPPATH\Config\Events.php(47): CodeIgniter\Debug\Toolbar->respond()
 7 SYSTEMPATH\Events\Events.php(152): CodeIgniter\Events\Events::Config\{closure}()
 8 SYSTEMPATH\CodeIgniter.php(339): CodeIgniter\Events\Events::trigger('pre_system')
 9 SYSTEMPATH\Boot.php(363): CodeIgniter\CodeIgniter->run()
10 SYSTEMPATH\Boot.php(68): CodeIgniter\Boot::runCodeIgniter(Object(CodeIgniter\CodeIgniter))
11 FCPATH\index.php(59): CodeIgniter\Boot::bootWeb(Object(Config\Paths))
DEBUG - 2026-02-23 15:57:42 --> Session: Class initialized using 'CodeIgniter\Session\Handlers\FileHandler' driver.
CRITICAL - 2026-02-23 15:57:42 --> ErrorException: Trying to access array offset on value of type null
[Method: GET, Route: /]
in SYSTEMPATH\Debug\Toolbar.php on line 217.
 1 SYSTEMPATH\Debug\Toolbar.php(217): CodeIgniter\Debug\Exceptions->errorHandler(2, 'Trying to access array offset on value of type null', 'C:\\xampp\\htdocs\\IM\\system\\Debug\\Toolbar.php', 217)
 2 SYSTEMPATH\Debug\Toolbar.php(200): CodeIgniter\Debug\Toolbar->renderTimelineRecursive([...], 1771833462.039816, 5, 15, [], 0)
 3 SYSTEMPATH\Debug\Toolbar\Views\toolbar.tpl.php(105): CodeIgniter\Debug\Toolbar->renderTimeline([...], 1771833462.039816, 5, 15, [])
 4 SYSTEMPATH\Debug\Toolbar.php(533): include('C:\\xampp\\htdocs\\IM\\system\\Debug\\Toolbar\\Views\\toolbar.tpl.php')
 5 SYSTEMPATH\Debug\Toolbar.php(496): CodeIgniter\Debug\Toolbar->format([...], 'html')
 6 APPPATH\Config\Events.php(47): CodeIgniter\Debug\Toolbar->respond()
 7 SYSTEMPATH\Events\Events.php(152): CodeIgniter\Events\Events::Config\{closure}()
 8 SYSTEMPATH\CodeIgniter.php(339): CodeIgniter\Events\Events::trigger('pre_system')
 9 SYSTEMPATH\Boot.php(363): CodeIgniter\CodeIgniter->run()
10 SYSTEMPATH\Boot.php(68): CodeIgniter\Boot::runCodeIgniter(Object(CodeIgniter\CodeIgniter))
11 FCPATH\index.php(59): CodeIgniter\Boot::bootWeb(Object(Config\Paths))
WARNING - 2026-02-23 16:01:14 --> [DEPRECATED] Creation of dynamic property App\Controllers\ApplicationController::$contactsModel is deprecated in APPPATH\Controllers\ApplicationController.php on line 41.
 1 SYSTEMPATH\CodeIgniter.php(903): App\Controllers\ApplicationController->__construct()
 2 SYSTEMPATH\CodeIgniter.php(498): CodeIgniter\CodeIgniter->createController()
 3 SYSTEMPATH\CodeIgniter.php(354): CodeIgniter\CodeIgniter->handleRequest(null, Object(Config\Cache), false)
 4 SYSTEMPATH\Boot.php(363): CodeIgniter\CodeIgniter->run()
 5 SYSTEMPATH\Boot.php(68): CodeIgniter\Boot::runCodeIgniter(Object(CodeIgniter\CodeIgniter))
 6 FCPATH\index.php(59): CodeIgniter\Boot::bootWeb(Object(Config\Paths))
WARNING - 2026-02-23 16:01:14 --> [DEPRECATED] Creation of dynamic property App\Controllers\ApplicationController::$environmentsModel is deprecated in APPPATH\Controllers\ApplicationController.php on line 42.
 1 SYSTEMPATH\CodeIgniter.php(903): App\Controllers\ApplicationController->__construct()
 2 SYSTEMPATH\CodeIgniter.php(498): CodeIgniter\CodeIgniter->createController()
 3 SYSTEMPATH\CodeIgniter.php(354): CodeIgniter\CodeIgniter->handleRequest(null, Object(Config\Cache), false)
 4 SYSTEMPATH\Boot.php(363): CodeIgniter\CodeIgniter->run()
 5 SYSTEMPATH\Boot.php(68): CodeIgniter\Boot::runCodeIgniter(Object(CodeIgniter\CodeIgniter))
 6 FCPATH\index.php(59): CodeIgniter\Boot::bootWeb(Object(Config\Paths))
WARNING - 2026-02-23 16:01:14 --> [DEPRECATED] Creation of dynamic property App\Controllers\ApplicationController::$infrastructureModel is deprecated in APPPATH\Controllers\ApplicationController.php on line 43.
 1 SYSTEMPATH\CodeIgniter.php(903): App\Controllers\ApplicationController->__construct()
 2 SYSTEMPATH\CodeIgniter.php(498): CodeIgniter\CodeIgniter->createController()
 3 SYSTEMPATH\CodeIgniter.php(354): CodeIgniter\CodeIgniter->handleRequest(null, Object(Config\Cache), false)
 4 SYSTEMPATH\Boot.php(363): CodeIgniter\CodeIgniter->run()
 5 SYSTEMPATH\Boot.php(68): CodeIgniter\Boot::runCodeIgniter(Object(CodeIgniter\CodeIgniter))
 6 FCPATH\index.php(59): CodeIgniter\Boot::bootWeb(Object(Config\Paths))
WARNING - 2026-02-23 16:01:14 --> [DEPRECATED] Creation of dynamic property App\Controllers\ApplicationController::$complianceModel is deprecated in APPPATH\Controllers\ApplicationController.php on line 44.
 1 SYSTEMPATH\CodeIgniter.php(903): App\Controllers\ApplicationController->__construct()
 2 SYSTEMPATH\CodeIgniter.php(498): CodeIgniter\CodeIgniter->createController()
 3 SYSTEMPATH\CodeIgniter.php(354): CodeIgniter\CodeIgniter->handleRequest(null, Object(Config\Cache), false)
 4 SYSTEMPATH\Boot.php(363): CodeIgniter\CodeIgniter->run()
 5 SYSTEMPATH\Boot.php(68): CodeIgniter\Boot::runCodeIgniter(Object(CodeIgniter\CodeIgniter))
 6 FCPATH\index.php(59): CodeIgniter\Boot::bootWeb(Object(Config\Paths))
WARNING - 2026-02-23 16:01:14 --> [DEPRECATED] Creation of dynamic property App\Controllers\ApplicationController::$dependenciesModel is deprecated in APPPATH\Controllers\ApplicationController.php on line 45.
 1 SYSTEMPATH\CodeIgniter.php(903): App\Controllers\ApplicationController->__construct()
 2 SYSTEMPATH\CodeIgniter.php(498): CodeIgniter\CodeIgniter->createController()
 3 SYSTEMPATH\CodeIgniter.php(354): CodeIgniter\CodeIgniter->handleRequest(null, Object(Config\Cache), false)
 4 SYSTEMPATH\Boot.php(363): CodeIgniter\CodeIgniter->run()
 5 SYSTEMPATH\Boot.php(68): CodeIgniter\Boot::runCodeIgniter(Object(CodeIgniter\CodeIgniter))
 6 FCPATH\index.php(59): CodeIgniter\Boot::bootWeb(Object(Config\Paths))
WARNING - 2026-02-23 16:01:14 --> [DEPRECATED] Creation of dynamic property App\Controllers\ApplicationController::$vendorsModel is deprecated in APPPATH\Controllers\ApplicationController.php on line 46.
 1 SYSTEMPATH\CodeIgniter.php(903): App\Controllers\ApplicationController->__construct()
 2 SYSTEMPATH\CodeIgniter.php(498): CodeIgniter\CodeIgniter->createController()
 3 SYSTEMPATH\CodeIgniter.php(354): CodeIgniter\CodeIgniter->handleRequest(null, Object(Config\Cache), false)
 4 SYSTEMPATH\Boot.php(363): CodeIgniter\CodeIgniter->run()
 5 SYSTEMPATH\Boot.php(68): CodeIgniter\Boot::runCodeIgniter(Object(CodeIgniter\CodeIgniter))
 6 FCPATH\index.php(59): CodeIgniter\Boot::bootWeb(Object(Config\Paths))
WARNING - 2026-02-23 16:01:14 --> [DEPRECATED] Creation of dynamic property App\Controllers\ApplicationController::$batchModel is deprecated in APPPATH\Controllers\ApplicationController.php on line 47.
 1 SYSTEMPATH\CodeIgniter.php(903): App\Controllers\ApplicationController->__construct()
 2 SYSTEMPATH\CodeIgniter.php(498): CodeIgniter\CodeIgniter->createController()
 3 SYSTEMPATH\CodeIgniter.php(354): CodeIgniter\CodeIgniter->handleRequest(null, Object(Config\Cache), false)
 4 SYSTEMPATH\Boot.php(363): CodeIgniter\CodeIgniter->run()
 5 SYSTEMPATH\Boot.php(68): CodeIgniter\Boot::runCodeIgniter(Object(CodeIgniter\CodeIgniter))
 6 FCPATH\index.php(59): CodeIgniter\Boot::bootWeb(Object(Config\Paths))
WARNING - 2026-02-23 16:01:14 --> [DEPRECATED] Creation of dynamic property App\Controllers\ApplicationController::$licensingModel is deprecated in APPPATH\Controllers\ApplicationController.php on line 48.
 1 SYSTEMPATH\CodeIgniter.php(903): App\Controllers\ApplicationController->__construct()
 2 SYSTEMPATH\CodeIgniter.php(498): CodeIgniter\CodeIgniter->createController()
 3 SYSTEMPATH\CodeIgniter.php(354): CodeIgniter\CodeIgniter->handleRequest(null, Object(Config\Cache), false)
 4 SYSTEMPATH\Boot.php(363): CodeIgniter\CodeIgniter->run()
 5 SYSTEMPATH\Boot.php(68): CodeIgniter\Boot::runCodeIgniter(Object(CodeIgniter\CodeIgniter))
 6 FCPATH\index.php(59): CodeIgniter\Boot::bootWeb(Object(Config\Paths))
WARNING - 2026-02-23 16:01:14 --> [DEPRECATED] Creation of dynamic property App\Controllers\ApplicationController::$metricsModel is deprecated in APPPATH\Controllers\ApplicationController.php on line 49.
 1 SYSTEMPATH\CodeIgniter.php(903): App\Controllers\ApplicationController->__construct()
 2 SYSTEMPATH\CodeIgniter.php(498): CodeIgniter\CodeIgniter->createController()
 3 SYSTEMPATH\CodeIgniter.php(354): CodeIgniter\CodeIgniter->handleRequest(null, Object(Config\Cache), false)
 4 SYSTEMPATH\Boot.php(363): CodeIgniter\CodeIgniter->run()
 5 SYSTEMPATH\Boot.php(68): CodeIgniter\Boot::runCodeIgniter(Object(CodeIgniter\CodeIgniter))
 6 FCPATH\index.php(59): CodeIgniter\Boot::bootWeb(Object(Config\Paths))
WARNING - 2026-02-23 16:01:14 --> [DEPRECATED] Creation of dynamic property App\Controllers\ApplicationController::$techModel is deprecated in APPPATH\Controllers\ApplicationController.php on line 50.
 1 SYSTEMPATH\CodeIgniter.php(903): App\Controllers\ApplicationController->__construct()
 2 SYSTEMPATH\CodeIgniter.php(498): CodeIgniter\CodeIgniter->createController()
 3 SYSTEMPATH\CodeIgniter.php(354): CodeIgniter\CodeIgniter->handleRequest(null, Object(Config\Cache), false)
 4 SYSTEMPATH\Boot.php(363): CodeIgniter\CodeIgniter->run()
 5 SYSTEMPATH\Boot.php(68): CodeIgniter\Boot::runCodeIgniter(Object(CodeIgniter\CodeIgniter))
 6 FCPATH\index.php(59): CodeIgniter\Boot::bootWeb(Object(Config\Paths))
DEBUG - 2026-02-23 16:01:14 --> Session: Class initialized using 'CodeIgniter\Session\Handlers\FileHandler' driver.
CRITICAL - 2026-02-23 16:01:14 --> ErrorException: Trying to access array offset on value of type null
[Method: GET, Route: /]
in SYSTEMPATH\Debug\Toolbar.php on line 217.
 1 SYSTEMPATH\Debug\Toolbar.php(217): CodeIgniter\Debug\Exceptions->errorHandler(2, 'Trying to access array offset on value of type null', 'C:\\xampp\\htdocs\\IM\\system\\Debug\\Toolbar.php', 217)
 2 SYSTEMPATH\Debug\Toolbar.php(200): CodeIgniter\Debug\Toolbar->renderTimelineRecursive([...], 1771833674.212412, 7, 25, [], 0)
 3 SYSTEMPATH\Debug\Toolbar\Views\toolbar.tpl.php(105): CodeIgniter\Debug\Toolbar->renderTimeline([...], 1771833674.212412, 7, 25, [])
 4 SYSTEMPATH\Debug\Toolbar.php(533): include('C:\\xampp\\htdocs\\IM\\system\\Debug\\Toolbar\\Views\\toolbar.tpl.php')
 5 SYSTEMPATH\Debug\Toolbar.php(496): CodeIgniter\Debug\Toolbar->format([...], 'html')
 6 APPPATH\Config\Events.php(47): CodeIgniter\Debug\Toolbar->respond()
 7 SYSTEMPATH\Events\Events.php(152): CodeIgniter\Events\Events::Config\{closure}()
 8 SYSTEMPATH\CodeIgniter.php(339): CodeIgniter\Events\Events::trigger('pre_system')
 9 SYSTEMPATH\Boot.php(363): CodeIgniter\CodeIgniter->run()
10 SYSTEMPATH\Boot.php(68): CodeIgniter\Boot::runCodeIgniter(Object(CodeIgniter\CodeIgniter))
11 FCPATH\index.php(59): CodeIgniter\Boot::bootWeb(Object(Config\Paths))
DEBUG - 2026-02-23 16:01:22 --> Session: Class initialized using 'CodeIgniter\Session\Handlers\FileHandler' driver.
CRITICAL - 2026-02-23 16:01:22 --> ErrorException: Trying to access array offset on value of type null
[Method: GET, Route: /]
in SYSTEMPATH\Debug\Toolbar.php on line 217.
 1 SYSTEMPATH\Debug\Toolbar.php(217): CodeIgniter\Debug\Exceptions->errorHandler(2, 'Trying to access array offset on value of type null', 'C:\\xampp\\htdocs\\IM\\system\\Debug\\Toolbar.php', 217)
 2 SYSTEMPATH\Debug\Toolbar.php(200): CodeIgniter\Debug\Toolbar->renderTimelineRecursive([...], 1771833682.121384, 6, 15, [], 0)
 3 SYSTEMPATH\Debug\Toolbar\Views\toolbar.tpl.php(105): CodeIgniter\Debug\Toolbar->renderTimeline([...], 1771833682.121384, 6, 15, [])
 4 SYSTEMPATH\Debug\Toolbar.php(533): include('C:\\xampp\\htdocs\\IM\\system\\Debug\\Toolbar\\Views\\toolbar.tpl.php')
 5 SYSTEMPATH\Debug\Toolbar.php(496): CodeIgniter\Debug\Toolbar->format([...], 'html')
 6 APPPATH\Config\Events.php(47): CodeIgniter\Debug\Toolbar->respond()
 7 SYSTEMPATH\Events\Events.php(152): CodeIgniter\Events\Events::Config\{closure}()
 8 SYSTEMPATH\CodeIgniter.php(339): CodeIgniter\Events\Events::trigger('pre_system')
 9 SYSTEMPATH\Boot.php(363): CodeIgniter\CodeIgniter->run()
10 SYSTEMPATH\Boot.php(68): CodeIgniter\Boot::runCodeIgniter(Object(CodeIgniter\CodeIgniter))
11 FCPATH\index.php(59): CodeIgniter\Boot::bootWeb(Object(Config\Paths))
DEBUG - 2026-02-23 16:14:31 --> Session: Class initialized using 'CodeIgniter\Session\Handlers\FileHandler' driver.
CRITICAL - 2026-02-23 16:14:31 --> ErrorException: Trying to access array offset on value of type null
[Method: GET, Route: /]
in SYSTEMPATH\Debug\Toolbar.php on line 217.
 1 SYSTEMPATH\Debug\Toolbar.php(217): CodeIgniter\Debug\Exceptions->errorHandler(2, 'Trying to access array offset on value of type null', 'C:\\xampp\\htdocs\\IM\\system\\Debug\\Toolbar.php', 217)
 2 SYSTEMPATH\Debug\Toolbar.php(200): CodeIgniter\Debug\Toolbar->renderTimelineRecursive([...], 1771834471.380972, 6, 25, [], 0)
 3 SYSTEMPATH\Debug\Toolbar\Views\toolbar.tpl.php(105): CodeIgniter\Debug\Toolbar->renderTimeline([...], 1771834471.380972, 6, 25, [])
 4 SYSTEMPATH\Debug\Toolbar.php(533): include('C:\\xampp\\htdocs\\IM\\system\\Debug\\Toolbar\\Views\\toolbar.tpl.php')
 5 SYSTEMPATH\Debug\Toolbar.php(496): CodeIgniter\Debug\Toolbar->format([...], 'html')
 6 APPPATH\Config\Events.php(47): CodeIgniter\Debug\Toolbar->respond()
 7 SYSTEMPATH\Events\Events.php(152): CodeIgniter\Events\Events::Config\{closure}()
 8 SYSTEMPATH\CodeIgniter.php(339): CodeIgniter\Events\Events::trigger('pre_system')
 9 SYSTEMPATH\Boot.php(363): CodeIgniter\CodeIgniter->run()
10 SYSTEMPATH\Boot.php(68): CodeIgniter\Boot::runCodeIgniter(Object(CodeIgniter\CodeIgniter))
11 FCPATH\index.php(59): CodeIgniter\Boot::bootWeb(Object(Config\Paths))
DEBUG - 2026-02-23 16:14:33 --> Session: Class initialized using 'CodeIgniter\Session\Handlers\FileHandler' driver.
CRITICAL - 2026-02-23 16:14:34 --> ErrorException: Trying to access array offset on value of type null
[Method: GET, Route: /]
in SYSTEMPATH\Debug\Toolbar.php on line 217.
 1 SYSTEMPATH\Debug\Toolbar.php(217): CodeIgniter\Debug\Exceptions->errorHandler(2, 'Trying to access array offset on value of type null', 'C:\\xampp\\htdocs\\IM\\system\\Debug\\Toolbar.php', 217)
 2 SYSTEMPATH\Debug\Toolbar.php(200): CodeIgniter\Debug\Toolbar->renderTimelineRecursive([...], 1771834473.839911, 7, 25, [], 0)
 3 SYSTEMPATH\Debug\Toolbar\Views\toolbar.tpl.php(105): CodeIgniter\Debug\Toolbar->renderTimeline([...], 1771834473.839911, 7, 25, [])
 4 SYSTEMPATH\Debug\Toolbar.php(533): include('C:\\xampp\\htdocs\\IM\\system\\Debug\\Toolbar\\Views\\toolbar.tpl.php')
 5 SYSTEMPATH\Debug\Toolbar.php(496): CodeIgniter\Debug\Toolbar->format([...], 'html')
 6 APPPATH\Config\Events.php(47): CodeIgniter\Debug\Toolbar->respond()
 7 SYSTEMPATH\Events\Events.php(152): CodeIgniter\Events\Events::Config\{closure}()
 8 SYSTEMPATH\CodeIgniter.php(339): CodeIgniter\Events\Events::trigger('pre_system')
 9 SYSTEMPATH\Boot.php(363): CodeIgniter\CodeIgniter->run()
10 SYSTEMPATH\Boot.php(68): CodeIgniter\Boot::runCodeIgniter(Object(CodeIgniter\CodeIgniter))
11 FCPATH\index.php(59): CodeIgniter\Boot::bootWeb(Object(Config\Paths))
DEBUG - 2026-02-23 16:15:58 --> Session: Class initialized using 'CodeIgniter\Session\Handlers\FileHandler' driver.
DEBUG - 2026-02-23 16:15:59 --> DCF Store - Title: test DCF 3
DEBUG - 2026-02-23 16:15:59 --> DCF Store - Raw Parts: [{"title":"part 1","description":"test 1","questions":[{"question_text":"q1","answer_type":"rate_me","options":[""]}]},{"title":"part 2","description":"test 2","questions":[{"question_text":"q2","answer_type":"short_answer"}]}]
DEBUG - 2026-02-23 16:15:59 --> Normalized parts count: 2
DEBUG - 2026-02-23 16:15:59 --> About to insert DCF with data: {"title":"test DCF 3","name":"test_dcf_3_1771834559","description":"qwe","due_date":"2026-02-28","department_id":14}
DEBUG - 2026-02-23 16:15:59 --> DCF created with ID: 7
INFO - 2026-02-23 16:15:59 --> DCF created successfully with ID: 7
DEBUG - 2026-02-23 16:15:59 --> Session: Class initialized using 'CodeIgniter\Session\Handlers\FileHandler' driver.
CRITICAL - 2026-02-23 16:15:59 --> ErrorException: Trying to access array offset on value of type null
[Method: GET, Route: /]
in SYSTEMPATH\Debug\Toolbar.php on line 217.
 1 SYSTEMPATH\Debug\Toolbar.php(217): CodeIgniter\Debug\Exceptions->errorHandler(2, 'Trying to access array offset on value of type null', 'C:\\xampp\\htdocs\\IM\\system\\Debug\\Toolbar.php', 217)
 2 SYSTEMPATH\Debug\Toolbar.php(200): CodeIgniter\Debug\Toolbar->renderTimelineRecursive([...], 1771834559.430229, 7, 10, [], 0)
 3 SYSTEMPATH\Debug\Toolbar\Views\toolbar.tpl.php(105): CodeIgniter\Debug\Toolbar->renderTimeline([...], 1771834559.430229, 7, 10, [])
 4 SYSTEMPATH\Debug\Toolbar.php(533): include('C:\\xampp\\htdocs\\IM\\system\\Debug\\Toolbar\\Views\\toolbar.tpl.php')
 5 SYSTEMPATH\Debug\Toolbar.php(496): CodeIgniter\Debug\Toolbar->format([...], 'html')
 6 APPPATH\Config\Events.php(47): CodeIgniter\Debug\Toolbar->respond()
 7 SYSTEMPATH\Events\Events.php(152): CodeIgniter\Events\Events::Config\{closure}()
 8 SYSTEMPATH\CodeIgniter.php(339): CodeIgniter\Events\Events::trigger('pre_system')
 9 SYSTEMPATH\Boot.php(363): CodeIgniter\CodeIgniter->run()
10 SYSTEMPATH\Boot.php(68): CodeIgniter\Boot::runCodeIgniter(Object(CodeIgniter\CodeIgniter))
11 FCPATH\index.php(59): CodeIgniter\Boot::bootWeb(Object(Config\Paths))
DEBUG - 2026-02-23 16:16:01 --> Session: Class initialized using 'CodeIgniter\Session\Handlers\FileHandler' driver.
CRITICAL - 2026-02-23 16:16:02 --> ErrorException: Trying to access array offset on value of type null
[Method: GET, Route: /]
in SYSTEMPATH\Debug\Toolbar.php on line 217.
 1 SYSTEMPATH\Debug\Toolbar.php(217): CodeIgniter\Debug\Exceptions->errorHandler(2, 'Trying to access array offset on value of type null', 'C:\\xampp\\htdocs\\IM\\system\\Debug\\Toolbar.php', 217)
 2 SYSTEMPATH\Debug\Toolbar.php(200): CodeIgniter\Debug\Toolbar->renderTimelineRecursive([...], 1771834561.679083, 7, 40, [], 0)
 3 SYSTEMPATH\Debug\Toolbar\Views\toolbar.tpl.php(105): CodeIgniter\Debug\Toolbar->renderTimeline([...], 1771834561.679083, 7, 40, [])
 4 SYSTEMPATH\Debug\Toolbar.php(533): include('C:\\xampp\\htdocs\\IM\\system\\Debug\\Toolbar\\Views\\toolbar.tpl.php')
 5 SYSTEMPATH\Debug\Toolbar.php(496): CodeIgniter\Debug\Toolbar->format([...], 'html')
 6 APPPATH\Config\Events.php(47): CodeIgniter\Debug\Toolbar->respond()
 7 SYSTEMPATH\Events\Events.php(152): CodeIgniter\Events\Events::Config\{closure}()
 8 SYSTEMPATH\CodeIgniter.php(339): CodeIgniter\Events\Events::trigger('pre_system')
 9 SYSTEMPATH\Boot.php(363): CodeIgniter\CodeIgniter->run()
10 SYSTEMPATH\Boot.php(68): CodeIgniter\Boot::runCodeIgniter(Object(CodeIgniter\CodeIgniter))
11 FCPATH\index.php(59): CodeIgniter\Boot::bootWeb(Object(Config\Paths))
DEBUG - 2026-02-23 16:16:19 --> Session: Class initialized using 'CodeIgniter\Session\Handlers\FileHandler' driver.
CRITICAL - 2026-02-23 16:16:21 --> ErrorException: Trying to access array offset on value of type null
[Method: GET, Route: /]
in SYSTEMPATH\Debug\Toolbar.php on line 217.
 1 SYSTEMPATH\Debug\Toolbar.php(217): CodeIgniter\Debug\Exceptions->errorHandler(2, 'Trying to access array offset on value of type null', 'C:\\xampp\\htdocs\\IM\\system\\Debug\\Toolbar.php', 217)
 2 SYSTEMPATH\Debug\Toolbar.php(200): CodeIgniter\Debug\Toolbar->renderTimelineRecursive([...], 1771834579.439886, 7, 35, [], 0)
 3 SYSTEMPATH\Debug\Toolbar\Views\toolbar.tpl.php(105): CodeIgniter\Debug\Toolbar->renderTimeline([...], 1771834579.439886, 7, 35, [])
 4 SYSTEMPATH\Debug\Toolbar.php(533): include('C:\\xampp\\htdocs\\IM\\system\\Debug\\Toolbar\\Views\\toolbar.tpl.php')
 5 SYSTEMPATH\Debug\Toolbar.php(496): CodeIgniter\Debug\Toolbar->format([...], 'html')
 6 APPPATH\Config\Events.php(47): CodeIgniter\Debug\Toolbar->respond()
 7 SYSTEMPATH\Events\Events.php(152): CodeIgniter\Events\Events::Config\{closure}()
 8 SYSTEMPATH\CodeIgniter.php(339): CodeIgniter\Events\Events::trigger('pre_system')
 9 SYSTEMPATH\Boot.php(363): CodeIgniter\CodeIgniter->run()
10 SYSTEMPATH\Boot.php(68): CodeIgniter\Boot::runCodeIgniter(Object(CodeIgniter\CodeIgniter))
11 FCPATH\index.php(59): CodeIgniter\Boot::bootWeb(Object(Config\Paths))
DEBUG - 2026-02-23 16:17:37 --> Session: Class initialized using 'CodeIgniter\Session\Handlers\FileHandler' driver.
CRITICAL - 2026-02-23 16:17:37 --> ErrorException: Trying to access array offset on value of type null
[Method: GET, Route: /]
in SYSTEMPATH\Debug\Toolbar.php on line 217.
 1 SYSTEMPATH\Debug\Toolbar.php(217): CodeIgniter\Debug\Exceptions->errorHandler(2, 'Trying to access array offset on value of type null', 'C:\\xampp\\htdocs\\IM\\system\\Debug\\Toolbar.php', 217)
 2 SYSTEMPATH\Debug\Toolbar.php(200): CodeIgniter\Debug\Toolbar->renderTimelineRecursive([...], 1771834657.528895, 7, 15, [], 0)
 3 SYSTEMPATH\Debug\Toolbar\Views\toolbar.tpl.php(105): CodeIgniter\Debug\Toolbar->renderTimeline([...], 1771834657.528895, 7, 15, [])
 4 SYSTEMPATH\Debug\Toolbar.php(533): include('C:\\xampp\\htdocs\\IM\\system\\Debug\\Toolbar\\Views\\toolbar.tpl.php')
 5 SYSTEMPATH\Debug\Toolbar.php(496): CodeIgniter\Debug\Toolbar->format([...], 'html')
 6 APPPATH\Config\Events.php(47): CodeIgniter\Debug\Toolbar->respond()
 7 SYSTEMPATH\Events\Events.php(152): CodeIgniter\Events\Events::Config\{closure}()
 8 SYSTEMPATH\CodeIgniter.php(339): CodeIgniter\Events\Events::trigger('pre_system')
 9 SYSTEMPATH\Boot.php(363): CodeIgniter\CodeIgniter->run()
10 SYSTEMPATH\Boot.php(68): CodeIgniter\Boot::runCodeIgniter(Object(CodeIgniter\CodeIgniter))
11 FCPATH\index.php(59): CodeIgniter\Boot::bootWeb(Object(Config\Paths))
DEBUG - 2026-02-23 16:20:17 --> Session: Class initialized using 'CodeIgniter\Session\Handlers\FileHandler' driver.
DEBUG - 2026-02-23 16:20:17 --> Session: Class initialized using 'CodeIgniter\Session\Handlers\FileHandler' driver.
CRITICAL - 2026-02-23 16:20:18 --> ErrorException: Trying to access array offset on value of type null
[Method: GET, Route: /]
in SYSTEMPATH\Debug\Toolbar.php on line 217.
 1 SYSTEMPATH\Debug\Toolbar.php(217): CodeIgniter\Debug\Exceptions->errorHandler(2, 'Trying to access array offset on value of type null', 'C:\\xampp\\htdocs\\IM\\system\\Debug\\Toolbar.php', 217)
 2 SYSTEMPATH\Debug\Toolbar.php(200): CodeIgniter\Debug\Toolbar->renderTimelineRecursive([...], 1771834817.808894, 7, 15, [], 0)
 3 SYSTEMPATH\Debug\Toolbar\Views\toolbar.tpl.php(105): CodeIgniter\Debug\Toolbar->renderTimeline([...], 1771834817.808894, 7, 15, [])
 4 SYSTEMPATH\Debug\Toolbar.php(533): include('C:\\xampp\\htdocs\\IM\\system\\Debug\\Toolbar\\Views\\toolbar.tpl.php')
 5 SYSTEMPATH\Debug\Toolbar.php(496): CodeIgniter\Debug\Toolbar->format([...], 'html')
 6 APPPATH\Config\Events.php(47): CodeIgniter\Debug\Toolbar->respond()
 7 SYSTEMPATH\Events\Events.php(152): CodeIgniter\Events\Events::Config\{closure}()
 8 SYSTEMPATH\CodeIgniter.php(339): CodeIgniter\Events\Events::trigger('pre_system')
 9 SYSTEMPATH\Boot.php(363): CodeIgniter\CodeIgniter->run()
10 SYSTEMPATH\Boot.php(68): CodeIgniter\Boot::runCodeIgniter(Object(CodeIgniter\CodeIgniter))
11 FCPATH\index.php(59): CodeIgniter\Boot::bootWeb(Object(Config\Paths))
DEBUG - 2026-02-23 16:20:20 --> Session: Class initialized using 'CodeIgniter\Session\Handlers\FileHandler' driver.
DEBUG - 2026-02-23 16:20:21 --> Session: Class initialized using 'CodeIgniter\Session\Handlers\FileHandler' driver.
CRITICAL - 2026-02-23 16:20:21 --> ErrorException: Trying to access array offset on value of type null
[Method: GET, Route: /]
in SYSTEMPATH\Debug\Toolbar.php on line 217.
 1 SYSTEMPATH\Debug\Toolbar.php(217): CodeIgniter\Debug\Exceptions->errorHandler(2, 'Trying to access array offset on value of type null', 'C:\\xampp\\htdocs\\IM\\system\\Debug\\Toolbar.php', 217)
 2 SYSTEMPATH\Debug\Toolbar.php(200): CodeIgniter\Debug\Toolbar->renderTimelineRecursive([...], 1771834821.139547, 5, 15, [], 0)
 3 SYSTEMPATH\Debug\Toolbar\Views\toolbar.tpl.php(105): CodeIgniter\Debug\Toolbar->renderTimeline([...], 1771834821.139547, 5, 15, [])
 4 SYSTEMPATH\Debug\Toolbar.php(533): include('C:\\xampp\\htdocs\\IM\\system\\Debug\\Toolbar\\Views\\toolbar.tpl.php')
 5 SYSTEMPATH\Debug\Toolbar.php(496): CodeIgniter\Debug\Toolbar->format([...], 'html')
 6 APPPATH\Config\Events.php(47): CodeIgniter\Debug\Toolbar->respond()
 7 SYSTEMPATH\Events\Events.php(152): CodeIgniter\Events\Events::Config\{closure}()
 8 SYSTEMPATH\CodeIgniter.php(339): CodeIgniter\Events\Events::trigger('pre_system')
 9 SYSTEMPATH\Boot.php(363): CodeIgniter\CodeIgniter->run()
10 SYSTEMPATH\Boot.php(68): CodeIgniter\Boot::runCodeIgniter(Object(CodeIgniter\CodeIgniter))
11 FCPATH\index.php(59): CodeIgniter\Boot::bootWeb(Object(Config\Paths))
DEBUG - 2026-02-23 16:22:17 --> Session: Class initialized using 'CodeIgniter\Session\Handlers\FileHandler' driver.
CRITICAL - 2026-02-23 16:22:17 --> ErrorException: Trying to access array offset on value of type null
[Method: GET, Route: /]
in SYSTEMPATH\Debug\Toolbar.php on line 217.
 1 SYSTEMPATH\Debug\Toolbar.php(217): CodeIgniter\Debug\Exceptions->errorHandler(2, 'Trying to access array offset on value of type null', 'C:\\xampp\\htdocs\\IM\\system\\Debug\\Toolbar.php', 217)
 2 SYSTEMPATH\Debug\Toolbar.php(200): CodeIgniter\Debug\Toolbar->renderTimelineRecursive([...], 1771834937.052243, 6, 20, [], 0)
 3 SYSTEMPATH\Debug\Toolbar\Views\toolbar.tpl.php(105): CodeIgniter\Debug\Toolbar->renderTimeline([...], 1771834937.052243, 6, 20, [])
 4 SYSTEMPATH\Debug\Toolbar.php(533): include('C:\\xampp\\htdocs\\IM\\system\\Debug\\Toolbar\\Views\\toolbar.tpl.php')
 5 SYSTEMPATH\Debug\Toolbar.php(496): CodeIgniter\Debug\Toolbar->format([...], 'html')
 6 APPPATH\Config\Events.php(47): CodeIgniter\Debug\Toolbar->respond()
 7 SYSTEMPATH\Events\Events.php(152): CodeIgniter\Events\Events::Config\{closure}()
 8 SYSTEMPATH\CodeIgniter.php(339): CodeIgniter\Events\Events::trigger('pre_system')
 9 SYSTEMPATH\Boot.php(363): CodeIgniter\CodeIgniter->run()
10 SYSTEMPATH\Boot.php(68): CodeIgniter\Boot::runCodeIgniter(Object(CodeIgniter\CodeIgniter))
11 FCPATH\index.php(59): CodeIgniter\Boot::bootWeb(Object(Config\Paths))
DEBUG - 2026-02-23 16:22:18 --> Session: Class initialized using 'CodeIgniter\Session\Handlers\FileHandler' driver.
CRITICAL - 2026-02-23 16:22:18 --> ErrorException: Trying to access array offset on value of type null
[Method: GET, Route: /]
in SYSTEMPATH\Debug\Toolbar.php on line 217.
 1 SYSTEMPATH\Debug\Toolbar.php(217): CodeIgniter\Debug\Exceptions->errorHandler(2, 'Trying to access array offset on value of type null', 'C:\\xampp\\htdocs\\IM\\system\\Debug\\Toolbar.php', 217)
 2 SYSTEMPATH\Debug\Toolbar.php(200): CodeIgniter\Debug\Toolbar->renderTimelineRecursive([...], 1771834938.473552, 6, 30, [], 0)
 3 SYSTEMPATH\Debug\Toolbar\Views\toolbar.tpl.php(105): CodeIgniter\Debug\Toolbar->renderTimeline([...], 1771834938.473552, 6, 30, [])
 4 SYSTEMPATH\Debug\Toolbar.php(533): include('C:\\xampp\\htdocs\\IM\\system\\Debug\\Toolbar\\Views\\toolbar.tpl.php')
 5 SYSTEMPATH\Debug\Toolbar.php(496): CodeIgniter\Debug\Toolbar->format([...], 'html')
 6 APPPATH\Config\Events.php(47): CodeIgniter\Debug\Toolbar->respond()
 7 SYSTEMPATH\Events\Events.php(152): CodeIgniter\Events\Events::Config\{closure}()
 8 SYSTEMPATH\CodeIgniter.php(339): CodeIgniter\Events\Events::trigger('pre_system')
 9 SYSTEMPATH\Boot.php(363): CodeIgniter\CodeIgniter->run()
10 SYSTEMPATH\Boot.php(68): CodeIgniter\Boot::runCodeIgniter(Object(CodeIgniter\CodeIgniter))
11 FCPATH\index.php(59): CodeIgniter\Boot::bootWeb(Object(Config\Paths))
DEBUG - 2026-02-23 16:23:18 --> Session: Class initialized using 'CodeIgniter\Session\Handlers\FileHandler' driver.
DEBUG - 2026-02-23 16:23:25 --> Session: Class initialized using 'CodeIgniter\Session\Handlers\FileHandler' driver.
DEBUG - 2026-02-23 16:24:16 --> Session: Class initialized using 'CodeIgniter\Session\Handlers\FileHandler' driver.
CRITICAL - 2026-02-23 16:24:16 --> ErrorException: Trying to access array offset on value of type null
[Method: GET, Route: /]
in SYSTEMPATH\Debug\Toolbar.php on line 217.
 1 SYSTEMPATH\Debug\Toolbar.php(217): CodeIgniter\Debug\Exceptions->errorHandler(2, 'Trying to access array offset on value of type null', 'C:\\xampp\\htdocs\\IM\\system\\Debug\\Toolbar.php', 217)
 2 SYSTEMPATH\Debug\Toolbar.php(200): CodeIgniter\Debug\Toolbar->renderTimelineRecursive([...], 1771835056.337978, 5, 15, [], 0)
 3 SYSTEMPATH\Debug\Toolbar\Views\toolbar.tpl.php(105): CodeIgniter\Debug\Toolbar->renderTimeline([...], 1771835056.337978, 5, 15, [])
 4 SYSTEMPATH\Debug\Toolbar.php(533): include('C:\\xampp\\htdocs\\IM\\system\\Debug\\Toolbar\\Views\\toolbar.tpl.php')
 5 SYSTEMPATH\Debug\Toolbar.php(496): CodeIgniter\Debug\Toolbar->format([...], 'html')
 6 APPPATH\Config\Events.php(47): CodeIgniter\Debug\Toolbar->respond()
 7 SYSTEMPATH\Events\Events.php(152): CodeIgniter\Events\Events::Config\{closure}()
 8 SYSTEMPATH\CodeIgniter.php(339): CodeIgniter\Events\Events::trigger('pre_system')
 9 SYSTEMPATH\Boot.php(363): CodeIgniter\CodeIgniter->run()
10 SYSTEMPATH\Boot.php(68): CodeIgniter\Boot::runCodeIgniter(Object(CodeIgniter\CodeIgniter))
11 FCPATH\index.php(59): CodeIgniter\Boot::bootWeb(Object(Config\Paths))
DEBUG - 2026-02-23 16:24:23 --> Session: Class initialized using 'CodeIgniter\Session\Handlers\FileHandler' driver.
CRITICAL - 2026-02-23 16:24:23 --> ErrorException: Trying to access array offset on value of type null
[Method: GET, Route: /]
in SYSTEMPATH\Debug\Toolbar.php on line 217.
 1 SYSTEMPATH\Debug\Toolbar.php(217): CodeIgniter\Debug\Exceptions->errorHandler(2, 'Trying to access array offset on value of type null', 'C:\\xampp\\htdocs\\IM\\system\\Debug\\Toolbar.php', 217)
 2 SYSTEMPATH\Debug\Toolbar.php(200): CodeIgniter\Debug\Toolbar->renderTimelineRecursive([...], 1771835063.574474, 6, 15, [], 0)
 3 SYSTEMPATH\Debug\Toolbar\Views\toolbar.tpl.php(105): CodeIgniter\Debug\Toolbar->renderTimeline([...], 1771835063.574474, 6, 15, [])
 4 SYSTEMPATH\Debug\Toolbar.php(533): include('C:\\xampp\\htdocs\\IM\\system\\Debug\\Toolbar\\Views\\toolbar.tpl.php')
 5 SYSTEMPATH\Debug\Toolbar.php(496): CodeIgniter\Debug\Toolbar->format([...], 'html')
 6 APPPATH\Config\Events.php(47): CodeIgniter\Debug\Toolbar->respond()
 7 SYSTEMPATH\Events\Events.php(152): CodeIgniter\Events\Events::Config\{closure}()
 8 SYSTEMPATH\CodeIgniter.php(339): CodeIgniter\Events\Events::trigger('pre_system')
 9 SYSTEMPATH\Boot.php(363): CodeIgniter\CodeIgniter->run()
10 SYSTEMPATH\Boot.php(68): CodeIgniter\Boot::runCodeIgniter(Object(CodeIgniter\CodeIgniter))
11 FCPATH\index.php(59): CodeIgniter\Boot::bootWeb(Object(Config\Paths))
DEBUG - 2026-02-23 16:24:26 --> Session: Class initialized using 'CodeIgniter\Session\Handlers\FileHandler' driver.
DEBUG - 2026-02-23 16:24:30 --> Session: Class initialized using 'CodeIgniter\Session\Handlers\FileHandler' driver.
DEBUG - 2026-02-23 16:24:42 --> Session: Class initialized using 'CodeIgniter\Session\Handlers\FileHandler' driver.
DEBUG - 2026-02-23 16:26:10 --> Session: Class initialized using 'CodeIgniter\Session\Handlers\FileHandler' driver.
CRITICAL - 2026-02-23 16:26:10 --> ErrorException: Trying to access array offset on value of type null
[Method: GET, Route: /]
in SYSTEMPATH\Debug\Toolbar.php on line 217.
 1 SYSTEMPATH\Debug\Toolbar.php(217): CodeIgniter\Debug\Exceptions->errorHandler(2, 'Trying to access array offset on value of type null', 'C:\\xampp\\htdocs\\IM\\system\\Debug\\Toolbar.php', 217)
 2 SYSTEMPATH\Debug\Toolbar.php(200): CodeIgniter\Debug\Toolbar->renderTimelineRecursive([...], 1771835170.359899, 7, 20, [], 0)
 3 SYSTEMPATH\Debug\Toolbar\Views\toolbar.tpl.php(105): CodeIgniter\Debug\Toolbar->renderTimeline([...], 1771835170.359899, 7, 20, [])
 4 SYSTEMPATH\Debug\Toolbar.php(533): include('C:\\xampp\\htdocs\\IM\\system\\Debug\\Toolbar\\Views\\toolbar.tpl.php')
 5 SYSTEMPATH\Debug\Toolbar.php(496): CodeIgniter\Debug\Toolbar->format([...], 'html')
 6 APPPATH\Config\Events.php(47): CodeIgniter\Debug\Toolbar->respond()
 7 SYSTEMPATH\Events\Events.php(152): CodeIgniter\Events\Events::Config\{closure}()
 8 SYSTEMPATH\CodeIgniter.php(339): CodeIgniter\Events\Events::trigger('pre_system')
 9 SYSTEMPATH\Boot.php(363): CodeIgniter\CodeIgniter->run()
10 SYSTEMPATH\Boot.php(68): CodeIgniter\Boot::runCodeIgniter(Object(CodeIgniter\CodeIgniter))
11 FCPATH\index.php(59): CodeIgniter\Boot::bootWeb(Object(Config\Paths))
DEBUG - 2026-02-23 16:26:15 --> Session: Class initialized using 'CodeIgniter\Session\Handlers\FileHandler' driver.
DEBUG - 2026-02-23 16:26:22 --> Session: Class initialized using 'CodeIgniter\Session\Handlers\FileHandler' driver.
DEBUG - 2026-02-23 16:26:33 --> Session: Class initialized using 'CodeIgniter\Session\Handlers\FileHandler' driver.
DEBUG - 2026-02-23 16:26:53 --> Session: Class initialized using 'CodeIgniter\Session\Handlers\FileHandler' driver.
DEBUG - 2026-02-23 16:28:44 --> Session: Class initialized using 'CodeIgniter\Session\Handlers\FileHandler' driver.
CRITICAL - 2026-02-23 16:28:45 --> ErrorException: Trying to access array offset on value of type null
[Method: GET, Route: /]
in SYSTEMPATH\Debug\Toolbar.php on line 217.
 1 SYSTEMPATH\Debug\Toolbar.php(217): CodeIgniter\Debug\Exceptions->errorHandler(2, 'Trying to access array offset on value of type null', 'C:\\xampp\\htdocs\\IM\\system\\Debug\\Toolbar.php', 217)
 2 SYSTEMPATH\Debug\Toolbar.php(200): CodeIgniter\Debug\Toolbar->renderTimelineRecursive([...], 1771835324.744504, 7, 25, [], 0)
 3 SYSTEMPATH\Debug\Toolbar\Views\toolbar.tpl.php(105): CodeIgniter\Debug\Toolbar->renderTimeline([...], 1771835324.744504, 7, 25, [])
 4 SYSTEMPATH\Debug\Toolbar.php(533): include('C:\\xampp\\htdocs\\IM\\system\\Debug\\Toolbar\\Views\\toolbar.tpl.php')
 5 SYSTEMPATH\Debug\Toolbar.php(496): CodeIgniter\Debug\Toolbar->format([...], 'html')
 6 APPPATH\Config\Events.php(47): CodeIgniter\Debug\Toolbar->respond()
 7 SYSTEMPATH\Events\Events.php(152): CodeIgniter\Events\Events::Config\{closure}()
 8 SYSTEMPATH\CodeIgniter.php(339): CodeIgniter\Events\Events::trigger('pre_system')
 9 SYSTEMPATH\Boot.php(363): CodeIgniter\CodeIgniter->run()
10 SYSTEMPATH\Boot.php(68): CodeIgniter\Boot::runCodeIgniter(Object(CodeIgniter\CodeIgniter))
11 FCPATH\index.php(59): CodeIgniter\Boot::bootWeb(Object(Config\Paths))
DEBUG - 2026-02-23 16:28:47 --> Session: Class initialized using 'CodeIgniter\Session\Handlers\FileHandler' driver.
